id,group,language,reference_difficulty
zh_ja_001,false_friend,zh,-0.27645325660705566
zh_ja_001,false_friend,ja,-2.498666524887085
zh_ja_002,false_friend,zh,-5.6308441162109375
zh_ja_002,false_friend,ja,-15.131769180297852
zh_ja_003,false_friend,zh,-3.208739995956421
zh_ja_003,false_friend,ja,-3.5365538597106934
zh_ja_006,false_friend,zh,-13.311899185180664
zh_ja_006,false_friend,ja,-7.949323654174805
zh_ja_008,false_friend,zh,-10.8007230758667
zh_ja_008,false_friend,ja,-3.7993173599243164
zh_ja_009,false_friend,zh,-1.4469757080078125
zh_ja_009,false_friend,ja,-3.521812677383423
zh_ja_011,false_friend,zh,-7.248176574707031
zh_ja_011,false_friend,ja,-10.8382568359375
zh_ja_013,false_friend,zh,-7.470311164855957
zh_ja_013,false_friend,ja,-5.066498279571533
zh_ja_014,false_friend,zh,-10.301986694335938
zh_ja_014,false_friend,ja,-1.3310233354568481
zh_ja_015,false_friend,zh,-8.180535316467285
zh_ja_015,false_friend,ja,-3.043825626373291
zh_ja_019,false_friend,zh,-3.393756151199341
zh_ja_019,false_friend,ja,-8.47868824005127
zh_ja_020,false_friend,zh,-7.7960662841796875
zh_ja_020,false_friend,ja,-17.140729904174805
zh_ja_021,false_friend,zh,-4.022984981536865
zh_ja_021,false_friend,ja,-1.296177625656128
zh_ja_022,false_friend,zh,-7.921289443969727
zh_ja_022,false_friend,ja,-16.81146240234375
zh_ja_023,false_friend,zh,-0.8206853866577148
zh_ja_023,false_friend,ja,-4.352407455444336
zh_ja_024,false_friend,zh,-5.763644218444824
zh_ja_024,false_friend,ja,-2.8785059452056885
zh_ja_027,false_friend,zh,-5.692319393157959
zh_ja_027,false_friend,ja,-11.342212677001953
zh_ja_028,false_friend,zh,-6.2643632888793945
zh_ja_028,false_friend,ja,-13.282476425170898
zh_ja_029,false_friend,zh,-0.049197278916835785
zh_ja_029,false_friend,ja,-4.082889556884766
zh_ja_047,false_friend,zh,-0.002014526631683111
zh_ja_047,false_friend,ja,-9.050724029541016
zh_ja_048,false_friend,zh,-13.199297904968262
zh_ja_048,false_friend,ja,-6.44380521774292
zh_ja_049,false_friend,zh,-5.2511067390441895
zh_ja_049,false_friend,ja,-10.30357837677002
zh_ja_052,false_friend,zh,-8.680914878845215
zh_ja_052,false_friend,ja,-9.824811935424805
zh_ja_054,false_friend,zh,-0.08479820936918259
zh_ja_054,false_friend,ja,-7.188257217407227
language_specific_zh_001762,language_specific_zh,zh,-29.063945770263672
language_specific_zh_003513,language_specific_zh,zh,-8.585887908935547
language_specific_zh_005877,language_specific_zh,zh,-2.0573253631591797
language_specific_zh_005921,language_specific_zh,zh,-12.32061767578125
language_specific_zh_006486,language_specific_zh,zh,-1.3017714023590088
language_specific_zh_006568,language_specific_zh,zh,-14.263883590698242
language_specific_zh_006739,language_specific_zh,zh,-13.947759628295898
language_specific_zh_006740,language_specific_zh,zh,-1.262460708618164
language_specific_zh_006883,language_specific_zh,zh,-0.14708353579044342
language_specific_zh_004037,language_specific_zh,zh,-2.0146372318267822
language_specific_zh_000448,language_specific_zh,zh,-8.40430736541748
language_specific_zh_004485,language_specific_zh,zh,-3.7353579998016357
language_specific_zh_004900,language_specific_zh,zh,-19.071630477905273
language_specific_zh_006553,language_specific_zh,zh,-0.0583476722240448
language_specific_zh_007474,language_specific_zh,zh,-12.809467315673828
language_specific_zh_000824,language_specific_zh,zh,-8.309074401855469
language_specific_zh_006565,language_specific_zh,zh,-6.987301826477051
language_specific_zh_006898,language_specific_zh,zh,-12.475737571716309
language_specific_zh_000262,language_specific_zh,zh,-4.05687952041626
language_specific_zh_000784,language_specific_zh,zh,-11.625223159790039
language_specific_zh_000790,language_specific_zh,zh,-9.243188858032227
language_specific_zh_002603,language_specific_zh,zh,-7.361315727233887
language_specific_zh_003698,language_specific_zh,zh,-3.134915351867676
language_specific_zh_000208,language_specific_zh,zh,-8.66685676574707
language_specific_zh_005310,language_specific_zh,zh,-12.758575439453125
language_specific_zh_006794,language_specific_zh,zh,-7.026739120483398
language_specific_zh_004173,language_specific_zh,zh,-0.22997896373271942
language_specific_zh_005481,language_specific_zh,zh,-13.058765411376953
language_specific_zh_004023,language_specific_zh,zh,-4.474117279052734
language_specific_zh_001769,language_specific_zh,zh,-4.200207710266113
language_specific_zh_000305,language_specific_zh,zh,-8.797332763671875
language_specific_zh_001204,language_specific_zh,zh,-0.28658705949783325
language_specific_zh_004027,language_specific_zh,zh,-13.906867027282715
language_specific_zh_005637,language_specific_zh,zh,-8.617279052734375
language_specific_zh_007627,language_specific_zh,zh,-9.502952575683594
language_specific_zh_005043,language_specific_zh,zh,-3.373819589614868
language_specific_zh_006449,language_specific_zh,zh,-7.25975227355957
language_specific_zh_007744,language_specific_zh,zh,-0.4392406940460205
language_specific_zh_001277,language_specific_zh,zh,-5.5739336013793945
language_specific_zh_003069,language_specific_zh,zh,-13.19880485534668
language_specific_zh_003695,language_specific_zh,zh,-28.830564498901367
language_specific_zh_004348,language_specific_zh,zh,-6.200745582580566
language_specific_zh_002926,language_specific_zh,zh,-10.75459098815918
language_specific_zh_003065,language_specific_zh,zh,-11.327985763549805
language_specific_zh_006789,language_specific_zh,zh,-18.031410217285156
language_specific_zh_006544,language_specific_zh,zh,-10.560734748840332
language_specific_zh_002984,language_specific_zh,zh,-6.649507999420166
language_specific_zh_002824,language_specific_zh,zh,-0.4532184302806854
language_specific_zh_006195,language_specific_zh,zh,-8.094690322875977
language_specific_zh_002038,language_specific_zh,zh,-6.9075751304626465
language_specific_zh_002519,language_specific_zh,zh,-0.02720492146909237
language_specific_zh_004911,language_specific_zh,zh,-4.891797065734863
language_specific_zh_007197,language_specific_zh,zh,-8.074959754943848
language_specific_zh_000223,language_specific_zh,zh,-11.854900360107422
language_specific_zh_000302,language_specific_zh,zh,-5.598147392272949
language_specific_zh_003733,language_specific_zh,zh,-13.442378997802734
language_specific_zh_006962,language_specific_zh,zh,-0.05276968330144882
language_specific_zh_007351,language_specific_zh,zh,-4.9710693359375
language_specific_zh_005204,language_specific_zh,zh,-0.07286793738603592
language_specific_zh_005970,language_specific_zh,zh,-5.063324451446533
language_specific_zh_006670,language_specific_zh,zh,-3.843977928161621
language_specific_zh_006785,language_specific_zh,zh,-8.023292541503906
language_specific_zh_001690,language_specific_zh,zh,-4.636621475219727
language_specific_zh_002150,language_specific_zh,zh,-11.644885063171387
language_specific_zh_000868,language_specific_zh,zh,-0.4885035455226898
language_specific_zh_001176,language_specific_zh,zh,-0.7066790461540222
language_specific_zh_002418,language_specific_zh,zh,-0.3053184449672699
language_specific_zh_000143,language_specific_zh,zh,-0.9002530574798584
language_specific_zh_001223,language_specific_zh,zh,-7.637699127197266
language_specific_zh_002631,language_specific_zh,zh,-19.25033187866211
language_specific_zh_002907,language_specific_zh,zh,-14.388083457946777
language_specific_zh_001013,language_specific_zh,zh,-9.046664237976074
language_specific_zh_001874,language_specific_zh,zh,-0.014247128739953041
language_specific_zh_003441,language_specific_zh,zh,-9.877185821533203
language_specific_zh_003855,language_specific_zh,zh,-19.779138565063477
language_specific_zh_004202,language_specific_zh,zh,-16.041248321533203
language_specific_zh_005535,language_specific_zh,zh,-3.0037827491760254
language_specific_zh_007727,language_specific_zh,zh,-19.16165542602539
language_specific_zh_000729,language_specific_zh,zh,-19.251346588134766
language_specific_zh_003086,language_specific_zh,zh,-1.0770537853240967
language_specific_zh_005825,language_specific_zh,zh,-14.256684303283691
language_specific_zh_006763,language_specific_zh,zh,-10.014090538024902
language_specific_zh_006793,language_specific_zh,zh,-5.219021320343018
language_specific_zh_002620,language_specific_zh,zh,-5.747310638427734
language_specific_zh_006780,language_specific_zh,zh,-11.834614753723145
language_specific_zh_001306,language_specific_zh,zh,-3.3759496212005615
language_specific_zh_001764,language_specific_zh,zh,-0.1662779599428177
language_specific_zh_000299,language_specific_zh,zh,-1.5641205310821533
language_specific_zh_001824,language_specific_zh,zh,-0.03291599079966545
language_specific_zh_002281,language_specific_zh,zh,-12.424025535583496
language_specific_zh_002405,language_specific_zh,zh,-12.27599048614502
language_specific_zh_004712,language_specific_zh,zh,-0.0009703694959171116
language_specific_zh_005996,language_specific_zh,zh,-5.845886707305908
language_specific_zh_007732,language_specific_zh,zh,-7.879413604736328
language_specific_zh_001294,language_specific_zh,zh,-24.313140869140625
language_specific_zh_003981,language_specific_zh,zh,-8.019515991210938
language_specific_zh_005092,language_specific_zh,zh,-14.000463485717773
language_specific_zh_006446,language_specific_zh,zh,-6.795759677886963
language_specific_zh_002548,language_specific_zh,zh,-9.501015663146973
language_specific_zh_005812,language_specific_zh,zh,-1.0640192031860352
language_specific_zh_000600,language_specific_zh,zh,-7.803938388824463
language_specific_zh_001484,language_specific_zh,zh,-0.022817475721240044
language_specific_zh_002113,language_specific_zh,zh,-5.761831283569336
language_specific_zh_002186,language_specific_zh,zh,-3.875102996826172
language_specific_zh_003784,language_specific_zh,zh,-4.1836748123168945
language_specific_zh_005827,language_specific_zh,zh,-0.897095799446106
language_specific_zh_007584,language_specific_zh,zh,-15.648612022399902
language_specific_zh_001807,language_specific_zh,zh,-2.260613441467285
language_specific_zh_002228,language_specific_zh,zh,-7.59066104888916
language_specific_zh_004947,language_specific_zh,zh,-1.0569528341293335
language_specific_zh_000864,language_specific_zh,zh,-7.1445207595825195
language_specific_zh_003389,language_specific_zh,zh,-6.2585577964782715
language_specific_zh_004338,language_specific_zh,zh,-9.862716674804688
language_specific_zh_005375,language_specific_zh,zh,-3.1774234771728516
language_specific_zh_006062,language_specific_zh,zh,-5.328513361746445e-05
language_specific_zh_007808,language_specific_zh,zh,-4.343070030212402
language_specific_zh_000533,language_specific_zh,zh,-17.05642318725586
language_specific_zh_000859,language_specific_zh,zh,-0.7563821077346802
language_specific_zh_002406,language_specific_zh,zh,-6.735055446624756
language_specific_zh_002849,language_specific_zh,zh,-10.96141242980957
language_specific_zh_003958,language_specific_zh,zh,-8.800655364990234
language_specific_zh_004182,language_specific_zh,zh,-6.401267051696777
language_specific_zh_004408,language_specific_zh,zh,-4.523189544677734
language_specific_zh_004774,language_specific_zh,zh,-24.437610626220703
language_specific_zh_005141,language_specific_zh,zh,-6.7409210205078125
language_specific_zh_005540,language_specific_zh,zh,-5.934876918792725
language_specific_zh_006197,language_specific_zh,zh,-6.15925931930542
language_specific_zh_002555,language_specific_zh,zh,-7.768200874328613
language_specific_zh_006548,language_specific_zh,zh,-0.22909504175186157
language_specific_zh_006877,language_specific_zh,zh,-0.2657181918621063
language_specific_zh_007511,language_specific_zh,zh,-6.213728427886963
language_specific_zh_000046,language_specific_zh,zh,-7.238354682922363
language_specific_zh_000615,language_specific_zh,zh,-10.97576904296875
language_specific_zh_002243,language_specific_zh,zh,-8.42591381072998
language_specific_zh_002850,language_specific_zh,zh,-0.084139384329319
language_specific_zh_004941,language_specific_zh,zh,-12.70460033416748
language_specific_zh_007902,language_specific_zh,zh,-9.189836502075195
language_specific_zh_000201,language_specific_zh,zh,-7.875840187072754
language_specific_zh_000438,language_specific_zh,zh,-8.561270713806152
language_specific_zh_002780,language_specific_zh,zh,-8.705829620361328
language_specific_zh_004222,language_specific_zh,zh,-0.3224593698978424
language_specific_zh_006583,language_specific_zh,zh,-0.008960985578596592
language_specific_zh_007839,language_specific_zh,zh,-5.375317096710205
language_specific_zh_000356,language_specific_zh,zh,-8.651623725891113
language_specific_zh_006484,language_specific_zh,zh,-7.45057487487793
language_specific_zh_004068,language_specific_zh,zh,-9.68468952178955
language_specific_zh_005913,language_specific_zh,zh,-8.492782592773438
language_specific_zh_005927,language_specific_zh,zh,-0.8308650851249695
language_specific_zh_000131,language_specific_zh,zh,-0.8486840128898621
language_specific_zh_006561,language_specific_zh,zh,-0.507544755935669
language_specific_zh_001968,language_specific_zh,zh,-9.063674926757812
language_specific_zh_002070,language_specific_zh,zh,-0.01830611377954483
language_specific_zh_005253,language_specific_zh,zh,-18.718467712402344
language_specific_zh_005730,language_specific_zh,zh,-5.1250691413879395
language_specific_zh_006468,language_specific_zh,zh,-6.747983455657959
language_specific_zh_001262,language_specific_zh,zh,-9.075084686279297
language_specific_zh_001832,language_specific_zh,zh,-12.43247127532959
language_specific_zh_002106,language_specific_zh,zh,-10.291109085083008
language_specific_zh_005920,language_specific_zh,zh,-0.01021596323698759
language_specific_zh_007803,language_specific_zh,zh,-6.307333946228027
language_specific_zh_001258,language_specific_zh,zh,-8.408624649047852
language_specific_zh_002628,language_specific_zh,zh,-7.167157173156738
language_specific_zh_004419,language_specific_zh,zh,-5.1965484619140625
language_specific_zh_006135,language_specific_zh,zh,-5.245987892150879
language_specific_zh_006567,language_specific_zh,zh,-4.04734468460083
language_specific_zh_000386,language_specific_zh,zh,-0.9594100713729858
language_specific_zh_001010,language_specific_zh,zh,-11.99126148223877
language_specific_zh_001194,language_specific_zh,zh,-7.920377731323242
language_specific_zh_002932,language_specific_zh,zh,-6.403617858886719
language_specific_zh_004313,language_specific_zh,zh,-6.501634120941162
language_specific_zh_004474,language_specific_zh,zh,-1.1100226640701294
language_specific_zh_000379,language_specific_zh,zh,-0.8155298233032227
language_specific_zh_003111,language_specific_zh,zh,-0.3438417911529541
language_specific_zh_000720,language_specific_zh,zh,-12.267533302307129
language_specific_zh_000872,language_specific_zh,zh,-0.0005983802257105708
language_specific_zh_006933,language_specific_zh,zh,-6.473771095275879
language_specific_zh_006322,language_specific_zh,zh,-0.8633752465248108
language_specific_zh_006554,language_specific_zh,zh,-3.8811256885528564
language_specific_zh_002360,language_specific_zh,zh,-0.044824790209531784
language_specific_zh_002627,language_specific_zh,zh,-4.37863302230835
language_specific_zh_002669,language_specific_zh,zh,-0.22088684141635895
language_specific_zh_003734,language_specific_zh,zh,-2.3778209686279297
language_specific_zh_000318,language_specific_zh,zh,-0.04952690005302429
language_specific_zh_002398,language_specific_zh,zh,-2.140925884246826
language_specific_zh_002417,language_specific_zh,zh,-13.337557792663574
language_specific_zh_006138,language_specific_zh,zh,-8.538054466247559
language_specific_zh_007312,language_specific_zh,zh,-8.018760681152344
language_specific_zh_001854,language_specific_zh,zh,-10.501091957092285
language_specific_zh_005795,language_specific_zh,zh,-0.2543357014656067
language_specific_zh_000069,language_specific_zh,zh,-0.018483690917491913
language_specific_zh_004104,language_specific_zh,zh,-7.523086071014404
language_specific_zh_007494,language_specific_zh,zh,-0.8016168475151062
language_specific_zh_005083,language_specific_zh,zh,-10.252418518066406
language_specific_zh_002224,language_specific_zh,zh,-0.013923770748078823
language_specific_zh_003390,language_specific_zh,zh,-8.427290916442871
language_specific_zh_006185,language_specific_zh,zh,-10.479214668273926
language_specific_zh_000613,language_specific_zh,zh,-0.082545205950737
language_specific_zh_002531,language_specific_zh,zh,-17.261207580566406
language_specific_zh_003829,language_specific_zh,zh,-7.925004959106445
language_specific_zh_004910,language_specific_zh,zh,-6.765836715698242
language_specific_zh_005545,language_specific_zh,zh,-10.844266891479492
language_specific_zh_007215,language_specific_zh,zh,-6.791759490966797
language_specific_zh_002729,language_specific_zh,zh,-7.326254367828369
language_specific_zh_002835,language_specific_zh,zh,-8.464865684509277
language_specific_zh_007150,language_specific_zh,zh,-7.726772308349609
language_specific_zh_003238,language_specific_zh,zh,-6.910702228546143
language_specific_zh_003710,language_specific_zh,zh,-8.773955345153809
language_specific_zh_004138,language_specific_zh,zh,-15.122278213500977
language_specific_zh_007534,language_specific_zh,zh,-7.948494911193848
language_specific_zh_003636,language_specific_zh,zh,-11.227408409118652
language_specific_zh_006983,language_specific_zh,zh,-8.159461975097656
language_specific_zh_006885,language_specific_zh,zh,-14.959028244018555
language_specific_zh_000027,language_specific_zh,zh,-5.05160665512085
language_specific_zh_004210,language_specific_zh,zh,-7.556046485900879
language_specific_zh_000030,language_specific_zh,zh,-3.485790729522705
language_specific_zh_005045,language_specific_zh,zh,-16.930965423583984
language_specific_zh_001389,language_specific_zh,zh,-1.3923510313034058
language_specific_zh_002085,language_specific_zh,zh,-7.488455295562744
language_specific_zh_000986,language_specific_zh,zh,-4.630306243896484
language_specific_zh_001759,language_specific_zh,zh,-6.201992034912109
language_specific_zh_002129,language_specific_zh,zh,-8.442508697509766
language_specific_zh_000110,language_specific_zh,zh,-10.897784233093262
language_specific_zh_003199,language_specific_zh,zh,-0.13371847569942474
language_specific_zh_003353,language_specific_zh,zh,-6.1062140464782715
language_specific_zh_005585,language_specific_zh,zh,-5.624584197998047
language_specific_zh_007835,language_specific_zh,zh,-7.846302032470703
language_specific_zh_001779,language_specific_zh,zh,-10.119725227355957
language_specific_zh_005577,language_specific_zh,zh,-7.625409126281738
language_specific_zh_006978,language_specific_zh,zh,-12.842402458190918
language_specific_zh_007006,language_specific_zh,zh,-5.694774150848389
language_specific_zh_007067,language_specific_zh,zh,-7.785988807678223
language_specific_zh_002647,language_specific_zh,zh,-14.649209976196289
language_specific_zh_004504,language_specific_zh,zh,-7.164536952972412
language_specific_zh_007016,language_specific_zh,zh,-11.501826286315918
language_specific_zh_001467,language_specific_zh,zh,-8.811553001403809
language_specific_zh_006806,language_specific_zh,zh,-7.754598140716553
language_specific_zh_003361,language_specific_zh,zh,-3.880035877227783
language_specific_zh_005571,language_specific_zh,zh,-7.405209541320801
language_specific_zh_002378,language_specific_zh,zh,-3.814993381500244
language_specific_zh_000521,language_specific_zh,zh,-8.891363143920898
language_specific_zh_007026,language_specific_zh,zh,-9.691447257995605
language_specific_zh_001048,language_specific_zh,zh,-13.930935859680176
language_specific_zh_006533,language_specific_zh,zh,-13.72944450378418
language_specific_zh_001375,language_specific_zh,zh,-1.192967176437378
language_specific_zh_003258,language_specific_zh,zh,-2.401069402694702
language_specific_zh_001073,language_specific_zh,zh,-5.5194244384765625
language_specific_zh_006722,language_specific_zh,zh,-8.586801528930664
language_specific_zh_000107,language_specific_zh,zh,-15.378210067749023
language_specific_zh_005280,language_specific_zh,zh,-5.168601989746094
language_specific_zh_005741,language_specific_zh,zh,-8.017987251281738
language_specific_zh_006913,language_specific_zh,zh,-6.7421135902404785
language_specific_zh_000627,language_specific_zh,zh,-9.901163101196289
language_specific_zh_001255,language_specific_zh,zh,-4.105200290679932
language_specific_zh_005229,language_specific_zh,zh,-13.886406898498535
language_specific_zh_001520,language_specific_zh,zh,-10.482437133789062
language_specific_zh_006441,language_specific_zh,zh,-5.760878086090088
language_specific_zh_007149,language_specific_zh,zh,-13.7523832321167
language_specific_zh_003088,language_specific_zh,zh,-8.269648551940918
language_specific_zh_000576,language_specific_zh,zh,-7.722517967224121
language_specific_zh_003563,language_specific_zh,zh,-8.127307891845703
language_specific_zh_004556,language_specific_zh,zh,-15.461339950561523
language_specific_zh_003803,language_specific_zh,zh,-8.215564727783203
language_specific_zh_007048,language_specific_zh,zh,-12.444817543029785
language_specific_zh_005324,language_specific_zh,zh,-8.306936264038086
language_specific_zh_001007,language_specific_zh,zh,-19.907573699951172
language_specific_zh_001095,language_specific_zh,zh,-9.608942985534668
language_specific_zh_002750,language_specific_zh,zh,-8.582565307617188
language_specific_zh_007840,language_specific_zh,zh,-12.32625961303711
language_specific_zh_001820,language_specific_zh,zh,-6.864245414733887
language_specific_zh_005391,language_specific_zh,zh,-4.951086521148682
language_specific_zh_005161,language_specific_zh,zh,-7.126091003417969
language_specific_zh_004610,language_specific_zh,zh,-6.561907768249512
language_specific_zh_006660,language_specific_zh,zh,-6.008605003356934
language_specific_zh_007055,language_specific_zh,zh,-13.131976127624512
language_specific_zh_005938,language_specific_zh,zh,-6.970205783843994
language_specific_zh_002523,language_specific_zh,zh,-12.72586727142334
language_specific_zh_003315,language_specific_zh,zh,-8.580772399902344
language_specific_zh_004416,language_specific_zh,zh,-6.963204860687256
language_specific_zh_007049,language_specific_zh,zh,-6.698395729064941
language_specific_zh_007851,language_specific_zh,zh,-4.610269546508789
language_specific_zh_004640,language_specific_zh,zh,-3.7701528072357178
language_specific_zh_005596,language_specific_zh,zh,-9.825973510742188
language_specific_zh_005818,language_specific_zh,zh,-10.738615036010742
language_specific_zh_003616,language_specific_zh,zh,-9.007915496826172
language_specific_zh_005573,language_specific_zh,zh,-5.646446228027344
language_specific_zh_000699,language_specific_zh,zh,-11.723477363586426
language_specific_zh_003579,language_specific_zh,zh,-8.039867401123047
language_specific_zh_005844,language_specific_zh,zh,-7.153370380401611
language_specific_zh_006323,language_specific_zh,zh,-6.315502166748047
language_specific_zh_004843,language_specific_zh,zh,-2.323861598968506
language_specific_zh_000717,language_specific_zh,zh,-12.782228469848633
language_specific_zh_002649,language_specific_zh,zh,-6.895970821380615
language_specific_zh_005589,language_specific_zh,zh,-4.4571027755737305
language_specific_zh_007478,language_specific_zh,zh,-9.099420547485352
language_specific_zh_000679,language_specific_zh,zh,-17.862438201904297
language_specific_zh_002448,language_specific_zh,zh,-11.883861541748047
language_specific_zh_000821,language_specific_zh,zh,-9.769513130187988
language_specific_zh_006871,language_specific_zh,zh,-10.373908996582031
language_specific_zh_000052,language_specific_zh,zh,-8.680158615112305
language_specific_zh_003366,language_specific_zh,zh,-5.413672924041748
language_specific_zh_001031,language_specific_zh,zh,-7.942068099975586
language_specific_zh_000043,language_specific_zh,zh,-5.015655994415283
language_specific_zh_000516,language_specific_zh,zh,-6.172601699829102
language_specific_zh_000801,language_specific_zh,zh,-2.2593977451324463
language_specific_zh_004163,language_specific_zh,zh,-6.743715286254883
language_specific_zh_005478,language_specific_zh,zh,-6.743444442749023
language_specific_zh_000937,language_specific_zh,zh,-9.50111198425293
language_specific_zh_001155,language_specific_zh,zh,-3.089987277984619
language_specific_zh_001531,language_specific_zh,zh,-7.88273811340332
language_specific_zh_003305,language_specific_zh,zh,-15.828008651733398
language_specific_zh_005163,language_specific_zh,zh,-11.761445999145508
language_specific_zh_007131,language_specific_zh,zh,-5.018444061279297
language_specific_zh_001115,language_specific_zh,zh,-3.163484573364258
language_specific_zh_001885,language_specific_zh,zh,-6.46905517578125
language_specific_zh_004339,language_specific_zh,zh,-10.909571647644043
language_specific_zh_004780,language_specific_zh,zh,-6.398888111114502
language_specific_zh_004904,language_specific_zh,zh,-4.164381980895996
language_specific_zh_005356,language_specific_zh,zh,-7.773473739624023
language_specific_zh_007828,language_specific_zh,zh,-5.704988479614258
language_specific_zh_001347,language_specific_zh,zh,-7.309360504150391
language_specific_zh_003532,language_specific_zh,zh,-6.276027679443359
language_specific_zh_004587,language_specific_zh,zh,-7.558985710144043
language_specific_zh_007046,language_specific_zh,zh,-0.736166775226593
language_specific_zh_007137,language_specific_zh,zh,-3.4884679317474365
language_specific_zh_000350,language_specific_zh,zh,-6.982224464416504
language_specific_zh_001066,language_specific_zh,zh,-4.488831043243408
language_specific_zh_003333,language_specific_zh,zh,-6.654987812042236
language_specific_zh_007308,language_specific_zh,zh,-6.820443153381348
language_specific_zh_000285,language_specific_zh,zh,-13.724947929382324
language_specific_zh_002735,language_specific_zh,zh,-3.451340675354004
language_specific_zh_002873,language_specific_zh,zh,-8.192397117614746
language_specific_zh_003321,language_specific_zh,zh,-4.724691390991211
language_specific_zh_003605,language_specific_zh,zh,-3.1217257976531982
language_specific_zh_003722,language_specific_zh,zh,-9.888068199157715
language_specific_zh_004428,language_specific_zh,zh,-6.805919647216797
language_specific_zh_004668,language_specific_zh,zh,-2.623896598815918
language_specific_zh_004761,language_specific_zh,zh,-2.5818188190460205
language_specific_zh_005068,language_specific_zh,zh,-6.329409599304199
language_specific_zh_005069,language_specific_zh,zh,-3.8452630043029785
language_specific_zh_005125,language_specific_zh,zh,-11.587610244750977
language_specific_zh_005907,language_specific_zh,zh,-4.562948226928711
language_specific_zh_003539,language_specific_zh,zh,-8.431318283081055
language_specific_zh_000764,language_specific_zh,zh,-4.487105369567871
language_specific_zh_000998,language_specific_zh,zh,-9.083418846130371
language_specific_zh_001710,language_specific_zh,zh,-2.0794456005096436
language_specific_zh_003903,language_specific_zh,zh,-10.103968620300293
language_specific_zh_005900,language_specific_zh,zh,-4.267880439758301
language_specific_zh_001323,language_specific_zh,zh,-6.781185150146484
language_specific_zh_001625,language_specific_zh,zh,-6.428812503814697
language_specific_zh_004516,language_specific_zh,zh,-4.061991214752197
language_specific_zh_005221,language_specific_zh,zh,-7.243013381958008
language_specific_zh_007558,language_specific_zh,zh,-3.334064483642578
language_specific_zh_006022,language_specific_zh,zh,-7.4596052169799805
language_specific_zh_000039,language_specific_zh,zh,-5.429290771484375
language_specific_zh_000759,language_specific_zh,zh,-2.2548465728759766
language_specific_zh_001193,language_specific_zh,zh,-3.1607282161712646
language_specific_zh_003704,language_specific_zh,zh,-10.177970886230469
language_specific_zh_004845,language_specific_zh,zh,-7.312066078186035
language_specific_zh_004922,language_specific_zh,zh,-10.353821754455566
language_specific_zh_006423,language_specific_zh,zh,-11.53095817565918
language_specific_zh_007582,language_specific_zh,zh,-2.5815200805664062
language_specific_zh_000972,language_specific_zh,zh,-3.3149962425231934
language_specific_zh_006992,language_specific_zh,zh,-5.483682155609131
language_specific_zh_007609,language_specific_zh,zh,-5.055521011352539
language_specific_zh_003282,language_specific_zh,zh,-4.75064754486084
language_specific_zh_003373,language_specific_zh,zh,-5.359529972076416
language_specific_zh_003417,language_specific_zh,zh,-8.01145076751709
language_specific_zh_003589,language_specific_zh,zh,-7.023636341094971
language_specific_zh_004402,language_specific_zh,zh,-7.449743747711182
language_specific_zh_004311,language_specific_zh,zh,-8.519596099853516
language_specific_zh_000026,language_specific_zh,zh,-19.407262802124023
language_specific_zh_001422,language_specific_zh,zh,-6.220688819885254
language_specific_zh_005007,language_specific_zh,zh,-4.386020660400391
language_specific_zh_007764,language_specific_zh,zh,-4.814506530761719
language_specific_zh_006515,language_specific_zh,zh,-5.420427322387695
language_specific_zh_007221,language_specific_zh,zh,-3.637026309967041
language_specific_zh_007934,language_specific_zh,zh,-7.898475646972656
language_specific_zh_000055,language_specific_zh,zh,-7.135336875915527
language_specific_zh_001109,language_specific_zh,zh,-0.36368730664253235
language_specific_zh_003447,language_specific_zh,zh,-5.8758955001831055
language_specific_zh_007522,language_specific_zh,zh,-3.94020938873291
language_specific_zh_007864,language_specific_zh,zh,-8.970995903015137
language_specific_zh_000672,language_specific_zh,zh,-18.57384490966797
language_specific_zh_000925,language_specific_zh,zh,-13.373662948608398
language_specific_zh_001428,language_specific_zh,zh,-11.024017333984375
language_specific_zh_002521,language_specific_zh,zh,-19.84925651550293
language_specific_zh_003780,language_specific_zh,zh,-1.6997569799423218
language_specific_zh_004295,language_specific_zh,zh,-0.35132232308387756
language_specific_zh_004762,language_specific_zh,zh,-2.0912649631500244
language_specific_zh_004982,language_specific_zh,zh,-5.041592597961426
language_specific_zh_000681,language_specific_zh,zh,-5.755285263061523
language_specific_zh_001703,language_specific_zh,zh,-5.6272735595703125
language_specific_zh_001870,language_specific_zh,zh,-5.897702693939209
language_specific_zh_002209,language_specific_zh,zh,-10.354558944702148
language_specific_zh_003557,language_specific_zh,zh,-9.305769920349121
language_specific_zh_006400,language_specific_zh,zh,-3.4029035568237305
language_specific_zh_006467,language_specific_zh,zh,-3.0569682121276855
language_specific_zh_007122,language_specific_zh,zh,-4.814113140106201
language_specific_zh_007257,language_specific_zh,zh,-13.69079875946045
language_specific_zh_005243,language_specific_zh,zh,-6.079173564910889
language_specific_zh_000907,language_specific_zh,zh,-2.896426200866699
language_specific_zh_001244,language_specific_zh,zh,-7.471729278564453
language_specific_zh_005308,language_specific_zh,zh,-1.9459999799728394
language_specific_zh_001391,language_specific_zh,zh,-16.31658935546875
language_specific_zh_007461,language_specific_zh,zh,-4.535040855407715
language_specific_zh_007578,language_specific_zh,zh,-1.2523945569992065
language_specific_zh_003545,language_specific_zh,zh,-10.53669548034668
language_specific_zh_004181,language_specific_zh,zh,-6.244278430938721
language_specific_zh_007246,language_specific_zh,zh,-9.289013862609863
language_specific_zh_003284,language_specific_zh,zh,-0.13436336815357208
language_specific_zh_007779,language_specific_zh,zh,-8.95601749420166
language_specific_zh_005138,language_specific_zh,zh,-0.003211580915376544
language_specific_zh_001040,language_specific_zh,zh,-0.9989002346992493
language_specific_zh_003121,language_specific_zh,zh,-8.8784818649292
language_specific_zh_007327,language_specific_zh,zh,-5.817004203796387
language_specific_zh_001305,language_specific_zh,zh,-7.252369403839111
language_specific_zh_006673,language_specific_zh,zh,-0.3107224702835083
language_specific_zh_002488,language_specific_zh,zh,-3.1785573959350586
language_specific_zh_007656,language_specific_zh,zh,-4.284172534942627
language_specific_zh_000529,language_specific_zh,zh,-0.39094001054763794
language_specific_zh_002642,language_specific_zh,zh,-8.754976272583008
language_specific_zh_003344,language_specific_zh,zh,-7.917842388153076
language_specific_zh_003961,language_specific_zh,zh,-4.590061187744141
language_specific_zh_006585,language_specific_zh,zh,-6.760526180267334
language_specific_zh_005681,language_specific_zh,zh,-5.820096015930176
language_specific_zh_006079,language_specific_zh,zh,-3.3152623176574707
language_specific_zh_000555,language_specific_zh,zh,-7.69610595703125
language_specific_zh_007271,language_specific_zh,zh,-3.462066173553467
language_specific_zh_007850,language_specific_zh,zh,-13.876264572143555
language_specific_zh_001445,language_specific_zh,zh,-1.5348339080810547
language_specific_zh_002250,language_specific_zh,zh,-3.855889320373535
language_specific_zh_007672,language_specific_zh,zh,-1.0179877281188965
language_specific_zh_004177,language_specific_zh,zh,-0.48626330494880676
language_specific_zh_007239,language_specific_zh,zh,-3.8866257667541504
language_specific_zh_007786,language_specific_zh,zh,-7.415287971496582
language_specific_zh_001720,language_specific_zh,zh,-0.034161679446697235
language_specific_zh_004007,language_specific_zh,zh,-2.7082698345184326
language_specific_zh_003179,language_specific_zh,zh,-0.016730837523937225
language_specific_zh_004106,language_specific_zh,zh,-0.2016410082578659
language_specific_zh_006382,language_specific_zh,zh,-0.00548358540982008
language_specific_zh_001852,language_specific_zh,zh,-0.07112979143857956
language_specific_zh_005198,language_specific_zh,zh,-5.176070213317871
language_specific_zh_005579,language_specific_zh,zh,-8.688277244567871
language_specific_zh_006759,language_specific_zh,zh,-6.269267559051514
language_specific_zh_003380,language_specific_zh,zh,-3.1704347133636475
language_specific_zh_004322,language_specific_zh,zh,-0.06278395652770996
language_specific_zh_006007,language_specific_zh,zh,-2.014528274536133
language_specific_zh_002035,language_specific_zh,zh,-4.008378505706787
language_specific_zh_004582,language_specific_zh,zh,-7.686464309692383
language_specific_zh_005319,language_specific_zh,zh,-4.419732570648193
language_specific_zh_006729,language_specific_zh,zh,-6.3572564125061035
language_specific_zh_004119,language_specific_zh,zh,-6.311976909637451
language_specific_zh_004898,language_specific_zh,zh,-5.682828903198242
language_specific_zh_006067,language_specific_zh,zh,-0.130245640873909
language_specific_zh_006159,language_specific_zh,zh,-6.126256465911865
language_specific_zh_002821,language_specific_zh,zh,-1.1931072473526
language_specific_zh_007555,language_specific_zh,zh,-3.2580649852752686
language_specific_zh_002681,language_specific_zh,zh,-1.9218809604644775
language_specific_zh_004748,language_specific_zh,zh,-16.25436019897461
language_specific_zh_007790,language_specific_zh,zh,-8.13680648803711
language_specific_zh_004791,language_specific_zh,zh,-3.1335532665252686
language_specific_zh_006356,language_specific_zh,zh,-0.8554044365882874
language_specific_zh_006932,language_specific_zh,zh,-0.002175984438508749
language_specific_zh_007782,language_specific_zh,zh,-4.400755882263184
language_specific_zh_001240,language_specific_zh,zh,-2.925797462463379
language_specific_zh_001829,language_specific_zh,zh,-16.013263702392578
language_specific_zh_002062,language_specific_zh,zh,-3.970001220703125
language_specific_zh_007623,language_specific_zh,zh,-6.556158542633057
language_specific_zh_001600,language_specific_zh,zh,-1.4871923923492432
language_specific_zh_006029,language_specific_zh,zh,-12.654869079589844
language_specific_zh_007906,language_specific_zh,zh,-4.482811450958252
language_specific_zh_002560,language_specific_zh,zh,-0.1185041069984436
language_specific_zh_000331,language_specific_zh,zh,-9.834172248840332
language_specific_zh_000430,language_specific_zh,zh,-5.24595308303833
language_specific_zh_001949,language_specific_zh,zh,-6.6234612464904785
language_specific_zh_004515,language_specific_zh,zh,-6.764897346496582
language_specific_zh_000048,language_specific_zh,zh,-1.044929027557373
language_specific_zh_001505,language_specific_zh,zh,-9.981428146362305
language_specific_zh_005072,language_specific_zh,zh,-3.195894479751587
language_specific_zh_005618,language_specific_zh,zh,-7.425393581390381
language_specific_zh_007448,language_specific_zh,zh,-3.0616588592529297
language_specific_zh_007722,language_specific_zh,zh,-7.174785614013672
language_specific_zh_003118,language_specific_zh,zh,-1.7393007278442383
language_specific_zh_004161,language_specific_zh,zh,-7.626217365264893
language_specific_zh_003123,language_specific_zh,zh,-9.84994888305664
language_specific_zh_005626,language_specific_zh,zh,-1.5861897468566895
language_specific_zh_006208,language_specific_zh,zh,-4.280189037322998
language_specific_zh_006397,language_specific_zh,zh,-0.01787143014371395
language_specific_zh_000943,language_specific_zh,zh,-13.25134563446045
language_specific_zh_001078,language_specific_zh,zh,-11.110880851745605
language_specific_zh_004664,language_specific_zh,zh,-2.4189610481262207
language_specific_zh_005023,language_specific_zh,zh,-7.291229248046875
language_specific_zh_007092,language_specific_zh,zh,-0.000584024062845856
language_specific_zh_007342,language_specific_zh,zh,-14.085132598876953
language_specific_zh_007733,language_specific_zh,zh,-1.4035003185272217
language_specific_zh_007804,language_specific_zh,zh,-0.053798556327819824
language_specific_zh_000153,language_specific_zh,zh,-4.3816962242126465
language_specific_zh_000545,language_specific_zh,zh,-5.413559913635254
language_specific_zh_001919,language_specific_zh,zh,-5.435255527496338
language_specific_zh_004583,language_specific_zh,zh,-0.9071469902992249
language_specific_zh_001510,language_specific_zh,zh,-9.452086448669434
language_specific_zh_002112,language_specific_zh,zh,-2.450352668762207
language_specific_zh_002527,language_specific_zh,zh,-9.615501403808594
language_specific_zh_004787,language_specific_zh,zh,-9.302459716796875
language_specific_zh_001546,language_specific_zh,zh,-2.331390380859375
language_specific_zh_003660,language_specific_zh,zh,-10.756243705749512
language_specific_zh_006171,language_specific_zh,zh,-8.230025291442871
language_specific_zh_000705,language_specific_zh,zh,-4.698247909545898
language_specific_zh_002148,language_specific_zh,zh,-8.520520210266113
language_specific_zh_002462,language_specific_zh,zh,-6.383850574493408
language_specific_zh_005984,language_specific_zh,zh,-8.91275691986084
language_specific_zh_006182,language_specific_zh,zh,-12.21894645690918
language_specific_zh_006784,language_specific_zh,zh,-5.2649054527282715
language_specific_zh_001161,language_specific_zh,zh,-3.3752801418304443
language_specific_zh_003717,language_specific_zh,zh,-7.344904899597168
language_specific_zh_004709,language_specific_zh,zh,-4.753116607666016
language_specific_zh_005929,language_specific_zh,zh,-11.254743576049805
language_specific_zh_007802,language_specific_zh,zh,-15.985994338989258
language_specific_zh_001233,language_specific_zh,zh,-9.72833251953125
language_specific_zh_003550,language_specific_zh,zh,-2.931847333908081
language_specific_zh_004512,language_specific_zh,zh,-5.042036056518555
language_specific_zh_006214,language_specific_zh,zh,-5.397897720336914
language_specific_zh_006777,language_specific_zh,zh,-2.4363293647766113
language_specific_zh_000974,language_specific_zh,zh,-2.140199899673462
language_specific_zh_003842,language_specific_zh,zh,-9.776092529296875
language_specific_zh_007435,language_specific_zh,zh,-15.113669395446777
language_specific_zh_001784,language_specific_zh,zh,-1.602163314819336
language_specific_zh_004283,language_specific_zh,zh,-11.295897483825684
language_specific_zh_004292,language_specific_zh,zh,-6.031612396240234
language_specific_zh_006918,language_specific_zh,zh,-6.716896057128906
language_specific_zh_007428,language_specific_zh,zh,-6.183475017547607
language_specific_zh_002851,language_specific_zh,zh,-7.93546199798584
language_specific_zh_003764,language_specific_zh,zh,-11.201911926269531
language_specific_zh_005878,language_specific_zh,zh,-4.8235063552856445
language_specific_zh_003323,language_specific_zh,zh,-8.67878246307373
language_specific_zh_000051,language_specific_zh,zh,-3.8404712677001953
language_specific_zh_000428,language_specific_zh,zh,-7.431605815887451
language_specific_zh_000455,language_specific_zh,zh,-0.024953730404376984
language_specific_zh_001145,language_specific_zh,zh,-10.244880676269531
language_specific_zh_001171,language_specific_zh,zh,-9.204700469970703
language_specific_zh_001503,language_specific_zh,zh,-2.486048460006714
language_specific_zh_004415,language_specific_zh,zh,-5.6604461669921875
language_specific_zh_005575,language_specific_zh,zh,-5.101987361907959
language_specific_zh_001269,language_specific_zh,zh,-6.145019054412842
language_specific_zh_001461,language_specific_zh,zh,-7.068838596343994
language_specific_zh_007001,language_specific_zh,zh,-4.797033309936523
language_specific_zh_000184,language_specific_zh,zh,-9.015630722045898
language_specific_zh_003372,language_specific_zh,zh,-12.994296073913574
language_specific_zh_004278,language_specific_zh,zh,-8.918100357055664
language_specific_zh_004490,language_specific_zh,zh,-3.1941792964935303
language_specific_zh_001948,language_specific_zh,zh,-5.971645832061768
language_specific_zh_002412,language_specific_zh,zh,-8.58799934387207
language_specific_zh_003858,language_specific_zh,zh,-3.66050386428833
language_specific_zh_004305,language_specific_zh,zh,-7.275972366333008
language_specific_zh_004652,language_specific_zh,zh,-5.063360691070557
language_specific_zh_000317,language_specific_zh,zh,-7.520272254943848
language_specific_zh_001565,language_specific_zh,zh,-13.509773254394531
language_specific_zh_001959,language_specific_zh,zh,-4.4788055419921875
language_specific_zh_007595,language_specific_zh,zh,-1.9628849029541016
language_specific_zh_007793,language_specific_zh,zh,-4.578032493591309
language_specific_zh_001798,language_specific_zh,zh,-2.678654432296753
language_specific_zh_003022,language_specific_zh,zh,-12.49598217010498
language_specific_zh_007288,language_specific_zh,zh,-6.090285778045654
language_specific_zh_002030,language_specific_zh,zh,-5.8127665519714355
language_specific_zh_002515,language_specific_zh,zh,-3.527571678161621
language_specific_zh_003744,language_specific_zh,zh,-4.731392860412598
language_specific_zh_003839,language_specific_zh,zh,-0.3266542851924896
language_specific_zh_000504,language_specific_zh,zh,-9.999826431274414
language_specific_zh_003769,language_specific_zh,zh,-9.749836921691895
language_specific_zh_004167,language_specific_zh,zh,-3.047302007675171
language_specific_zh_005018,language_specific_zh,zh,-2.177551507949829
language_specific_zh_005213,language_specific_zh,zh,-3.1824517250061035
language_specific_zh_007166,language_specific_zh,zh,-3.016916275024414
language_specific_zh_002025,language_specific_zh,zh,-4.522247314453125
language_specific_zh_002046,language_specific_zh,zh,-6.166565895080566
language_specific_zh_000376,language_specific_zh,zh,-1.5755900144577026
language_specific_zh_001564,language_specific_zh,zh,-10.667915344238281
language_specific_zh_003776,language_specific_zh,zh,-7.317740440368652
language_specific_zh_003889,language_specific_zh,zh,-6.9532999992370605
language_specific_zh_000510,language_specific_zh,zh,-5.022991180419922
language_specific_zh_002987,language_specific_zh,zh,-9.297910690307617
language_specific_zh_003246,language_specific_zh,zh,-8.130473136901855
language_specific_zh_003761,language_specific_zh,zh,-8.564547538757324
language_specific_zh_004145,language_specific_zh,zh,-7.329631805419922
language_specific_zh_005536,language_specific_zh,zh,-2.493433713912964
language_specific_zh_006294,language_specific_zh,zh,-5.0026750564575195
language_specific_zh_006346,language_specific_zh,zh,-6.244012355804443
language_specific_zh_001165,language_specific_zh,zh,-7.505688667297363
language_specific_zh_007927,language_specific_zh,zh,-5.26240873336792
language_specific_zh_001114,language_specific_zh,zh,-7.235710144042969
language_specific_zh_001164,language_specific_zh,zh,-8.318544387817383
language_specific_zh_001800,language_specific_zh,zh,-7.554435729980469
language_specific_zh_001801,language_specific_zh,zh,-8.788281440734863
language_specific_zh_002086,language_specific_zh,zh,-8.287611961364746
language_specific_zh_005180,language_specific_zh,zh,-5.488271236419678
language_specific_zh_006638,language_specific_zh,zh,-8.313982963562012
language_specific_zh_006801,language_specific_zh,zh,-2.9576632976531982
language_specific_zh_000580,language_specific_zh,zh,-4.5879058837890625
language_specific_zh_002024,language_specific_zh,zh,-9.071515083312988
language_specific_zh_002326,language_specific_zh,zh,-3.9659485816955566
language_specific_zh_000022,language_specific_zh,zh,-7.732133865356445
language_specific_zh_000933,language_specific_zh,zh,-7.733486175537109
language_specific_zh_003427,language_specific_zh,zh,-13.501177787780762
language_specific_zh_004723,language_specific_zh,zh,-1.8617839813232422
language_specific_zh_006947,language_specific_zh,zh,-2.659938335418701
language_specific_zh_001714,language_specific_zh,zh,-5.537104606628418
language_specific_zh_001941,language_specific_zh,zh,-12.238964080810547
language_specific_zh_002707,language_specific_zh,zh,-5.509703636169434
language_specific_zh_003592,language_specific_zh,zh,-2.4239072799682617
language_specific_zh_003425,language_specific_zh,zh,-8.07335376739502
language_specific_zh_006060,language_specific_zh,zh,-4.567036151885986
language_specific_zh_003462,language_specific_zh,zh,-6.115792751312256
language_specific_zh_000163,language_specific_zh,zh,-9.80797004699707
language_specific_zh_002042,language_specific_zh,zh,-5.4260101318359375
language_specific_zh_005360,language_specific_zh,zh,-2.9085750579833984
language_specific_zh_004905,language_specific_zh,zh,-4.922033786773682
language_specific_zh_004953,language_specific_zh,zh,-5.633641242980957
language_specific_zh_001518,language_specific_zh,zh,-3.0589823722839355
language_specific_zh_003385,language_specific_zh,zh,-12.806682586669922
language_specific_zh_005603,language_specific_zh,zh,-10.076000213623047
language_specific_zh_002720,language_specific_zh,zh,-7.655847549438477
language_specific_zh_002904,language_specific_zh,zh,-9.112422943115234
language_specific_zh_003144,language_specific_zh,zh,-4.571399211883545
language_specific_zh_003478,language_specific_zh,zh,-11.26111888885498
language_specific_zh_003621,language_specific_zh,zh,-2.543288230895996
language_specific_zh_002879,language_specific_zh,zh,-0.16874082386493683
language_specific_zh_004426,language_specific_zh,zh,-7.039256572723389
language_specific_zh_005153,language_specific_zh,zh,-5.539063453674316
language_specific_zh_006403,language_specific_zh,zh,-14.6644287109375
language_specific_zh_004836,language_specific_zh,zh,-17.276714324951172
language_specific_zh_006965,language_specific_zh,zh,-2.4691085815429688
language_specific_zh_000694,language_specific_zh,zh,-9.186483383178711
language_specific_zh_003984,language_specific_zh,zh,-7.536283016204834
language_specific_zh_004772,language_specific_zh,zh,-8.840214729309082
language_specific_zh_006402,language_specific_zh,zh,-2.795159101486206
language_specific_zh_000989,language_specific_zh,zh,-9.952407836914062
language_specific_zh_000205,language_specific_zh,zh,-4.016340255737305
language_specific_zh_007446,language_specific_zh,zh,-6.021027088165283
language_specific_zh_000419,language_specific_zh,zh,-3.2258777618408203
language_specific_zh_001711,language_specific_zh,zh,-11.464508056640625
language_specific_zh_006954,language_specific_zh,zh,-2.441911458969116
language_specific_zh_007454,language_specific_zh,zh,-5.728330612182617
language_specific_zh_003669,language_specific_zh,zh,-10.615155220031738
language_specific_zh_005389,language_specific_zh,zh,-2.255079984664917
language_specific_zh_007856,language_specific_zh,zh,-2.6107964515686035
language_specific_zh_000050,language_specific_zh,zh,-6.3844194412231445
language_specific_zh_000155,language_specific_zh,zh,-7.188401222229004
language_specific_zh_001855,language_specific_zh,zh,-11.705987930297852
language_specific_zh_002822,language_specific_zh,zh,-5.94830846786499
language_specific_zh_006511,language_specific_zh,zh,-11.9025297164917
language_specific_zh_007761,language_specific_zh,zh,-2.7239396572113037
language_specific_zh_001514,language_specific_zh,zh,-7.883371353149414
language_specific_zh_003154,language_specific_zh,zh,-6.4501447677612305
language_specific_zh_001210,language_specific_zh,zh,-7.0385918617248535
language_specific_zh_005040,language_specific_zh,zh,-5.996366500854492
language_specific_zh_006093,language_specific_zh,zh,-6.702459335327148
language_specific_zh_002080,language_specific_zh,zh,-5.862823486328125
language_specific_zh_006849,language_specific_zh,zh,-3.8076179027557373
language_specific_zh_000661,language_specific_zh,zh,-4.517304420471191
language_specific_zh_005520,language_specific_zh,zh,-5.699142932891846
language_specific_zh_000342,language_specific_zh,zh,-14.534791946411133
language_specific_zh_005241,language_specific_zh,zh,-3.1105189323425293
language_specific_zh_005368,language_specific_zh,zh,-5.497701644897461
language_specific_zh_006406,language_specific_zh,zh,-1.7973459959030151
language_specific_zh_007605,language_specific_zh,zh,-6.603099822998047
language_specific_zh_002712,language_specific_zh,zh,-7.51226806640625
language_specific_zh_006558,language_specific_zh,zh,-17.230756759643555
language_specific_zh_007120,language_specific_zh,zh,-5.986912250518799
language_specific_zh_000033,language_specific_zh,zh,-2.4729535579681396
language_specific_zh_001245,language_specific_zh,zh,-7.396141529083252
language_specific_zh_004923,language_specific_zh,zh,-6.9837727546691895
language_specific_zh_000543,language_specific_zh,zh,-7.47537088394165
language_specific_zh_000652,language_specific_zh,zh,-8.756551742553711
language_specific_zh_003483,language_specific_zh,zh,-11.176549911499023
language_specific_zh_004527,language_specific_zh,zh,-9.47642707824707
language_specific_zh_001376,language_specific_zh,zh,-2.8698089122772217
language_specific_zh_003041,language_specific_zh,zh,-10.906002044677734
language_specific_zh_003176,language_specific_zh,zh,-3.745969772338867
language_specific_zh_003248,language_specific_zh,zh,-10.59164810180664
language_specific_zh_005259,language_specific_zh,zh,-6.760968208312988
language_specific_zh_006466,language_specific_zh,zh,-10.604379653930664
language_specific_zh_007164,language_specific_zh,zh,-2.0454235076904297
language_specific_zh_007245,language_specific_zh,zh,-10.821765899658203
language_specific_zh_003821,language_specific_zh,zh,-15.34382438659668
language_specific_zh_004135,language_specific_zh,zh,-6.249087810516357
language_specific_zh_000696,language_specific_zh,zh,-7.349340438842773
language_specific_zh_000888,language_specific_zh,zh,-8.749815940856934
language_specific_zh_001587,language_specific_zh,zh,-4.463474273681641
language_specific_zh_002788,language_specific_zh,zh,-7.629174709320068
language_specific_zh_003222,language_specific_zh,zh,-18.190244674682617
language_specific_zh_003720,language_specific_zh,zh,-9.132678031921387
language_specific_zh_004262,language_specific_zh,zh,-5.0241780281066895
language_specific_zh_004586,language_specific_zh,zh,-6.506960868835449
language_specific_zh_007261,language_specific_zh,zh,-7.145809650421143
language_specific_zh_002312,language_specific_zh,zh,-2.5677740573883057
language_specific_zh_003970,language_specific_zh,zh,-11.025341987609863
language_specific_zh_002596,language_specific_zh,zh,-5.61707878112793
language_specific_zh_002814,language_specific_zh,zh,-5.896769046783447
language_specific_zh_003163,language_specific_zh,zh,-6.287391662597656
language_specific_zh_007617,language_specific_zh,zh,-11.408194541931152
language_specific_zh_005370,language_specific_zh,zh,-4.321280002593994
language_specific_zh_006562,language_specific_zh,zh,-8.785049438476562
language_specific_zh_000850,language_specific_zh,zh,-13.062671661376953
language_specific_zh_003175,language_specific_zh,zh,-4.377199172973633
language_specific_zh_005788,language_specific_zh,zh,-6.578029632568359
language_specific_zh_007135,language_specific_zh,zh,-12.786324501037598
language_specific_zh_007449,language_specific_zh,zh,-6.157717704772949
language_specific_zh_000894,language_specific_zh,zh,-9.42599105834961
language_specific_zh_000927,language_specific_zh,zh,-5.129617691040039
language_specific_zh_001480,language_specific_zh,zh,-8.626840591430664
language_specific_zh_001700,language_specific_zh,zh,-6.996549606323242
language_specific_zh_003160,language_specific_zh,zh,-4.175471305847168
language_specific_zh_007413,language_specific_zh,zh,-4.9346818923950195
language_specific_zh_000335,language_specific_zh,zh,-1.77262282371521
language_specific_zh_001511,language_specific_zh,zh,-4.490875244140625
language_specific_zh_001715,language_specific_zh,zh,-9.866582870483398
language_specific_zh_002239,language_specific_zh,zh,-10.64738941192627
language_specific_zh_003012,language_specific_zh,zh,-3.1425044536590576
language_specific_zh_003172,language_specific_zh,zh,-8.06427001953125
language_specific_zh_003200,language_specific_zh,zh,-6.5600786209106445
language_specific_zh_003423,language_specific_zh,zh,-1.9448060989379883
language_specific_zh_003743,language_specific_zh,zh,-10.038257598876953
language_specific_zh_003752,language_specific_zh,zh,-0.10267288982868195
language_specific_zh_004447,language_specific_zh,zh,-13.348310470581055
language_specific_zh_005648,language_specific_zh,zh,-8.405088424682617
language_specific_zh_005672,language_specific_zh,zh,-7.606146812438965
language_specific_zh_006953,language_specific_zh,zh,-3.9606945514678955
language_specific_zh_003625,language_specific_zh,zh,-2.754899501800537
language_specific_zh_000014,language_specific_zh,zh,-13.542055130004883
language_specific_zh_000314,language_specific_zh,zh,-2.4426658153533936
language_specific_zh_000491,language_specific_zh,zh,-7.2685394287109375
language_specific_zh_000911,language_specific_zh,zh,-1.987520694732666
language_specific_zh_000965,language_specific_zh,zh,-4.2487616539001465
language_specific_zh_003619,language_specific_zh,zh,-4.610655784606934
language_specific_zh_006106,language_specific_zh,zh,-3.872346878051758
language_specific_zh_000633,language_specific_zh,zh,-6.569100379943848
language_specific_zh_000711,language_specific_zh,zh,-4.90500545501709
language_specific_zh_001368,language_specific_zh,zh,-10.276546478271484
language_specific_zh_002144,language_specific_zh,zh,-18.642780303955078
language_specific_zh_002204,language_specific_zh,zh,-10.923047065734863
language_specific_zh_003047,language_specific_zh,zh,-11.775928497314453
language_specific_zh_003370,language_specific_zh,zh,-2.0956153869628906
language_specific_zh_003437,language_specific_zh,zh,-9.859179496765137
language_specific_zh_004347,language_specific_zh,zh,-5.867196083068848
language_specific_zh_006504,language_specific_zh,zh,-0.48334017395973206
language_specific_zh_007284,language_specific_zh,zh,-4.983541488647461
language_specific_zh_001030,language_specific_zh,zh,-6.622777938842773
language_specific_zh_002043,language_specific_zh,zh,-13.533384323120117
language_specific_zh_000939,language_specific_zh,zh,-5.485997676849365
language_specific_zh_003414,language_specific_zh,zh,-1.7460434436798096
language_specific_zh_003728,language_specific_zh,zh,-11.53403377532959
language_specific_zh_006396,language_specific_zh,zh,-6.219572067260742
language_specific_zh_007174,language_specific_zh,zh,-6.197052001953125
language_specific_zh_000688,language_specific_zh,zh,-8.706096649169922
language_specific_zh_000886,language_specific_zh,zh,-10.699478149414062
language_specific_zh_000990,language_specific_zh,zh,-7.535406589508057
language_specific_zh_001169,language_specific_zh,zh,-8.466364860534668
language_specific_zh_001752,language_specific_zh,zh,-8.033390045166016
language_specific_zh_002990,language_specific_zh,zh,-5.797929763793945
language_specific_zh_005291,language_specific_zh,zh,-3.319772720336914
language_specific_zh_005897,language_specific_zh,zh,-10.5690336227417
language_specific_zh_006116,language_specific_zh,zh,-8.545989036560059
language_specific_zh_006842,language_specific_zh,zh,-8.265501022338867
language_specific_zh_007347,language_specific_zh,zh,-6.252532958984375
language_specific_zh_000041,language_specific_zh,zh,-7.264291286468506
language_specific_zh_001297,language_specific_zh,zh,-3.8576302528381348
language_specific_zh_003846,language_specific_zh,zh,-3.6108973026275635
language_specific_zh_004921,language_specific_zh,zh,-9.090603828430176
language_specific_zh_004944,language_specific_zh,zh,-10.019441604614258
language_specific_zh_006821,language_specific_zh,zh,-3.6116347312927246
language_specific_zh_000056,language_specific_zh,zh,-13.801933288574219
language_specific_zh_001033,language_specific_zh,zh,-4.962597370147705
language_specific_zh_001092,language_specific_zh,zh,-1.8838766813278198
language_specific_zh_001338,language_specific_zh,zh,-5.5328288078308105
language_specific_zh_001369,language_specific_zh,zh,-11.024576187133789
language_specific_zh_003428,language_specific_zh,zh,-9.61229133605957
language_specific_zh_003468,language_specific_zh,zh,-9.423097610473633
language_specific_zh_003945,language_specific_zh,zh,-9.730891227722168
language_specific_zh_005224,language_specific_zh,zh,-7.7339768409729
language_specific_zh_005657,language_specific_zh,zh,-6.587562084197998
language_specific_zh_005841,language_specific_zh,zh,-4.956840515136719
language_specific_zh_005934,language_specific_zh,zh,-0.22196468710899353
language_specific_zh_006085,language_specific_zh,zh,-7.781617641448975
language_specific_zh_000049,language_specific_zh,zh,-5.983728408813477
language_specific_zh_003371,language_specific_zh,zh,-2.3892674446105957
language_specific_zh_003416,language_specific_zh,zh,-9.177597045898438
language_specific_zh_005369,language_specific_zh,zh,-7.348884105682373
language_specific_zh_006078,language_specific_zh,zh,-7.147684097290039
language_specific_zh_006268,language_specific_zh,zh,-6.220557689666748
language_specific_zh_001519,language_specific_zh,zh,-5.46244478225708
language_specific_zh_002710,language_specific_zh,zh,-6.799105167388916
language_specific_zh_005473,language_specific_zh,zh,-12.707255363464355
language_specific_zh_006955,language_specific_zh,zh,-4.554204940795898
language_specific_zh_000230,language_specific_zh,zh,-8.257652282714844
language_specific_zh_000559,language_specific_zh,zh,-3.219310760498047
language_specific_zh_001316,language_specific_zh,zh,-13.827271461486816
language_specific_zh_003537,language_specific_zh,zh,-2.337735652923584
language_specific_zh_003597,language_specific_zh,zh,-13.746309280395508
language_specific_zh_003895,language_specific_zh,zh,-8.923349380493164
language_specific_zh_004497,language_specific_zh,zh,-1.9098427295684814
language_specific_zh_005503,language_specific_zh,zh,-0.22772470116615295
language_specific_zh_005634,language_specific_zh,zh,-23.61417007446289
language_specific_zh_005401,language_specific_zh,zh,-9.654838562011719
language_specific_zh_001569,language_specific_zh,zh,-6.765691757202148
language_specific_zh_002505,language_specific_zh,zh,-7.102543830871582
language_specific_zh_001584,language_specific_zh,zh,-14.015945434570312
language_specific_zh_005071,language_specific_zh,zh,-6.594935894012451
language_specific_zh_001652,language_specific_zh,zh,-7.32798433303833
language_specific_zh_005607,language_specific_zh,zh,-6.4246954917907715
language_specific_zh_000535,language_specific_zh,zh,-8.367387771606445
language_specific_zh_006360,language_specific_zh,zh,-12.64747428894043
language_specific_zh_002587,language_specific_zh,zh,-10.273759841918945
language_specific_zh_003352,language_specific_zh,zh,-6.836665630340576
language_specific_zh_003756,language_specific_zh,zh,-5.1648268699646
language_specific_zh_004887,language_specific_zh,zh,-2.644265651702881
language_specific_zh_000752,language_specific_zh,zh,-0.21623541414737701
language_specific_zh_006623,language_specific_zh,zh,-2.702275037765503
language_specific_zh_007393,language_specific_zh,zh,-0.9893660545349121
language_specific_zh_006622,language_specific_zh,zh,-8.08454704284668
language_specific_zh_002663,language_specific_zh,zh,-6.131165027618408
language_specific_zh_003771,language_specific_zh,zh,-16.14869499206543
language_specific_zh_005771,language_specific_zh,zh,-11.075789451599121
language_specific_zh_006490,language_specific_zh,zh,-6.873651027679443
language_specific_zh_005720,language_specific_zh,zh,-12.750198364257812
language_specific_zh_006385,language_specific_zh,zh,-0.06239098682999611
language_specific_zh_003540,language_specific_zh,zh,-7.492074489593506
language_specific_zh_004256,language_specific_zh,zh,-8.667357444763184
language_specific_zh_001308,language_specific_zh,zh,-12.14198112487793
language_specific_zh_002058,language_specific_zh,zh,-20.00896453857422
language_specific_zh_002808,language_specific_zh,zh,-29.375011444091797
language_specific_zh_004486,language_specific_zh,zh,-8.171991348266602
language_specific_zh_006282,language_specific_zh,zh,-0.0037933075800538063
language_specific_zh_002546,language_specific_zh,zh,-10.799433708190918
language_specific_zh_005798,language_specific_zh,zh,-13.715581893920898
language_specific_zh_007820,language_specific_zh,zh,-12.309005737304688
language_specific_zh_000462,language_specific_zh,zh,-6.489803791046143
language_specific_zh_001246,language_specific_zh,zh,-0.923130452632904
language_specific_zh_005339,language_specific_zh,zh,-24.848594665527344
language_specific_zh_003397,language_specific_zh,zh,-14.533920288085938
language_specific_zh_007935,language_specific_zh,zh,-7.546983242034912
language_specific_zh_004525,language_specific_zh,zh,-9.969040870666504
language_specific_zh_003053,language_specific_zh,zh,-4.916103839874268
language_specific_zh_004211,language_specific_zh,zh,-15.62938117980957
language_specific_zh_005526,language_specific_zh,zh,-5.657941818237305
language_specific_zh_001082,language_specific_zh,zh,-2.800513982772827
language_specific_zh_006034,language_specific_zh,zh,-0.18205982446670532
language_specific_zh_006988,language_specific_zh,zh,-0.04809361323714256
language_specific_zh_000382,language_specific_zh,zh,-11.381866455078125
language_specific_zh_001325,language_specific_zh,zh,-0.06679277122020721
language_specific_zh_003356,language_specific_zh,zh,-8.564351081848145
language_specific_zh_003544,language_specific_zh,zh,-9.809547424316406
language_specific_zh_005951,language_specific_zh,zh,-3.964078903198242
language_specific_zh_006289,language_specific_zh,zh,-9.175145149230957
language_specific_zh_006701,language_specific_zh,zh,-3.817396640777588
language_specific_zh_000017,language_specific_zh,zh,-1.3063793182373047
language_specific_zh_002074,language_specific_zh,zh,-0.8970654010772705
language_specific_zh_002170,language_specific_zh,zh,-2.7617287635803223
language_specific_zh_003215,language_specific_zh,zh,-10.51559829711914
language_specific_zh_003723,language_specific_zh,zh,-7.256771564483643
language_specific_zh_004051,language_specific_zh,zh,-4.309340000152588
language_specific_zh_004436,language_specific_zh,zh,-2.2290658950805664
language_specific_zh_006331,language_specific_zh,zh,-2.9424197673797607
language_specific_zh_006713,language_specific_zh,zh,-0.016733219847083092
language_specific_zh_002535,language_specific_zh,zh,-4.283409118652344
language_specific_zh_004876,language_specific_zh,zh,-9.207587242126465
language_specific_zh_000253,language_specific_zh,zh,-8.693839073181152
language_specific_zh_003054,language_specific_zh,zh,-6.562647819519043
language_specific_zh_004049,language_specific_zh,zh,-7.921207427978516
language_specific_zh_004080,language_specific_zh,zh,-5.381343364715576
language_specific_zh_006184,language_specific_zh,zh,-11.481999397277832
language_specific_zh_001920,language_specific_zh,zh,-10.287250518798828
language_specific_zh_005420,language_specific_zh,zh,-3.359149217605591
language_specific_zh_007485,language_specific_zh,zh,-3.6614484786987305
language_specific_zh_000739,language_specific_zh,zh,-1.7176162004470825
language_specific_zh_000802,language_specific_zh,zh,-2.1582303047180176
language_specific_zh_000844,language_specific_zh,zh,-7.701390266418457
language_specific_zh_001177,language_specific_zh,zh,-1.9794130325317383
language_specific_zh_001250,language_specific_zh,zh,-0.00037227204302325845
language_specific_zh_005183,language_specific_zh,zh,-3.5654640197753906
language_specific_zh_000138,language_specific_zh,zh,-2.9899020195007324
language_specific_zh_001969,language_specific_zh,zh,-4.884048938751221
language_specific_zh_002504,language_specific_zh,zh,-2.44206166267395
language_specific_zh_003878,language_specific_zh,zh,-2.4768152236938477
language_specific_zh_004442,language_specific_zh,zh,-1.6206012964248657
language_specific_zh_005829,language_specific_zh,zh,-11.52253246307373
language_specific_zh_007436,language_specific_zh,zh,-6.066145896911621
language_specific_zh_007440,language_specific_zh,zh,-1.4944560527801514
language_specific_zh_007507,language_specific_zh,zh,-8.545248031616211
language_specific_zh_000875,language_specific_zh,zh,-6.038549423217773
language_specific_zh_001175,language_specific_zh,zh,-1.1460422277450562
language_specific_zh_002528,language_specific_zh,zh,-8.377628326416016
language_specific_zh_002544,language_specific_zh,zh,-10.412776947021484
language_specific_zh_003595,language_specific_zh,zh,-6.081588268280029
language_specific_zh_004234,language_specific_zh,zh,-3.8615286350250244
language_specific_zh_005718,language_specific_zh,zh,-0.6108646988868713
language_specific_zh_005977,language_specific_zh,zh,-1.5377957820892334
language_specific_zh_006044,language_specific_zh,zh,-5.810143947601318
language_specific_zh_000554,language_specific_zh,zh,-7.0792460441589355
language_specific_zh_001270,language_specific_zh,zh,-6.97159481048584
language_specific_zh_001653,language_specific_zh,zh,-5.3983917236328125
language_specific_zh_003740,language_specific_zh,zh,-0.22285225987434387
language_specific_zh_004420,language_specific_zh,zh,-6.605189323425293
language_specific_zh_006249,language_specific_zh,zh,-11.571972846984863
language_specific_zh_006731,language_specific_zh,zh,-0.276698499917984
language_specific_zh_001449,language_specific_zh,zh,-1.8428468704223633
language_specific_zh_004414,language_specific_zh,zh,-7.860927581787109
language_specific_zh_005027,language_specific_zh,zh,-3.1794652938842773
language_specific_zh_005191,language_specific_zh,zh,-2.549306631088257
language_specific_zh_005854,language_specific_zh,zh,-7.524115562438965
language_specific_zh_006076,language_specific_zh,zh,-0.00869821384549141
language_specific_zh_006211,language_specific_zh,zh,-0.1098468005657196
language_specific_zh_007912,language_specific_zh,zh,-6.703512191772461
language_specific_zh_001674,language_specific_zh,zh,-6.404786109924316
language_specific_zh_001961,language_specific_zh,zh,-6.780490398406982
language_specific_zh_002530,language_specific_zh,zh,-14.821243286132812
language_specific_zh_002612,language_specific_zh,zh,-3.957348346710205
language_specific_zh_002645,language_specific_zh,zh,-0.022225696593523026
language_specific_zh_005739,language_specific_zh,zh,-6.581429481506348
language_specific_zh_007268,language_specific_zh,zh,-8.503538131713867
language_specific_zh_000349,language_specific_zh,zh,-6.505742073059082
language_specific_zh_000740,language_specific_zh,zh,-3.956899642944336
language_specific_zh_001986,language_specific_zh,zh,-8.707906723022461
language_specific_zh_004314,language_specific_zh,zh,-1.0901107788085938
language_specific_zh_004884,language_specific_zh,zh,-2.432788848876953
language_specific_zh_006235,language_specific_zh,zh,-3.9100024700164795
language_specific_zh_006275,language_specific_zh,zh,-2.1254067420959473
language_specific_zh_007091,language_specific_zh,zh,-8.204667091369629
language_specific_zh_000311,language_specific_zh,zh,-14.47700023651123
language_specific_zh_000841,language_specific_zh,zh,-0.6699402928352356
language_specific_zh_001067,language_specific_zh,zh,-9.026801109313965
language_specific_zh_001912,language_specific_zh,zh,-0.9494036436080933
language_specific_zh_002502,language_specific_zh,zh,-2.406036138534546
language_specific_zh_003098,language_specific_zh,zh,-11.076730728149414
language_specific_zh_004378,language_specific_zh,zh,-2.9431166648864746
language_specific_zh_004883,language_specific_zh,zh,-5.841261863708496
language_specific_zh_006025,language_specific_zh,zh,-9.954485893249512
language_specific_zh_006728,language_specific_zh,zh,-6.194910049438477
language_specific_zh_007021,language_specific_zh,zh,-2.5191776752471924
language_specific_zh_007412,language_specific_zh,zh,-1.8524032831192017
language_specific_zh_007432,language_specific_zh,zh,-9.51120376586914
language_specific_zh_000188,language_specific_zh,zh,-5.884890079498291
language_specific_zh_001238,language_specific_zh,zh,-3.7619266510009766
language_specific_zh_004411,language_specific_zh,zh,-0.06583882123231888
language_specific_zh_004461,language_specific_zh,zh,-1.0414180755615234
language_specific_zh_004732,language_specific_zh,zh,-2.0279815196990967
language_specific_zh_004779,language_specific_zh,zh,-5.382672309875488
language_specific_zh_005341,language_specific_zh,zh,-6.373506546020508
language_specific_zh_005433,language_specific_zh,zh,-3.835313558578491
language_specific_zh_006796,language_specific_zh,zh,-2.862156391143799
language_specific_zh_006863,language_specific_zh,zh,-5.637118816375732
language_specific_zh_000075,language_specific_zh,zh,-0.03762563318014145
language_specific_zh_003883,language_specific_zh,zh,-5.237275123596191
language_specific_zh_001596,language_specific_zh,zh,-0.7071712017059326
language_specific_zh_003983,language_specific_zh,zh,-8.572275161743164
language_specific_zh_001916,language_specific_zh,zh,-3.8346567153930664
language_specific_zh_002843,language_specific_zh,zh,-4.266803741455078
language_specific_zh_004615,language_specific_zh,zh,-1.3549456596374512
language_specific_zh_004811,language_specific_zh,zh,-9.057771682739258
language_specific_zh_005627,language_specific_zh,zh,-2.7726216316223145
language_specific_zh_006705,language_specific_zh,zh,-2.5335805416107178
language_specific_zh_007378,language_specific_zh,zh,-8.605531692504883
language_specific_zh_002611,language_specific_zh,zh,-14.120587348937988
language_specific_zh_006276,language_specific_zh,zh,-2.6458797454833984
language_specific_zh_002995,language_specific_zh,zh,-5.2653656005859375
language_specific_zh_003926,language_specific_zh,zh,-4.477898120880127
language_specific_zh_007853,language_specific_zh,zh,-0.4010551869869232
language_specific_zh_000966,language_specific_zh,zh,-3.356884241104126
language_specific_zh_002886,language_specific_zh,zh,-2.0963563919067383
language_specific_zh_005479,language_specific_zh,zh,-4.8376288414001465
language_specific_zh_005525,language_specific_zh,zh,-4.700192451477051
language_specific_zh_000952,language_specific_zh,zh,-4.733623504638672
language_specific_zh_002887,language_specific_zh,zh,-9.89411735534668
language_specific_zh_006766,language_specific_zh,zh,-5.387502193450928
language_specific_zh_000238,language_specific_zh,zh,-5.291925430297852
language_specific_zh_001025,language_specific_zh,zh,-12.09589958190918
language_specific_zh_002771,language_specific_zh,zh,-8.026981353759766
language_specific_zh_005780,language_specific_zh,zh,-4.839015960693359
language_specific_zh_002857,language_specific_zh,zh,-9.960217475891113
language_specific_zh_005143,language_specific_zh,zh,-19.64414405822754
language_specific_zh_005506,language_specific_zh,zh,-0.3313601613044739
language_specific_zh_000167,language_specific_zh,zh,-6.757924556732178
language_specific_zh_007462,language_specific_zh,zh,-5.569213390350342
language_specific_zh_004662,language_specific_zh,zh,-6.626315116882324
language_specific_zh_006308,language_specific_zh,zh,-4.151838302612305
language_specific_zh_002167,language_specific_zh,zh,-4.61159610748291
language_specific_zh_005564,language_specific_zh,zh,-0.35442882776260376
language_specific_zh_006011,language_specific_zh,zh,-5.771843910217285
language_specific_zh_001279,language_specific_zh,zh,-4.536736011505127
language_specific_zh_006215,language_specific_zh,zh,-8.825136184692383
language_specific_zh_000744,language_specific_zh,zh,-5.602371692657471
language_specific_zh_002155,language_specific_zh,zh,-0.8218896389007568
language_specific_zh_003050,language_specific_zh,zh,-11.48234748840332
language_specific_zh_005480,language_specific_zh,zh,-1.1607247591018677
language_specific_zh_006606,language_specific_zh,zh,-3.601689338684082
language_specific_zh_002618,language_specific_zh,zh,-1.5043288469314575
language_specific_zh_003038,language_specific_zh,zh,-4.261310577392578
language_specific_zh_000829,language_specific_zh,zh,-8.652156829833984
language_specific_zh_004430,language_specific_zh,zh,-10.109607696533203
language_specific_zh_005015,language_specific_zh,zh,-1.7725319862365723
language_specific_zh_005888,language_specific_zh,zh,-1.2405693531036377
language_specific_zh_006010,language_specific_zh,zh,-6.554399013519287
language_specific_zh_007100,language_specific_zh,zh,-4.586353302001953
language_specific_zh_004424,language_specific_zh,zh,-16.664562225341797
language_specific_zh_004798,language_specific_zh,zh,-13.8290376663208
language_specific_zh_004634,language_specific_zh,zh,-4.337234973907471
language_specific_zh_007680,language_specific_zh,zh,-14.274718284606934
language_specific_zh_002354,language_specific_zh,zh,-10.809667587280273
language_specific_zh_007939,language_specific_zh,zh,-5.83515739440918
language_specific_zh_006706,language_specific_zh,zh,-6.789229393005371
language_specific_zh_007492,language_specific_zh,zh,-5.773906230926514
language_specific_zh_000499,language_specific_zh,zh,-7.601769924163818
language_specific_zh_004373,language_specific_zh,zh,-4.675663948059082
language_specific_zh_007524,language_specific_zh,zh,-6.8261237144470215
language_specific_zh_004746,language_specific_zh,zh,-6.379786014556885
language_specific_zh_005225,language_specific_zh,zh,-0.687134325504303
language_specific_zh_006198,language_specific_zh,zh,-7.835443019866943
language_specific_zh_003003,language_specific_zh,zh,-0.54236900806427
language_specific_zh_005629,language_specific_zh,zh,-1.403205394744873
language_specific_zh_006001,language_specific_zh,zh,-6.783151149749756
language_specific_zh_006070,language_specific_zh,zh,-7.469736576080322
language_specific_zh_006092,language_specific_zh,zh,-0.5010825991630554
language_specific_zh_002993,language_specific_zh,zh,-13.025137901306152
language_specific_zh_004079,language_specific_zh,zh,-8.782588958740234
language_specific_zh_005674,language_specific_zh,zh,-5.912552833557129
language_specific_zh_006707,language_specific_zh,zh,-14.172386169433594
language_specific_zh_002217,language_specific_zh,zh,-5.082375526428223
language_specific_zh_001861,language_specific_zh,zh,-9.404768943786621
language_specific_zh_005633,language_specific_zh,zh,-10.380586624145508
language_specific_zh_005154,language_specific_zh,zh,-15.709176063537598
language_specific_zh_005828,language_specific_zh,zh,-1.3079513311386108
language_specific_zh_002917,language_specific_zh,zh,-7.967720985412598
language_specific_zh_007563,language_specific_zh,zh,-6.726656913757324
language_specific_zh_001230,language_specific_zh,zh,-5.376763343811035
language_specific_zh_003966,language_specific_zh,zh,-11.021224975585938
language_specific_zh_002122,language_specific_zh,zh,-4.678304195404053
language_specific_zh_000108,language_specific_zh,zh,-10.64352798461914
language_specific_zh_001781,language_specific_zh,zh,-2.8481452465057373
language_specific_zh_004939,language_specific_zh,zh,-6.391264915466309
language_specific_zh_006124,language_specific_zh,zh,-0.08105780929327011
language_specific_zh_002636,language_specific_zh,zh,-0.14831317961215973
language_specific_zh_002910,language_specific_zh,zh,-1.1865330934524536
language_specific_zh_001491,language_specific_zh,zh,-0.3990822434425354
language_specific_zh_003027,language_specific_zh,zh,-4.818276882171631
language_specific_zh_006139,language_specific_zh,zh,-8.464820861816406
language_specific_zh_000526,language_specific_zh,zh,-3.765737533569336
language_specific_zh_005889,language_specific_zh,zh,-5.776427268981934
language_specific_zh_001474,language_specific_zh,zh,-15.518458366394043
language_specific_zh_007077,language_specific_zh,zh,-26.39373016357422
language_specific_zh_000124,language_specific_zh,zh,-1.1268391609191895
language_specific_zh_001727,language_specific_zh,zh,-6.916537761688232
language_specific_zh_000403,language_specific_zh,zh,-10.597721099853516
language_specific_zh_005159,language_specific_zh,zh,-2.0734941959381104
language_specific_zh_005693,language_specific_zh,zh,-12.491811752319336
language_specific_zh_006152,language_specific_zh,zh,-4.0450239181518555
language_specific_zh_001307,language_specific_zh,zh,-8.144803047180176
language_specific_zh_001804,language_specific_zh,zh,-3.3915512561798096
language_specific_zh_004154,language_specific_zh,zh,-0.4568849802017212
language_specific_zh_007678,language_specific_zh,zh,-5.098598003387451
language_specific_zh_001119,language_specific_zh,zh,-1.7168049812316895
language_specific_zh_002011,language_specific_zh,zh,-17.626802444458008
language_specific_zh_002380,language_specific_zh,zh,-6.125893592834473
language_specific_zh_002753,language_specific_zh,zh,-8.944781303405762
language_specific_zh_005098,language_specific_zh,zh,-0.44407278299331665
language_specific_zh_007253,language_specific_zh,zh,-9.970491409301758
language_specific_zh_007526,language_specific_zh,zh,-5.1015400886535645
language_specific_zh_000454,language_specific_zh,zh,-14.80366039276123
language_specific_zh_002214,language_specific_zh,zh,-17.992700576782227
language_specific_zh_004361,language_specific_zh,zh,-8.540308952331543
language_specific_zh_004878,language_specific_zh,zh,-5.631126403808594
language_specific_zh_000147,language_specific_zh,zh,-3.8914952278137207
language_specific_zh_000445,language_specific_zh,zh,-20.375141143798828
language_specific_zh_001834,language_specific_zh,zh,-1.2625510692596436
language_specific_zh_005017,language_specific_zh,zh,-5.489075660705566
language_specific_zh_006181,language_specific_zh,zh,-7.665972709655762
language_specific_zh_007337,language_specific_zh,zh,-0.8402039408683777
language_specific_zh_007632,language_specific_zh,zh,-21.44246482849121
language_specific_zh_000249,language_specific_zh,zh,-0.05566028133034706
language_specific_zh_005982,language_specific_zh,zh,-1.7740137577056885
language_specific_zh_006676,language_specific_zh,zh,-17.433137893676758
language_specific_zh_007230,language_specific_zh,zh,-8.856412887573242
language_specific_zh_002161,language_specific_zh,zh,-2.1605355739593506
language_specific_zh_005140,language_specific_zh,zh,-0.050034236162900925
language_specific_zh_007783,language_specific_zh,zh,-10.127641677856445
language_specific_zh_002013,language_specific_zh,zh,-11.72764778137207
language_specific_zh_003768,language_specific_zh,zh,-10.240716934204102
language_specific_zh_005314,language_specific_zh,zh,-10.256330490112305
language_specific_zh_007334,language_specific_zh,zh,-5.812962055206299
language_specific_zh_001787,language_specific_zh,zh,-9.410306930541992
language_specific_zh_002390,language_specific_zh,zh,-9.519821166992188
language_specific_zh_004546,language_specific_zh,zh,-20.263654708862305
language_specific_zh_002867,language_specific_zh,zh,-6.964186191558838
language_specific_zh_000946,language_specific_zh,zh,-4.583120346069336
language_specific_zh_002876,language_specific_zh,zh,-13.974370002746582
language_specific_zh_004187,language_specific_zh,zh,-8.295868873596191
language_specific_zh_000655,language_specific_zh,zh,-3.5660042762756348
language_specific_zh_002115,language_specific_zh,zh,-6.477531433105469
language_specific_zh_003948,language_specific_zh,zh,-13.139277458190918
language_specific_zh_006257,language_specific_zh,zh,-5.156191349029541
language_specific_zh_006455,language_specific_zh,zh,-11.26069450378418
language_specific_zh_007816,language_specific_zh,zh,-9.935032844543457
language_specific_zh_002561,language_specific_zh,zh,-9.044158935546875
language_specific_zh_003725,language_specific_zh,zh,-9.8187255859375
language_specific_zh_005074,language_specific_zh,zh,-6.794045925140381
language_specific_zh_005199,language_specific_zh,zh,-5.6424479484558105
language_specific_zh_005606,language_specific_zh,zh,-6.308747291564941
language_specific_zh_007859,language_specific_zh,zh,-4.190649509429932
language_specific_zh_000135,language_specific_zh,zh,-4.5296759605407715
language_specific_zh_000476,language_specific_zh,zh,-2.544407367706299
language_specific_zh_001570,language_specific_zh,zh,-3.6896469593048096
language_specific_zh_004386,language_specific_zh,zh,-15.393254280090332
language_specific_zh_001125,language_specific_zh,zh,-4.663196086883545
language_specific_zh_001225,language_specific_zh,zh,-14.68294906616211
language_specific_zh_001321,language_specific_zh,zh,-1.0231434106826782
language_specific_zh_001595,language_specific_zh,zh,-11.943148612976074
language_specific_zh_002342,language_specific_zh,zh,-1.711097240447998
language_specific_zh_002545,language_specific_zh,zh,-10.487238883972168
language_specific_zh_003652,language_specific_zh,zh,-3.4202077388763428
language_specific_zh_004267,language_specific_zh,zh,-8.688817024230957
language_specific_zh_005005,language_specific_zh,zh,-10.266732215881348
language_specific_zh_005101,language_specific_zh,zh,-13.814542770385742
language_specific_zh_005422,language_specific_zh,zh,-1.5652892589569092
language_specific_zh_005987,language_specific_zh,zh,-3.314051628112793
language_specific_zh_006314,language_specific_zh,zh,-13.377110481262207
language_specific_zh_006752,language_specific_zh,zh,-12.421945571899414
language_specific_zh_001873,language_specific_zh,zh,-5.559609413146973
language_specific_zh_004392,language_specific_zh,zh,-1.640030026435852
language_specific_zh_004965,language_specific_zh,zh,-2.028684139251709
language_specific_zh_005647,language_specific_zh,zh,-19.749238967895508
language_specific_zh_000532,language_specific_zh,zh,-0.04435650631785393
language_specific_zh_002986,language_specific_zh,zh,-8.527100563049316
language_specific_zh_003854,language_specific_zh,zh,-8.885213851928711
language_specific_zh_000372,language_specific_zh,zh,-0.029470236971974373
language_specific_zh_002536,language_specific_zh,zh,-4.626713275909424
language_specific_zh_005928,language_specific_zh,zh,-10.13088321685791
language_specific_zh_005952,language_specific_zh,zh,-14.750226974487305
language_specific_zh_005219,language_specific_zh,zh,-5.283352851867676
language_specific_zh_005884,language_specific_zh,zh,-12.625969886779785
language_specific_zh_006408,language_specific_zh,zh,-0.8755342960357666
language_specific_zh_007012,language_specific_zh,zh,-7.204649448394775
language_specific_zh_007513,language_specific_zh,zh,-10.5831937789917
language_specific_zh_007713,language_specific_zh,zh,-12.66113567352295
language_specific_zh_002769,language_specific_zh,zh,-10.090497970581055
language_specific_zh_002855,language_specific_zh,zh,-9.1707181930542
language_specific_zh_003081,language_specific_zh,zh,-0.0023549923207610846
language_specific_zh_004043,language_specific_zh,zh,-3.4719700813293457
language_specific_zh_005350,language_specific_zh,zh,-7.09279203414917
language_specific_zh_005956,language_specific_zh,zh,-0.0004027270770166069
language_specific_zh_006049,language_specific_zh,zh,-0.24797990918159485
language_specific_zh_006755,language_specific_zh,zh,-6.1647233963012695
language_specific_zh_001865,language_specific_zh,zh,-7.969578742980957
language_specific_zh_003762,language_specific_zh,zh,-9.176249504089355
language_specific_zh_005067,language_specific_zh,zh,-7.736167907714844
language_specific_zh_006333,language_specific_zh,zh,-3.500777244567871
language_specific_zh_002672,language_specific_zh,zh,-1.3119995594024658
language_specific_zh_001790,language_specific_zh,zh,-9.283102989196777
language_specific_zh_007644,language_specific_zh,zh,-3.6067938804626465
language_specific_zh_006989,language_specific_zh,zh,-4.707643032073975
language_specific_zh_000769,language_specific_zh,zh,-6.850380897521973
language_specific_zh_004814,language_specific_zh,zh,-0.4966217577457428
language_specific_zh_005538,language_specific_zh,zh,-13.659063339233398
language_specific_zh_005377,language_specific_zh,zh,-3.5674386024475098
language_specific_zh_001693,language_specific_zh,zh,-8.021757125854492
language_specific_zh_003256,language_specific_zh,zh,-2.331113576889038
language_specific_zh_001443,language_specific_zh,zh,-5.879020690917969
language_specific_zh_001728,language_specific_zh,zh,-1.32184898853302
language_specific_zh_000531,language_specific_zh,zh,-11.031543731689453
language_specific_zh_002520,language_specific_zh,zh,-0.013511580415070057
language_specific_zh_007533,language_specific_zh,zh,-4.222698211669922
language_specific_zh_001444,language_specific_zh,zh,-8.569354057312012
language_specific_zh_002305,language_specific_zh,zh,-4.001710414886475
language_specific_zh_005427,language_specific_zh,zh,-0.3364757001399994
language_specific_zh_004937,language_specific_zh,zh,-11.576494216918945
language_specific_zh_005544,language_specific_zh,zh,-7.3155341148376465
language_specific_zh_003753,language_specific_zh,zh,-4.275033473968506
language_specific_zh_005084,language_specific_zh,zh,-6.579421520233154
language_specific_zh_007169,language_specific_zh,zh,-14.687997817993164
language_specific_zh_002100,language_specific_zh,zh,-4.61850643157959
language_specific_zh_005151,language_specific_zh,zh,-12.183935165405273
language_specific_zh_006371,language_specific_zh,zh,-8.985538482666016
language_specific_zh_000837,language_specific_zh,zh,-5.561710357666016
language_specific_zh_003401,language_specific_zh,zh,-5.026349067687988
language_specific_zh_005228,language_specific_zh,zh,-10.94579029083252
language_specific_zh_001686,language_specific_zh,zh,-3.5946786403656006
language_specific_zh_007451,language_specific_zh,zh,-14.401866912841797
language_specific_zh_005079,language_specific_zh,zh,-5.837553024291992
language_specific_zh_005087,language_specific_zh,zh,-8.228697776794434
language_specific_zh_005642,language_specific_zh,zh,-12.684202194213867
language_specific_zh_003254,language_specific_zh,zh,-6.0452680587768555
language_specific_zh_003104,language_specific_zh,zh,-10.02701187133789
language_specific_zh_001893,language_specific_zh,zh,-5.276418209075928
language_specific_zh_004175,language_specific_zh,zh,-12.502212524414062
language_specific_zh_005641,language_specific_zh,zh,-18.31665802001953
language_specific_zh_007866,language_specific_zh,zh,-2.556335926055908
language_specific_zh_002213,language_specific_zh,zh,-9.142794609069824
language_specific_zh_006627,language_specific_zh,zh,-5.402078628540039
language_specific_zh_005995,language_specific_zh,zh,-3.006627082824707
language_specific_zh_005311,language_specific_zh,zh,-8.498754501342773
language_specific_zh_001158,language_specific_zh,zh,-11.737269401550293
language_specific_zh_007518,language_specific_zh,zh,-4.83510684967041
language_specific_zh_001038,language_specific_zh,zh,-7.7780890464782715
language_specific_zh_006457,language_specific_zh,zh,-1.0166728496551514
language_specific_zh_000782,language_specific_zh,zh,-8.573441505432129
language_specific_zh_005561,language_specific_zh,zh,-11.458820343017578
language_specific_zh_001872,language_specific_zh,zh,-4.406667709350586
language_specific_zh_002295,language_specific_zh,zh,-15.441576957702637
language_specific_zh_005509,language_specific_zh,zh,-5.428073406219482
language_specific_zh_002207,language_specific_zh,zh,-9.928958892822266
language_specific_zh_004120,language_specific_zh,zh,-13.321208000183105
language_specific_zh_004374,language_specific_zh,zh,-9.181669235229492
language_specific_zh_001791,language_specific_zh,zh,-10.100378036499023
language_specific_zh_005997,language_specific_zh,zh,-4.06315279006958
language_specific_zh_002374,language_specific_zh,zh,-8.324146270751953
language_specific_zh_003758,language_specific_zh,zh,-10.750730514526367
language_specific_zh_005217,language_specific_zh,zh,-10.31350326538086
language_specific_zh_002811,language_specific_zh,zh,-0.9546352624893188
language_specific_zh_004977,language_specific_zh,zh,-6.448355674743652
language_specific_zh_003265,language_specific_zh,zh,-7.6361517906188965
language_specific_zh_005843,language_specific_zh,zh,-11.888557434082031
language_specific_zh_006219,language_specific_zh,zh,-8.23416519165039
language_specific_zh_005777,language_specific_zh,zh,-8.652843475341797
language_specific_zh_006131,language_specific_zh,zh,-13.12851333618164
language_specific_zh_007573,language_specific_zh,zh,-0.025060947984457016
language_specific_zh_002479,language_specific_zh,zh,-7.4652628898620605
language_specific_zh_002202,language_specific_zh,zh,-9.601180076599121
language_specific_zh_001933,language_specific_zh,zh,-6.5547919273376465
language_specific_zh_000731,language_specific_zh,zh,-16.093965530395508
language_specific_zh_002680,language_specific_zh,zh,-3.336585521697998
language_specific_zh_004272,language_specific_zh,zh,-17.72822380065918
language_specific_zh_002117,language_specific_zh,zh,-3.649641513824463
language_specific_zh_004134,language_specific_zh,zh,-6.656261444091797
language_specific_zh_004717,language_specific_zh,zh,-6.877352714538574
language_specific_zh_007235,language_specific_zh,zh,-0.10694985091686249
language_specific_zh_006636,language_specific_zh,zh,-17.818714141845703
language_specific_zh_003461,language_specific_zh,zh,-9.164959907531738
language_specific_zh_004193,language_specific_zh,zh,-3.0323939323425293
language_specific_zh_006012,language_specific_zh,zh,-4.479275703430176
language_specific_zh_006876,language_specific_zh,zh,-16.01613998413086
language_specific_zh_000818,language_specific_zh,zh,-8.054959297180176
language_specific_zh_002565,language_specific_zh,zh,-28.594993591308594
language_specific_zh_005721,language_specific_zh,zh,-9.621025085449219
language_specific_zh_007460,language_specific_zh,zh,-10.229889869689941
language_specific_zh_006065,language_specific_zh,zh,-8.478212356567383
language_specific_zh_006177,language_specific_zh,zh,-1.2673733234405518
language_specific_zh_001359,language_specific_zh,zh,-5.1380510330200195
language_specific_zh_000065,language_specific_zh,zh,-13.798439025878906
language_specific_zh_005728,language_specific_zh,zh,-15.164730072021484
language_specific_zh_000897,language_specific_zh,zh,-5.011715412139893
language_specific_zh_000978,language_specific_zh,zh,-5.4400200843811035
language_specific_zh_002807,language_specific_zh,zh,-1.895770788192749
language_specific_zh_003991,language_specific_zh,zh,-13.809926986694336
language_specific_zh_005281,language_specific_zh,zh,-12.531501770019531
language_specific_zh_007030,language_specific_zh,zh,-24.893945693969727
language_specific_zh_005240,language_specific_zh,zh,-2.597500801086426
language_specific_zh_006036,language_specific_zh,zh,-5.596699237823486
language_specific_zh_007047,language_specific_zh,zh,-7.84513521194458
language_specific_zh_000609,language_specific_zh,zh,-5.597130298614502
language_specific_zh_000915,language_specific_zh,zh,-5.987629413604736
language_specific_zh_003663,language_specific_zh,zh,-12.736156463623047
language_specific_zh_006509,language_specific_zh,zh,-6.110132694244385
language_specific_zh_000228,language_specific_zh,zh,-6.516147136688232
language_specific_zh_006864,language_specific_zh,zh,-15.611797332763672
language_specific_zh_003239,language_specific_zh,zh,-3.040156841278076
language_specific_zh_006680,language_specific_zh,zh,-2.615443229675293
language_specific_zh_006343,language_specific_zh,zh,-31.812602996826172
language_specific_zh_007140,language_specific_zh,zh,-19.868844985961914
language_specific_zh_004343,language_specific_zh,zh,-12.813837051391602
language_specific_zh_006373,language_specific_zh,zh,-15.994647979736328
language_specific_zh_001360,language_specific_zh,zh,-7.630338668823242
language_specific_zh_003897,language_specific_zh,zh,-10.837305068969727
language_specific_zh_003378,language_specific_zh,zh,-13.87376594543457
language_specific_zh_006646,language_specific_zh,zh,-16.49821662902832
language_specific_zh_002701,language_specific_zh,zh,-9.929813385009766
language_specific_zh_006420,language_specific_zh,zh,-11.202792167663574
language_specific_zh_003187,language_specific_zh,zh,-12.808040618896484
language_specific_zh_005382,language_specific_zh,zh,-9.484833717346191
language_specific_zh_006473,language_specific_zh,zh,-7.6507720947265625
language_specific_zh_005806,language_specific_zh,zh,-6.399514675140381
language_specific_zh_007283,language_specific_zh,zh,-3.337603807449341
language_specific_zh_001387,language_specific_zh,zh,-13.178571701049805
language_specific_zh_000390,language_specific_zh,zh,-9.05720043182373
language_specific_zh_003210,language_specific_zh,zh,-8.187544822692871
language_specific_zh_003538,language_specific_zh,zh,-5.667473316192627
language_specific_zh_001707,language_specific_zh,zh,-6.235758304595947
language_specific_zh_000553,language_specific_zh,zh,-16.7210750579834
language_specific_zh_002285,language_specific_zh,zh,-4.972830295562744
language_specific_zh_003778,language_specific_zh,zh,-12.512354850769043
language_specific_zh_005727,language_specific_zh,zh,-11.938621520996094
language_specific_zh_000612,language_specific_zh,zh,-1.038436770439148
language_specific_zh_002714,language_specific_zh,zh,-25.207727432250977
language_specific_zh_000758,language_specific_zh,zh,-6.912750244140625
language_specific_zh_003009,language_specific_zh,zh,-12.547025680541992
language_specific_zh_005761,language_specific_zh,zh,-8.79175853729248
language_specific_zh_004452,language_specific_zh,zh,-8.747171401977539
language_specific_zh_002781,language_specific_zh,zh,-10.671839714050293
language_specific_zh_005966,language_specific_zh,zh,-21.063812255859375
language_specific_zh_005038,language_specific_zh,zh,-6.96228551864624
language_specific_zh_002310,language_specific_zh,zh,-5.521646022796631
language_specific_zh_002572,language_specific_zh,zh,-5.430637359619141
language_specific_zh_007471,language_specific_zh,zh,-10.812873840332031
language_specific_zh_007144,language_specific_zh,zh,-11.995678901672363
language_specific_zh_002288,language_specific_zh,zh,-10.912582397460938
language_specific_zh_003035,language_specific_zh,zh,-18.646793365478516
language_specific_zh_005336,language_specific_zh,zh,-0.9220866560935974
language_specific_zh_002045,language_specific_zh,zh,-7.835415363311768
language_specific_zh_003266,language_specific_zh,zh,-3.362358570098877
language_specific_zh_003671,language_specific_zh,zh,-16.89493179321289
language_specific_zh_004264,language_specific_zh,zh,-17.610368728637695
language_specific_zh_001342,language_specific_zh,zh,-17.65949058532715
language_specific_zh_003216,language_specific_zh,zh,-7.242526054382324
language_specific_zh_003294,language_specific_zh,zh,-6.010810375213623
language_specific_zh_006557,language_specific_zh,zh,-10.12229061126709
language_specific_zh_000996,language_specific_zh,zh,-8.488548278808594
language_specific_zh_002126,language_specific_zh,zh,-12.10837173461914
language_specific_zh_002219,language_specific_zh,zh,-6.867608547210693
language_specific_zh_001050,language_specific_zh,zh,-3.8002943992614746
language_specific_zh_001052,language_specific_zh,zh,-8.716504096984863
language_specific_zh_005363,language_specific_zh,zh,-6.6667633056640625
language_specific_zh_006650,language_specific_zh,zh,-18.548114776611328
language_specific_zh_005287,language_specific_zh,zh,-12.312045097351074
language_specific_zh_006520,language_specific_zh,zh,-8.939345359802246
language_specific_zh_007372,language_specific_zh,zh,-22.068681716918945
language_specific_zh_000730,language_specific_zh,zh,-13.025070190429688
language_specific_zh_001736,language_specific_zh,zh,-4.367583274841309
language_specific_zh_002056,language_specific_zh,zh,-19.742277145385742
language_specific_zh_001902,language_specific_zh,zh,-10.430743217468262
language_specific_zh_002580,language_specific_zh,zh,-12.452250480651855
language_specific_zh_004209,language_specific_zh,zh,-2.1818788051605225
language_specific_zh_007611,language_specific_zh,zh,-12.389388084411621
language_specific_zh_001411,language_specific_zh,zh,-6.144049167633057
language_specific_zh_004473,language_specific_zh,zh,-7.376687526702881
language_specific_zh_004063,language_specific_zh,zh,-6.734050273895264
language_specific_zh_001471,language_specific_zh,zh,-4.655145645141602
language_specific_zh_002282,language_specific_zh,zh,-2.2736940383911133
language_specific_zh_002704,language_specific_zh,zh,-4.251946926116943
language_specific_zh_003084,language_specific_zh,zh,-9.816529273986816
language_specific_zh_006529,language_specific_zh,zh,-12.406542778015137
language_specific_zh_005445,language_specific_zh,zh,-7.081065654754639
language_specific_zh_005223,language_specific_zh,zh,-2.6083900928497314
language_specific_zh_005799,language_specific_zh,zh,-10.332534790039062
language_specific_zh_005789,language_specific_zh,zh,-8.266042709350586
language_specific_zh_001421,language_specific_zh,zh,-4.957076549530029
language_specific_zh_001908,language_specific_zh,zh,-8.290156364440918
language_specific_zh_000059,language_specific_zh,zh,-11.312925338745117
language_specific_zh_002227,language_specific_zh,zh,-0.012357338331639767
language_specific_zh_003765,language_specific_zh,zh,-14.6806001663208
language_specific_zh_006792,language_specific_zh,zh,-9.184435844421387
language_specific_zh_000336,language_specific_zh,zh,-19.43954849243164
language_specific_zh_000469,language_specific_zh,zh,-10.38948917388916
language_specific_zh_001231,language_specific_zh,zh,-8.6385498046875
language_specific_zh_000367,language_specific_zh,zh,-23.692686080932617
language_specific_zh_007720,language_specific_zh,zh,-15.742908477783203
language_specific_zh_004658,language_specific_zh,zh,-8.61803913116455
language_specific_zh_004978,language_specific_zh,zh,-1.338938593864441
language_specific_zh_005659,language_specific_zh,zh,-20.250072479248047
language_specific_zh_005853,language_specific_zh,zh,-0.6469756364822388
language_specific_zh_000816,language_specific_zh,zh,-6.263284683227539
language_specific_zh_004026,language_specific_zh,zh,-8.930015563964844
language_specific_zh_006458,language_specific_zh,zh,-5.758485794067383
language_specific_zh_000370,language_specific_zh,zh,-18.754240036010742
language_specific_zh_002940,language_specific_zh,zh,-6.7460808753967285
language_specific_zh_003259,language_specific_zh,zh,-23.62555694580078
language_specific_zh_004839,language_specific_zh,zh,-7.3156208992004395
language_specific_zh_003861,language_specific_zh,zh,-4.5169997215271
language_specific_zh_000125,language_specific_zh,zh,-10.824796676635742
language_specific_zh_002409,language_specific_zh,zh,-13.02377700805664
language_specific_zh_005094,language_specific_zh,zh,-2.418687105178833
language_specific_zh_006148,language_specific_zh,zh,-6.922250747680664
language_specific_zh_004019,language_specific_zh,zh,-8.688149452209473
language_specific_zh_000377,language_specific_zh,zh,-6.724983215332031
language_specific_zh_004480,language_specific_zh,zh,-9.625154495239258
language_specific_zh_005220,language_specific_zh,zh,-6.641474723815918
language_specific_zh_000140,language_specific_zh,zh,-0.36497417092323303
language_specific_zh_002517,language_specific_zh,zh,-14.169591903686523
language_specific_zh_005097,language_specific_zh,zh,-15.476476669311523
language_specific_zh_005892,language_specific_zh,zh,-12.294816970825195
language_specific_zh_005852,language_specific_zh,zh,-0.1636299192905426
language_specific_zh_003063,language_specific_zh,zh,-8.863109588623047
language_specific_zh_001288,language_specific_zh,zh,-2.2474377155303955
language_specific_zh_002690,language_specific_zh,zh,-20.85428237915039
language_specific_zh_003724,language_specific_zh,zh,-8.93929672241211
language_specific_zh_007366,language_specific_zh,zh,-0.29635414481163025
language_specific_zh_007661,language_specific_zh,zh,-4.3910627365112305
language_specific_zh_002263,language_specific_zh,zh,-19.349903106689453
language_specific_zh_002845,language_specific_zh,zh,-0.0007500219508074224
language_specific_zh_005755,language_specific_zh,zh,-2.6600325107574463
language_specific_zh_006633,language_specific_zh,zh,-20.875011444091797
language_specific_zh_005752,language_specific_zh,zh,-7.391899108886719
language_specific_zh_000426,language_specific_zh,zh,-10.768470764160156
language_specific_zh_004041,language_specific_zh,zh,-7.960657596588135
language_specific_zh_007241,language_specific_zh,zh,-16.87521743774414
language_specific_zh_001786,language_specific_zh,zh,-4.0811076164245605
language_specific_zh_003853,language_specific_zh,zh,-17.25146484375
language_specific_zh_004323,language_specific_zh,zh,-0.05796493589878082
language_specific_zh_005967,language_specific_zh,zh,-21.84110450744629
language_specific_zh_006528,language_specific_zh,zh,-11.027856826782227
language_specific_zh_003023,language_specific_zh,zh,-23.13371467590332
language_specific_zh_005064,language_specific_zh,zh,-8.881224632263184
language_specific_zh_004872,language_specific_zh,zh,-0.8914443254470825
language_specific_zh_005013,language_specific_zh,zh,-9.904512405395508
language_specific_zh_005768,language_specific_zh,zh,-0.11911538243293762
language_specific_zh_005917,language_specific_zh,zh,-9.715350151062012
language_specific_zh_006566,language_specific_zh,zh,-1.3204970359802246
language_specific_zh_000728,language_specific_zh,zh,-1.388241171836853
language_specific_zh_003871,language_specific_zh,zh,-8.696883201599121
language_specific_zh_006199,language_specific_zh,zh,-3.490945339202881
language_specific_zh_000861,language_specific_zh,zh,-1.665057897567749
language_specific_zh_006489,language_specific_zh,zh,-5.0134429931640625
language_specific_zh_002292,language_specific_zh,zh,-9.874214172363281
language_specific_zh_004042,language_specific_zh,zh,-2.5468215942382812
language_specific_zh_002104,language_specific_zh,zh,-5.119558334350586
language_specific_zh_002151,language_specific_zh,zh,-9.794520378112793
language_specific_zh_004423,language_specific_zh,zh,-8.385831832885742
language_specific_zh_000332,language_specific_zh,zh,-10.638033866882324
language_specific_zh_003017,language_specific_zh,zh,-6.973081588745117
language_specific_zh_007640,language_specific_zh,zh,-6.7505340576171875
language_specific_zh_000319,language_specific_zh,zh,-8.006989479064941
language_specific_zh_002262,language_specific_zh,zh,-5.958947658538818
language_specific_zh_004983,language_specific_zh,zh,-7.165701389312744
language_specific_zh_004988,language_specific_zh,zh,-0.002478789072483778
language_specific_zh_003709,language_specific_zh,zh,-0.8490582704544067
language_specific_zh_002605,language_specific_zh,zh,-3.001131534576416
language_specific_zh_000306,language_specific_zh,zh,-6.013718128204346
language_specific_zh_002425,language_specific_zh,zh,-0.488136351108551
language_specific_zh_004061,language_specific_zh,zh,-13.62368392944336
language_specific_zh_007754,language_specific_zh,zh,-7.987758636474609
language_specific_zh_001159,language_specific_zh,zh,-12.003482818603516
language_specific_zh_006702,language_specific_zh,zh,-20.668170928955078
language_specific_zh_001228,language_specific_zh,zh,-1.1310880184173584
language_specific_zh_002935,language_specific_zh,zh,-6.073740005493164
language_specific_zh_000288,language_specific_zh,zh,-8.488533020019531
language_specific_zh_000842,language_specific_zh,zh,-0.8786066174507141
language_specific_zh_002234,language_specific_zh,zh,-8.716205596923828
language_specific_zh_005238,language_specific_zh,zh,-10.089496612548828
language_specific_zh_004857,language_specific_zh,zh,-2.1249592304229736
language_specific_zh_006534,language_specific_zh,zh,-7.300475120544434
language_specific_zh_001354,language_specific_zh,zh,-2.8659658432006836
language_specific_zh_002195,language_specific_zh,zh,-6.924995422363281
language_specific_zh_002657,language_specific_zh,zh,-4.799570083618164
language_specific_zh_002956,language_specific_zh,zh,-7.980106353759766
language_specific_zh_003527,language_specific_zh,zh,-8.27763557434082
language_specific_zh_000130,language_specific_zh,zh,-8.716629028320312
language_specific_zh_001136,language_specific_zh,zh,-8.510665893554688
language_specific_zh_001247,language_specific_zh,zh,-2.4277944564819336
language_specific_zh_003470,language_specific_zh,zh,-7.258016109466553
language_specific_zh_004841,language_specific_zh,zh,-2.9996066093444824
language_specific_zh_000098,language_specific_zh,zh,-13.481817245483398
language_specific_zh_001567,language_specific_zh,zh,-10.293403625488281
language_specific_zh_005070,language_specific_zh,zh,-5.89661169052124
language_specific_zh_005109,language_specific_zh,zh,-2.9336624145507812
language_specific_zh_005122,language_specific_zh,zh,-3.53389048576355
language_specific_zh_005835,language_specific_zh,zh,-3.145099639892578
language_specific_zh_007735,language_specific_zh,zh,-5.758759498596191
language_specific_zh_003774,language_specific_zh,zh,-12.348411560058594
language_specific_zh_006485,language_specific_zh,zh,-1.7921605110168457
language_specific_zh_007216,language_specific_zh,zh,-5.489324569702148
language_specific_zh_000234,language_specific_zh,zh,-7.55600643157959
language_specific_zh_001646,language_specific_zh,zh,-2.8008453845977783
language_specific_zh_003006,language_specific_zh,zh,-6.0987548828125
language_specific_zh_003060,language_specific_zh,zh,-4.3039937019348145
language_specific_zh_003607,language_specific_zh,zh,-3.052672863006592
language_specific_zh_003901,language_specific_zh,zh,-5.287383079528809
language_specific_zh_006711,language_specific_zh,zh,-8.67466926574707
language_specific_zh_000045,language_specific_zh,zh,-20.156814575195312
language_specific_zh_003409,language_specific_zh,zh,-4.315030097961426
language_specific_zh_004281,language_specific_zh,zh,-6.698819160461426
language_specific_zh_005149,language_specific_zh,zh,-3.665508270263672
language_specific_zh_007270,language_specific_zh,zh,-6.322831153869629
language_specific_zh_001118,language_specific_zh,zh,-3.92691969871521
language_specific_zh_005249,language_specific_zh,zh,-3.1218738555908203
language_specific_zh_006425,language_specific_zh,zh,-17.431930541992188
language_specific_zh_000466,language_specific_zh,zh,-6.141319274902344
language_specific_zh_001111,language_specific_zh,zh,-3.6343884468078613
language_specific_zh_001892,language_specific_zh,zh,-3.96175217628479
language_specific_zh_003218,language_specific_zh,zh,-5.868973731994629
language_specific_zh_003363,language_specific_zh,zh,-7.278254508972168
language_specific_zh_005325,language_specific_zh,zh,-8.840028762817383
language_specific_zh_006419,language_specific_zh,zh,-6.503848552703857
language_specific_zh_006518,language_specific_zh,zh,-5.947028160095215
language_specific_zh_001634,language_specific_zh,zh,-3.8455750942230225
language_specific_zh_003229,language_specific_zh,zh,-3.6971569061279297
language_specific_zh_003300,language_specific_zh,zh,-7.643233776092529
language_specific_zh_003457,language_specific_zh,zh,-4.337926864624023
language_specific_zh_001363,language_specific_zh,zh,-4.715533256530762
language_specific_zh_001485,language_specific_zh,zh,-6.977870941162109
language_specific_zh_003472,language_specific_zh,zh,-7.003932476043701
language_specific_zh_004906,language_specific_zh,zh,-9.36002254486084
language_specific_zh_006747,language_specific_zh,zh,-7.03779411315918
language_specific_zh_006884,language_specific_zh,zh,-13.282322883605957
language_specific_zh_001190,language_specific_zh,zh,-10.080656051635742
language_specific_zh_001276,language_specific_zh,zh,-7.96075963973999
language_specific_zh_001585,language_specific_zh,zh,-13.198296546936035
language_specific_zh_004318,language_specific_zh,zh,-13.227884292602539
language_specific_zh_007294,language_specific_zh,zh,-9.444348335266113
language_specific_zh_007466,language_specific_zh,zh,-1.9196209907531738
language_specific_zh_007701,language_specific_zh,zh,-7.459207534790039
language_specific_zh_002261,language_specific_zh,zh,-12.612472534179688
language_specific_zh_002336,language_specific_zh,zh,-9.951263427734375
language_specific_zh_002785,language_specific_zh,zh,-4.614204406738281
language_specific_zh_003044,language_specific_zh,zh,-10.354837417602539
language_specific_zh_003479,language_specific_zh,zh,-10.12464714050293
language_specific_zh_004011,language_specific_zh,zh,-14.366077423095703
language_specific_zh_006957,language_specific_zh,zh,-6.006796360015869
language_specific_zh_000409,language_specific_zh,zh,-4.01701021194458
language_specific_zh_001124,language_specific_zh,zh,-3.5750834941864014
language_specific_zh_001430,language_specific_zh,zh,-13.74616813659668
language_specific_zh_001479,language_specific_zh,zh,-8.642606735229492
language_specific_zh_001768,language_specific_zh,zh,-7.763198375701904
language_specific_zh_005335,language_specific_zh,zh,-4.637937068939209
language_specific_zh_007933,language_specific_zh,zh,-7.095549583435059
language_specific_zh_000832,language_specific_zh,zh,-6.018741130828857
language_specific_zh_001407,language_specific_zh,zh,-5.82955265045166
language_specific_zh_003528,language_specific_zh,zh,-11.958020210266113
language_specific_zh_004312,language_specific_zh,zh,-13.185075759887695
language_specific_zh_006006,language_specific_zh,zh,-5.872701644897461
language_specific_zh_000713,language_specific_zh,zh,-2.4509966373443604
language_specific_zh_001638,language_specific_zh,zh,-3.6589088439941406
language_specific_zh_003661,language_specific_zh,zh,-3.3847544193267822
language_specific_zh_005702,language_specific_zh,zh,-3.062056064605713
language_specific_zh_006151,language_specific_zh,zh,-14.754388809204102
language_specific_zh_006352,language_specific_zh,zh,-11.472064971923828
language_specific_zh_006901,language_specific_zh,zh,-7.465463161468506
language_specific_zh_000638,language_specific_zh,zh,-12.059873580932617
language_specific_zh_001139,language_specific_zh,zh,-7.561147212982178
language_specific_zh_001436,language_specific_zh,zh,-13.810564041137695
language_specific_zh_002715,language_specific_zh,zh,-3.49273943901062
language_specific_zh_002882,language_specific_zh,zh,-6.258242130279541
language_specific_zh_002955,language_specific_zh,zh,-5.8251824378967285
language_specific_zh_003182,language_specific_zh,zh,-4.826106548309326
language_specific_zh_003354,language_specific_zh,zh,-0.445634126663208
language_specific_zh_003721,language_specific_zh,zh,-12.475354194641113
language_specific_zh_004241,language_specific_zh,zh,-8.106132507324219
language_specific_zh_004320,language_specific_zh,zh,-5.0250563621521
language_specific_zh_004534,language_specific_zh,zh,-6.389352798461914
language_specific_zh_005592,language_specific_zh,zh,-9.513856887817383
language_specific_zh_005826,language_specific_zh,zh,-13.244197845458984
language_specific_zh_006717,language_specific_zh,zh,-12.632475852966309
language_specific_zh_000240,language_specific_zh,zh,-7.216109752655029
language_specific_zh_000619,language_specific_zh,zh,-0.012326475232839584
language_specific_zh_002625,language_specific_zh,zh,-9.879032135009766
language_specific_zh_002756,language_specific_zh,zh,-6.902918338775635
language_specific_zh_003010,language_specific_zh,zh,-17.871814727783203
language_specific_zh_003127,language_specific_zh,zh,-7.675761699676514
language_specific_zh_004035,language_specific_zh,zh,-5.518768310546875
language_specific_zh_004538,language_specific_zh,zh,-7.942866325378418
language_specific_zh_005572,language_specific_zh,zh,-9.852252006530762
language_specific_zh_006380,language_specific_zh,zh,-15.314536094665527
language_specific_zh_007103,language_specific_zh,zh,-7.926560878753662
language_specific_zh_007829,language_specific_zh,zh,-10.77712345123291
language_specific_zh_001995,language_specific_zh,zh,-3.5986757278442383
language_specific_zh_002877,language_specific_zh,zh,-12.022748947143555
language_specific_zh_002997,language_specific_zh,zh,-7.392001628875732
language_specific_zh_003798,language_specific_zh,zh,-5.367605209350586
language_specific_zh_005749,language_specific_zh,zh,-10.066715240478516
language_specific_zh_000157,language_specific_zh,zh,-3.043440103530884
language_specific_zh_000999,language_specific_zh,zh,-7.875524520874023
language_specific_zh_002577,language_specific_zh,zh,-4.475941181182861
language_specific_zh_002650,language_specific_zh,zh,-10.023432731628418
language_specific_zh_002989,language_specific_zh,zh,-10.440141677856445
language_specific_zh_003405,language_specific_zh,zh,-2.783991813659668
language_specific_zh_003809,language_specific_zh,zh,-0.8262057900428772
language_specific_zh_004925,language_specific_zh,zh,-16.206932067871094
language_specific_zh_005053,language_specific_zh,zh,-0.05554797127842903
language_specific_zh_005366,language_specific_zh,zh,-7.611274719238281
language_specific_zh_000714,language_specific_zh,zh,-8.503851890563965
language_specific_zh_002139,language_specific_zh,zh,-2.791731595993042
language_specific_zh_002582,language_specific_zh,zh,-0.00031919151660986245
language_specific_zh_002999,language_specific_zh,zh,-5.120565414428711
language_specific_zh_003522,language_specific_zh,zh,-1.4311413764953613
language_specific_zh_003813,language_specific_zh,zh,-2.724086284637451
language_specific_zh_003822,language_specific_zh,zh,-4.3361310958862305
language_specific_zh_005477,language_specific_zh,zh,-11.818388938903809
language_specific_zh_006500,language_specific_zh,zh,-8.851363182067871
language_specific_zh_006671,language_specific_zh,zh,-7.397986888885498
language_specific_zh_006677,language_specific_zh,zh,-3.282651901245117
language_specific_zh_000591,language_specific_zh,zh,-3.986358642578125
language_specific_zh_000891,language_specific_zh,zh,-4.5686845779418945
language_specific_zh_007242,language_specific_zh,zh,-1.502302646636963
language_specific_zh_007535,language_specific_zh,zh,-6.05621337890625
language_specific_zh_000154,language_specific_zh,zh,-9.907299041748047
language_specific_zh_001401,language_specific_zh,zh,-4.191827774047852
language_specific_zh_003183,language_specific_zh,zh,-7.502757549285889
language_specific_zh_003662,language_specific_zh,zh,-10.887165069580078
language_specific_zh_001654,language_specific_zh,zh,-1.9199423789978027
language_specific_zh_002590,language_specific_zh,zh,-8.376168251037598
language_specific_zh_002948,language_specific_zh,zh,-12.948026657104492
language_specific_zh_007206,language_specific_zh,zh,-1.3530712127685547
language_specific_zh_006971,language_specific_zh,zh,-14.065078735351562
language_specific_zh_006125,language_specific_zh,zh,-0.00862917210906744
language_specific_zh_001237,language_specific_zh,zh,-3.935598373413086
language_specific_zh_005668,language_specific_zh,zh,-0.21841973066329956
language_specific_zh_005881,language_specific_zh,zh,-4.034797668457031
language_specific_zh_004237,language_specific_zh,zh,-9.351572036743164
language_specific_zh_004431,language_specific_zh,zh,-7.222064018249512
language_specific_zh_006267,language_specific_zh,zh,-10.476881980895996
language_specific_zh_004287,language_specific_zh,zh,-10.808502197265625
language_specific_zh_006619,language_specific_zh,zh,-1.940611481666565
language_specific_zh_002994,language_specific_zh,zh,-7.516952991485596
language_specific_zh_006143,language_specific_zh,zh,-0.574650228023529
language_specific_zh_001848,language_specific_zh,zh,-0.03272241726517677
language_specific_zh_005417,language_specific_zh,zh,-2.078007221221924
language_specific_zh_003898,language_specific_zh,zh,-9.23565673828125
language_specific_zh_007726,language_specific_zh,zh,-6.254220008850098
language_specific_zh_002258,language_specific_zh,zh,-9.321393013000488
language_specific_zh_002260,language_specific_zh,zh,-0.6363260746002197
language_specific_zh_004629,language_specific_zh,zh,-4.094848155975342
language_specific_zh_006708,language_specific_zh,zh,-0.8414453268051147
language_specific_zh_001767,language_specific_zh,zh,-7.493326187133789
language_specific_zh_002816,language_specific_zh,zh,-5.0989766120910645
language_specific_zh_000736,language_specific_zh,zh,-1.800497055053711
language_specific_zh_005667,language_specific_zh,zh,-0.9405009746551514
language_specific_zh_004749,language_specific_zh,zh,-1.1948962211608887
language_specific_zh_005944,language_specific_zh,zh,-12.253854751586914
language_specific_zh_007084,language_specific_zh,zh,-2.8529815673828125
language_specific_zh_006126,language_specific_zh,zh,-10.097749710083008
language_specific_zh_006507,language_specific_zh,zh,-8.609524726867676
language_specific_zh_004096,language_specific_zh,zh,-0.5365699529647827
language_specific_zh_004825,language_specific_zh,zh,-2.8485374450683594
language_specific_zh_000192,language_specific_zh,zh,-18.096221923828125
language_specific_zh_007861,language_specific_zh,zh,-0.597216784954071
language_specific_zh_002617,language_specific_zh,zh,-0.014768676832318306
language_specific_zh_006723,language_specific_zh,zh,-2.284604787826538
language_specific_zh_001278,language_specific_zh,zh,-0.7958964705467224
language_specific_zh_001774,language_specific_zh,zh,-0.13447153568267822
language_specific_zh_003976,language_specific_zh,zh,-5.594670295715332
language_specific_zh_006618,language_specific_zh,zh,-9.625829696655273
language_specific_zh_000118,language_specific_zh,zh,-26.267831802368164
language_specific_zh_000459,language_specific_zh,zh,-3.7898669242858887
language_specific_zh_004928,language_specific_zh,zh,-12.007098197937012
language_specific_zh_005466,language_specific_zh,zh,-5.974341869354248
language_specific_zh_003953,language_specific_zh,zh,-9.191641807556152
language_specific_zh_003880,language_specific_zh,zh,-5.438234329223633
language_specific_zh_005383,language_specific_zh,zh,-2.3222334384918213
language_specific_zh_005489,language_specific_zh,zh,-15.288435935974121
language_specific_zh_004992,language_specific_zh,zh,-9.444169998168945
language_specific_zh_005033,language_specific_zh,zh,-3.3305821418762207
language_specific_zh_002844,language_specific_zh,zh,-7.597682952880859
language_specific_zh_002584,language_specific_zh,zh,-7.657111167907715
language_specific_zh_004714,language_specific_zh,zh,-20.220224380493164
language_specific_zh_004633,language_specific_zh,zh,-7.27159309387207
language_specific_zh_004088,language_specific_zh,zh,-8.556588172912598
language_specific_zh_002626,language_specific_zh,zh,-10.625699043273926
language_specific_zh_002346,language_specific_zh,zh,-8.619853973388672
language_specific_zh_007908,language_specific_zh,zh,-9.475334167480469
language_specific_zh_000063,language_specific_zh,zh,-3.8180153369903564
language_specific_zh_004817,language_specific_zh,zh,-10.14237117767334
language_specific_zh_005656,language_specific_zh,zh,-16.11916160583496
language_specific_zh_006970,language_specific_zh,zh,-14.88226318359375
language_specific_zh_007128,language_specific_zh,zh,-6.335078239440918
language_specific_zh_004716,language_specific_zh,zh,-3.4457621574401855
language_specific_zh_002991,language_specific_zh,zh,-6.236705303192139
language_specific_zh_004628,language_specific_zh,zh,-9.299389839172363
language_specific_zh_002453,language_specific_zh,zh,-7.465526580810547
language_specific_zh_001273,language_specific_zh,zh,-10.123818397521973
language_specific_zh_005590,language_specific_zh,zh,-0.770163893699646
language_specific_zh_000246,language_specific_zh,zh,-7.186931133270264
language_specific_zh_004626,language_specific_zh,zh,-9.256706237792969
language_specific_zh_000496,language_specific_zh,zh,-5.800829887390137
language_specific_zh_005645,language_specific_zh,zh,-7.343266487121582
language_specific_zh_000456,language_specific_zh,zh,-8.403560638427734
language_specific_zh_002779,language_specific_zh,zh,-9.004141807556152
language_specific_zh_001944,language_specific_zh,zh,-8.882194519042969
language_specific_zh_004693,language_specific_zh,zh,-8.802026748657227
language_specific_zh_004863,language_specific_zh,zh,-9.60296630859375
language_specific_zh_004545,language_specific_zh,zh,-8.208403587341309
language_specific_zh_000741,language_specific_zh,zh,-8.951106071472168
language_specific_zh_002081,language_specific_zh,zh,-5.407907009124756
language_specific_zh_004130,language_specific_zh,zh,-0.512791633605957
language_specific_zh_002889,language_specific_zh,zh,-10.649611473083496
language_specific_zh_002599,language_specific_zh,zh,-6.044742584228516
language_specific_zh_002890,language_specific_zh,zh,-2.50803542137146
language_specific_zh_005974,language_specific_zh,zh,-8.645480155944824
language_specific_zh_001532,language_specific_zh,zh,-4.70646858215332
language_specific_zh_000918,language_specific_zh,zh,-7.390692710876465
language_specific_zh_000404,language_specific_zh,zh,-9.657866477966309
language_specific_zh_007299,language_specific_zh,zh,-6.378018856048584
language_specific_zh_000099,language_specific_zh,zh,-6.784450054168701
language_specific_zh_000166,language_specific_zh,zh,-7.096261501312256
language_specific_zh_007675,language_specific_zh,zh,-9.665644645690918
language_specific_zh_003986,language_specific_zh,zh,-8.973430633544922
language_specific_zh_005142,language_specific_zh,zh,-6.432628631591797
language_specific_zh_003896,language_specific_zh,zh,-7.9951372146606445
language_specific_zh_000102,language_specific_zh,zh,-7.600208759307861
language_specific_zh_000597,language_specific_zh,zh,-10.385275840759277
language_specific_zh_001016,language_specific_zh,zh,-6.893257141113281
language_specific_zh_001400,language_specific_zh,zh,-5.262526988983154
language_specific_zh_006099,language_specific_zh,zh,-7.3034257888793945
language_specific_zh_000156,language_specific_zh,zh,-5.912431716918945
language_specific_zh_001203,language_specific_zh,zh,-15.759977340698242
language_specific_zh_003133,language_specific_zh,zh,-8.99152660369873
language_specific_zh_003674,language_specific_zh,zh,-3.4297738075256348
language_specific_zh_000254,language_specific_zh,zh,-6.9515204429626465
language_specific_zh_003135,language_specific_zh,zh,-11.566784858703613
language_specific_zh_006354,language_specific_zh,zh,-10.659509658813477
language_specific_zh_003474,language_specific_zh,zh,-11.554417610168457
language_specific_zh_003509,language_specific_zh,zh,-9.27567195892334
language_specific_zh_000934,language_specific_zh,zh,-5.917045593261719
language_specific_zh_006855,language_specific_zh,zh,-1.2649544477462769
language_specific_zh_005838,language_specific_zh,zh,-9.411818504333496
language_specific_zh_001419,language_specific_zh,zh,-5.901805400848389
language_specific_zh_001676,language_specific_zh,zh,-6.466750144958496
language_specific_zh_000478,language_specific_zh,zh,-5.950927734375
language_specific_zh_003332,language_specific_zh,zh,-8.159355163574219
language_specific_zh_001144,language_specific_zh,zh,-8.259482383728027
language_specific_zh_007295,language_specific_zh,zh,-9.65260124206543
language_specific_zh_000592,language_specific_zh,zh,-10.622865676879883
language_specific_zh_001023,language_specific_zh,zh,-10.4213285446167
language_specific_zh_000481,language_specific_zh,zh,-6.053365707397461
language_specific_zh_001298,language_specific_zh,zh,-11.096972465515137
language_specific_zh_002246,language_specific_zh,zh,-8.031403541564941
language_specific_zh_002651,language_specific_zh,zh,-5.048745632171631
language_specific_zh_004344,language_specific_zh,zh,-4.932828903198242
language_specific_zh_001317,language_specific_zh,zh,-3.2971785068511963
language_specific_zh_004152,language_specific_zh,zh,-12.152462005615234
language_specific_zh_003793,language_specific_zh,zh,-8.181014060974121
language_specific_zh_001935,language_specific_zh,zh,-6.3616719245910645
language_specific_zh_000339,language_specific_zh,zh,-5.663059234619141
language_specific_zh_004016,language_specific_zh,zh,-4.13803243637085
language_specific_zh_005460,language_specific_zh,zh,-0.4148251712322235
language_specific_zh_005692,language_specific_zh,zh,-8.947089195251465
language_specific_zh_000422,language_specific_zh,zh,-3.4450902938842773
language_specific_zh_001064,language_specific_zh,zh,-6.883727550506592
language_specific_zh_002800,language_specific_zh,zh,-5.714711666107178
language_specific_zh_003094,language_specific_zh,zh,-10.216571807861328
language_specific_zh_003109,language_specific_zh,zh,-8.144116401672363
language_specific_zh_004751,language_specific_zh,zh,-1.5249227285385132
language_specific_zh_005055,language_specific_zh,zh,-11.556768417358398
language_specific_zh_005196,language_specific_zh,zh,-9.752973556518555
language_specific_zh_006438,language_specific_zh,zh,-8.525760650634766
language_specific_zh_006564,language_specific_zh,zh,-6.8128767013549805
language_specific_zh_007925,language_specific_zh,zh,-5.966722011566162
language_specific_zh_002108,language_specific_zh,zh,-0.6458541750907898
language_specific_zh_004362,language_specific_zh,zh,-7.1253814697265625
language_specific_zh_004560,language_specific_zh,zh,-13.949995994567871
language_specific_zh_005753,language_specific_zh,zh,-12.38309097290039
language_specific_zh_002372,language_specific_zh,zh,-11.311948776245117
language_specific_zh_003097,language_specific_zh,zh,-2.3630900382995605
language_specific_zh_004166,language_specific_zh,zh,-2.6412465572357178
language_specific_zh_006041,language_specific_zh,zh,-1.919309377670288
language_specific_zh_006610,language_specific_zh,zh,-8.56218147277832
language_specific_zh_001272,language_specific_zh,zh,-8.332364082336426
language_specific_zh_001863,language_specific_zh,zh,-2.8133201599121094
language_specific_zh_002223,language_specific_zh,zh,-22.04571533203125
language_specific_zh_003082,language_specific_zh,zh,-11.41211223602295
language_specific_zh_003974,language_specific_zh,zh,-6.252080917358398
language_specific_zh_004172,language_specific_zh,zh,-7.529811382293701
language_specific_zh_006938,language_specific_zh,zh,-12.743792533874512
language_specific_zh_000441,language_specific_zh,zh,-0.029600439593195915
language_specific_zh_001668,language_specific_zh,zh,-12.409128189086914
language_specific_zh_002060,language_specific_zh,zh,-7.711228370666504
language_specific_zh_002394,language_specific_zh,zh,-9.435853958129883
language_specific_zh_002944,language_specific_zh,zh,-3.95505952835083
language_specific_zh_004735,language_specific_zh,zh,-0.6664050817489624
language_specific_zh_004813,language_specific_zh,zh,-10.399422645568848
language_specific_zh_005504,language_specific_zh,zh,-13.500110626220703
language_specific_zh_005994,language_specific_zh,zh,-1.6520090103149414
language_specific_zh_006601,language_specific_zh,zh,-11.01000690460205
language_specific_zh_000366,language_specific_zh,zh,-9.851214408874512
language_specific_zh_000614,language_specific_zh,zh,-3.7239067554473877
language_specific_zh_001655,language_specific_zh,zh,-11.341612815856934
language_specific_zh_005100,language_specific_zh,zh,-8.008125305175781
language_specific_zh_005773,language_specific_zh,zh,-2.5448358058929443
language_specific_zh_001915,language_specific_zh,zh,-0.06810566037893295
language_specific_zh_006229,language_specific_zh,zh,-8.209532737731934
language_specific_zh_006401,language_specific_zh,zh,-1.1065177917480469
language_specific_zh_000414,language_specific_zh,zh,-12.346891403198242
language_specific_zh_001160,language_specific_zh,zh,-0.7462909817695618
language_specific_zh_001506,language_specific_zh,zh,-6.682621002197266
language_specific_zh_001984,language_specific_zh,zh,-6.85301399230957
language_specific_zh_005734,language_specific_zh,zh,-10.358264923095703
language_specific_zh_007484,language_specific_zh,zh,-2.9694442749023438
language_specific_zh_000175,language_specific_zh,zh,-7.75274658203125
language_specific_zh_002395,language_specific_zh,zh,-6.505850315093994
language_specific_zh_004990,language_specific_zh,zh,-4.025362014770508
language_specific_zh_007185,language_specific_zh,zh,-9.71768569946289
language_specific_zh_007579,language_specific_zh,zh,-13.562105178833008
language_specific_zh_007685,language_specific_zh,zh,-2.7005605697631836
language_specific_zh_000265,language_specific_zh,zh,-5.7640862464904785
language_specific_zh_000280,language_specific_zh,zh,-0.02469828724861145
language_specific_zh_000378,language_specific_zh,zh,-0.1712273806333542
language_specific_zh_000574,language_specific_zh,zh,-33.53214645385742
language_specific_zh_001825,language_specific_zh,zh,-1.7099864482879639
language_specific_zh_002004,language_specific_zh,zh,-14.66592788696289
language_specific_zh_004094,language_specific_zh,zh,-0.0210055410861969
language_specific_zh_006997,language_specific_zh,zh,-0.33722296357154846
language_specific_zh_000417,language_specific_zh,zh,-11.106779098510742
language_specific_zh_000463,language_specific_zh,zh,-6.516971588134766
language_specific_zh_001835,language_specific_zh,zh,-11.33324909210205
language_specific_zh_002031,language_specific_zh,zh,-15.751209259033203
language_specific_zh_002266,language_specific_zh,zh,-10.39324951171875
language_specific_zh_005451,language_specific_zh,zh,-5.894591331481934
language_specific_zh_005685,language_specific_zh,zh,-8.039718627929688
language_specific_zh_006220,language_specific_zh,zh,-0.07850443571805954
language_specific_zh_006539,language_specific_zh,zh,-19.058002471923828
language_specific_zh_006547,language_specific_zh,zh,-13.011712074279785
language_specific_zh_000411,language_specific_zh,zh,-10.908223152160645
language_specific_zh_002308,language_specific_zh,zh,-4.144174575805664
language_specific_zh_003093,language_specific_zh,zh,-13.828936576843262
language_specific_zh_004971,language_specific_zh,zh,-7.0349836349487305
language_specific_zh_000255,language_specific_zh,zh,-5.171918869018555
language_specific_zh_001667,language_specific_zh,zh,-7.021053314208984
language_specific_zh_002188,language_specific_zh,zh,-5.2064385414123535
language_specific_zh_003936,language_specific_zh,zh,-7.081786155700684
language_specific_zh_003956,language_specific_zh,zh,-18.461732864379883
language_specific_zh_005077,language_specific_zh,zh,-3.613804817199707
language_specific_zh_006223,language_specific_zh,zh,-5.474165916442871
language_specific_zh_006743,language_specific_zh,zh,-11.003500938415527
language_specific_zh_006943,language_specific_zh,zh,-9.41135311126709
language_specific_zh_007667,language_specific_zh,zh,-0.28525570034980774
language_specific_zh_000985,language_specific_zh,zh,-3.348170518875122
language_specific_zh_000252,language_specific_zh,zh,-14.1943359375
language_specific_zh_005824,language_specific_zh,zh,-13.251762390136719
language_specific_zh_006395,language_specific_zh,zh,-6.498894691467285
language_specific_zh_001019,language_specific_zh,zh,-7.937828540802002
language_specific_zh_006665,language_specific_zh,zh,-7.377172946929932
language_specific_zh_000475,language_specific_zh,zh,-17.201133728027344
language_specific_zh_007502,language_specific_zh,zh,-12.115168571472168
language_specific_zh_001014,language_specific_zh,zh,-7.002395153045654
language_specific_zh_002289,language_specific_zh,zh,-6.464064598083496
language_specific_zh_006905,language_specific_zh,zh,-5.897451400756836
language_specific_zh_002542,language_specific_zh,zh,-16.3665828704834
language_specific_zh_004503,language_specific_zh,zh,-7.598287105560303
language_specific_zh_002371,language_specific_zh,zh,-9.243806838989258
language_specific_zh_007139,language_specific_zh,zh,-9.235440254211426
language_specific_zh_003585,language_specific_zh,zh,-4.137442588806152
language_specific_zh_006682,language_specific_zh,zh,-12.348437309265137
language_specific_zh_001149,language_specific_zh,zh,-11.528925895690918
language_specific_zh_003286,language_specific_zh,zh,-7.135392665863037
language_specific_zh_006476,language_specific_zh,zh,-13.765731811523438
language_specific_zh_004136,language_specific_zh,zh,-2.921658515930176
language_specific_zh_005266,language_specific_zh,zh,-12.003079414367676
language_specific_zh_003236,language_specific_zh,zh,-10.04951000213623
language_specific_zh_006774,language_specific_zh,zh,-6.539584636688232
language_specific_zh_005403,language_specific_zh,zh,-6.652819633483887
language_specific_zh_000416,language_specific_zh,zh,-25.90937042236328
language_specific_zh_001580,language_specific_zh,zh,-3.9425313472747803
language_specific_zh_004773,language_specific_zh,zh,-3.645707607269287
language_specific_zh_002388,language_specific_zh,zh,-6.514119625091553
language_specific_zh_003264,language_specific_zh,zh,-8.666023254394531
language_specific_zh_001319,language_specific_zh,zh,-0.6300384998321533
language_specific_zh_003243,language_specific_zh,zh,-6.879218578338623
language_specific_zh_001489,language_specific_zh,zh,-5.985380172729492
language_specific_zh_000982,language_specific_zh,zh,-8.707084655761719
language_specific_zh_004375,language_specific_zh,zh,-7.450763702392578
language_specific_zh_003235,language_specific_zh,zh,-15.702033996582031
language_specific_zh_006538,language_specific_zh,zh,-7.877469539642334
language_specific_zh_000062,language_specific_zh,zh,-8.38099479675293
language_specific_zh_001020,language_specific_zh,zh,-11.854219436645508
language_specific_zh_004229,language_specific_zh,zh,-6.0326361656188965
language_specific_zh_001904,language_specific_zh,zh,-17.728538513183594
language_specific_zh_003575,language_specific_zh,zh,-6.708277702331543
language_specific_zh_002205,language_specific_zh,zh,-10.449895858764648
language_specific_zh_001630,language_specific_zh,zh,-6.026463031768799
language_specific_zh_003590,language_specific_zh,zh,-3.730428695678711
language_specific_zh_003014,language_specific_zh,zh,-6.277093410491943
language_specific_zh_006344,language_specific_zh,zh,-7.614606857299805
language_specific_zh_000321,language_specific_zh,zh,-3.099545478820801
language_specific_zh_000569,language_specific_zh,zh,-8.647150993347168
language_specific_zh_003350,language_specific_zh,zh,-4.831395149230957
language_specific_zh_003631,language_specific_zh,zh,-6.1504669189453125
language_specific_zh_005248,language_specific_zh,zh,-7.552303791046143
language_specific_zh_002722,language_specific_zh,zh,-3.056013345718384
language_specific_zh_003702,language_specific_zh,zh,-2.246323347091675
language_specific_zh_007276,language_specific_zh,zh,-7.268878936767578
language_specific_zh_000710,language_specific_zh,zh,-6.25089168548584
language_specific_zh_005385,language_specific_zh,zh,-3.310882091522217
language_specific_zh_002053,language_specific_zh,zh,-13.875486373901367
language_specific_zh_004449,language_specific_zh,zh,-5.546005725860596
language_specific_zh_007225,language_specific_zh,zh,-10.341270446777344
language_specific_zh_001682,language_specific_zh,zh,-12.559680938720703
language_specific_zh_002057,language_specific_zh,zh,-5.082771301269531
language_specific_zh_004522,language_specific_zh,zh,-5.878260135650635
language_specific_zh_006856,language_specific_zh,zh,-5.464123249053955
language_specific_zh_001029,language_specific_zh,zh,-8.301319122314453
language_specific_zh_004346,language_specific_zh,zh,-4.9343180656433105
language_specific_zh_002747,language_specific_zh,zh,-10.62190055847168
language_specific_zh_003564,language_specific_zh,zh,-6.725358486175537
language_specific_zh_001635,language_specific_zh,zh,-4.636197090148926
language_specific_zh_003664,language_specific_zh,zh,-3.924619674682617
language_specific_zh_000926,language_specific_zh,zh,-6.744662284851074
language_specific_zh_001413,language_specific_zh,zh,-3.9305408000946045
language_specific_zh_002568,language_specific_zh,zh,-8.483345031738281
language_specific_zh_006843,language_specific_zh,zh,-4.872842311859131
language_specific_zh_001628,language_specific_zh,zh,-5.4481682777404785
language_specific_zh_003407,language_specific_zh,zh,-4.802382469177246
language_specific_zh_004448,language_specific_zh,zh,-14.725996971130371
language_specific_zh_001886,language_specific_zh,zh,-6.257143020629883
language_specific_zh_002050,language_specific_zh,zh,-3.9134676456451416
language_specific_zh_003195,language_specific_zh,zh,-13.2900390625
language_specific_zh_005121,language_specific_zh,zh,-8.745383262634277
language_specific_zh_004812,language_specific_zh,zh,-4.583214282989502
language_specific_zh_003922,language_specific_zh,zh,-6.427351474761963
language_specific_zh_005402,language_specific_zh,zh,-12.669903755187988
language_specific_zh_006748,language_specific_zh,zh,-4.928874969482422
language_specific_zh_004590,language_specific_zh,zh,-4.701607704162598
language_specific_zh_007281,language_specific_zh,zh,-8.941346168518066
language_specific_zh_005120,language_specific_zh,zh,-9.139418601989746
language_specific_zh_001077,language_specific_zh,zh,-5.55397367477417
language_specific_zh_004679,language_specific_zh,zh,-9.643467903137207
language_specific_zh_001380,language_specific_zh,zh,-3.80378794670105
language_specific_zh_001662,language_specific_zh,zh,-5.111706256866455
language_specific_zh_003452,language_specific_zh,zh,-8.737924575805664
language_specific_zh_006805,language_specific_zh,zh,-4.64946985244751
language_specific_zh_000578,language_specific_zh,zh,-8.452163696289062
language_specific_zh_002966,language_specific_zh,zh,-6.472933292388916
language_specific_zh_003212,language_specific_zh,zh,-6.235218048095703
language_specific_zh_005935,language_specific_zh,zh,-7.934248447418213
language_specific_zh_000702,language_specific_zh,zh,-5.16534948348999
language_specific_zh_000708,language_specific_zh,zh,-4.751840114593506
language_specific_zh_005117,language_specific_zh,zh,-0.66836017370224
language_specific_zh_007528,language_specific_zh,zh,-5.79559326171875
language_specific_zh_002691,language_specific_zh,zh,-8.389988899230957
language_specific_zh_003301,language_specific_zh,zh,-5.149296760559082
language_specific_zh_003448,language_specific_zh,zh,-9.125819206237793
language_specific_zh_000232,language_specific_zh,zh,-3.213521718978882
language_specific_zh_001758,language_specific_zh,zh,-16.646638870239258
language_specific_zh_000197,language_specific_zh,zh,-7.559576034545898
language_specific_zh_001538,language_specific_zh,zh,-5.746881484985352
language_specific_zh_002838,language_specific_zh,zh,-7.8783416748046875
language_specific_zh_003173,language_specific_zh,zh,-7.513444423675537
language_specific_zh_005119,language_specific_zh,zh,-4.172876834869385
language_specific_zh_003593,language_specific_zh,zh,-7.946568965911865
language_specific_zh_005933,language_specific_zh,zh,-8.296977043151855
language_specific_zh_006472,language_specific_zh,zh,-3.826169490814209
language_specific_zh_004330,language_specific_zh,zh,-5.537357330322266
language_specific_zh_002899,language_specific_zh,zh,-11.055931091308594
language_specific_zh_003157,language_specific_zh,zh,-7.233974456787109
language_specific_zh_003415,language_specific_zh,zh,-7.1347503662109375
language_specific_zh_000388,language_specific_zh,zh,-6.682075023651123
language_specific_zh_001379,language_specific_zh,zh,-2.1718592643737793
language_specific_zh_001763,language_specific_zh,zh,-5.53884220123291
language_specific_zh_002222,language_specific_zh,zh,-11.816154479980469
language_specific_zh_005390,language_specific_zh,zh,-9.50355339050293
language_specific_zh_005908,language_specific_zh,zh,-4.060762882232666
language_specific_zh_006850,language_specific_zh,zh,-4.946829795837402
language_specific_zh_003244,language_specific_zh,zh,-16.440967559814453
language_specific_zh_004670,language_specific_zh,zh,-8.658531188964844
language_specific_zh_006506,language_specific_zh,zh,-5.138474941253662
language_specific_zh_000932,language_specific_zh,zh,-10.845172882080078
language_specific_zh_002416,language_specific_zh,zh,-5.696371078491211
language_specific_zh_002719,language_specific_zh,zh,-9.996540069580078
language_specific_zh_003534,language_specific_zh,zh,-8.097850799560547
language_specific_zh_005230,language_specific_zh,zh,-6.173615455627441
language_specific_zh_006908,language_specific_zh,zh,-5.089972972869873
language_specific_zh_005759,language_specific_zh,zh,-5.480540752410889
language_specific_zh_000210,language_specific_zh,zh,-12.684718132019043
language_specific_zh_001348,language_specific_zh,zh,-6.225891590118408
language_specific_zh_003556,language_specific_zh,zh,-7.380331993103027
language_specific_zh_004595,language_specific_zh,zh,-10.885594367980957
language_specific_zh_003712,language_specific_zh,zh,-5.429825782775879
language_specific_zh_007124,language_specific_zh,zh,-4.527568817138672
language_specific_zh_000670,language_specific_zh,zh,-9.174744606018066
language_specific_ja_000052,language_specific_ja,ja,-3.2112786769866943
language_specific_ja_003432,language_specific_ja,ja,-6.998379707336426
language_specific_ja_001775,language_specific_ja,ja,-15.907482147216797
language_specific_ja_006205,language_specific_ja,ja,-0.8502321243286133
language_specific_ja_002489,language_specific_ja,ja,-6.2766876220703125
language_specific_ja_003038,language_specific_ja,ja,-18.606243133544922
language_specific_ja_000028,language_specific_ja,ja,-8.779121398925781
language_specific_ja_006955,language_specific_ja,ja,-12.862177848815918
language_specific_ja_000836,language_specific_ja,ja,-8.418478012084961
language_specific_ja_000317,language_specific_ja,ja,-11.712692260742188
language_specific_ja_000385,language_specific_ja,ja,-13.065824508666992
language_specific_ja_002088,language_specific_ja,ja,-6.696810722351074
language_specific_ja_003084,language_specific_ja,ja,-1.34999680519104
language_specific_ja_003913,language_specific_ja,ja,-3.706754207611084
language_specific_ja_006743,language_specific_ja,ja,-5.654541969299316
language_specific_ja_000474,language_specific_ja,ja,-11.600759506225586
language_specific_ja_003698,language_specific_ja,ja,-4.700130462646484
language_specific_ja_005829,language_specific_ja,ja,-11.444608688354492
language_specific_ja_002493,language_specific_ja,ja,-4.555202007293701
language_specific_ja_006176,language_specific_ja,ja,-9.669084548950195
language_specific_ja_001633,language_specific_ja,ja,-11.334503173828125
language_specific_ja_000244,language_specific_ja,ja,-15.179841995239258
language_specific_ja_005339,language_specific_ja,ja,-9.558005332946777
language_specific_ja_001210,language_specific_ja,ja,-7.6934404373168945
language_specific_ja_000802,language_specific_ja,ja,-5.668354034423828
language_specific_ja_005523,language_specific_ja,ja,-7.373137474060059
language_specific_ja_007613,language_specific_ja,ja,-5.128149032592773
language_specific_ja_005562,language_specific_ja,ja,-8.185494422912598
language_specific_ja_002370,language_specific_ja,ja,-10.60020923614502
language_specific_ja_005319,language_specific_ja,ja,-8.6981840133667
language_specific_ja_005148,language_specific_ja,ja,-9.577489852905273
language_specific_ja_001174,language_specific_ja,ja,-12.5964994430542
language_specific_ja_002961,language_specific_ja,ja,-4.419450283050537
language_specific_ja_005037,language_specific_ja,ja,-13.500617027282715
language_specific_ja_003891,language_specific_ja,ja,-4.244247913360596
language_specific_ja_005647,language_specific_ja,ja,-5.794755458831787
language_specific_ja_005854,language_specific_ja,ja,-6.187588691711426
language_specific_ja_000020,language_specific_ja,ja,-5.288328170776367
language_specific_ja_001154,language_specific_ja,ja,-14.25366497039795
language_specific_ja_003379,language_specific_ja,ja,-6.576249122619629
language_specific_ja_007449,language_specific_ja,ja,-10.898725509643555
language_specific_ja_002622,language_specific_ja,ja,-13.163385391235352
language_specific_ja_005315,language_specific_ja,ja,-7.145939350128174
language_specific_ja_007101,language_specific_ja,ja,-5.374101638793945
language_specific_ja_004455,language_specific_ja,ja,-4.695727825164795
language_specific_ja_005572,language_specific_ja,ja,-9.102928161621094
language_specific_ja_002376,language_specific_ja,ja,-2.3258965015411377
language_specific_ja_004377,language_specific_ja,ja,-4.134925842285156
language_specific_ja_005549,language_specific_ja,ja,-11.211874961853027
language_specific_ja_002645,language_specific_ja,ja,-3.7079851627349854
language_specific_ja_000064,language_specific_ja,ja,-7.720594882965088
language_specific_ja_005594,language_specific_ja,ja,-8.017000198364258
language_specific_ja_000066,language_specific_ja,ja,-10.955138206481934
language_specific_ja_001237,language_specific_ja,ja,-8.141753196716309
language_specific_ja_001565,language_specific_ja,ja,-3.465878963470459
language_specific_ja_001243,language_specific_ja,ja,-5.23240327835083
language_specific_ja_002387,language_specific_ja,ja,-17.613344192504883
language_specific_ja_000440,language_specific_ja,ja,-4.678743839263916
language_specific_ja_002061,language_specific_ja,ja,-1.0054482221603394
language_specific_ja_002044,language_specific_ja,ja,-2.4382762908935547
language_specific_ja_001976,language_specific_ja,ja,-9.405681610107422
language_specific_ja_005222,language_specific_ja,ja,-8.150641441345215
language_specific_ja_000483,language_specific_ja,ja,-4.413071632385254
language_specific_ja_000698,language_specific_ja,ja,-4.74600887298584
language_specific_ja_004351,language_specific_ja,ja,-1.4747462272644043
language_specific_ja_000890,language_specific_ja,ja,-3.5125820636749268
language_specific_ja_004593,language_specific_ja,ja,-2.6201000213623047
language_specific_ja_006063,language_specific_ja,ja,-4.197915077209473
language_specific_ja_001003,language_specific_ja,ja,-5.377960681915283
language_specific_ja_006880,language_specific_ja,ja,-5.295196533203125
language_specific_ja_001387,language_specific_ja,ja,-2.616586208343506
language_specific_ja_003241,language_specific_ja,ja,-0.4201553761959076
language_specific_ja_004044,language_specific_ja,ja,-3.9934394359588623
language_specific_ja_005477,language_specific_ja,ja,-6.255826473236084
language_specific_ja_003461,language_specific_ja,ja,-4.235774993896484
language_specific_ja_000889,language_specific_ja,ja,-7.94553279876709
language_specific_ja_001046,language_specific_ja,ja,-6.04636812210083
language_specific_ja_005129,language_specific_ja,ja,-8.95592975616455
language_specific_ja_003796,language_specific_ja,ja,-4.45420503616333
language_specific_ja_005293,language_specific_ja,ja,-5.881549835205078
language_specific_ja_002132,language_specific_ja,ja,-6.64645528793335
language_specific_ja_005614,language_specific_ja,ja,-8.513486862182617
language_specific_ja_005893,language_specific_ja,ja,-6.2549004554748535
language_specific_ja_002269,language_specific_ja,ja,-9.755765914916992
language_specific_ja_005986,language_specific_ja,ja,-8.193008422851562
language_specific_ja_003914,language_specific_ja,ja,-14.084064483642578
language_specific_ja_002792,language_specific_ja,ja,-14.989997863769531
language_specific_ja_000893,language_specific_ja,ja,-5.909495830535889
language_specific_ja_002177,language_specific_ja,ja,-14.406670570373535
language_specific_ja_002835,language_specific_ja,ja,-0.7254604697227478
language_specific_ja_006067,language_specific_ja,ja,-3.6491005420684814
language_specific_ja_000930,language_specific_ja,ja,-7.474765777587891
language_specific_ja_000669,language_specific_ja,ja,-7.124972343444824
language_specific_ja_003852,language_specific_ja,ja,-14.162775039672852
language_specific_ja_004604,language_specific_ja,ja,-2.8420679569244385
language_specific_ja_002169,language_specific_ja,ja,-15.529473304748535
language_specific_ja_001099,language_specific_ja,ja,-4.995038986206055
language_specific_ja_002935,language_specific_ja,ja,-1.8364194631576538
language_specific_ja_004382,language_specific_ja,ja,-4.133383750915527
language_specific_ja_004088,language_specific_ja,ja,-13.15722942352295
language_specific_ja_000433,language_specific_ja,ja,-7.9755353927612305
language_specific_ja_000612,language_specific_ja,ja,-4.660804271697998
language_specific_ja_001069,language_specific_ja,ja,-9.81768798828125
language_specific_ja_001467,language_specific_ja,ja,-5.212014198303223
language_specific_ja_002953,language_specific_ja,ja,-14.288290977478027
language_specific_ja_003561,language_specific_ja,ja,-1.7831553220748901
language_specific_ja_004408,language_specific_ja,ja,-14.50610637664795
language_specific_ja_004806,language_specific_ja,ja,-2.9321062564849854
language_specific_ja_004916,language_specific_ja,ja,-6.102812767028809
language_specific_ja_004984,language_specific_ja,ja,-6.9649577140808105
language_specific_ja_005463,language_specific_ja,ja,-1.8382537364959717
language_specific_ja_005513,language_specific_ja,ja,-20.115819931030273
language_specific_ja_005548,language_specific_ja,ja,-0.9180997610092163
language_specific_ja_006780,language_specific_ja,ja,-9.598516464233398
language_specific_ja_007123,language_specific_ja,ja,-2.2063674926757812
language_specific_ja_000068,language_specific_ja,ja,-17.395565032958984
language_specific_ja_000169,language_specific_ja,ja,-10.255995750427246
language_specific_ja_000174,language_specific_ja,ja,-4.628606796264648
language_specific_ja_001309,language_specific_ja,ja,-4.558732509613037
language_specific_ja_002142,language_specific_ja,ja,-1.7997499704360962
language_specific_ja_002292,language_specific_ja,ja,-8.8939847946167
language_specific_ja_002628,language_specific_ja,ja,-5.2660698890686035
language_specific_ja_002738,language_specific_ja,ja,-12.282729148864746
language_specific_ja_003324,language_specific_ja,ja,-10.574633598327637
language_specific_ja_003673,language_specific_ja,ja,-3.3429412841796875
language_specific_ja_003897,language_specific_ja,ja,-1.7793375253677368
language_specific_ja_004433,language_specific_ja,ja,-2.8076350688934326
language_specific_ja_004480,language_specific_ja,ja,-14.712703704833984
language_specific_ja_004733,language_specific_ja,ja,-4.736913681030273
language_specific_ja_005062,language_specific_ja,ja,-4.9464006423950195
language_specific_ja_005258,language_specific_ja,ja,-7.540607452392578
language_specific_ja_005610,language_specific_ja,ja,-4.778711318969727
language_specific_ja_006274,language_specific_ja,ja,-4.760544776916504
language_specific_ja_000045,language_specific_ja,ja,-9.434061050415039
language_specific_ja_001295,language_specific_ja,ja,-3.115990161895752
language_specific_ja_001470,language_specific_ja,ja,-6.641482830047607
language_specific_ja_002396,language_specific_ja,ja,-5.699176788330078
language_specific_ja_002905,language_specific_ja,ja,-8.563015937805176
language_specific_ja_003427,language_specific_ja,ja,-12.188765525817871
language_specific_ja_003685,language_specific_ja,ja,-1.8071956634521484
language_specific_ja_004410,language_specific_ja,ja,-8.605125427246094
language_specific_ja_005461,language_specific_ja,ja,-4.783265113830566
language_specific_ja_005557,language_specific_ja,ja,-3.605001449584961
language_specific_ja_005606,language_specific_ja,ja,-11.040800094604492
language_specific_ja_006299,language_specific_ja,ja,-5.668125629425049
language_specific_ja_007579,language_specific_ja,ja,-9.807971954345703
language_specific_ja_000847,language_specific_ja,ja,-5.5635271072387695
language_specific_ja_001037,language_specific_ja,ja,-3.7005703449249268
language_specific_ja_001118,language_specific_ja,ja,-4.433304309844971
language_specific_ja_001122,language_specific_ja,ja,-0.8463930487632751
language_specific_ja_001123,language_specific_ja,ja,-3.932497501373291
language_specific_ja_001202,language_specific_ja,ja,-7.831625938415527
language_specific_ja_001466,language_specific_ja,ja,-7.139888763427734
language_specific_ja_001581,language_specific_ja,ja,-3.049987316131592
language_specific_ja_002010,language_specific_ja,ja,-2.331477403640747
language_specific_ja_002051,language_specific_ja,ja,-10.360343933105469
language_specific_ja_002053,language_specific_ja,ja,-10.815791130065918
language_specific_ja_002427,language_specific_ja,ja,-5.925840377807617
language_specific_ja_002481,language_specific_ja,ja,-7.966299057006836
language_specific_ja_002506,language_specific_ja,ja,-3.3249197006225586
language_specific_ja_002951,language_specific_ja,ja,-6.149024963378906
language_specific_ja_003223,language_specific_ja,ja,-1.8857479095458984
language_specific_ja_003505,language_specific_ja,ja,-4.5722246170043945
language_specific_ja_003763,language_specific_ja,ja,-1.802648901939392
language_specific_ja_003821,language_specific_ja,ja,-10.083020210266113
language_specific_ja_004153,language_specific_ja,ja,-6.284614562988281
language_specific_ja_004253,language_specific_ja,ja,-9.493257522583008
language_specific_ja_004357,language_specific_ja,ja,-5.754834175109863
language_specific_ja_004562,language_specific_ja,ja,-4.324657917022705
language_specific_ja_004953,language_specific_ja,ja,-10.398327827453613
language_specific_ja_005137,language_specific_ja,ja,-3.1092422008514404
language_specific_ja_005268,language_specific_ja,ja,-6.648754596710205
language_specific_ja_005281,language_specific_ja,ja,-6.344482898712158
language_specific_ja_005493,language_specific_ja,ja,-3.9852590560913086
language_specific_ja_005953,language_specific_ja,ja,-4.211189270019531
language_specific_ja_006140,language_specific_ja,ja,-10.637558937072754
language_specific_ja_006212,language_specific_ja,ja,-4.306558609008789
language_specific_ja_006326,language_specific_ja,ja,-9.895866394042969
language_specific_ja_006380,language_specific_ja,ja,-5.099041938781738
language_specific_ja_006696,language_specific_ja,ja,-5.08918571472168
language_specific_ja_006917,language_specific_ja,ja,-14.941049575805664
language_specific_ja_007194,language_specific_ja,ja,-4.825018882751465
language_specific_ja_007271,language_specific_ja,ja,-9.182089805603027
language_specific_ja_007617,language_specific_ja,ja,-5.03963041305542
language_specific_ja_000099,language_specific_ja,ja,-8.165667533874512
language_specific_ja_000605,language_specific_ja,ja,-3.1691339015960693
language_specific_ja_001596,language_specific_ja,ja,-4.400506019592285
language_specific_ja_002342,language_specific_ja,ja,-7.566539764404297
language_specific_ja_002625,language_specific_ja,ja,-8.135234832763672
language_specific_ja_002646,language_specific_ja,ja,-13.62531852722168
language_specific_ja_002755,language_specific_ja,ja,-2.8485023975372314
language_specific_ja_002868,language_specific_ja,ja,-9.32908821105957
language_specific_ja_003254,language_specific_ja,ja,-9.672340393066406
language_specific_ja_003689,language_specific_ja,ja,-3.0674057006835938
language_specific_ja_003970,language_specific_ja,ja,-4.5523786544799805
language_specific_ja_004058,language_specific_ja,ja,-11.766827583312988
language_specific_ja_004770,language_specific_ja,ja,-3.828843593597412
language_specific_ja_005214,language_specific_ja,ja,-8.69469928741455
language_specific_ja_005633,language_specific_ja,ja,-11.249598503112793
language_specific_ja_005883,language_specific_ja,ja,-9.392587661743164
language_specific_ja_001919,language_specific_ja,ja,-9.814513206481934
language_specific_ja_002494,language_specific_ja,ja,-10.100505828857422
language_specific_ja_004205,language_specific_ja,ja,-11.338706016540527
language_specific_ja_003662,language_specific_ja,ja,-8.938608169555664
language_specific_ja_004218,language_specific_ja,ja,-10.608112335205078
language_specific_ja_004625,language_specific_ja,ja,-9.119011878967285
language_specific_ja_005537,language_specific_ja,ja,-9.060831069946289
language_specific_ja_005856,language_specific_ja,ja,-7.688676357269287
language_specific_ja_007334,language_specific_ja,ja,-5.82124137878418
language_specific_ja_001560,language_specific_ja,ja,-9.197745323181152
language_specific_ja_005306,language_specific_ja,ja,-2.8874692916870117
language_specific_ja_005807,language_specific_ja,ja,-2.185661792755127
language_specific_ja_006282,language_specific_ja,ja,-6.675138473510742
language_specific_ja_001142,language_specific_ja,ja,-3.0260419845581055
language_specific_ja_001832,language_specific_ja,ja,-4.301807403564453
language_specific_ja_002565,language_specific_ja,ja,-13.45179557800293
language_specific_ja_007855,language_specific_ja,ja,-6.372028350830078
language_specific_ja_000610,language_specific_ja,ja,-5.166621685028076
language_specific_ja_003694,language_specific_ja,ja,-13.399660110473633
language_specific_ja_006077,language_specific_ja,ja,-2.2925853729248047
language_specific_ja_007154,language_specific_ja,ja,-3.9118459224700928
language_specific_ja_007910,language_specific_ja,ja,-3.8840255737304688
language_specific_ja_002859,language_specific_ja,ja,-5.327649116516113
language_specific_ja_005023,language_specific_ja,ja,-9.646618843078613
language_specific_ja_005760,language_specific_ja,ja,-2.7564077377319336
language_specific_ja_007374,language_specific_ja,ja,-3.4910569190979004
language_specific_ja_007565,language_specific_ja,ja,-3.9230008125305176
language_specific_ja_002356,language_specific_ja,ja,-3.2594339847564697
language_specific_ja_003115,language_specific_ja,ja,-7.57617712020874
language_specific_ja_001354,language_specific_ja,ja,-8.849010467529297
language_specific_ja_002212,language_specific_ja,ja,-9.10716724395752
language_specific_ja_005698,language_specific_ja,ja,-4.915688514709473
language_specific_ja_006753,language_specific_ja,ja,-9.178072929382324
language_specific_ja_006760,language_specific_ja,ja,-12.254021644592285
language_specific_ja_007425,language_specific_ja,ja,-2.5696568489074707
language_specific_ja_007756,language_specific_ja,ja,-6.667877197265625
language_specific_ja_000664,language_specific_ja,ja,-6.4328999519348145
language_specific_ja_000994,language_specific_ja,ja,-3.4450485706329346
language_specific_ja_001482,language_specific_ja,ja,-5.500885963439941
language_specific_ja_001493,language_specific_ja,ja,-10.640596389770508
language_specific_ja_002060,language_specific_ja,ja,-7.251796245574951
language_specific_ja_002541,language_specific_ja,ja,-10.587782859802246
language_specific_ja_002794,language_specific_ja,ja,-8.26702880859375
language_specific_ja_004093,language_specific_ja,ja,-13.033452987670898
language_specific_ja_005190,language_specific_ja,ja,-4.078005790710449
language_specific_ja_006557,language_specific_ja,ja,-2.5150718688964844
language_specific_ja_007409,language_specific_ja,ja,-1.6109116077423096
language_specific_ja_000234,language_specific_ja,ja,-14.344680786132812
language_specific_ja_000208,language_specific_ja,ja,-0.6688582897186279
language_specific_ja_000316,language_specific_ja,ja,-20.717090606689453
language_specific_ja_001375,language_specific_ja,ja,-2.801060914993286
language_specific_ja_003305,language_specific_ja,ja,-5.092848777770996
language_specific_ja_006266,language_specific_ja,ja,-11.381168365478516
language_specific_ja_000596,language_specific_ja,ja,-6.3347907066345215
language_specific_ja_000879,language_specific_ja,ja,-3.494210958480835
language_specific_ja_001734,language_specific_ja,ja,-10.222162246704102
language_specific_ja_002901,language_specific_ja,ja,-6.000943660736084
language_specific_ja_003674,language_specific_ja,ja,-15.64232349395752
language_specific_ja_006235,language_specific_ja,ja,-12.592544555664062
language_specific_ja_006506,language_specific_ja,ja,-2.3969433307647705
language_specific_ja_000035,language_specific_ja,ja,-8.540372848510742
language_specific_ja_000364,language_specific_ja,ja,-16.109664916992188
language_specific_ja_001150,language_specific_ja,ja,-12.229724884033203
language_specific_ja_006793,language_specific_ja,ja,-5.1330695152282715
language_specific_ja_006834,language_specific_ja,ja,-5.672343730926514
language_specific_ja_000684,language_specific_ja,ja,-15.784496307373047
language_specific_ja_002496,language_specific_ja,ja,-11.663277626037598
language_specific_ja_003052,language_specific_ja,ja,-8.756673812866211
language_specific_ja_003958,language_specific_ja,ja,-4.558345317840576
language_specific_ja_005372,language_specific_ja,ja,-4.983630657196045
language_specific_ja_001979,language_specific_ja,ja,-6.827288627624512
language_specific_ja_006522,language_specific_ja,ja,-10.3361177444458
language_specific_ja_000779,language_specific_ja,ja,-6.314727783203125
language_specific_ja_002092,language_specific_ja,ja,-8.231644630432129
language_specific_ja_007592,language_specific_ja,ja,-2.2979938983917236
language_specific_ja_007640,language_specific_ja,ja,-4.264337062835693
language_specific_ja_007692,language_specific_ja,ja,-7.418644428253174
language_specific_ja_000991,language_specific_ja,ja,-11.697994232177734
language_specific_ja_001710,language_specific_ja,ja,-5.000373840332031
language_specific_ja_002832,language_specific_ja,ja,-4.261248588562012
language_specific_ja_003124,language_specific_ja,ja,-9.44699478149414
language_specific_ja_004723,language_specific_ja,ja,-5.127093315124512
language_specific_ja_005520,language_specific_ja,ja,-9.328207015991211
language_specific_ja_005536,language_specific_ja,ja,-7.804300308227539
language_specific_ja_006744,language_specific_ja,ja,-5.830316066741943
language_specific_ja_001322,language_specific_ja,ja,-11.419060707092285
language_specific_ja_002838,language_specific_ja,ja,-15.66434097290039
language_specific_ja_003070,language_specific_ja,ja,-5.625800609588623
language_specific_ja_003668,language_specific_ja,ja,-26.95976448059082
language_specific_ja_003726,language_specific_ja,ja,-5.377291679382324
language_specific_ja_005538,language_specific_ja,ja,-6.516478538513184
language_specific_ja_007308,language_specific_ja,ja,-5.969358921051025
language_specific_ja_001730,language_specific_ja,ja,-6.176518440246582
language_specific_ja_004982,language_specific_ja,ja,-4.178528308868408
language_specific_ja_007103,language_specific_ja,ja,-8.533984184265137
language_specific_ja_007323,language_specific_ja,ja,-5.166189193725586
language_specific_ja_000548,language_specific_ja,ja,-4.064672470092773
language_specific_ja_001518,language_specific_ja,ja,-8.774246215820312
language_specific_ja_001715,language_specific_ja,ja,-6.92209005355835
language_specific_ja_005773,language_specific_ja,ja,-8.812650680541992
language_specific_ja_004169,language_specific_ja,ja,-3.99308443069458
language_specific_ja_006232,language_specific_ja,ja,-9.462066650390625
language_specific_ja_001601,language_specific_ja,ja,-0.3000485301017761
language_specific_ja_007405,language_specific_ja,ja,-10.879308700561523
language_specific_ja_002505,language_specific_ja,ja,-15.534666061401367
language_specific_ja_006154,language_specific_ja,ja,-9.000686645507812
language_specific_ja_006163,language_specific_ja,ja,-20.192279815673828
language_specific_ja_000888,language_specific_ja,ja,-5.090429782867432
language_specific_ja_007463,language_specific_ja,ja,-20.866891860961914
language_specific_ja_004413,language_specific_ja,ja,-7.939080238342285
language_specific_ja_007344,language_specific_ja,ja,-11.235859870910645
language_specific_ja_002529,language_specific_ja,ja,-12.900518417358398
language_specific_ja_006587,language_specific_ja,ja,-8.693014144897461
language_specific_ja_003060,language_specific_ja,ja,-6.38192081451416
language_specific_ja_001223,language_specific_ja,ja,-0.01979167014360428
language_specific_ja_001823,language_specific_ja,ja,-4.3183441162109375
language_specific_ja_001915,language_specific_ja,ja,-1.9754239320755005
language_specific_ja_002017,language_specific_ja,ja,-7.7684454917907715
language_specific_ja_002808,language_specific_ja,ja,-4.5375657081604
language_specific_ja_003072,language_specific_ja,ja,-5.940089225769043
language_specific_ja_004554,language_specific_ja,ja,-7.669523239135742
language_specific_ja_006873,language_specific_ja,ja,-5.898801326751709
language_specific_ja_000209,language_specific_ja,ja,-7.8543853759765625
language_specific_ja_001255,language_specific_ja,ja,-11.77981948852539
language_specific_ja_001892,language_specific_ja,ja,-1.0495342016220093
language_specific_ja_002768,language_specific_ja,ja,-9.23890495300293
language_specific_ja_002917,language_specific_ja,ja,-3.8381900787353516
language_specific_ja_003647,language_specific_ja,ja,-4.2339887619018555
language_specific_ja_005192,language_specific_ja,ja,-5.912875652313232
language_specific_ja_005274,language_specific_ja,ja,-6.39056396484375
language_specific_ja_007039,language_specific_ja,ja,-1.828913927078247
language_specific_ja_007223,language_specific_ja,ja,-6.387220859527588
language_specific_ja_007398,language_specific_ja,ja,-2.245302438735962
language_specific_ja_007729,language_specific_ja,ja,-3.2559919357299805
language_specific_ja_007836,language_specific_ja,ja,-4.495583534240723
language_specific_ja_000097,language_specific_ja,ja,-7.057122707366943
language_specific_ja_000695,language_specific_ja,ja,-11.025205612182617
language_specific_ja_001226,language_specific_ja,ja,-0.019490396603941917
language_specific_ja_002322,language_specific_ja,ja,-3.631748676300049
language_specific_ja_004661,language_specific_ja,ja,-7.913425445556641
language_specific_ja_004712,language_specific_ja,ja,-6.582645893096924
language_specific_ja_006034,language_specific_ja,ja,-3.630262851715088
language_specific_ja_006740,language_specific_ja,ja,-4.616778373718262
language_specific_ja_006909,language_specific_ja,ja,-10.710233688354492
language_specific_ja_007421,language_specific_ja,ja,-5.833338737487793
language_specific_ja_000062,language_specific_ja,ja,-11.799084663391113
language_specific_ja_000111,language_specific_ja,ja,-10.069990158081055
language_specific_ja_000243,language_specific_ja,ja,-5.964459419250488
language_specific_ja_001897,language_specific_ja,ja,-3.573906183242798
language_specific_ja_002302,language_specific_ja,ja,-7.89536190032959
language_specific_ja_002938,language_specific_ja,ja,-5.27187967300415
language_specific_ja_004122,language_specific_ja,ja,-5.830726623535156
language_specific_ja_004217,language_specific_ja,ja,-1.386072039604187
language_specific_ja_004442,language_specific_ja,ja,-3.54107666015625
language_specific_ja_005759,language_specific_ja,ja,-4.642982482910156
language_specific_ja_006752,language_specific_ja,ja,-0.516238808631897
language_specific_ja_006953,language_specific_ja,ja,-5.051755428314209
language_specific_ja_007099,language_specific_ja,ja,-9.08514404296875
language_specific_ja_007208,language_specific_ja,ja,-2.6057605743408203
language_specific_ja_007634,language_specific_ja,ja,-6.396975040435791
language_specific_ja_007770,language_specific_ja,ja,-8.709932327270508
language_specific_ja_000296,language_specific_ja,ja,-9.454768180847168
language_specific_ja_005257,language_specific_ja,ja,-5.273382186889648
language_specific_ja_006651,language_specific_ja,ja,-3.3636064529418945
language_specific_ja_007717,language_specific_ja,ja,-3.380228281021118
language_specific_ja_001053,language_specific_ja,ja,-13.45803451538086
language_specific_ja_001674,language_specific_ja,ja,-1.8341659307479858
language_specific_ja_004912,language_specific_ja,ja,-4.186113357543945
language_specific_ja_007104,language_specific_ja,ja,-6.564610481262207
language_specific_ja_007124,language_specific_ja,ja,-2.2615482807159424
language_specific_ja_007381,language_specific_ja,ja,-4.146934509277344
language_specific_ja_007739,language_specific_ja,ja,-11.45651626586914
language_specific_ja_007900,language_specific_ja,ja,-4.087249755859375
language_specific_ja_001109,language_specific_ja,ja,-16.05158233642578
language_specific_ja_001753,language_specific_ja,ja,-19.387548446655273
language_specific_ja_002025,language_specific_ja,ja,-3.8021926879882812
language_specific_ja_003315,language_specific_ja,ja,-3.642002582550049
language_specific_ja_003537,language_specific_ja,ja,-9.177043914794922
language_specific_ja_004349,language_specific_ja,ja,-7.112155914306641
language_specific_ja_004364,language_specific_ja,ja,-10.689054489135742
language_specific_ja_005136,language_specific_ja,ja,-8.01107120513916
language_specific_ja_005455,language_specific_ja,ja,-2.853937864303589
language_specific_ja_005677,language_specific_ja,ja,-7.285599231719971
language_specific_ja_005731,language_specific_ja,ja,-1.8919200897216797
language_specific_ja_006095,language_specific_ja,ja,-3.7567784786224365
language_specific_ja_006195,language_specific_ja,ja,-5.310932159423828
language_specific_ja_006578,language_specific_ja,ja,-3.131032943725586
language_specific_ja_006583,language_specific_ja,ja,-5.988654136657715
language_specific_ja_006936,language_specific_ja,ja,-8.092336654663086
language_specific_ja_007196,language_specific_ja,ja,-3.4053685665130615
language_specific_ja_007495,language_specific_ja,ja,-6.572751045227051
language_specific_ja_001873,language_specific_ja,ja,-7.351201057434082
language_specific_ja_005178,language_specific_ja,ja,-10.329145431518555
language_specific_ja_006401,language_specific_ja,ja,-3.0589852333068848
language_specific_ja_006998,language_specific_ja,ja,-4.114776134490967
language_specific_ja_007379,language_specific_ja,ja,-2.4627838134765625
language_specific_ja_001184,language_specific_ja,ja,-9.161821365356445
language_specific_ja_001649,language_specific_ja,ja,-8.010815620422363
language_specific_ja_003440,language_specific_ja,ja,-8.043750762939453
language_specific_ja_003930,language_specific_ja,ja,-4.672726631164551
language_specific_ja_004036,language_specific_ja,ja,-8.999018669128418
language_specific_ja_005846,language_specific_ja,ja,-2.006575584411621
language_specific_ja_005954,language_specific_ja,ja,-9.50179672241211
language_specific_ja_006146,language_specific_ja,ja,-8.860204696655273
language_specific_ja_007299,language_specific_ja,ja,-4.155645370483398
language_specific_ja_007301,language_specific_ja,ja,-8.239678382873535
language_specific_ja_007549,language_specific_ja,ja,-8.158422470092773
language_specific_ja_000424,language_specific_ja,ja,-5.767620086669922
language_specific_ja_000607,language_specific_ja,ja,-5.680734634399414
language_specific_ja_001047,language_specific_ja,ja,-8.492977142333984
language_specific_ja_001339,language_specific_ja,ja,-8.65291976928711
language_specific_ja_001446,language_specific_ja,ja,-2.141120433807373
language_specific_ja_001503,language_specific_ja,ja,-3.8373215198516846
language_specific_ja_001984,language_specific_ja,ja,-6.844573020935059
language_specific_ja_002814,language_specific_ja,ja,-7.4786858558654785
language_specific_ja_000009,language_specific_ja,ja,-10.347508430480957
language_specific_ja_000079,language_specific_ja,ja,-17.696311950683594
language_specific_ja_000144,language_specific_ja,ja,-4.323652267456055
language_specific_ja_000568,language_specific_ja,ja,-6.782446384429932
language_specific_ja_000027,language_specific_ja,ja,-5.957242965698242
language_specific_ja_002661,language_specific_ja,ja,-10.339228630065918
language_specific_ja_001598,language_specific_ja,ja,-7.156656265258789
language_specific_ja_000034,language_specific_ja,ja,-8.131006240844727
language_specific_ja_001357,language_specific_ja,ja,-7.435775279998779
language_specific_ja_006333,language_specific_ja,ja,-9.194470405578613
language_specific_ja_004037,language_specific_ja,ja,-6.746075630187988
language_specific_ja_000661,language_specific_ja,ja,-11.256648063659668
language_specific_ja_000004,language_specific_ja,ja,-8.250450134277344
language_specific_ja_000659,language_specific_ja,ja,-12.68594741821289
language_specific_ja_006497,language_specific_ja,ja,-13.07140064239502
language_specific_ja_002747,language_specific_ja,ja,-5.811219692230225
language_specific_ja_000029,language_specific_ja,ja,-9.564910888671875
language_specific_ja_000140,language_specific_ja,ja,-4.130524158477783
language_specific_ja_000275,language_specific_ja,ja,-5.020508289337158
language_specific_ja_000312,language_specific_ja,ja,-9.750865936279297
language_specific_ja_000900,language_specific_ja,ja,-13.865655899047852
language_specific_ja_001140,language_specific_ja,ja,-8.02790355682373
language_specific_ja_001330,language_specific_ja,ja,-0.0764208510518074
language_specific_ja_001431,language_specific_ja,ja,-5.2150163650512695
language_specific_ja_001454,language_specific_ja,ja,-2.3342478275299072
language_specific_ja_001471,language_specific_ja,ja,-18.25090217590332
language_specific_ja_001472,language_specific_ja,ja,-4.417783737182617
language_specific_ja_001613,language_specific_ja,ja,-5.324777126312256
language_specific_ja_002000,language_specific_ja,ja,-7.973787307739258
language_specific_ja_002495,language_specific_ja,ja,-9.292072296142578
language_specific_ja_002586,language_specific_ja,ja,-4.464059829711914
language_specific_ja_002593,language_specific_ja,ja,-9.408823013305664
language_specific_ja_002771,language_specific_ja,ja,-8.375645637512207
language_specific_ja_002919,language_specific_ja,ja,-7.0104522705078125
language_specific_ja_003041,language_specific_ja,ja,-4.948014736175537
language_specific_ja_003502,language_specific_ja,ja,-7.3572893142700195
language_specific_ja_003745,language_specific_ja,ja,-9.063603401184082
language_specific_ja_004327,language_specific_ja,ja,-19.2733097076416
language_specific_ja_004365,language_specific_ja,ja,-3.1894936561584473
language_specific_ja_004436,language_specific_ja,ja,-4.713901996612549
language_specific_ja_004765,language_specific_ja,ja,-5.156259059906006
language_specific_ja_004949,language_specific_ja,ja,-8.563024520874023
language_specific_ja_005447,language_specific_ja,ja,-3.208831787109375
language_specific_ja_005719,language_specific_ja,ja,-11.20829963684082
language_specific_ja_005723,language_specific_ja,ja,-5.347613334655762
language_specific_ja_006092,language_specific_ja,ja,-3.8374431133270264
language_specific_ja_006130,language_specific_ja,ja,-10.37330436706543
language_specific_ja_000221,language_specific_ja,ja,-7.858041286468506
language_specific_ja_000258,language_specific_ja,ja,-5.407999515533447
language_specific_ja_000290,language_specific_ja,ja,-9.52094554901123
language_specific_ja_000368,language_specific_ja,ja,-7.554100036621094
language_specific_ja_000531,language_specific_ja,ja,-4.258878231048584
language_specific_ja_001002,language_specific_ja,ja,-4.7975172996521
language_specific_ja_001112,language_specific_ja,ja,-1.9350217580795288
language_specific_ja_001216,language_specific_ja,ja,-10.268145561218262
language_specific_ja_001329,language_specific_ja,ja,-5.250519752502441
language_specific_ja_001465,language_specific_ja,ja,-6.847461223602295
language_specific_ja_002172,language_specific_ja,ja,-14.063663482666016
language_specific_ja_002210,language_specific_ja,ja,-10.960959434509277
language_specific_ja_002925,language_specific_ja,ja,-3.8777377605438232
language_specific_ja_003373,language_specific_ja,ja,-6.332376480102539
language_specific_ja_003599,language_specific_ja,ja,-14.294981002807617
language_specific_ja_004123,language_specific_ja,ja,-8.752452850341797
language_specific_ja_004688,language_specific_ja,ja,-4.472389221191406
language_specific_ja_004958,language_specific_ja,ja,-21.9431095123291
language_specific_ja_005352,language_specific_ja,ja,-0.10276349633932114
language_specific_ja_005362,language_specific_ja,ja,-6.662631988525391
language_specific_ja_005494,language_specific_ja,ja,-4.324487686157227
language_specific_ja_005702,language_specific_ja,ja,-5.893938064575195
language_specific_ja_005766,language_specific_ja,ja,-0.45373207330703735
language_specific_ja_005977,language_specific_ja,ja,-4.498721122741699
language_specific_ja_006582,language_specific_ja,ja,-13.620076179504395
language_specific_ja_007280,language_specific_ja,ja,-11.42834186553955
language_specific_ja_007497,language_specific_ja,ja,-5.464992523193359
language_specific_ja_007715,language_specific_ja,ja,-0.005459511652588844
language_specific_ja_000255,language_specific_ja,ja,-4.617493629455566
language_specific_ja_000358,language_specific_ja,ja,-1.0910494327545166
language_specific_ja_000429,language_specific_ja,ja,-7.804806709289551
language_specific_ja_000625,language_specific_ja,ja,-4.838341236114502
language_specific_ja_000792,language_specific_ja,ja,-4.7761311531066895
language_specific_ja_000971,language_specific_ja,ja,-10.686057090759277
language_specific_ja_001312,language_specific_ja,ja,-7.072393417358398
language_specific_ja_001572,language_specific_ja,ja,-14.598170280456543
language_specific_ja_001891,language_specific_ja,ja,-11.109637260437012
language_specific_ja_002296,language_specific_ja,ja,-13.036454200744629
language_specific_ja_002350,language_specific_ja,ja,-5.978301048278809
language_specific_ja_002527,language_specific_ja,ja,-3.931938409805298
language_specific_ja_002742,language_specific_ja,ja,-4.00370979309082
language_specific_ja_002760,language_specific_ja,ja,-6.73188591003418
language_specific_ja_003061,language_specific_ja,ja,-4.210485458374023
language_specific_ja_003211,language_specific_ja,ja,-8.064884185791016
language_specific_ja_003515,language_specific_ja,ja,-1.6385693550109863
language_specific_ja_003679,language_specific_ja,ja,-7.34953498840332
language_specific_ja_003738,language_specific_ja,ja,-15.88884449005127
language_specific_ja_003773,language_specific_ja,ja,-0.008884069509804249
language_specific_ja_003845,language_specific_ja,ja,-4.3143534660339355
language_specific_ja_004188,language_specific_ja,ja,-0.8443664312362671
language_specific_ja_004305,language_specific_ja,ja,-8.902427673339844
language_specific_ja_004356,language_specific_ja,ja,-4.619380474090576
language_specific_ja_006865,language_specific_ja,ja,-11.079012870788574
language_specific_ja_007044,language_specific_ja,ja,-14.162958145141602
language_specific_ja_007116,language_specific_ja,ja,-2.9242939949035645
language_specific_ja_007686,language_specific_ja,ja,-14.185003280639648
language_specific_ja_007827,language_specific_ja,ja,-4.536523342132568
language_specific_ja_006637,language_specific_ja,ja,-2.8479409217834473
language_specific_ja_007454,language_specific_ja,ja,-4.408442497253418
language_specific_ja_007487,language_specific_ja,ja,-3.9560418128967285
language_specific_ja_007687,language_specific_ja,ja,-5.123321533203125
language_specific_ja_006377,language_specific_ja,ja,-4.448731899261475
language_specific_ja_006683,language_specific_ja,ja,-8.377099990844727
language_specific_ja_006725,language_specific_ja,ja,-4.254448890686035
language_specific_ja_006886,language_specific_ja,ja,-3.360377311706543
language_specific_ja_007510,language_specific_ja,ja,-2.913209915161133
language_specific_ja_007529,language_specific_ja,ja,-7.901989459991455
language_specific_ja_007842,language_specific_ja,ja,-8.489297866821289
language_specific_ja_002090,language_specific_ja,ja,-6.3704071044921875
language_specific_ja_004864,language_specific_ja,ja,-5.144924640655518
language_specific_ja_005565,language_specific_ja,ja,-3.5262954235076904
language_specific_ja_006375,language_specific_ja,ja,-14.49531078338623
language_specific_ja_006520,language_specific_ja,ja,-12.10470962524414
language_specific_ja_007270,language_specific_ja,ja,-3.5840768814086914
language_specific_ja_006656,language_specific_ja,ja,-6.035523891448975
language_specific_ja_006736,language_specific_ja,ja,-6.9577507972717285
language_specific_ja_006891,language_specific_ja,ja,-8.884971618652344
language_specific_ja_002484,language_specific_ja,ja,-11.539091110229492
language_specific_ja_004070,language_specific_ja,ja,-2.9146883487701416
language_specific_ja_005641,language_specific_ja,ja,-9.064682006835938
language_specific_ja_000092,language_specific_ja,ja,-4.920012950897217
language_specific_ja_007300,language_specific_ja,ja,-3.081699848175049
language_specific_ja_006636,language_specific_ja,ja,-6.012394905090332
language_specific_ja_006773,language_specific_ja,ja,-9.20141887664795
language_specific_ja_007168,language_specific_ja,ja,-10.136710166931152
language_specific_ja_007310,language_specific_ja,ja,-1.2025279998779297
language_specific_ja_007464,language_specific_ja,ja,-3.0316057205200195
language_specific_ja_007546,language_specific_ja,ja,-7.15216064453125
language_specific_ja_007591,language_specific_ja,ja,-10.235556602478027
language_specific_ja_007163,language_specific_ja,ja,-5.405776023864746
language_specific_ja_002049,language_specific_ja,ja,-8.486039161682129
language_specific_ja_003955,language_specific_ja,ja,-7.789449691772461
language_specific_ja_006128,language_specific_ja,ja,-11.714254379272461
language_specific_ja_006959,language_specific_ja,ja,-9.531185150146484
language_specific_ja_007789,language_specific_ja,ja,-8.30675983428955
language_specific_ja_005832,language_specific_ja,ja,-7.924911975860596
language_specific_ja_006371,language_specific_ja,ja,-5.371516227722168
language_specific_ja_006396,language_specific_ja,ja,-17.54474449157715
language_specific_ja_006993,language_specific_ja,ja,-4.80741548538208
language_specific_ja_004304,language_specific_ja,ja,-3.6274776458740234
language_specific_ja_004358,language_specific_ja,ja,-4.136804103851318
language_specific_ja_007486,language_specific_ja,ja,-6.023401260375977
language_specific_ja_001501,language_specific_ja,ja,-5.389950752258301
language_specific_ja_006971,language_specific_ja,ja,-4.460911750793457
language_specific_ja_001188,language_specific_ja,ja,-6.088180065155029
language_specific_ja_001922,language_specific_ja,ja,-7.524829864501953
language_specific_ja_002002,language_specific_ja,ja,-11.498817443847656
language_specific_ja_003359,language_specific_ja,ja,-9.883240699768066
language_specific_ja_006685,language_specific_ja,ja,-1.785749077796936
language_specific_ja_006877,language_specific_ja,ja,-6.113795280456543
language_specific_ja_007357,language_specific_ja,ja,-10.984685897827148
language_specific_ja_000021,language_specific_ja,ja,-5.858520984649658
language_specific_ja_002711,language_specific_ja,ja,-10.052807807922363
language_specific_ja_002862,language_specific_ja,ja,-3.354832887649536
language_specific_ja_005870,language_specific_ja,ja,-1.0795164108276367
language_specific_ja_006989,language_specific_ja,ja,-5.418017387390137
language_specific_ja_007460,language_specific_ja,ja,-7.2640814781188965
language_specific_ja_007610,language_specific_ja,ja,-3.064716100692749
language_specific_ja_007709,language_specific_ja,ja,-3.3787617683410645
language_specific_ja_004342,language_specific_ja,ja,-3.0648629665374756
language_specific_ja_006478,language_specific_ja,ja,-13.169723510742188
language_specific_ja_006691,language_specific_ja,ja,-3.858180522918701
language_specific_ja_007490,language_specific_ja,ja,-5.025022029876709
language_specific_ja_004355,language_specific_ja,ja,-11.608869552612305
language_specific_ja_006730,language_specific_ja,ja,-5.491045951843262
language_specific_ja_007135,language_specific_ja,ja,-8.967974662780762
language_specific_ja_003596,language_specific_ja,ja,-5.700547218322754
language_specific_ja_003824,language_specific_ja,ja,-17.851947784423828
language_specific_ja_005025,language_specific_ja,ja,-6.756166458129883
language_specific_ja_006491,language_specific_ja,ja,-9.997941970825195
language_specific_ja_006660,language_specific_ja,ja,-9.278371810913086
language_specific_ja_003027,language_specific_ja,ja,-4.881106376647949
language_specific_ja_004185,language_specific_ja,ja,-5.51214599609375
language_specific_ja_005432,language_specific_ja,ja,-9.084633827209473
language_specific_ja_007243,language_specific_ja,ja,-7.594624042510986
language_specific_ja_003562,language_specific_ja,ja,-3.2418603897094727
language_specific_ja_004337,language_specific_ja,ja,-8.559450149536133
language_specific_ja_007147,language_specific_ja,ja,-7.891615390777588
language_specific_ja_007266,language_specific_ja,ja,-8.622516632080078
language_specific_ja_000672,language_specific_ja,ja,-10.09980583190918
language_specific_ja_007392,language_specific_ja,ja,-8.7369384765625
language_specific_ja_007619,language_specific_ja,ja,-10.841320037841797
language_specific_ja_007642,language_specific_ja,ja,-6.495655059814453
language_specific_ja_000050,language_specific_ja,ja,-22.385690689086914
language_specific_ja_000512,language_specific_ja,ja,-17.34632682800293
language_specific_ja_001349,language_specific_ja,ja,-6.3822340965271
language_specific_ja_002417,language_specific_ja,ja,-5.6297197341918945
language_specific_ja_005087,language_specific_ja,ja,-3.356506824493408
language_specific_ja_005185,language_specific_ja,ja,-9.119819641113281
language_specific_ja_006963,language_specific_ja,ja,-12.258748054504395
language_specific_ja_004381,language_specific_ja,ja,-8.988919258117676
language_specific_ja_004683,language_specific_ja,ja,-14.876422882080078
language_specific_ja_000740,language_specific_ja,ja,-9.448507308959961
language_specific_ja_002317,language_specific_ja,ja,-7.639771938323975
language_specific_ja_005210,language_specific_ja,ja,-19.69828224182129
language_specific_ja_005632,language_specific_ja,ja,-2.9394893646240234
language_specific_ja_006166,language_specific_ja,ja,-10.138227462768555
language_specific_ja_006869,language_specific_ja,ja,-20.55447006225586
language_specific_ja_000177,language_specific_ja,ja,-17.70691680908203
language_specific_ja_000952,language_specific_ja,ja,-5.783969402313232
language_specific_ja_002240,language_specific_ja,ja,-8.250876426696777
language_specific_ja_002737,language_specific_ja,ja,-15.721525192260742
language_specific_ja_003123,language_specific_ja,ja,-26.597721099853516
language_specific_ja_004707,language_specific_ja,ja,-3.922133207321167
language_specific_ja_005879,language_specific_ja,ja,-6.692665100097656
language_specific_ja_007815,language_specific_ja,ja,-0.9148854613304138
language_specific_ja_002089,language_specific_ja,ja,-6.686384201049805
language_specific_ja_002811,language_specific_ja,ja,-10.433119773864746
language_specific_ja_005474,language_specific_ja,ja,-7.661601543426514
language_specific_ja_002918,language_specific_ja,ja,-3.0065276622772217
language_specific_ja_004951,language_specific_ja,ja,-10.619742393493652
language_specific_ja_005247,language_specific_ja,ja,-12.05388355255127
language_specific_ja_005555,language_specific_ja,ja,-6.9014739990234375
language_specific_ja_007162,language_specific_ja,ja,-14.3839693069458
language_specific_ja_000261,language_specific_ja,ja,-3.877594470977783
language_specific_ja_001760,language_specific_ja,ja,-10.543656349182129
language_specific_ja_001930,language_specific_ja,ja,-2.7137975692749023
language_specific_ja_004755,language_specific_ja,ja,-7.9685564041137695
language_specific_ja_006456,language_specific_ja,ja,-4.855053901672363
language_specific_ja_007144,language_specific_ja,ja,-14.332204818725586
language_specific_ja_007513,language_specific_ja,ja,-5.5822062492370605
language_specific_ja_007828,language_specific_ja,ja,-6.048560619354248
language_specific_ja_001592,language_specific_ja,ja,-3.2574310302734375
language_specific_ja_002040,language_specific_ja,ja,-12.26977252960205
language_specific_ja_002886,language_specific_ja,ja,-8.443227767944336
language_specific_ja_003589,language_specific_ja,ja,-4.550024509429932
language_specific_ja_006370,language_specific_ja,ja,-11.706697463989258
language_specific_ja_006798,language_specific_ja,ja,-4.568331241607666
language_specific_ja_007318,language_specific_ja,ja,-12.959282875061035
language_specific_ja_007863,language_specific_ja,ja,-6.789087772369385
language_specific_ja_000415,language_specific_ja,ja,-9.514700889587402
language_specific_ja_000976,language_specific_ja,ja,-4.4395365715026855
language_specific_ja_002337,language_specific_ja,ja,-9.671918869018555
language_specific_ja_002632,language_specific_ja,ja,-1.7121998071670532
language_specific_ja_004113,language_specific_ja,ja,-10.509662628173828
language_specific_ja_004775,language_specific_ja,ja,-9.972366333007812
language_specific_ja_005207,language_specific_ja,ja,-6.350217342376709
language_specific_ja_005850,language_specific_ja,ja,-7.360997676849365
language_specific_ja_007898,language_specific_ja,ja,-5.002798080444336
language_specific_ja_000925,language_specific_ja,ja,-5.807535648345947
language_specific_ja_004472,language_specific_ja,ja,-7.662094593048096
language_specific_ja_006623,language_specific_ja,ja,-6.171935558319092
language_specific_ja_006882,language_specific_ja,ja,-5.349626064300537
language_specific_ja_000737,language_specific_ja,ja,-5.906253337860107
language_specific_ja_003524,language_specific_ja,ja,-1.9525947570800781
language_specific_ja_003601,language_specific_ja,ja,-5.539557456970215
language_specific_ja_004892,language_specific_ja,ja,-6.085897922515869
language_specific_ja_005215,language_specific_ja,ja,-13.130288124084473
language_specific_ja_005501,language_specific_ja,ja,-7.657475471496582
language_specific_ja_000135,language_specific_ja,ja,-3.129615306854248
language_specific_ja_000713,language_specific_ja,ja,-6.861444473266602
language_specific_ja_001738,language_specific_ja,ja,-8.332038879394531
language_specific_ja_002764,language_specific_ja,ja,-13.23809814453125
language_specific_ja_005134,language_specific_ja,ja,-7.475245952606201
language_specific_ja_005847,language_specific_ja,ja,-5.744622707366943
language_specific_ja_007767,language_specific_ja,ja,-5.680960178375244
language_specific_ja_000538,language_specific_ja,ja,-9.501355171203613
language_specific_ja_001215,language_specific_ja,ja,-14.740209579467773
language_specific_ja_001459,language_specific_ja,ja,-13.321554183959961
language_specific_ja_001468,language_specific_ja,ja,-4.058265209197998
language_specific_ja_004190,language_specific_ja,ja,-10.250728607177734
language_specific_ja_005146,language_specific_ja,ja,-2.3107376098632812
language_specific_ja_006101,language_specific_ja,ja,-5.306844711303711
language_specific_ja_002849,language_specific_ja,ja,-5.308888912200928
language_specific_ja_003313,language_specific_ja,ja,-7.111117839813232
language_specific_ja_004096,language_specific_ja,ja,-12.517339706420898
language_specific_ja_004649,language_specific_ja,ja,-4.934345245361328
language_specific_ja_005475,language_specific_ja,ja,-8.273490905761719
language_specific_ja_005676,language_specific_ja,ja,-3.402374029159546
language_specific_ja_006098,language_specific_ja,ja,-8.521902084350586
language_specific_ja_006185,language_specific_ja,ja,-12.202301025390625
language_specific_ja_002508,language_specific_ja,ja,-11.333625793457031
language_specific_ja_004981,language_specific_ja,ja,-8.142280578613281
language_specific_ja_005515,language_specific_ja,ja,-14.516178131103516
language_specific_ja_005916,language_specific_ja,ja,-13.266056060791016
language_specific_ja_004813,language_specific_ja,ja,-7.118259906768799
language_specific_ja_004873,language_specific_ja,ja,-6.815896034240723
language_specific_ja_000590,language_specific_ja,ja,-3.315645456314087
language_specific_ja_001731,language_specific_ja,ja,-14.423613548278809
language_specific_ja_003231,language_specific_ja,ja,-9.120880126953125
language_specific_ja_003322,language_specific_ja,ja,-9.945516586303711
language_specific_ja_003412,language_specific_ja,ja,-4.473044395446777
language_specific_ja_005590,language_specific_ja,ja,-5.853305339813232
language_specific_ja_006781,language_specific_ja,ja,-2.322075843811035
language_specific_ja_000901,language_specific_ja,ja,-18.480396270751953
language_specific_ja_002195,language_specific_ja,ja,-3.699749708175659
language_specific_ja_002644,language_specific_ja,ja,-7.63322639465332
language_specific_ja_003671,language_specific_ja,ja,-9.847932815551758
language_specific_ja_004280,language_specific_ja,ja,-5.140675067901611
language_specific_ja_005721,language_specific_ja,ja,-1.9193171262741089
language_specific_ja_006966,language_specific_ja,ja,-3.9328181743621826
language_specific_ja_007347,language_specific_ja,ja,-9.281000137329102
language_specific_ja_000147,language_specific_ja,ja,-16.54581069946289
language_specific_ja_000302,language_specific_ja,ja,-5.904509544372559
language_specific_ja_000809,language_specific_ja,ja,-6.995296001434326
language_specific_ja_000909,language_specific_ja,ja,-11.927749633789062
language_specific_ja_000969,language_specific_ja,ja,-4.8061299324035645
language_specific_ja_001620,language_specific_ja,ja,-10.602818489074707
language_specific_ja_001985,language_specific_ja,ja,-7.726057529449463
language_specific_ja_002374,language_specific_ja,ja,-5.260024070739746
language_specific_ja_002582,language_specific_ja,ja,-6.497591018676758
language_specific_ja_002658,language_specific_ja,ja,-21.189741134643555
language_specific_ja_004609,language_specific_ja,ja,-2.307741403579712
language_specific_ja_005157,language_specific_ja,ja,-1.3826457262039185
language_specific_ja_005236,language_specific_ja,ja,-8.50614070892334
language_specific_ja_005786,language_specific_ja,ja,-5.033667087554932
language_specific_ja_005921,language_specific_ja,ja,-4.126208305358887
language_specific_ja_005944,language_specific_ja,ja,-4.548895359039307
language_specific_ja_005979,language_specific_ja,ja,-2.0976438522338867
language_specific_ja_006117,language_specific_ja,ja,-10.627696990966797
language_specific_ja_006234,language_specific_ja,ja,-2.861574172973633
language_specific_ja_007432,language_specific_ja,ja,-9.398743629455566
language_specific_ja_000119,language_specific_ja,ja,-5.272036075592041
language_specific_ja_000292,language_specific_ja,ja,-8.129914283752441
language_specific_ja_000383,language_specific_ja,ja,-11.455286979675293
language_specific_ja_001034,language_specific_ja,ja,-6.915672302246094
language_specific_ja_002686,language_specific_ja,ja,-6.053929328918457
language_specific_ja_002863,language_specific_ja,ja,-3.9261960983276367
language_specific_ja_003017,language_specific_ja,ja,-2.921029567718506
language_specific_ja_003037,language_specific_ja,ja,-7.23953104019165
language_specific_ja_003066,language_specific_ja,ja,-7.276202201843262
language_specific_ja_003358,language_specific_ja,ja,-7.89380407333374
language_specific_ja_003675,language_specific_ja,ja,-9.737739562988281
language_specific_ja_004674,language_specific_ja,ja,-5.054511070251465
language_specific_ja_005128,language_specific_ja,ja,-10.525422096252441
language_specific_ja_005600,language_specific_ja,ja,-11.676545143127441
language_specific_ja_005689,language_specific_ja,ja,-10.722390174865723
language_specific_ja_005725,language_specific_ja,ja,-5.330135822296143
language_specific_ja_005985,language_specific_ja,ja,-22.244300842285156
language_specific_ja_006192,language_specific_ja,ja,-6.831912517547607
language_specific_ja_006262,language_specific_ja,ja,-8.985847473144531
language_specific_ja_006630,language_specific_ja,ja,-8.773386001586914
language_specific_ja_007712,language_specific_ja,ja,-7.020748138427734
language_specific_ja_000071,language_specific_ja,ja,-9.756542205810547
language_specific_ja_000204,language_specific_ja,ja,-6.593163967132568
language_specific_ja_000776,language_specific_ja,ja,-6.772397994995117
language_specific_ja_000904,language_specific_ja,ja,-5.361528396606445
language_specific_ja_000949,language_specific_ja,ja,-3.5700807571411133
language_specific_ja_001067,language_specific_ja,ja,-5.981370449066162
language_specific_ja_001728,language_specific_ja,ja,-5.742585182189941
language_specific_ja_001859,language_specific_ja,ja,-1.8193371295928955
language_specific_ja_001946,language_specific_ja,ja,-4.836032390594482
language_specific_ja_002283,language_specific_ja,ja,-1.1377986669540405
language_specific_ja_002410,language_specific_ja,ja,-10.405952453613281
language_specific_ja_002491,language_specific_ja,ja,-5.081590175628662
language_specific_ja_002664,language_specific_ja,ja,-5.034206867218018
language_specific_ja_002730,language_specific_ja,ja,-4.257956027984619
language_specific_ja_002826,language_specific_ja,ja,-4.3636345863342285
language_specific_ja_002833,language_specific_ja,ja,-9.598428726196289
language_specific_ja_003342,language_specific_ja,ja,-1.317546010017395
language_specific_ja_003360,language_specific_ja,ja,-10.298848152160645
language_specific_ja_003430,language_specific_ja,ja,-2.9289956092834473
language_specific_ja_003661,language_specific_ja,ja,-12.858354568481445
language_specific_ja_003950,language_specific_ja,ja,-6.289994239807129
language_specific_ja_003977,language_specific_ja,ja,-3.718618392944336
language_specific_ja_004073,language_specific_ja,ja,-7.686135292053223
language_specific_ja_004183,language_specific_ja,ja,-4.485641002655029
language_specific_ja_004235,language_specific_ja,ja,-6.317105770111084
language_specific_ja_004335,language_specific_ja,ja,-17.473796844482422
language_specific_ja_004926,language_specific_ja,ja,-8.747536659240723
language_specific_ja_004974,language_specific_ja,ja,-4.400003910064697
language_specific_ja_005303,language_specific_ja,ja,-15.965993881225586
language_specific_ja_005617,language_specific_ja,ja,-4.9260334968566895
language_specific_ja_005717,language_specific_ja,ja,-6.6861467361450195
language_specific_ja_005901,language_specific_ja,ja,-3.717216968536377
language_specific_ja_006032,language_specific_ja,ja,-4.598123073577881
language_specific_ja_006889,language_specific_ja,ja,-14.711009979248047
language_specific_ja_007378,language_specific_ja,ja,-10.700840950012207
language_specific_ja_000124,language_specific_ja,ja,-4.730837345123291
language_specific_ja_000722,language_specific_ja,ja,-5.026170253753662
language_specific_ja_000937,language_specific_ja,ja,-3.62786865234375
language_specific_ja_001026,language_specific_ja,ja,-8.209355354309082
language_specific_ja_001368,language_specific_ja,ja,-1.9590283632278442
language_specific_ja_001801,language_specific_ja,ja,-7.068502902984619
language_specific_ja_002654,language_specific_ja,ja,-7.879324436187744
language_specific_ja_002656,language_specific_ja,ja,-7.74094820022583
language_specific_ja_002903,language_specific_ja,ja,-6.892575740814209
language_specific_ja_003253,language_specific_ja,ja,-6.746127605438232
language_specific_ja_003703,language_specific_ja,ja,-2.7004446983337402
language_specific_ja_003871,language_specific_ja,ja,-21.688819885253906
language_specific_ja_003942,language_specific_ja,ja,-12.477906227111816
language_specific_ja_003982,language_specific_ja,ja,-10.17246150970459
language_specific_ja_004560,language_specific_ja,ja,-19.580413818359375
language_specific_ja_004640,language_specific_ja,ja,-5.526872634887695
language_specific_ja_004779,language_specific_ja,ja,-1.894674301147461
language_specific_ja_005012,language_specific_ja,ja,-6.461735248565674
language_specific_ja_005090,language_specific_ja,ja,-9.98139476776123
language_specific_ja_005158,language_specific_ja,ja,-0.9033420085906982
language_specific_ja_005189,language_specific_ja,ja,-7.917111396789551
language_specific_ja_005454,language_specific_ja,ja,-1.3551182746887207
language_specific_ja_005552,language_specific_ja,ja,-10.038732528686523
language_specific_ja_005592,language_specific_ja,ja,-10.490472793579102
language_specific_ja_001420,language_specific_ja,ja,-5.524535179138184
language_specific_ja_002511,language_specific_ja,ja,-8.613855361938477
language_specific_ja_002948,language_specific_ja,ja,-2.7819008827209473
language_specific_ja_003717,language_specific_ja,ja,-15.301639556884766
language_specific_ja_005220,language_specific_ja,ja,-15.104248046875
language_specific_ja_005292,language_specific_ja,ja,-3.402014970779419
language_specific_ja_001577,language_specific_ja,ja,-2.9299511909484863
language_specific_ja_003161,language_specific_ja,ja,-7.917949199676514
language_specific_ja_003793,language_specific_ja,ja,-15.752851486206055
language_specific_ja_005049,language_specific_ja,ja,-7.139418601989746
language_specific_ja_005107,language_specific_ja,ja,-11.00363540649414
language_specific_ja_000431,language_specific_ja,ja,-1.842917561531067
language_specific_ja_000582,language_specific_ja,ja,-12.94959831237793
language_specific_ja_000618,language_specific_ja,ja,-3.256758451461792
language_specific_ja_000974,language_specific_ja,ja,-6.725386142730713
language_specific_ja_002962,language_specific_ja,ja,-2.8461661338806152
language_specific_ja_004517,language_specific_ja,ja,-8.09572696685791
language_specific_ja_005060,language_specific_ja,ja,-11.001252174377441
language_specific_ja_000574,language_specific_ja,ja,-4.288519859313965
language_specific_ja_000855,language_specific_ja,ja,-4.6191911697387695
language_specific_ja_003968,language_specific_ja,ja,-5.9230475425720215
language_specific_ja_004794,language_specific_ja,ja,-5.875176429748535
language_specific_ja_000445,language_specific_ja,ja,-8.6618013381958
language_specific_ja_001021,language_specific_ja,ja,-8.682121276855469
language_specific_ja_002666,language_specific_ja,ja,-8.639934539794922
language_specific_ja_003210,language_specific_ja,ja,-9.167119979858398
language_specific_ja_003467,language_specific_ja,ja,-11.602126121520996
language_specific_ja_003907,language_specific_ja,ja,-14.952324867248535
language_specific_ja_004064,language_specific_ja,ja,-4.676670074462891
language_specific_ja_004192,language_specific_ja,ja,-8.049818992614746
language_specific_ja_004418,language_specific_ja,ja,-7.646149158477783
language_specific_ja_005027,language_specific_ja,ja,-10.587577819824219
language_specific_ja_005067,language_specific_ja,ja,-3.578296661376953
language_specific_ja_005368,language_specific_ja,ja,-6.944716453552246
language_specific_ja_000173,language_specific_ja,ja,-3.2290172576904297
language_specific_ja_000536,language_specific_ja,ja,-4.79150390625
language_specific_ja_001141,language_specific_ja,ja,-4.942293167114258
language_specific_ja_002144,language_specific_ja,ja,-6.545621395111084
language_specific_ja_002615,language_specific_ja,ja,-3.614083766937256
language_specific_ja_002637,language_specific_ja,ja,-7.502447128295898
language_specific_ja_004900,language_specific_ja,ja,-4.842401504516602
language_specific_ja_004966,language_specific_ja,ja,-4.814266204833984
language_specific_ja_005238,language_specific_ja,ja,-1.4009445905685425
language_specific_ja_000896,language_specific_ja,ja,-9.193012237548828
language_specific_ja_004380,language_specific_ja,ja,-9.90967845916748
language_specific_ja_005564,language_specific_ja,ja,-5.877176284790039
language_specific_ja_005710,language_specific_ja,ja,-4.486408233642578
language_specific_ja_005919,language_specific_ja,ja,-5.941346168518066
language_specific_ja_000978,language_specific_ja,ja,-5.857538223266602
language_specific_ja_002145,language_specific_ja,ja,-3.434643507003784
language_specific_ja_004710,language_specific_ja,ja,-4.279106616973877
language_specific_ja_005628,language_specific_ja,ja,-9.276530265808105
language_specific_ja_005923,language_specific_ja,ja,-5.317397594451904
language_specific_ja_007137,language_specific_ja,ja,-0.00035531376488506794
language_specific_ja_000995,language_specific_ja,ja,-5.015402317047119
language_specific_ja_000276,language_specific_ja,ja,-7.52062463760376
language_specific_ja_000411,language_specific_ja,ja,-7.877191066741943
language_specific_ja_000422,language_specific_ja,ja,-8.468825340270996
language_specific_ja_001678,language_specific_ja,ja,-11.003548622131348
language_specific_ja_002188,language_specific_ja,ja,-22.74229621887207
language_specific_ja_002601,language_specific_ja,ja,-8.891798973083496
language_specific_ja_003657,language_specific_ja,ja,-7.088563919067383
language_specific_ja_005151,language_specific_ja,ja,-20.863027572631836
language_specific_ja_000471,language_specific_ja,ja,-8.630475997924805
language_specific_ja_000852,language_specific_ja,ja,-5.174023151397705
language_specific_ja_000954,language_specific_ja,ja,-26.581144332885742
language_specific_ja_001570,language_specific_ja,ja,-9.476572036743164
language_specific_ja_002617,language_specific_ja,ja,-20.70787811279297
language_specific_ja_002749,language_specific_ja,ja,-7.265031337738037
language_specific_ja_003182,language_specific_ja,ja,-9.782340049743652
language_specific_ja_003811,language_specific_ja,ja,-11.156867027282715
language_specific_ja_004646,language_specific_ja,ja,-8.785520553588867
language_specific_ja_004777,language_specific_ja,ja,-18.62506103515625
language_specific_ja_000044,language_specific_ja,ja,-17.076414108276367
language_specific_ja_001751,language_specific_ja,ja,-9.480684280395508
language_specific_ja_002705,language_specific_ja,ja,-6.9665632247924805
language_specific_ja_003126,language_specific_ja,ja,-9.424561500549316
language_specific_ja_003195,language_specific_ja,ja,-5.5052080154418945
language_specific_ja_003797,language_specific_ja,ja,-3.8962600231170654
language_specific_ja_004106,language_specific_ja,ja,-5.50129508972168
language_specific_ja_004285,language_specific_ja,ja,-14.168526649475098
language_specific_ja_004307,language_specific_ja,ja,-12.692364692687988
language_specific_ja_004389,language_specific_ja,ja,-11.962362289428711
language_specific_ja_004628,language_specific_ja,ja,-6.455347537994385
language_specific_ja_004934,language_specific_ja,ja,-1.357025384902954
language_specific_ja_000979,language_specific_ja,ja,-5.688076496124268
language_specific_ja_001609,language_specific_ja,ja,-2.3670854568481445
language_specific_ja_003956,language_specific_ja,ja,-6.727583408355713
language_specific_ja_000112,language_specific_ja,ja,-9.375638961791992
language_specific_ja_000815,language_specific_ja,ja,-9.629264831542969
language_specific_ja_001638,language_specific_ja,ja,-4.383938789367676
language_specific_ja_002813,language_specific_ja,ja,-6.390589237213135
language_specific_ja_002902,language_specific_ja,ja,-7.8073344230651855
language_specific_ja_003235,language_specific_ja,ja,-3.3358540534973145
language_specific_ja_004516,language_specific_ja,ja,-8.336560249328613
language_specific_ja_005947,language_specific_ja,ja,-7.690236568450928
language_specific_ja_006252,language_specific_ja,ja,-8.353602409362793
language_specific_ja_000632,language_specific_ja,ja,-12.502091407775879
language_specific_ja_001975,language_specific_ja,ja,-2.934086561203003
language_specific_ja_001986,language_specific_ja,ja,-12.461554527282715
language_specific_ja_000167,language_specific_ja,ja,-11.347851753234863
language_specific_ja_001402,language_specific_ja,ja,-16.125001907348633
language_specific_ja_001806,language_specific_ja,ja,-10.248207092285156
language_specific_ja_003309,language_specific_ja,ja,-0.5533424019813538
language_specific_ja_003978,language_specific_ja,ja,-9.368642807006836
language_specific_ja_004715,language_specific_ja,ja,-7.858598232269287
language_specific_ja_004778,language_specific_ja,ja,-2.9397716522216797
language_specific_ja_004802,language_specific_ja,ja,-6.938638210296631
language_specific_ja_005576,language_specific_ja,ja,-10.151119232177734
language_specific_ja_005733,language_specific_ja,ja,-5.228694915771484
language_specific_ja_006413,language_specific_ja,ja,-5.6020660400390625
language_specific_ja_006503,language_specific_ja,ja,-5.815961837768555
language_specific_ja_007518,language_specific_ja,ja,-5.919247627258301
language_specific_ja_007689,language_specific_ja,ja,-7.8795623779296875
language_specific_ja_001031,language_specific_ja,ja,-9.247281074523926
language_specific_ja_001130,language_specific_ja,ja,-1.2408466339111328
language_specific_ja_001146,language_specific_ja,ja,-1.7474558353424072
language_specific_ja_001553,language_specific_ja,ja,-13.816226959228516
language_specific_ja_001571,language_specific_ja,ja,-1.386559009552002
language_specific_ja_003740,language_specific_ja,ja,-9.443391799926758
language_specific_ja_003810,language_specific_ja,ja,-7.641520977020264
language_specific_ja_004065,language_specific_ja,ja,-6.875680446624756
language_specific_ja_005690,language_specific_ja,ja,-9.511943817138672
language_specific_ja_007008,language_specific_ja,ja,-4.253931999206543
language_specific_ja_007158,language_specific_ja,ja,-4.1524739265441895
language_specific_ja_000646,language_specific_ja,ja,-4.582852363586426
language_specific_ja_000716,language_specific_ja,ja,-1.6416550874710083
language_specific_ja_001993,language_specific_ja,ja,-5.856233596801758
language_specific_ja_002310,language_specific_ja,ja,-13.213858604431152
language_specific_ja_003520,language_specific_ja,ja,-4.2811503410339355
language_specific_ja_003728,language_specific_ja,ja,-7.119483947753906
language_specific_ja_004114,language_specific_ja,ja,-5.3490166664123535
language_specific_ja_006228,language_specific_ja,ja,-3.4327991008758545
language_specific_ja_007131,language_specific_ja,ja,-8.222237586975098
language_specific_ja_007383,language_specific_ja,ja,-10.055200576782227
language_specific_ja_007517,language_specific_ja,ja,-9.056100845336914
language_specific_ja_000313,language_specific_ja,ja,-4.778754711151123
language_specific_ja_000332,language_specific_ja,ja,-5.63331937789917
language_specific_ja_000465,language_specific_ja,ja,-1.0021116733551025
language_specific_ja_000859,language_specific_ja,ja,-3.249722957611084
language_specific_ja_001172,language_specific_ja,ja,-2.3428280353546143
language_specific_ja_001487,language_specific_ja,ja,-8.546213150024414
language_specific_ja_001535,language_specific_ja,ja,-5.459196090698242
language_specific_ja_001706,language_specific_ja,ja,-11.088809967041016
language_specific_ja_001961,language_specific_ja,ja,-6.919979095458984
language_specific_ja_002298,language_specific_ja,ja,-9.189903259277344
language_specific_ja_002303,language_specific_ja,ja,-6.706852912902832
language_specific_ja_002718,language_specific_ja,ja,-7.137242317199707
language_specific_ja_002820,language_specific_ja,ja,-3.3581531047821045
language_specific_ja_003409,language_specific_ja,ja,-2.958801507949829
language_specific_ja_003411,language_specific_ja,ja,-8.513851165771484
language_specific_ja_003632,language_specific_ja,ja,-3.5539019107818604
language_specific_ja_004194,language_specific_ja,ja,-5.966221332550049
language_specific_ja_004399,language_specific_ja,ja,-5.070294380187988
language_specific_ja_004643,language_specific_ja,ja,-4.547318935394287
language_specific_ja_004816,language_specific_ja,ja,-11.387164115905762
language_specific_ja_005370,language_specific_ja,ja,-7.995971202850342
language_specific_ja_005749,language_specific_ja,ja,-3.063249349594116
language_specific_ja_005836,language_specific_ja,ja,-10.015753746032715
language_specific_ja_005960,language_specific_ja,ja,-6.138150215148926
language_specific_ja_006594,language_specific_ja,ja,-4.184126377105713
language_specific_ja_006758,language_specific_ja,ja,-3.0562665462493896
language_specific_ja_006763,language_specific_ja,ja,-5.978391170501709
language_specific_ja_007762,language_specific_ja,ja,-10.525812149047852
language_specific_ja_001366,language_specific_ja,ja,-4.035613536834717
language_specific_ja_001931,language_specific_ja,ja,-3.889068126678467
language_specific_ja_001954,language_specific_ja,ja,-3.3280463218688965
language_specific_ja_004161,language_specific_ja,ja,-2.2379772663116455
language_specific_ja_004719,language_specific_ja,ja,-6.023104667663574
language_specific_ja_005862,language_specific_ja,ja,-2.0409839153289795
language_specific_ja_006114,language_specific_ja,ja,-3.4619860649108887
language_specific_ja_007262,language_specific_ja,ja,-3.970348834991455
language_specific_ja_007363,language_specific_ja,ja,-5.426802158355713
language_specific_ja_002235,language_specific_ja,ja,-4.762808322906494
language_specific_ja_002304,language_specific_ja,ja,-3.3346686363220215
language_specific_ja_003058,language_specific_ja,ja,-3.2305068969726562
language_specific_ja_003220,language_specific_ja,ja,-4.036131858825684
language_specific_ja_003750,language_specific_ja,ja,-1.7157795429229736
language_specific_ja_004030,language_specific_ja,ja,-2.5702571868896484
language_specific_ja_005446,language_specific_ja,ja,-5.46080207824707
language_specific_ja_006856,language_specific_ja,ja,-2.5047686100006104
language_specific_ja_007090,language_specific_ja,ja,-9.69879150390625
language_specific_ja_007109,language_specific_ja,ja,-9.34106159210205
language_specific_ja_000084,language_specific_ja,ja,-8.519331932067871
language_specific_ja_000608,language_specific_ja,ja,-14.165043830871582
language_specific_ja_000636,language_specific_ja,ja,-4.892008304595947
language_specific_ja_001425,language_specific_ja,ja,-6.096197605133057
language_specific_ja_001704,language_specific_ja,ja,-18.138484954833984
language_specific_ja_002125,language_specific_ja,ja,-14.055578231811523
language_specific_ja_002233,language_specific_ja,ja,-19.17381477355957
language_specific_ja_002355,language_specific_ja,ja,-4.880351543426514
language_specific_ja_003367,language_specific_ja,ja,-6.917458534240723
language_specific_ja_003474,language_specific_ja,ja,-4.441767692565918
language_specific_ja_003528,language_specific_ja,ja,-5.238970756530762
language_specific_ja_003972,language_specific_ja,ja,-7.996971130371094
language_specific_ja_004720,language_specific_ja,ja,-2.5919618606567383
language_specific_ja_005083,language_specific_ja,ja,-4.50387716293335
language_specific_ja_005775,language_specific_ja,ja,-8.185522079467773
language_specific_ja_005865,language_specific_ja,ja,-5.087220191955566
language_specific_ja_006045,language_specific_ja,ja,-4.239510536193848
language_specific_ja_000464,language_specific_ja,ja,-3.8419878482818604
language_specific_ja_000583,language_specific_ja,ja,-8.15527057647705
language_specific_ja_000717,language_specific_ja,ja,-3.5862720012664795
language_specific_ja_000848,language_specific_ja,ja,-20.3787784576416
language_specific_ja_001286,language_specific_ja,ja,-8.056083679199219
language_specific_ja_001576,language_specific_ja,ja,-8.461126327514648
language_specific_ja_001953,language_specific_ja,ja,-5.7599968910217285
language_specific_ja_002308,language_specific_ja,ja,-9.428433418273926
language_specific_ja_002937,language_specific_ja,ja,-0.7211470007896423
language_specific_ja_004332,language_specific_ja,ja,-6.344297409057617
language_specific_ja_004660,language_specific_ja,ja,-4.237274646759033
language_specific_ja_005169,language_specific_ja,ja,-6.511669158935547
language_specific_ja_006376,language_specific_ja,ja,-17.00345802307129
language_specific_ja_006822,language_specific_ja,ja,-10.847956657409668
language_specific_ja_007808,language_specific_ja,ja,-7.347548961639404
language_specific_ja_000466,language_specific_ja,ja,-5.533993244171143
language_specific_ja_002399,language_specific_ja,ja,-3.2030415534973145
language_specific_ja_002520,language_specific_ja,ja,-6.527460098266602
language_specific_ja_002558,language_specific_ja,ja,-4.149971008300781
language_specific_ja_002613,language_specific_ja,ja,-2.454699993133545
language_specific_ja_002881,language_specific_ja,ja,-9.8444185256958
language_specific_ja_003801,language_specific_ja,ja,-14.662825584411621
language_specific_ja_003893,language_specific_ja,ja,-2.9046220779418945
language_specific_ja_004903,language_specific_ja,ja,-2.0453343391418457
language_specific_ja_005033,language_specific_ja,ja,-12.08165454864502
language_specific_ja_005612,language_specific_ja,ja,-3.7513787746429443
language_specific_ja_005620,language_specific_ja,ja,-6.907232761383057
language_specific_ja_005624,language_specific_ja,ja,-8.272802352905273
language_specific_ja_005683,language_specific_ja,ja,-18.269582748413086
language_specific_ja_005880,language_specific_ja,ja,-5.992202281951904
language_specific_ja_006662,language_specific_ja,ja,-6.699695587158203
language_specific_ja_006767,language_specific_ja,ja,-7.500018119812012
language_specific_ja_001481,language_specific_ja,ja,-6.912744998931885
language_specific_ja_001893,language_specific_ja,ja,-3.1299986839294434
language_specific_ja_003688,language_specific_ja,ja,-8.028569221496582
language_specific_ja_004051,language_specific_ja,ja,-7.330411911010742
language_specific_ja_004092,language_specific_ja,ja,-8.798172950744629
language_specific_ja_004300,language_specific_ja,ja,-2.8412647247314453
language_specific_ja_004616,language_specific_ja,ja,-5.065000057220459
language_specific_ja_005130,language_specific_ja,ja,-4.597344875335693
language_specific_ja_005787,language_specific_ja,ja,-5.5777387619018555
language_specific_ja_005997,language_specific_ja,ja,-3.8657991886138916
language_specific_ja_006412,language_specific_ja,ja,-1.8460676670074463
language_specific_ja_006475,language_specific_ja,ja,-20.062641143798828
language_specific_ja_007081,language_specific_ja,ja,-11.001888275146484
language_specific_ja_007244,language_specific_ja,ja,-13.596179008483887
language_specific_ja_007652,language_specific_ja,ja,-0.33361026644706726
language_specific_ja_007845,language_specific_ja,ja,-13.49493408203125
language_specific_ja_000043,language_specific_ja,ja,-19.92756462097168
language_specific_ja_000105,language_specific_ja,ja,-0.29508715867996216
language_specific_ja_000410,language_specific_ja,ja,-3.8332908153533936
language_specific_ja_001019,language_specific_ja,ja,-12.959051132202148
language_specific_ja_002375,language_specific_ja,ja,-9.997416496276855
language_specific_ja_002940,language_specific_ja,ja,-2.175481081008911
language_specific_ja_003059,language_specific_ja,ja,-9.73829174041748
language_specific_ja_003418,language_specific_ja,ja,-11.737483024597168
language_specific_ja_003539,language_specific_ja,ja,-6.439266204833984
language_specific_ja_004996,language_specific_ja,ja,-6.701732158660889
language_specific_ja_005155,language_specific_ja,ja,-7.950423717498779
language_specific_ja_005277,language_specific_ja,ja,-3.8857765197753906
language_specific_ja_005314,language_specific_ja,ja,-7.791759490966797
language_specific_ja_005444,language_specific_ja,ja,-7.113105297088623
language_specific_ja_005456,language_specific_ja,ja,-3.5963499546051025
language_specific_ja_005715,language_specific_ja,ja,-1.1528735160827637
language_specific_ja_005967,language_specific_ja,ja,-5.688436985015869
language_specific_ja_005972,language_specific_ja,ja,-8.673722267150879
language_specific_ja_006051,language_specific_ja,ja,-7.482364177703857
language_specific_ja_006142,language_specific_ja,ja,-5.090059757232666
language_specific_ja_006595,language_specific_ja,ja,-8.87537956237793
language_specific_ja_006707,language_specific_ja,ja,-5.729909420013428
language_specific_ja_006795,language_specific_ja,ja,-8.815690994262695
language_specific_ja_006838,language_specific_ja,ja,-4.387693405151367
language_specific_ja_000022,language_specific_ja,ja,-3.6821532249450684
language_specific_ja_000414,language_specific_ja,ja,-13.423551559448242
language_specific_ja_000639,language_specific_ja,ja,-5.054220199584961
language_specific_ja_001780,language_specific_ja,ja,-0.9997044205665588
language_specific_ja_002028,language_specific_ja,ja,-20.392982482910156
language_specific_ja_002129,language_specific_ja,ja,-13.581905364990234
language_specific_ja_003687,language_specific_ja,ja,-10.821850776672363
language_specific_ja_003746,language_specific_ja,ja,-5.50172758102417
language_specific_ja_005720,language_specific_ja,ja,-4.925271987915039
language_specific_ja_005969,language_specific_ja,ja,-7.047718524932861
language_specific_ja_006576,language_specific_ja,ja,-9.209089279174805
language_specific_ja_007185,language_specific_ja,ja,-9.265398025512695
language_specific_ja_007273,language_specific_ja,ja,-5.421298027038574
language_specific_ja_000769,language_specific_ja,ja,-5.372398376464844
language_specific_ja_000805,language_specific_ja,ja,-7.15395975112915
language_specific_ja_001018,language_specific_ja,ja,-7.773190498352051
language_specific_ja_001376,language_specific_ja,ja,-7.2384209632873535
language_specific_ja_001793,language_specific_ja,ja,-21.625202178955078
language_specific_ja_002063,language_specific_ja,ja,-7.943567276000977
language_specific_ja_003204,language_specific_ja,ja,-2.0293471813201904
language_specific_ja_003836,language_specific_ja,ja,-6.340512275695801
language_specific_ja_003870,language_specific_ja,ja,-8.856790542602539
language_specific_ja_005608,language_specific_ja,ja,-9.018247604370117
language_specific_ja_006096,language_specific_ja,ja,-1.1511433124542236
language_specific_ja_006134,language_specific_ja,ja,-5.988043308258057
language_specific_ja_007364,language_specific_ja,ja,-7.162790298461914
language_specific_ja_007446,language_specific_ja,ja,-4.238094806671143
language_specific_ja_007511,language_specific_ja,ja,-3.5451982021331787
language_specific_ja_005599,language_specific_ja,ja,-4.9248881340026855
language_specific_ja_005313,language_specific_ja,ja,-6.213494777679443
language_specific_ja_003549,language_specific_ja,ja,-4.516189098358154
language_specific_ja_005171,language_specific_ja,ja,-21.67494010925293
language_specific_ja_005700,language_specific_ja,ja,-8.080114364624023
language_specific_ja_006138,language_specific_ja,ja,-7.415439128875732
language_specific_ja_003209,language_specific_ja,ja,-9.074136734008789
language_specific_ja_004543,language_specific_ja,ja,-4.435790061950684
language_specific_ja_000395,language_specific_ja,ja,-14.546714782714844
language_specific_ja_000784,language_specific_ja,ja,-2.7163944244384766
language_specific_ja_000884,language_specific_ja,ja,-9.631895065307617
language_specific_ja_005284,language_specific_ja,ja,-12.7433500289917
language_specific_ja_006121,language_specific_ja,ja,-2.6987574100494385
language_specific_ja_001835,language_specific_ja,ja,-13.129164695739746
language_specific_ja_001388,language_specific_ja,ja,-8.232841491699219
language_specific_ja_003922,language_specific_ja,ja,-7.54814338684082
language_specific_ja_001461,language_specific_ja,ja,-5.2606024742126465
language_specific_ja_002936,language_specific_ja,ja,-11.505435943603516
language_specific_ja_002411,language_specific_ja,ja,-5.069924831390381
language_specific_ja_004927,language_specific_ja,ja,-10.776906967163086
language_specific_ja_004968,language_specific_ja,ja,-8.864437103271484
language_specific_ja_005054,language_specific_ja,ja,-11.148292541503906
language_specific_ja_005653,language_specific_ja,ja,-4.132927417755127
language_specific_ja_000148,language_specific_ja,ja,-5.951526641845703
language_specific_ja_002687,language_specific_ja,ja,-7.077533721923828
language_specific_ja_003352,language_specific_ja,ja,-2.8230531215667725
language_specific_ja_002829,language_specific_ja,ja,-3.3704090118408203
language_specific_ja_003407,language_specific_ja,ja,-7.240503787994385
language_specific_ja_001392,language_specific_ja,ja,-6.9940690994262695
language_specific_ja_004578,language_specific_ja,ja,-8.505763053894043
language_specific_ja_003202,language_specific_ja,ja,-21.879314422607422
language_specific_ja_001296,language_specific_ja,ja,-9.823647499084473
language_specific_ja_003873,language_specific_ja,ja,-12.887429237365723
language_specific_ja_004274,language_specific_ja,ja,-5.824713230133057
language_specific_ja_005631,language_specific_ja,ja,-4.39572811126709
language_specific_ja_005505,language_specific_ja,ja,-8.947662353515625
language_specific_ja_002120,language_specific_ja,ja,-9.650431632995605
language_specific_ja_002121,language_specific_ja,ja,-14.250864028930664
language_specific_ja_003280,language_specific_ja,ja,-1.3386343717575073
language_specific_ja_003840,language_specific_ja,ja,-6.02499532699585
language_specific_ja_005048,language_specific_ja,ja,-8.037833213806152
language_specific_ja_005163,language_specific_ja,ja,-4.410663604736328
language_specific_ja_002724,language_specific_ja,ja,-6.3834991455078125
language_specific_ja_004191,language_specific_ja,ja,-20.348594665527344
language_specific_ja_004294,language_specific_ja,ja,-4.929581165313721
language_specific_ja_002550,language_specific_ja,ja,-8.643965721130371
language_specific_ja_002957,language_specific_ja,ja,-15.427080154418945
language_specific_ja_005035,language_specific_ja,ja,-7.288203716278076
language_specific_ja_005040,language_specific_ja,ja,-8.294742584228516
language_specific_ja_005289,language_specific_ja,ja,-23.723983764648438
language_specific_ja_003341,language_specific_ja,ja,-14.776874542236328
language_specific_ja_003762,language_specific_ja,ja,-10.102256774902344
language_specific_ja_005296,language_specific_ja,ja,-6.308312892913818
language_specific_ja_000330,language_specific_ja,ja,-17.482948303222656
language_specific_ja_004189,language_specific_ja,ja,-7.241189956665039
language_specific_ja_003328,language_specific_ja,ja,-7.380963325500488
language_specific_ja_005110,language_specific_ja,ja,-7.733694076538086
language_specific_ja_004970,language_specific_ja,ja,-12.757563591003418
language_specific_ja_004071,language_specific_ja,ja,-7.670027256011963
language_specific_ja_004155,language_specific_ja,ja,-12.42599868774414
language_specific_ja_000048,language_specific_ja,ja,-17.57564926147461
language_specific_ja_000677,language_specific_ja,ja,-10.514937400817871
language_specific_ja_003157,language_specific_ja,ja,-5.004469394683838
language_specific_ja_005059,language_specific_ja,ja,-29.003507614135742
language_specific_ja_005350,language_specific_ja,ja,-6.627758979797363
language_specific_ja_002588,language_specific_ja,ja,-9.921996116638184
language_specific_ja_001992,language_specific_ja,ja,-10.27740478515625
language_specific_ja_006060,language_specific_ja,ja,-6.7461395263671875
language_specific_ja_003448,language_specific_ja,ja,-7.321162700653076
language_specific_ja_002799,language_specific_ja,ja,-3.747504234313965
language_specific_ja_002378,language_specific_ja,ja,-5.6259331703186035
language_specific_ja_002441,language_specific_ja,ja,-8.038888931274414
language_specific_ja_004875,language_specific_ja,ja,-13.114215850830078
language_specific_ja_003527,language_specific_ja,ja,-6.314538478851318
language_specific_ja_000314,language_specific_ja,ja,-10.500253677368164
language_specific_ja_005809,language_specific_ja,ja,-3.7473485469818115
language_specific_ja_000980,language_specific_ja,ja,-3.6254091262817383
language_specific_ja_001671,language_specific_ja,ja,-4.428937911987305
language_specific_ja_001714,language_specific_ja,ja,-7.820906639099121
language_specific_ja_001784,language_specific_ja,ja,-1.0474724769592285
language_specific_ja_002004,language_specific_ja,ja,-2.185420513153076
language_specific_ja_002340,language_specific_ja,ja,-3.824800491333008
language_specific_ja_002694,language_specific_ja,ja,-6.067414283752441
language_specific_ja_002700,language_specific_ja,ja,-1.9623193740844727
language_specific_ja_002941,language_specific_ja,ja,-8.744173049926758
language_specific_ja_003094,language_specific_ja,ja,-3.052400588989258
language_specific_ja_003672,language_specific_ja,ja,-10.449136734008789
language_specific_ja_003834,language_specific_ja,ja,-7.5319366455078125
language_specific_ja_003952,language_specific_ja,ja,-7.313705921173096
language_specific_ja_004038,language_specific_ja,ja,-0.6971107125282288
language_specific_ja_004815,language_specific_ja,ja,-2.7097890377044678
language_specific_ja_004911,language_specific_ja,ja,-6.040759563446045
language_specific_ja_004956,language_specific_ja,ja,-2.8965089321136475
language_specific_ja_005956,language_specific_ja,ja,-8.302661895751953
language_specific_ja_006143,language_specific_ja,ja,-8.81690788269043
language_specific_ja_006297,language_specific_ja,ja,-4.628072738647461
language_specific_ja_007255,language_specific_ja,ja,-6.0507612228393555
language_specific_ja_000873,language_specific_ja,ja,-4.239166259765625
language_specific_ja_001228,language_specific_ja,ja,-4.86580753326416
language_specific_ja_001616,language_specific_ja,ja,-6.480260848999023
language_specific_ja_001670,language_specific_ja,ja,-3.7664079666137695
language_specific_ja_002875,language_specific_ja,ja,-5.234322547912598
language_specific_ja_004925,language_specific_ja,ja,-5.469208717346191
language_specific_ja_005734,language_specific_ja,ja,-2.6496381759643555
language_specific_ja_005735,language_specific_ja,ja,-3.5701119899749756
language_specific_ja_005839,language_specific_ja,ja,-6.140606880187988
language_specific_ja_006858,language_specific_ja,ja,-4.502140045166016
language_specific_ja_007439,language_specific_ja,ja,-7.121507167816162
language_specific_ja_007819,language_specific_ja,ja,-1.155311942100525
language_specific_ja_000335,language_specific_ja,ja,-6.938293933868408
language_specific_ja_000448,language_specific_ja,ja,-3.306811809539795
language_specific_ja_000654,language_specific_ja,ja,-13.627727508544922
language_specific_ja_002152,language_specific_ja,ja,-20.788646697998047
language_specific_ja_004397,language_specific_ja,ja,-3.9627292156219482
language_specific_ja_004615,language_specific_ja,ja,-7.858091354370117
language_specific_ja_005233,language_specific_ja,ja,-3.279010772705078
language_specific_ja_006501,language_specific_ja,ja,-13.937790870666504
language_specific_ja_001782,language_specific_ja,ja,-0.1273586004972458
language_specific_ja_003869,language_specific_ja,ja,-7.447110176086426
language_specific_ja_000821,language_specific_ja,ja,-6.500070095062256
language_specific_ja_001797,language_specific_ja,ja,-12.079445838928223
language_specific_ja_002629,language_specific_ja,ja,-4.815212726593018
language_specific_ja_002729,language_specific_ja,ja,-8.097738265991211
language_specific_ja_002912,language_specific_ja,ja,-7.112910747528076
language_specific_ja_003213,language_specific_ja,ja,-5.4548020362854
language_specific_ja_004133,language_specific_ja,ja,-9.228248596191406
language_specific_ja_004343,language_specific_ja,ja,-5.485198020935059
language_specific_ja_005980,language_specific_ja,ja,-2.4134902954101562
language_specific_ja_006036,language_specific_ja,ja,-10.432689666748047
language_specific_ja_006488,language_specific_ja,ja,-2.5441884994506836
language_specific_ja_001236,language_specific_ja,ja,-1.385114073753357
language_specific_ja_001323,language_specific_ja,ja,-4.959537029266357
language_specific_ja_001618,language_specific_ja,ja,-5.0138702392578125
language_specific_ja_002103,language_specific_ja,ja,-8.012747764587402
language_specific_ja_002442,language_specific_ja,ja,-1.6393437385559082
language_specific_ja_003459,language_specific_ja,ja,-3.7881035804748535
language_specific_ja_004042,language_specific_ja,ja,-15.076695442199707
language_specific_ja_005282,language_specific_ja,ja,-6.373376846313477
language_specific_ja_005890,language_specific_ja,ja,-2.2123544216156006
language_specific_ja_006029,language_specific_ja,ja,-2.1409618854522705
language_specific_ja_006749,language_specific_ja,ja,-4.153735160827637
language_specific_ja_006977,language_specific_ja,ja,-5.858619689941406
language_specific_ja_007583,language_specific_ja,ja,-8.966506958007812
language_specific_ja_002014,language_specific_ja,ja,-5.610594272613525
language_specific_ja_003517,language_specific_ja,ja,-3.999934434890747
language_specific_ja_003617,language_specific_ja,ja,-6.670491695404053
language_specific_ja_003927,language_specific_ja,ja,-10.836203575134277
language_specific_ja_004328,language_specific_ja,ja,-4.6500654220581055
language_specific_ja_004795,language_specific_ja,ja,-5.4915547370910645
language_specific_ja_005652,language_specific_ja,ja,-4.198325157165527
language_specific_ja_007681,language_specific_ja,ja,-4.485570430755615
language_specific_ja_000673,language_specific_ja,ja,-11.03629207611084
language_specific_ja_000782,language_specific_ja,ja,-7.768805503845215
language_specific_ja_001522,language_specific_ja,ja,-15.942699432373047
language_specific_ja_001623,language_specific_ja,ja,-8.678059577941895
language_specific_ja_001924,language_specific_ja,ja,-4.659199237823486
language_specific_ja_002056,language_specific_ja,ja,-1.702755331993103
language_specific_ja_002351,language_specific_ja,ja,-3.4778339862823486
language_specific_ja_002352,language_specific_ja,ja,-4.736762523651123
language_specific_ja_004171,language_specific_ja,ja,-9.869348526000977
language_specific_ja_005208,language_specific_ja,ja,-8.474127769470215
language_specific_ja_005629,language_specific_ja,ja,-12.450740814208984
language_specific_ja_006012,language_specific_ja,ja,-6.359187602996826
language_specific_ja_006933,language_specific_ja,ja,-12.896505355834961
language_specific_ja_006945,language_specific_ja,ja,-4.513916015625
language_specific_ja_007853,language_specific_ja,ja,-4.68834924697876
language_specific_ja_001241,language_specific_ja,ja,-7.006800651550293
language_specific_ja_001617,language_specific_ja,ja,-6.14730167388916
language_specific_ja_004291,language_specific_ja,ja,-6.991106986999512
language_specific_ja_006394,language_specific_ja,ja,-3.7541019916534424
language_specific_ja_006680,language_specific_ja,ja,-11.741540908813477
language_specific_ja_007237,language_specific_ja,ja,-4.2627763748168945
language_specific_ja_007566,language_specific_ja,ja,-6.279220104217529
language_specific_ja_000262,language_specific_ja,ja,-2.616024971008301
language_specific_ja_001615,language_specific_ja,ja,-8.501449584960938
language_specific_ja_001799,language_specific_ja,ja,-9.474773406982422
language_specific_ja_006363,language_specific_ja,ja,-9.764144897460938
language_specific_ja_006493,language_specific_ja,ja,-5.0045366287231445
language_specific_ja_006580,language_specific_ja,ja,-5.279351711273193
language_specific_ja_007632,language_specific_ja,ja,-3.993957281112671
language_specific_ja_007741,language_specific_ja,ja,-4.727339267730713
language_specific_ja_000322,language_specific_ja,ja,-6.197853088378906
language_specific_ja_000532,language_specific_ja,ja,-2.616016149520874
language_specific_ja_002348,language_specific_ja,ja,-3.450392484664917
language_specific_ja_004220,language_specific_ja,ja,-3.1079254150390625
language_specific_ja_004363,language_specific_ja,ja,-1.8529539108276367
language_specific_ja_004407,language_specific_ja,ja,-2.2308197021484375
language_specific_ja_005017,language_specific_ja,ja,-7.195117950439453
language_specific_ja_005878,language_specific_ja,ja,-6.665105819702148
language_specific_ja_006353,language_specific_ja,ja,-5.579434871673584
language_specific_ja_006361,language_specific_ja,ja,-4.109956741333008
language_specific_ja_006533,language_specific_ja,ja,-4.0896735191345215
language_specific_ja_006872,language_specific_ja,ja,-3.8942627906799316
language_specific_ja_007240,language_specific_ja,ja,-7.374960899353027
language_specific_ja_000333,language_specific_ja,ja,-10.390301704406738
language_specific_ja_001903,language_specific_ja,ja,-7.084799766540527
language_specific_ja_003109,language_specific_ja,ja,-3.3373379707336426
language_specific_ja_003175,language_specific_ja,ja,-4.6310553550720215
language_specific_ja_004238,language_specific_ja,ja,-6.0798163414001465
language_specific_ja_006778,language_specific_ja,ja,-11.801655769348145
language_specific_ja_006806,language_specific_ja,ja,-6.742122173309326
language_specific_ja_006935,language_specific_ja,ja,-3.318326473236084
language_specific_ja_007207,language_specific_ja,ja,-4.358229637145996
language_specific_ja_000710,language_specific_ja,ja,-2.869739055633545
language_specific_ja_001858,language_specific_ja,ja,-5.064957618713379
language_specific_ja_004223,language_specific_ja,ja,-1.1034018993377686
language_specific_ja_004758,language_specific_ja,ja,-5.314762592315674
language_specific_ja_007429,language_specific_ja,ja,-0.9434374570846558
language_specific_ja_007530,language_specific_ja,ja,-6.930296897888184
language_specific_ja_000744,language_specific_ja,ja,-6.81233024597168
language_specific_ja_001778,language_specific_ja,ja,-0.6566063165664673
language_specific_ja_002009,language_specific_ja,ja,-6.169576644897461
language_specific_ja_002102,language_specific_ja,ja,-2.709237575531006
language_specific_ja_002772,language_specific_ja,ja,-5.1610283851623535
language_specific_ja_002839,language_specific_ja,ja,-11.145511627197266
language_specific_ja_003949,language_specific_ja,ja,-5.762764930725098
language_specific_ja_004097,language_specific_ja,ja,-2.5156478881835938
language_specific_ja_004944,language_specific_ja,ja,-9.97873592376709
language_specific_ja_005861,language_specific_ja,ja,-8.60429573059082
language_specific_ja_006041,language_specific_ja,ja,-7.060340881347656
language_specific_ja_006354,language_specific_ja,ja,-3.9038848876953125
language_specific_ja_006486,language_specific_ja,ja,-11.190726280212402
language_specific_ja_006958,language_specific_ja,ja,-3.4540536403656006
language_specific_ja_007229,language_specific_ja,ja,-10.991469383239746
language_specific_ja_007376,language_specific_ja,ja,-8.82259750366211
language_specific_ja_007708,language_specific_ja,ja,-5.3181962966918945
language_specific_ja_007744,language_specific_ja,ja,-7.223826885223389
language_specific_ja_007746,language_specific_ja,ja,-3.0588316917419434
language_specific_ja_007765,language_specific_ja,ja,-9.3915376663208
language_specific_ja_003260,language_specific_ja,ja,-5.81264066696167
language_specific_ja_001750,language_specific_ja,ja,-17.223175048828125
language_specific_ja_002059,language_specific_ja,ja,-5.562735557556152
language_specific_ja_002788,language_specific_ja,ja,-7.778720855712891
language_specific_ja_003239,language_specific_ja,ja,-10.90713882446289
language_specific_ja_004414,language_specific_ja,ja,-4.571001052856445
language_specific_ja_005150,language_specific_ja,ja,-6.715035438537598
language_specific_ja_005939,language_specific_ja,ja,-6.394561290740967
language_specific_ja_006133,language_specific_ja,ja,-2.495177745819092
language_specific_ja_006668,language_specific_ja,ja,-5.482663631439209
language_specific_ja_006772,language_specific_ja,ja,-1.3290907144546509
language_specific_ja_007292,language_specific_ja,ja,-2.1577706336975098
language_specific_ja_000423,language_specific_ja,ja,-8.994220733642578
language_specific_ja_000644,language_specific_ja,ja,-2.407630681991577
language_specific_ja_001872,language_specific_ja,ja,-6.302003860473633
language_specific_ja_001886,language_specific_ja,ja,-6.569578647613525
language_specific_ja_004976,language_specific_ja,ja,-2.7829928398132324
language_specific_ja_005527,language_specific_ja,ja,-7.8580241203308105
language_specific_ja_006209,language_specific_ja,ja,-6.924954414367676
language_specific_ja_007251,language_specific_ja,ja,-6.841446876525879
language_specific_ja_000141,language_specific_ja,ja,-4.966293811798096
language_specific_ja_001962,language_specific_ja,ja,-14.395112991333008
language_specific_ja_002032,language_specific_ja,ja,-3.3776769638061523
language_specific_ja_002366,language_specific_ja,ja,-14.791678428649902
language_specific_ja_005202,language_specific_ja,ja,-13.532014846801758
language_specific_ja_007441,language_specific_ja,ja,-3.2634284496307373
language_specific_ja_007493,language_specific_ja,ja,-4.523133754730225
language_specific_ja_007650,language_specific_ja,ja,-8.891532897949219
language_specific_ja_000120,language_specific_ja,ja,-2.626845359802246
language_specific_ja_000476,language_specific_ja,ja,-12.891818046569824
language_specific_ja_001158,language_specific_ja,ja,-5.011440753936768
language_specific_ja_001197,language_specific_ja,ja,-11.64264965057373
language_specific_ja_001807,language_specific_ja,ja,-8.102043151855469
language_specific_ja_002326,language_specific_ja,ja,-6.702960014343262
language_specific_ja_003884,language_specific_ja,ja,-3.262079954147339
language_specific_ja_004118,language_specific_ja,ja,-5.0437397956848145
language_specific_ja_005318,language_specific_ja,ja,-5.700040340423584
language_specific_ja_006087,language_specific_ja,ja,-4.528769016265869
language_specific_ja_006805,language_specific_ja,ja,-4.685596466064453
language_specific_ja_007094,language_specific_ja,ja,-5.857638835906982
language_specific_ja_007496,language_specific_ja,ja,-4.767477989196777
language_specific_ja_007524,language_specific_ja,ja,-5.199664115905762
language_specific_ja_000637,language_specific_ja,ja,-3.362267255783081
language_specific_ja_000670,language_specific_ja,ja,-7.826323986053467
language_specific_ja_002343,language_specific_ja,ja,-11.162626266479492
language_specific_ja_002869,language_specific_ja,ja,-25.812610626220703
language_specific_ja_005674,language_specific_ja,ja,-4.366094589233398
language_specific_ja_005990,language_specific_ja,ja,-12.066893577575684
language_specific_ja_006825,language_specific_ja,ja,-6.306535243988037
language_specific_ja_006844,language_specific_ja,ja,-5.336986541748047
language_specific_ja_007801,language_specific_ja,ja,-0.22935694456100464
language_specific_ja_001544,language_specific_ja,ja,-4.93546724319458
language_specific_ja_001912,language_specific_ja,ja,-3.6569159030914307
language_specific_ja_002914,language_specific_ja,ja,-9.201651573181152
language_specific_ja_004306,language_specific_ja,ja,-8.310070991516113
language_specific_ja_005713,language_specific_ja,ja,-7.673725128173828
language_specific_ja_005981,language_specific_ja,ja,-3.3202576637268066
language_specific_ja_000968,language_specific_ja,ja,-0.0012889826903119683
language_specific_ja_001049,language_specific_ja,ja,-2.8064849376678467
language_specific_ja_003945,language_specific_ja,ja,-4.943613529205322
language_specific_ja_004475,language_specific_ja,ja,-7.467765808105469
language_specific_ja_004824,language_specific_ja,ja,-5.527770519256592
language_specific_ja_005217,language_specific_ja,ja,-4.2279133796691895
language_specific_ja_005337,language_specific_ja,ja,-2.643172264099121
language_specific_ja_006925,language_specific_ja,ja,-3.917886734008789
language_specific_ja_007097,language_specific_ja,ja,-3.957702159881592
language_specific_ja_007348,language_specific_ja,ja,-4.0017476081848145
language_specific_ja_000176,language_specific_ja,ja,-5.406129360198975
language_specific_ja_000961,language_specific_ja,ja,-6.599520683288574
language_specific_ja_002191,language_specific_ja,ja,-5.507541179656982
language_specific_ja_002985,language_specific_ja,ja,-12.603549003601074
language_specific_ja_003712,language_specific_ja,ja,-13.083549499511719
language_specific_ja_003905,language_specific_ja,ja,-2.711005926132202
language_specific_ja_004292,language_specific_ja,ja,-6.280346393585205
language_specific_ja_004537,language_specific_ja,ja,-0.7160983085632324
language_specific_ja_004611,language_specific_ja,ja,-5.9142913818359375
language_specific_ja_006948,language_specific_ja,ja,-5.386096000671387
language_specific_ja_007860,language_specific_ja,ja,-8.073600769042969
language_specific_ja_006648,language_specific_ja,ja,-15.15217113494873
language_specific_ja_000604,language_specific_ja,ja,-12.717361450195312
language_specific_ja_001198,language_specific_ja,ja,-8.381986618041992
language_specific_ja_002498,language_specific_ja,ja,-4.430856227874756
language_specific_ja_005251,language_specific_ja,ja,-4.4798359870910645
language_specific_ja_007140,language_specific_ja,ja,-7.260829925537109
language_specific_ja_000171,language_specific_ja,ja,-5.206579208374023
language_specific_ja_002380,language_specific_ja,ja,-12.513651847839355
language_specific_ja_003755,language_specific_ja,ja,-9.574568748474121
language_specific_ja_005484,language_specific_ja,ja,-11.832871437072754
language_specific_ja_006790,language_specific_ja,ja,-9.7649507522583
language_specific_ja_000935,language_specific_ja,ja,-4.769740581512451
language_specific_ja_003590,language_specific_ja,ja,-5.447412014007568
language_specific_ja_004701,language_specific_ja,ja,-12.906482696533203
language_specific_ja_002406,language_specific_ja,ja,-14.878844261169434
language_specific_ja_004891,language_specific_ja,ja,-6.650694847106934
language_specific_ja_005015,language_specific_ja,ja,-12.068110466003418
language_specific_ja_002896,language_specific_ja,ja,-11.924464225769043
language_specific_ja_004440,language_specific_ja,ja,-15.442529678344727
language_specific_ja_000507,language_specific_ja,ja,-4.9181718826293945
language_specific_ja_004457,language_specific_ja,ja,-14.823220252990723
language_specific_ja_001634,language_specific_ja,ja,-2.883638620376587
language_specific_ja_007087,language_specific_ja,ja,-16.127418518066406
language_specific_ja_000975,language_specific_ja,ja,-7.373855113983154
language_specific_ja_005216,language_specific_ja,ja,-6.223968505859375
language_specific_ja_004214,language_specific_ja,ja,-10.336520195007324
language_specific_ja_000413,language_specific_ja,ja,-7.040423393249512
language_specific_ja_001359,language_specific_ja,ja,-16.255603790283203
language_specific_ja_003158,language_specific_ja,ja,-6.193763256072998
language_specific_ja_004928,language_specific_ja,ja,-11.318597793579102
language_specific_ja_000584,language_specific_ja,ja,-13.095076560974121
language_specific_ja_006110,language_specific_ja,ja,-3.785761833190918
language_specific_ja_000651,language_specific_ja,ja,-7.356714248657227
language_specific_ja_006762,language_specific_ja,ja,-13.83551025390625
language_specific_ja_004208,language_specific_ja,ja,-6.980456352233887
language_specific_ja_003815,language_specific_ja,ja,-11.793437004089355
language_specific_ja_000866,language_specific_ja,ja,-3.226759433746338
language_specific_ja_004627,language_specific_ja,ja,-19.767704010009766
language_specific_ja_002204,language_specific_ja,ja,-3.0624027252197266
language_specific_ja_000867,language_specific_ja,ja,-7.517478942871094
language_specific_ja_004705,language_specific_ja,ja,-10.680295944213867
language_specific_ja_002178,language_specific_ja,ja,-10.616718292236328
language_specific_ja_003040,language_specific_ja,ja,-19.007057189941406
language_specific_ja_003856,language_specific_ja,ja,-20.193805694580078
language_specific_ja_004626,language_specific_ja,ja,-8.056824684143066
language_specific_ja_003862,language_specific_ja,ja,-10.286768913269043
language_specific_ja_004776,language_specific_ja,ja,-12.2379150390625
language_specific_ja_000117,language_specific_ja,ja,-7.742654323577881
language_specific_ja_000286,language_specific_ja,ja,-14.398699760437012
language_specific_ja_006053,language_specific_ja,ja,-3.7503840923309326
language_specific_ja_006279,language_specific_ja,ja,-7.177529335021973
language_specific_ja_000817,language_specific_ja,ja,-8.523988723754883
language_specific_ja_001534,language_specific_ja,ja,-9.884123802185059
language_specific_ja_001579,language_specific_ja,ja,-6.694384574890137
language_specific_ja_003270,language_specific_ja,ja,-6.454730987548828
language_specific_ja_001104,language_specific_ja,ja,-6.844738960266113
language_specific_ja_001163,language_specific_ja,ja,-12.88015079498291
language_specific_ja_007227,language_specific_ja,ja,-6.775223731994629
language_specific_ja_000865,language_specific_ja,ja,-9.54194450378418
language_specific_ja_006068,language_specific_ja,ja,-12.855376243591309
language_specific_ja_000095,language_specific_ja,ja,-10.062934875488281
language_specific_ja_000609,language_specific_ja,ja,-4.637049674987793
language_specific_ja_003261,language_specific_ja,ja,-7.92165994644165
language_specific_ja_000329,language_specific_ja,ja,-13.660221099853516
language_specific_ja_004324,language_specific_ja,ja,-2.18462872505188
language_specific_ja_003078,language_specific_ja,ja,-4.244998455047607
language_specific_ja_003419,language_specific_ja,ja,-10.363996505737305
language_specific_ja_005758,language_specific_ja,ja,-6.6212158203125
language_specific_ja_005784,language_specific_ja,ja,-8.481229782104492
language_specific_ja_000318,language_specific_ja,ja,-8.0017671585083
language_specific_ja_001740,language_specific_ja,ja,-20.59271240234375
language_specific_ja_003184,language_specific_ja,ja,-7.565167427062988
language_specific_ja_000367,language_specific_ja,ja,-12.385292053222656
language_specific_ja_002877,language_specific_ja,ja,-6.375393390655518
language_specific_ja_003179,language_specific_ja,ja,-4.060092926025391
language_specific_ja_005703,language_specific_ja,ja,-9.440526008605957
language_specific_ja_001619,language_specific_ja,ja,-2.5398120880126953
language_specific_ja_003046,language_specific_ja,ja,-5.53619384765625
language_specific_ja_002836,language_specific_ja,ja,-5.921146392822266
language_specific_ja_004989,language_specific_ja,ja,-3.8902807235717773
language_specific_ja_005888,language_specific_ja,ja,-8.666495323181152
language_specific_ja_000643,language_specific_ja,ja,-1.0713165998458862
language_specific_ja_004947,language_specific_ja,ja,-15.273421287536621
language_specific_ja_000816,language_specific_ja,ja,-4.51245641708374
language_specific_ja_001788,language_specific_ja,ja,-6.021378993988037
language_specific_ja_006054,language_specific_ja,ja,-3.702238082885742
language_specific_ja_006210,language_specific_ja,ja,-4.31362247467041
language_specific_ja_001717,language_specific_ja,ja,-8.66555404663086
language_specific_ja_005068,language_specific_ja,ja,-4.2653489112854
language_specific_ja_003033,language_specific_ja,ja,-8.413366317749023
language_specific_ja_001321,language_specific_ja,ja,-3.866821527481079
language_specific_ja_005938,language_specific_ja,ja,-4.997499465942383
language_specific_ja_000649,language_specific_ja,ja,-9.394906997680664
language_specific_ja_004383,language_specific_ja,ja,-11.750288009643555
language_specific_ja_003068,language_specific_ja,ja,-5.713293552398682
language_specific_ja_005895,language_specific_ja,ja,-3.5047860145568848
language_specific_ja_002213,language_specific_ja,ja,-4.252122402191162
language_specific_ja_002988,language_specific_ja,ja,-5.479435443878174
language_specific_ja_005241,language_specific_ja,ja,-10.085617065429688
language_specific_ja_005376,language_specific_ja,ja,-2.043900728225708
language_specific_ja_000616,language_specific_ja,ja,-16.110231399536133
language_specific_ja_004392,language_specific_ja,ja,-7.275155067443848
language_specific_ja_004980,language_specific_ja,ja,-4.520959854125977
language_specific_ja_003859,language_specific_ja,ja,-9.187881469726562
language_specific_ja_000277,language_specific_ja,ja,-7.254034996032715
language_specific_ja_000287,language_specific_ja,ja,-11.937697410583496
language_specific_ja_000394,language_specific_ja,ja,-6.493273735046387
language_specific_ja_005047,language_specific_ja,ja,-8.874456405639648
language_specific_ja_005086,language_specific_ja,ja,-13.953834533691406
language_specific_ja_001744,language_specific_ja,ja,-13.784610748291016
language_specific_ja_002173,language_specific_ja,ja,-4.109701156616211
language_specific_ja_005317,language_specific_ja,ja,-7.323685646057129
language_specific_ja_000308,language_specific_ja,ja,-9.523426055908203
language_specific_ja_000993,language_specific_ja,ja,-10.190214157104492
language_specific_ja_000492,language_specific_ja,ja,-16.131607055664062
language_specific_ja_001582,language_specific_ja,ja,-25.367897033691406
language_specific_ja_001933,language_specific_ja,ja,-9.544148445129395
language_specific_ja_002332,language_specific_ja,ja,-12.752004623413086
language_specific_ja_003356,language_specific_ja,ja,-6.705184459686279
language_specific_ja_004062,language_specific_ja,ja,-12.216033935546875
language_specific_ja_000280,language_specific_ja,ja,-7.546933174133301
language_specific_ja_000678,language_specific_ja,ja,-8.786490440368652
language_specific_ja_000903,language_specific_ja,ja,-6.891433238983154
language_specific_ja_001332,language_specific_ja,ja,-0.1840844601392746
language_specific_ja_001516,language_specific_ja,ja,-11.57332992553711
language_specific_ja_002320,language_specific_ja,ja,-8.086662292480469
language_specific_ja_002728,language_specific_ja,ja,-17.839412689208984
language_specific_ja_002871,language_specific_ja,ja,-2.68826961517334
language_specific_ja_003208,language_specific_ja,ja,-8.378466606140137
language_specific_ja_003257,language_specific_ja,ja,-7.30268669128418
language_specific_ja_004172,language_specific_ja,ja,-0.6523329019546509
language_specific_ja_004248,language_specific_ja,ja,-6.769682884216309
language_specific_ja_004853,language_specific_ja,ja,-1.9799193143844604
language_specific_ja_005036,language_specific_ja,ja,-9.796627044677734
language_specific_ja_005156,language_specific_ja,ja,-5.446675777435303
language_specific_ja_005219,language_specific_ja,ja,-7.608786106109619
language_specific_ja_005873,language_specific_ja,ja,-4.597655296325684
language_specific_ja_006141,language_specific_ja,ja,-16.204965591430664
language_specific_ja_007445,language_specific_ja,ja,-3.5698342323303223
language_specific_ja_000089,language_specific_ja,ja,-8.529248237609863
language_specific_ja_000743,language_specific_ja,ja,-4.536159038543701
language_specific_ja_001587,language_specific_ja,ja,-10.84584903717041
language_specific_ja_001805,language_specific_ja,ja,-3.666301727294922
language_specific_ja_002083,language_specific_ja,ja,-3.019054412841797
language_specific_ja_002531,language_specific_ja,ja,-6.370164394378662
language_specific_ja_002790,language_specific_ja,ja,-1.967408537864685
language_specific_ja_003121,language_specific_ja,ja,-2.386600971221924
language_specific_ja_003506,language_specific_ja,ja,-1.3163024187088013
language_specific_ja_003735,language_specific_ja,ja,-6.56809139251709
language_specific_ja_005400,language_specific_ja,ja,-3.8797903060913086
language_specific_ja_007224,language_specific_ja,ja,-7.223789691925049
language_specific_ja_001204,language_specific_ja,ja,-6.319258213043213
language_specific_ja_001418,language_specific_ja,ja,-1.49019455909729
language_specific_ja_001434,language_specific_ja,ja,-5.780130863189697
language_specific_ja_001659,language_specific_ja,ja,-8.65757942199707
language_specific_ja_001687,language_specific_ja,ja,-2.184889316558838
language_specific_ja_002119,language_specific_ja,ja,-10.91196060180664
language_specific_ja_002205,language_specific_ja,ja,-2.3344640731811523
language_specific_ja_002297,language_specific_ja,ja,-14.413084030151367
language_specific_ja_002932,language_specific_ja,ja,-6.003483772277832
language_specific_ja_003535,language_specific_ja,ja,-11.819684028625488
language_specific_ja_003965,language_specific_ja,ja,-7.530470848083496
language_specific_ja_004672,language_specific_ja,ja,-5.702183246612549
language_specific_ja_004735,language_specific_ja,ja,-17.520816802978516
language_specific_ja_005243,language_specific_ja,ja,-2.5674500465393066
language_specific_ja_005518,language_specific_ja,ja,-1.450317621231079
language_specific_ja_005912,language_specific_ja,ja,-3.470665216445923
language_specific_ja_007352,language_specific_ja,ja,-3.9385244846343994
language_specific_ja_007768,language_specific_ja,ja,-4.6960248947143555
language_specific_ja_000149,language_specific_ja,ja,-8.901104927062988
language_specific_ja_000570,language_specific_ja,ja,-7.5011820793151855
language_specific_ja_000587,language_specific_ja,ja,-4.833719253540039
language_specific_ja_000729,language_specific_ja,ja,-9.579195976257324
language_specific_ja_000914,language_specific_ja,ja,-11.061468124389648
language_specific_ja_001220,language_specific_ja,ja,-6.136541366577148
language_specific_ja_001395,language_specific_ja,ja,-7.503101825714111
language_specific_ja_001432,language_specific_ja,ja,-9.447098731994629
language_specific_ja_001440,language_specific_ja,ja,-5.883301734924316
language_specific_ja_001604,language_specific_ja,ja,-7.018522262573242
language_specific_ja_001817,language_specific_ja,ja,-5.23796272277832
language_specific_ja_001828,language_specific_ja,ja,-1.678188443183899
language_specific_ja_002642,language_specific_ja,ja,-12.483485221862793
language_specific_ja_002781,language_specific_ja,ja,-4.965646266937256
language_specific_ja_002805,language_specific_ja,ja,-9.9443998336792
language_specific_ja_002828,language_specific_ja,ja,-1.6633527278900146
language_specific_ja_003097,language_specific_ja,ja,-4.97695255279541
language_specific_ja_003306,language_specific_ja,ja,-3.8777122497558594
language_specific_ja_003390,language_specific_ja,ja,-7.587191581726074
language_specific_ja_003434,language_specific_ja,ja,-8.91285514831543
language_specific_ja_003541,language_specific_ja,ja,-5.08574914932251
language_specific_ja_003654,language_specific_ja,ja,-2.16874098777771
language_specific_ja_003819,language_specific_ja,ja,-1.6471471786499023
language_specific_ja_003928,language_specific_ja,ja,-11.744344711303711
language_specific_ja_004299,language_specific_ja,ja,-9.304451942443848
language_specific_ja_004592,language_specific_ja,ja,-2.0617573261260986
language_specific_ja_004920,language_specific_ja,ja,-7.163117408752441
language_specific_ja_005085,language_specific_ja,ja,-3.240877151489258
language_specific_ja_005184,language_specific_ja,ja,-16.856502532958984
language_specific_ja_005340,language_specific_ja,ja,-2.8767926692962646
language_specific_ja_005440,language_specific_ja,ja,-5.996158599853516
language_specific_ja_005516,language_specific_ja,ja,-2.03727388381958
language_specific_ja_005587,language_specific_ja,ja,-6.632401466369629
language_specific_ja_005595,language_specific_ja,ja,-5.2998127937316895
language_specific_ja_005605,language_specific_ja,ja,-6.212270736694336
language_specific_ja_005905,language_specific_ja,ja,-6.159667015075684
language_specific_ja_005966,language_specific_ja,ja,-20.05684471130371
language_specific_ja_005982,language_specific_ja,ja,-3.1028332710266113
language_specific_ja_006893,language_specific_ja,ja,-3.8186984062194824
language_specific_ja_007724,language_specific_ja,ja,-2.504159450531006
language_specific_ja_000436,language_specific_ja,ja,-2.7922651767730713
language_specific_ja_000811,language_specific_ja,ja,-10.88048267364502
language_specific_ja_001546,language_specific_ja,ja,-11.904298782348633
language_specific_ja_001776,language_specific_ja,ja,-12.664680480957031
language_specific_ja_001917,language_specific_ja,ja,-5.939590930938721
language_specific_ja_002538,language_specific_ja,ja,-8.417352676391602
language_specific_ja_003165,language_specific_ja,ja,-18.23733901977539
language_specific_ja_003460,language_specific_ja,ja,-4.691734790802002
language_specific_ja_003670,language_specific_ja,ja,-7.184607028961182
language_specific_ja_005331,language_specific_ja,ja,-4.496138572692871
language_specific_ja_006193,language_specific_ja,ja,-9.635099411010742
