false_id,group,control_id,context_id,design_distance,max_standardized_gap
zh_ja_001,language_specific_zh,language_specific_zh_001762,13285174,0.0,0.0
zh_ja_001,language_specific_zh,language_specific_zh_003513,4547227,0.0,0.0
zh_ja_001,language_specific_zh,language_specific_zh_005877,349260,0.0,0.0
zh_ja_001,language_specific_zh,language_specific_zh_005921,5551158,0.0,0.0
zh_ja_001,language_specific_zh,language_specific_zh_006486,864314,0.0,0.0
zh_ja_001,language_specific_zh,language_specific_zh_006568,1066607,0.0,0.0
zh_ja_001,language_specific_zh,language_specific_zh_006739,427606,0.0,0.0
zh_ja_001,language_specific_zh,language_specific_zh_006740,397539,0.0,0.0
zh_ja_001,language_specific_zh,language_specific_zh_006883,1187315,0.0,0.0
zh_ja_001,language_specific_zh,language_specific_zh_004037,2031456,0.0002187081102151395,0.01478878325675035
zh_ja_001,language_specific_zh,language_specific_zh_000448,389806,0.00021870811021517834,0.014788783256751663
zh_ja_001,language_specific_zh,language_specific_zh_004485,2777914,0.00021870811021517834,0.014788783256751663
zh_ja_001,language_specific_zh,language_specific_zh_004900,429399,0.00021870811021517834,0.014788783256751663
zh_ja_001,language_specific_zh,language_specific_zh_006553,10019601,0.00021870811021517834,0.014788783256751663
zh_ja_001,language_specific_zh,language_specific_zh_007474,5595181,0.00021870811021517834,0.014788783256751663
zh_ja_001,language_specific_zh,language_specific_zh_000824,993737,0.000874832440860558,0.0295775665135007
zh_ja_001,language_specific_zh,language_specific_zh_006565,3695123,0.0008748324408606355,0.02957756651350201
zh_ja_001,language_specific_zh,language_specific_zh_006898,13950581,0.0008748324408606355,0.02957756651350201
zh_ja_001,language_specific_zh,language_specific_zh_000262,333504,0.0019683729919362553,0.04436634977025105
zh_ja_001,language_specific_zh,language_specific_zh_000784,1372514,0.0019683729919362553,0.04436634977025105
zh_ja_001,language_specific_zh,language_specific_zh_000790,332847,0.0019683729919362553,0.04436634977025105
zh_ja_001,language_specific_zh,language_specific_zh_002603,812567,0.0019683729919362553,0.04436634977025105
zh_ja_001,language_specific_zh,language_specific_zh_003698,335857,0.0019683729919362553,0.04436634977025105
zh_ja_001,language_specific_zh,language_specific_zh_000208,502701,0.001968372991936372,0.04436634977025236
zh_ja_001,language_specific_zh,language_specific_zh_005310,332762,0.001968372991936372,0.04436634977025236
zh_ja_001,language_specific_zh,language_specific_zh_006794,466076,0.001968372991936372,0.04436634977025236
zh_ja_001,language_specific_zh,language_specific_zh_004173,406730,0.003499329763442232,0.0591551330270014
zh_ja_001,language_specific_zh,language_specific_zh_005481,4311032,0.003499329763442232,0.0591551330270014
zh_ja_001,language_specific_zh,language_specific_zh_004023,4267339,0.003499329763442387,0.05915513302700271
zh_ja_001,language_specific_zh,language_specific_zh_001769,805557,0.005467702755378681,0.07394391628375306
zh_ja_001,language_specific_zh,language_specific_zh_000305,1409391,0.005467702755378874,0.07394391628375437
zh_ja_001,language_specific_zh,language_specific_zh_001204,335016,0.005467702755378874,0.07394391628375437
zh_ja_001,language_specific_zh,language_specific_zh_004027,1577200,0.005467702755378874,0.07394391628375437
zh_ja_001,language_specific_zh,language_specific_zh_005637,8932552,0.005467702755378874,0.07394391628375437
zh_ja_001,language_specific_zh,language_specific_zh_007627,646553,0.005467702755378874,0.07394391628375437
zh_ja_001,language_specific_zh,language_specific_zh_005043,420648,0.007873491967745488,0.08873269954050472
zh_ja_001,language_specific_zh,language_specific_zh_006449,421258,0.007873491967745488,0.08873269954050472
zh_ja_001,language_specific_zh,language_specific_zh_007744,345751,0.007873491967745488,0.08873269954050472
zh_ja_001,language_specific_zh,language_specific_zh_001277,3630160,0.010716697400542107,0.10352148279725376
zh_ja_001,language_specific_zh,language_specific_zh_003069,343433,0.010716697400542107,0.10352148279725376
zh_ja_001,language_specific_zh,language_specific_zh_003695,13277825,0.010716697400542107,0.10352148279725376
zh_ja_001,language_specific_zh,language_specific_zh_004348,3378296,0.010716697400542107,0.10352148279725376
zh_ja_001,language_specific_zh,language_specific_zh_002926,10011705,0.010716697400542376,0.10352148279725507
zh_ja_001,language_specific_zh,language_specific_zh_003065,9810371,0.010716697400542376,0.10352148279725507
zh_ja_001,language_specific_zh,language_specific_zh_006789,8739618,0.010716697400542376,0.10352148279725507
zh_ja_001,language_specific_zh,language_specific_zh_006544,1750421,0.013997319053769235,0.1183102660540041
zh_ja_001,language_specific_zh,language_specific_zh_002984,4789609,0.013997319053769547,0.11831026605400542
zh_ja_001,language_specific_zh,language_specific_zh_002824,4270101,0.017715356927426998,0.13309904931075578
zh_ja_001,language_specific_zh,language_specific_zh_006195,335868,0.017715356927426998,0.13309904931075578
zh_ja_001,language_specific_zh,language_specific_zh_002038,993772,0.017715356927427345,0.13309904931075708
zh_ja_001,language_specific_zh,language_specific_zh_002519,9972802,0.017715356927427345,0.13309904931075708
zh_ja_001,language_specific_zh,language_specific_zh_004911,10041966,0.017715356927427345,0.13309904931075708
zh_ja_001,language_specific_zh,language_specific_zh_007197,3130823,0.017715356927427345,0.13309904931075708
zh_ja_001,language_specific_zh,language_specific_zh_000223,7771971,0.021870811021514724,0.14788783256750612
zh_ja_001,language_specific_zh,language_specific_zh_000302,5555553,0.021870811021514724,0.14788783256750612
zh_ja_001,language_specific_zh,language_specific_zh_003733,5585198,0.021870811021514724,0.14788783256750612
zh_ja_001,language_specific_zh,language_specific_zh_006962,1417554,0.021870811021514724,0.14788783256750612
zh_ja_001,language_specific_zh,language_specific_zh_007351,5670798,0.021870811021514724,0.14788783256750612
zh_ja_001,language_specific_zh,language_specific_zh_005204,345896,0.02187081102151511,0.14788783256750743
zh_ja_001,language_specific_zh,language_specific_zh_005970,347873,0.02187081102151511,0.14788783256750743
zh_ja_001,language_specific_zh,language_specific_zh_006670,818942,0.02187081102151511,0.14788783256750743
zh_ja_001,language_specific_zh,language_specific_zh_006785,2694363,0.02187081102151511,0.14788783256750743
zh_ja_001,language_specific_zh,language_specific_zh_001690,421242,0.02646368133603273,0.16267661582425647
zh_ja_001,language_specific_zh,language_specific_zh_002150,13943505,0.02646368133603273,0.16267661582425647
zh_ja_001,language_specific_zh,language_specific_zh_000868,829691,0.026463681336033152,0.16267661582425777
zh_ja_001,language_specific_zh,language_specific_zh_001176,8930163,0.026463681336033152,0.16267661582425777
zh_ja_001,language_specific_zh,language_specific_zh_002418,4844580,0.026463681336033152,0.16267661582425777
zh_ja_001,language_specific_zh,language_specific_zh_000143,420986,0.031493967870981014,0.1774653990810068
zh_ja_001,language_specific_zh,language_specific_zh_001223,9961259,0.031493967870981014,0.1774653990810068
zh_ja_001,language_specific_zh,language_specific_zh_002631,4265071,0.031493967870981014,0.1774653990810068
zh_ja_001,language_specific_zh,language_specific_zh_002907,811966,0.031493967870981014,0.1774653990810068
zh_ja_001,language_specific_zh,language_specific_zh_001013,2200465,0.031493967870981486,0.17746539908100814
zh_ja_001,language_specific_zh,language_specific_zh_001874,8725771,0.031493967870981486,0.17746539908100814
zh_ja_001,language_specific_zh,language_specific_zh_003441,469265,0.031493967870981486,0.17746539908100814
zh_ja_001,language_specific_zh,language_specific_zh_003855,2027916,0.031493967870981486,0.17746539908100814
zh_ja_001,language_specific_zh,language_specific_zh_004202,795768,0.031493967870981486,0.17746539908100814
zh_ja_001,language_specific_zh,language_specific_zh_005535,9965544,0.031493967870981486,0.17746539908100814
zh_ja_001,language_specific_zh,language_specific_zh_007727,420800,0.031493967870981486,0.17746539908100814
zh_ja_001,language_specific_zh,language_specific_zh_000729,2607385,0.036961670626360084,0.19225418233775848
zh_ja_001,language_specific_zh,language_specific_zh_003086,2915515,0.036961670626360084,0.19225418233775848
zh_ja_001,language_specific_zh,language_specific_zh_005825,1776815,0.036961670626360084,0.19225418233775848
zh_ja_001,language_specific_zh,language_specific_zh_006763,9837348,0.036961670626360084,0.19225418233775848
zh_ja_001,language_specific_zh,language_specific_zh_006793,2023470,0.036961670626360084,0.19225418233775848
zh_ja_001,language_specific_zh,language_specific_zh_002620,345434,0.03696167062636059,0.1922541823377598
zh_ja_001,language_specific_zh,language_specific_zh_006780,721050,0.03696167062636059,0.1922541823377598
zh_ja_001,language_specific_zh,language_specific_zh_001306,9780061,0.04286678960216896,0.20704296559450883
zh_ja_001,language_specific_zh,language_specific_zh_001764,2409686,0.04286678960216896,0.20704296559450883
zh_ja_001,language_specific_zh,language_specific_zh_000299,3081237,0.042866789602169504,0.20704296559451013
zh_ja_001,language_specific_zh,language_specific_zh_001824,2888093,0.042866789602169504,0.20704296559451013
zh_ja_001,language_specific_zh,language_specific_zh_002281,2581653,0.042866789602169504,0.20704296559451013
zh_ja_001,language_specific_zh,language_specific_zh_002405,2411824,0.042866789602169504,0.20704296559451013
zh_ja_001,language_specific_zh,language_specific_zh_004712,333155,0.042866789602169504,0.20704296559451013
zh_ja_001,language_specific_zh,language_specific_zh_005996,13632070,0.042866789602169504,0.20704296559451013
zh_ja_001,language_specific_zh,language_specific_zh_007732,2029461,0.042866789602169504,0.20704296559451013
zh_ja_001,language_specific_zh,language_specific_zh_001294,9955800,0.04920932479840812,0.22183174885125917
zh_ja_001,language_specific_zh,language_specific_zh_003981,334640,0.04920932479840812,0.22183174885125917
zh_ja_001,language_specific_zh,language_specific_zh_005092,810672,0.04920932479840812,0.22183174885125917
zh_ja_001,language_specific_zh,language_specific_zh_006446,421028,0.04920932479840812,0.22183174885125917
zh_ja_001,language_specific_zh,language_specific_zh_002548,2771098,0.04920932479840871,0.2218317488512605
zh_ja_001,language_specific_zh,language_specific_zh_005812,1314372,0.04920932479840871,0.2218317488512605
zh_ja_002,language_specific_zh,language_specific_zh_000600,10192361,0.0,0.0
zh_ja_002,language_specific_zh,language_specific_zh_001484,1738298,0.0,0.0
zh_ja_002,language_specific_zh,language_specific_zh_002113,9973005,0.0,0.0
zh_ja_002,language_specific_zh,language_specific_zh_002186,13788185,0.0,0.0
zh_ja_002,language_specific_zh,language_specific_zh_003784,425941,0.0,0.0
zh_ja_002,language_specific_zh,language_specific_zh_005827,2082971,0.0,0.0
zh_ja_002,language_specific_zh,language_specific_zh_007584,3630154,0.0,0.0
zh_ja_002,language_specific_zh,language_specific_zh_001807,8881255,0.0002187081102151395,0.01478878325675035
zh_ja_002,language_specific_zh,language_specific_zh_002228,380683,0.0002187081102151395,0.01478878325675035
zh_ja_002,language_specific_zh,language_specific_zh_004947,993759,0.0002187081102151395,0.01478878325675035
zh_ja_002,language_specific_zh,language_specific_zh_000864,1394990,0.000874832440860558,0.0295775665135007
zh_ja_002,language_specific_zh,language_specific_zh_003389,2422269,0.000874832440860558,0.0295775665135007
zh_ja_002,language_specific_zh,language_specific_zh_004338,819712,0.000874832440860558,0.0295775665135007
zh_ja_002,language_specific_zh,language_specific_zh_005375,466153,0.000874832440860558,0.0295775665135007
zh_ja_002,language_specific_zh,language_specific_zh_006062,8932466,0.000874832440860558,0.0295775665135007
zh_ja_002,language_specific_zh,language_specific_zh_007808,432896,0.0008748324408606355,0.02957756651350201
zh_ja_002,language_specific_zh,language_specific_zh_000533,334679,0.001968372991936372,0.04436634977025236
zh_ja_002,language_specific_zh,language_specific_zh_000859,1284184,0.001968372991936372,0.04436634977025236
zh_ja_002,language_specific_zh,language_specific_zh_002406,1866985,0.001968372991936372,0.04436634977025236
zh_ja_002,language_specific_zh,language_specific_zh_002849,2032287,0.001968372991936372,0.04436634977025236
zh_ja_002,language_specific_zh,language_specific_zh_003958,1398685,0.001968372991936372,0.04436634977025236
zh_ja_002,language_specific_zh,language_specific_zh_004182,13556597,0.001968372991936372,0.04436634977025236
zh_ja_002,language_specific_zh,language_specific_zh_004408,849519,0.001968372991936372,0.04436634977025236
zh_ja_002,language_specific_zh,language_specific_zh_004774,9484588,0.001968372991936372,0.04436634977025236
zh_ja_002,language_specific_zh,language_specific_zh_005141,1185678,0.001968372991936372,0.04436634977025236
zh_ja_002,language_specific_zh,language_specific_zh_005540,1316999,0.001968372991936372,0.04436634977025236
zh_ja_002,language_specific_zh,language_specific_zh_006197,333807,0.001968372991936372,0.04436634977025236
zh_ja_002,language_specific_zh,language_specific_zh_002555,332569,0.003499329763442387,0.05915513302700271
zh_ja_002,language_specific_zh,language_specific_zh_006548,785286,0.003499329763442387,0.05915513302700271
zh_ja_002,language_specific_zh,language_specific_zh_006877,917828,0.003499329763442387,0.05915513302700271
zh_ja_002,language_specific_zh,language_specific_zh_007511,13958137,0.003499329763442387,0.05915513302700271
zh_ja_002,language_specific_zh,language_specific_zh_000046,3579527,0.005467702755378681,0.07394391628375306
zh_ja_002,language_specific_zh,language_specific_zh_000615,347080,0.005467702755378681,0.07394391628375306
zh_ja_002,language_specific_zh,language_specific_zh_002243,824640,0.005467702755378681,0.07394391628375306
zh_ja_002,language_specific_zh,language_specific_zh_002850,5924724,0.005467702755378681,0.07394391628375306
zh_ja_002,language_specific_zh,language_specific_zh_004941,426878,0.005467702755378681,0.07394391628375306
zh_ja_002,language_specific_zh,language_specific_zh_007902,704189,0.005467702755378681,0.07394391628375306
zh_ja_002,language_specific_zh,language_specific_zh_000201,5551623,0.007873491967745254,0.0887326995405034
zh_ja_002,language_specific_zh,language_specific_zh_000438,1568628,0.007873491967745254,0.0887326995405034
zh_ja_002,language_specific_zh,language_specific_zh_002780,2032254,0.007873491967745254,0.0887326995405034
zh_ja_002,language_specific_zh,language_specific_zh_004222,13840855,0.007873491967745254,0.0887326995405034
zh_ja_002,language_specific_zh,language_specific_zh_006583,4265103,0.007873491967745254,0.0887326995405034
zh_ja_002,language_specific_zh,language_specific_zh_007839,512804,0.007873491967745254,0.0887326995405034
zh_ja_002,language_specific_zh,language_specific_zh_000356,1428110,0.007873491967745488,0.08873269954050472
zh_ja_002,language_specific_zh,language_specific_zh_006484,829687,0.007873491967745488,0.08873269954050472
zh_ja_002,language_specific_zh,language_specific_zh_004068,363999,0.01071669740054224,0.10352148279725441
zh_ja_002,language_specific_zh,language_specific_zh_005913,3697662,0.01071669740054224,0.10352148279725441
zh_ja_002,language_specific_zh,language_specific_zh_005927,10339661,0.01071669740054224,0.10352148279725441
zh_ja_002,language_specific_zh,language_specific_zh_000131,4167607,0.010716697400542376,0.10352148279725507
zh_ja_002,language_specific_zh,language_specific_zh_006561,1284197,0.010716697400542376,0.10352148279725507
zh_ja_002,language_specific_zh,language_specific_zh_001968,1888703,0.01399731905376939,0.11831026605400476
zh_ja_002,language_specific_zh,language_specific_zh_002070,13310961,0.01399731905376939,0.11831026605400476
zh_ja_002,language_specific_zh,language_specific_zh_005253,894056,0.01399731905376939,0.11831026605400476
zh_ja_002,language_specific_zh,language_specific_zh_005730,408245,0.01399731905376939,0.11831026605400476
zh_ja_002,language_specific_zh,language_specific_zh_006468,13533937,0.01399731905376939,0.11831026605400476
zh_ja_002,language_specific_zh,language_specific_zh_001262,819361,0.017715356927426998,0.13309904931075578
zh_ja_002,language_specific_zh,language_specific_zh_001832,776659,0.017715356927426998,0.13309904931075578
zh_ja_002,language_specific_zh,language_specific_zh_002106,10265948,0.017715356927426998,0.13309904931075578
zh_ja_002,language_specific_zh,language_specific_zh_005920,7779230,0.017715356927426998,0.13309904931075578
zh_ja_002,language_specific_zh,language_specific_zh_007803,896361,0.017715356927426998,0.13309904931075578
zh_ja_002,language_specific_zh,language_specific_zh_001258,5576767,0.021870811021514724,0.14788783256750612
zh_ja_002,language_specific_zh,language_specific_zh_002628,5153260,0.021870811021514724,0.14788783256750612
zh_ja_002,language_specific_zh,language_specific_zh_004419,345327,0.021870811021514724,0.14788783256750612
zh_ja_002,language_specific_zh,language_specific_zh_006135,1704341,0.021870811021514724,0.14788783256750612
zh_ja_002,language_specific_zh,language_specific_zh_006567,799248,0.021870811021514724,0.14788783256750612
zh_ja_002,language_specific_zh,language_specific_zh_000386,4844827,0.026463681336032947,0.16267661582425713
zh_ja_002,language_specific_zh,language_specific_zh_001010,420602,0.026463681336032947,0.16267661582425713
zh_ja_002,language_specific_zh,language_specific_zh_001194,3718278,0.026463681336032947,0.16267661582425713
zh_ja_002,language_specific_zh,language_specific_zh_002932,5581668,0.026463681336032947,0.16267661582425713
zh_ja_002,language_specific_zh,language_specific_zh_004313,10695953,0.026463681336032947,0.16267661582425713
zh_ja_002,language_specific_zh,language_specific_zh_004474,10590241,0.026463681336032947,0.16267661582425713
zh_ja_002,language_specific_zh,language_specific_zh_000379,1326316,0.026463681336033152,0.16267661582425777
zh_ja_002,language_specific_zh,language_specific_zh_003111,438491,0.026463681336033152,0.16267661582425777
zh_ja_002,language_specific_zh,language_specific_zh_000720,390493,0.03149396787098125,0.17746539908100747
zh_ja_002,language_specific_zh,language_specific_zh_000872,9956145,0.03149396787098125,0.17746539908100747
zh_ja_002,language_specific_zh,language_specific_zh_006933,346053,0.03149396787098125,0.17746539908100747
zh_ja_002,language_specific_zh,language_specific_zh_006322,5571951,0.031493967870981486,0.17746539908100814
zh_ja_002,language_specific_zh,language_specific_zh_006554,5983609,0.031493967870981486,0.17746539908100814
zh_ja_002,language_specific_zh,language_specific_zh_002360,787543,0.036961670626360084,0.19225418233775848
zh_ja_002,language_specific_zh,language_specific_zh_002627,502698,0.036961670626360084,0.19225418233775848
zh_ja_002,language_specific_zh,language_specific_zh_002669,9475761,0.036961670626360084,0.19225418233775848
zh_ja_002,language_specific_zh,language_specific_zh_003734,332756,0.036961670626360084,0.19225418233775848
zh_ja_002,language_specific_zh,language_specific_zh_000318,10537128,0.04286678960216896,0.20704296559450883
zh_ja_002,language_specific_zh,language_specific_zh_002398,332854,0.04286678960216896,0.20704296559450883
zh_ja_002,language_specific_zh,language_specific_zh_002417,602903,0.04286678960216896,0.20704296559450883
zh_ja_002,language_specific_zh,language_specific_zh_006138,5581655,0.042866789602169504,0.20704296559451013
zh_ja_002,language_specific_zh,language_specific_zh_007312,1360020,0.042866789602169504,0.20704296559451013
zh_ja_002,language_specific_zh,language_specific_zh_001854,4439896,0.04920932479840842,0.22183174885125984
zh_ja_002,language_specific_zh,language_specific_zh_005795,333076,0.04920932479840842,0.22183174885125984
zh_ja_002,language_specific_zh,language_specific_zh_000069,13519178,0.05598927621507788,0.23662053210801018
zh_ja_002,language_specific_zh,language_specific_zh_004104,835366,0.05598927621507788,0.23662053210801018
zh_ja_002,language_specific_zh,language_specific_zh_007494,948109,0.05598927621507788,0.23662053210801018
zh_ja_002,language_specific_zh,language_specific_zh_005083,843469,0.05598927621507819,0.23662053210801084
zh_ja_002,language_specific_zh,language_specific_zh_002224,4764635,0.06320664385217795,0.2514093153647612
zh_ja_002,language_specific_zh,language_specific_zh_003390,762795,0.06320664385217795,0.2514093153647612
zh_ja_002,language_specific_zh,language_specific_zh_006185,419716,0.06320664385217795,0.2514093153647612
zh_ja_002,language_specific_zh,language_specific_zh_000613,6559052,0.07086142770970799,0.26619809862151156
zh_ja_002,language_specific_zh,language_specific_zh_002531,421030,0.07086142770970799,0.26619809862151156
zh_ja_002,language_specific_zh,language_specific_zh_003829,686804,0.07086142770970799,0.26619809862151156
zh_ja_002,language_specific_zh,language_specific_zh_004910,910217,0.07086142770970799,0.26619809862151156
zh_ja_006,language_specific_zh,language_specific_zh_005545,784556,0.0,0.0
zh_ja_006,language_specific_zh,language_specific_zh_007215,13869028,0.0,0.0
zh_ja_006,language_specific_zh,language_specific_zh_002729,487611,0.00021870811021517834,0.014788783256751663
zh_ja_006,language_specific_zh,language_specific_zh_002835,5992377,0.00021870811021517834,0.014788783256751663
zh_ja_006,language_specific_zh,language_specific_zh_007150,334804,0.00021870811021517834,0.014788783256751663
zh_ja_006,language_specific_zh,language_specific_zh_003238,9970093,0.000874832440860558,0.0295775665135007
zh_ja_006,language_specific_zh,language_specific_zh_003710,10696042,0.0008748324408606355,0.02957756651350201
zh_ja_006,language_specific_zh,language_specific_zh_004138,9408584,0.001968372991936372,0.04436634977025236
zh_ja_006,language_specific_zh,language_specific_zh_007534,451836,0.001968372991936372,0.04436634977025236
zh_ja_006,language_specific_zh,language_specific_zh_003636,13967363,0.003499329763442387,0.05915513302700271
zh_ja_006,language_specific_zh,language_specific_zh_006983,2454690,0.003499329763442387,0.05915513302700271
zh_ja_006,language_specific_zh,language_specific_zh_006885,464823,0.005467702755378681,0.07394391628375306
zh_ja_006,language_specific_zh,language_specific_zh_000027,775725,0.005467702755378874,0.07394391628375437
zh_ja_006,language_specific_zh,language_specific_zh_004210,7771686,0.005467702755378874,0.07394391628375437
zh_ja_006,language_specific_zh,language_specific_zh_000030,899126,0.007873491967745254,0.0887326995405034
zh_ja_006,language_specific_zh,language_specific_zh_005045,462065,0.007873491967745254,0.0887326995405034
zh_ja_006,language_specific_zh,language_specific_zh_001389,715575,0.007873491967745488,0.08873269954050472
zh_ja_006,language_specific_zh,language_specific_zh_002085,5144741,0.007873491967745488,0.08873269954050472
zh_ja_006,language_specific_zh,language_specific_zh_000986,335542,0.010716697400542107,0.10352148279725376
zh_ja_006,language_specific_zh,language_specific_zh_001759,1977201,0.010716697400542107,0.10352148279725376
zh_ja_006,language_specific_zh,language_specific_zh_002129,4061626,0.010716697400542107,0.10352148279725376
zh_ja_006,language_specific_zh,language_specific_zh_000110,335846,0.010716697400542376,0.10352148279725507
zh_ja_006,language_specific_zh,language_specific_zh_003199,846366,0.013997319053769235,0.1183102660540041
zh_ja_006,language_specific_zh,language_specific_zh_003353,1659818,0.013997319053769547,0.11831026605400542
zh_ja_006,language_specific_zh,language_specific_zh_005585,1501684,0.013997319053769547,0.11831026605400542
zh_ja_006,language_specific_zh,language_specific_zh_007835,3338898,0.013997319053769547,0.11831026605400542
zh_ja_006,language_specific_zh,language_specific_zh_001779,918453,0.017715356927427345,0.13309904931075708
zh_ja_006,language_specific_zh,language_specific_zh_005577,332995,0.017715356927427345,0.13309904931075708
zh_ja_006,language_specific_zh,language_specific_zh_006978,8588209,0.021870811021514724,0.14788783256750612
zh_ja_006,language_specific_zh,language_specific_zh_007006,444711,0.021870811021514724,0.14788783256750612
zh_ja_006,language_specific_zh,language_specific_zh_007067,782657,0.021870811021514724,0.14788783256750612
zh_ja_006,language_specific_zh,language_specific_zh_002647,10041991,0.02646368133603273,0.16267661582425647
zh_ja_006,language_specific_zh,language_specific_zh_004504,2416230,0.02646368133603273,0.16267661582425647
zh_ja_006,language_specific_zh,language_specific_zh_007016,1573219,0.02646368133603273,0.16267661582425647
zh_ja_006,language_specific_zh,language_specific_zh_001467,4018377,0.026463681336033152,0.16267661582425777
zh_ja_006,language_specific_zh,language_specific_zh_006806,9409436,0.026463681336033152,0.16267661582425777
zh_ja_006,language_specific_zh,language_specific_zh_003361,9054768,0.031493967870981014,0.1774653990810068
zh_ja_006,language_specific_zh,language_specific_zh_005571,798046,0.031493967870981014,0.1774653990810068
zh_ja_006,language_specific_zh,language_specific_zh_002378,333904,0.031493967870981486,0.17746539908100814
zh_ja_006,language_specific_zh,language_specific_zh_000521,332485,0.036961670626360084,0.19225418233775848
zh_ja_006,language_specific_zh,language_specific_zh_007026,766763,0.036961670626360084,0.19225418233775848
zh_ja_006,language_specific_zh,language_specific_zh_001048,335873,0.03696167062636059,0.1922541823377598
zh_ja_006,language_specific_zh,language_specific_zh_006533,346825,0.03696167062636059,0.1922541823377598
zh_ja_006,language_specific_zh,language_specific_zh_001375,2348943,0.04286678960216896,0.20704296559450883
zh_ja_006,language_specific_zh,language_specific_zh_003258,10250381,0.04286678960216896,0.20704296559450883
zh_ja_006,language_specific_zh,language_specific_zh_001073,344883,0.042866789602169504,0.20704296559451013
zh_ja_006,language_specific_zh,language_specific_zh_006722,2520860,0.042866789602169504,0.20704296559451013
zh_ja_006,language_specific_zh,language_specific_zh_000107,781119,0.04920932479840812,0.22183174885125917
zh_ja_006,language_specific_zh,language_specific_zh_005280,769832,0.04920932479840812,0.22183174885125917
zh_ja_006,language_specific_zh,language_specific_zh_005741,1312389,0.04920932479840812,0.22183174885125917
zh_ja_006,language_specific_zh,language_specific_zh_006913,2746379,0.04920932479840812,0.22183174885125917
zh_ja_006,language_specific_zh,language_specific_zh_000627,8792698,0.05598927621507756,0.2366205321080095
zh_ja_006,language_specific_zh,language_specific_zh_001255,13972795,0.05598927621507756,0.2366205321080095
zh_ja_006,language_specific_zh,language_specific_zh_005229,763907,0.05598927621507756,0.2366205321080095
zh_ja_006,language_specific_zh,language_specific_zh_001520,419700,0.05598927621507819,0.23662053210801084
zh_ja_006,language_specific_zh,language_specific_zh_006441,345289,0.05598927621507819,0.23662053210801084
zh_ja_006,language_specific_zh,language_specific_zh_007149,512185,0.05598927621507819,0.23662053210801084
zh_ja_006,language_specific_zh,language_specific_zh_003088,843497,0.06320664385217795,0.2514093153647612
zh_ja_006,language_specific_zh,language_specific_zh_000576,473014,0.06320664385217861,0.2514093153647625
zh_ja_006,language_specific_zh,language_specific_zh_003563,1409364,0.06320664385217861,0.2514093153647625
zh_ja_006,language_specific_zh,language_specific_zh_004556,1577133,0.07086142770970799,0.26619809862151156
zh_ja_006,language_specific_zh,language_specific_zh_003803,3567627,0.07895362778766829,0.2809868818782619
zh_ja_006,language_specific_zh,language_specific_zh_007048,8696302,0.07895362778766829,0.2809868818782619
zh_ja_006,language_specific_zh,language_specific_zh_005324,510881,0.07895362778766904,0.2809868818782632
zh_ja_006,language_specific_zh,language_specific_zh_001007,881904,0.0874832440860589,0.29577566513501224
zh_ja_006,language_specific_zh,language_specific_zh_001095,5576835,0.08748324408605969,0.2957756651350136
zh_ja_006,language_specific_zh,language_specific_zh_002750,2367484,0.09645027660488058,0.3105644483917639
zh_ja_006,language_specific_zh,language_specific_zh_007840,1513430,0.09645027660488058,0.3105644483917639
zh_ja_006,language_specific_zh,language_specific_zh_001820,2393888,0.10585472534413179,0.32535323164851426
zh_ja_006,language_specific_zh,language_specific_zh_005391,343368,0.10585472534413179,0.32535323164851426
zh_ja_006,language_specific_zh,language_specific_zh_005161,2145237,0.11569659030381323,0.3401420149052646
zh_ja_006,language_specific_zh,language_specific_zh_004610,3890947,0.11569659030381414,0.3401420149052659
zh_ja_006,language_specific_zh,language_specific_zh_006660,1272226,0.11569659030381414,0.3401420149052659
zh_ja_006,language_specific_zh,language_specific_zh_007055,504885,0.11569659030381414,0.3401420149052659
zh_ja_006,language_specific_zh,language_specific_zh_005938,1485329,0.125975871483925,0.35493079816201495
zh_ja_006,language_specific_zh,language_specific_zh_002523,805538,0.12597587148392594,0.3549307981620163
zh_ja_006,language_specific_zh,language_specific_zh_003315,332926,0.13669256888446799,0.3697195814187666
zh_ja_006,language_specific_zh,language_specific_zh_004416,755837,0.13669256888446799,0.3697195814187666
zh_ja_006,language_specific_zh,language_specific_zh_007049,13914730,0.13669256888446799,0.3697195814187666
zh_ja_006,language_specific_zh,language_specific_zh_007851,3890949,0.14784668250544034,0.38450836467551697
zh_ja_006,language_specific_zh,language_specific_zh_004640,893343,0.15943821234684294,0.3992971479322673
zh_ja_006,language_specific_zh,language_specific_zh_005596,9989854,0.15943821234684294,0.3992971479322673
zh_ja_006,language_specific_zh,language_specific_zh_005818,2312182,0.15943821234684294,0.3992971479322673
zh_ja_006,language_specific_zh,language_specific_zh_003616,802132,0.159438212346844,0.3992971479322686
zh_ja_006,language_specific_zh,language_specific_zh_005573,361697,0.159438212346844,0.3992971479322686
zh_ja_006,language_specific_zh,language_specific_zh_000699,420490,0.17146715840867585,0.41408593118901765
zh_ja_006,language_specific_zh,language_specific_zh_003579,13561184,0.17146715840867585,0.41408593118901765
zh_ja_006,language_specific_zh,language_specific_zh_005844,13807610,0.17146715840867585,0.41408593118901765
zh_ja_006,language_specific_zh,language_specific_zh_006323,5941704,0.17146715840867585,0.41408593118901765
zh_ja_006,language_specific_zh,language_specific_zh_004843,382418,0.17146715840867696,0.414085931189019
zh_ja_006,language_specific_zh,language_specific_zh_000717,1317008,0.18393352069094016,0.4288747144457693
zh_ja_006,language_specific_zh,language_specific_zh_002649,1433796,0.18393352069094016,0.4288747144457693
zh_ja_006,language_specific_zh,language_specific_zh_005589,10062401,0.19683729919363369,0.44366349770251967
zh_ja_006,language_specific_zh,language_specific_zh_007478,13596082,0.19683729919363369,0.44366349770251967
zh_ja_006,language_specific_zh,language_specific_zh_000679,5072265,0.19683729919363485,0.443663497702521
zh_ja_006,language_specific_zh,language_specific_zh_002448,342852,0.19683729919363485,0.443663497702521
zh_ja_006,language_specific_zh,language_specific_zh_000821,8932593,0.21017849391675864,0.4584522809592713
zh_ja_006,language_specific_zh,language_specific_zh_006871,1735634,0.21017849391675864,0.4584522809592713
zh_ja_006,language_specific_zh,language_specific_zh_000052,423906,0.23817313202429585,0.48802984747277073
zh_ja_006,language_specific_zh,language_specific_zh_003366,385685,0.23817313202429585,0.48802984747277073
zh_ja_008,language_specific_zh,language_specific_zh_001031,813507,0.0,0.0
zh_ja_008,language_specific_zh,language_specific_zh_000043,2023512,0.0002187081102151395,0.01478878325675035
zh_ja_008,language_specific_zh,language_specific_zh_000516,885211,0.0002187081102151395,0.01478878325675035
zh_ja_008,language_specific_zh,language_specific_zh_000801,8490497,0.0002187081102151395,0.01478878325675035
zh_ja_008,language_specific_zh,language_specific_zh_004163,3130816,0.0002187081102151395,0.01478878325675035
zh_ja_008,language_specific_zh,language_specific_zh_005478,333792,0.0002187081102151395,0.01478878325675035
zh_ja_008,language_specific_zh,language_specific_zh_000937,8741600,0.00021870811021515888,0.014788783256751006
zh_ja_008,language_specific_zh,language_specific_zh_001155,1394971,0.00021870811021515888,0.014788783256751006
zh_ja_008,language_specific_zh,language_specific_zh_001531,1261446,0.00021870811021515888,0.014788783256751006
zh_ja_008,language_specific_zh,language_specific_zh_003305,1127594,0.00021870811021515888,0.014788783256751006
zh_ja_008,language_specific_zh,language_specific_zh_005163,13514650,0.00021870811021515888,0.014788783256751006
zh_ja_008,language_specific_zh,language_specific_zh_007131,794506,0.00021870811021515888,0.014788783256751006
zh_ja_008,language_specific_zh,language_specific_zh_001115,2054051,0.0008748324408605967,0.029577566513501356
zh_ja_008,language_specific_zh,language_specific_zh_001885,1974785,0.0008748324408605967,0.029577566513501356
zh_ja_008,language_specific_zh,language_specific_zh_004339,810150,0.0008748324408605967,0.029577566513501356
zh_ja_008,language_specific_zh,language_specific_zh_004780,1862290,0.0008748324408605967,0.029577566513501356
zh_ja_008,language_specific_zh,language_specific_zh_004904,503096,0.0008748324408605967,0.029577566513501356
zh_ja_008,language_specific_zh,language_specific_zh_005356,13896417,0.0008748324408605967,0.029577566513501356
zh_ja_008,language_specific_zh,language_specific_zh_007828,602927,0.0008748324408605967,0.029577566513501356
zh_ja_008,language_specific_zh,language_specific_zh_001347,9962316,0.0019683729919363134,0.0443663497702517
zh_ja_008,language_specific_zh,language_specific_zh_003532,1397306,0.0019683729919363134,0.0443663497702517
zh_ja_008,language_specific_zh,language_specific_zh_004587,4167345,0.0019683729919363134,0.0443663497702517
zh_ja_008,language_specific_zh,language_specific_zh_007046,13911365,0.0019683729919363134,0.0443663497702517
zh_ja_008,language_specific_zh,language_specific_zh_007137,2031385,0.0019683729919363134,0.0443663497702517
zh_ja_008,language_specific_zh,language_specific_zh_000350,13964099,0.001968372991936372,0.04436634977025236
zh_ja_008,language_specific_zh,language_specific_zh_001066,13552275,0.001968372991936372,0.04436634977025236
zh_ja_008,language_specific_zh,language_specific_zh_003333,13887455,0.001968372991936372,0.04436634977025236
zh_ja_008,language_specific_zh,language_specific_zh_007308,13524030,0.001968372991936372,0.04436634977025236
zh_ja_008,language_specific_zh,language_specific_zh_000285,2220957,0.003499329763442387,0.05915513302700271
zh_ja_008,language_specific_zh,language_specific_zh_002735,382987,0.003499329763442387,0.05915513302700271
zh_ja_008,language_specific_zh,language_specific_zh_002873,898765,0.003499329763442387,0.05915513302700271
zh_ja_008,language_specific_zh,language_specific_zh_003321,874730,0.003499329763442387,0.05915513302700271
zh_ja_008,language_specific_zh,language_specific_zh_003605,8791850,0.003499329763442387,0.05915513302700271
zh_ja_008,language_specific_zh,language_specific_zh_003722,13921197,0.003499329763442387,0.05915513302700271
zh_ja_008,language_specific_zh,language_specific_zh_004428,13508827,0.003499329763442387,0.05915513302700271
zh_ja_008,language_specific_zh,language_specific_zh_004668,8777527,0.003499329763442387,0.05915513302700271
zh_ja_008,language_specific_zh,language_specific_zh_004761,796003,0.003499329763442387,0.05915513302700271
zh_ja_008,language_specific_zh,language_specific_zh_005068,13881524,0.003499329763442387,0.05915513302700271
zh_ja_008,language_specific_zh,language_specific_zh_005069,1476950,0.003499329763442387,0.05915513302700271
zh_ja_008,language_specific_zh,language_specific_zh_005125,890947,0.003499329763442387,0.05915513302700271
zh_ja_008,language_specific_zh,language_specific_zh_005907,847696,0.003499329763442387,0.05915513302700271
zh_ja_008,language_specific_zh,language_specific_zh_003539,587436,0.005467702755378681,0.07394391628375306
zh_ja_008,language_specific_zh,language_specific_zh_000764,13891701,0.005467702755378777,0.07394391628375371
zh_ja_008,language_specific_zh,language_specific_zh_000998,13537204,0.005467702755378777,0.07394391628375371
zh_ja_008,language_specific_zh,language_specific_zh_001710,13857615,0.005467702755378777,0.07394391628375371
zh_ja_008,language_specific_zh,language_specific_zh_003903,1931906,0.005467702755378777,0.07394391628375371
zh_ja_008,language_specific_zh,language_specific_zh_005900,13552269,0.005467702755378777,0.07394391628375371
zh_ja_008,language_specific_zh,language_specific_zh_001323,13918931,0.007873491967745372,0.08873269954050407
zh_ja_008,language_specific_zh,language_specific_zh_001625,5581762,0.007873491967745372,0.08873269954050407
zh_ja_008,language_specific_zh,language_specific_zh_004516,2454773,0.007873491967745372,0.08873269954050407
zh_ja_008,language_specific_zh,language_specific_zh_005221,13897753,0.007873491967745372,0.08873269954050407
zh_ja_008,language_specific_zh,language_specific_zh_007558,3338952,0.007873491967745372,0.08873269954050407
zh_ja_008,language_specific_zh,language_specific_zh_006022,564633,0.01071669740054224,0.10352148279725441
zh_ja_008,language_specific_zh,language_specific_zh_000039,1877316,0.010716697400542376,0.10352148279725507
zh_ja_008,language_specific_zh,language_specific_zh_000759,806571,0.010716697400542376,0.10352148279725507
zh_ja_008,language_specific_zh,language_specific_zh_001193,2177504,0.010716697400542376,0.10352148279725507
zh_ja_008,language_specific_zh,language_specific_zh_003704,1399799,0.010716697400542376,0.10352148279725507
zh_ja_008,language_specific_zh,language_specific_zh_004845,781544,0.010716697400542376,0.10352148279725507
zh_ja_008,language_specific_zh,language_specific_zh_004922,8860195,0.010716697400542376,0.10352148279725507
zh_ja_008,language_specific_zh,language_specific_zh_006423,469481,0.010716697400542376,0.10352148279725507
zh_ja_008,language_specific_zh,language_specific_zh_007582,3011086,0.010716697400542376,0.10352148279725507
zh_ja_008,language_specific_zh,language_specific_zh_000972,433418,0.01399731905376939,0.11831026605400476
zh_ja_008,language_specific_zh,language_specific_zh_006992,347159,0.01399731905376939,0.11831026605400476
zh_ja_008,language_specific_zh,language_specific_zh_007609,899403,0.01399731905376939,0.11831026605400476
zh_ja_008,language_specific_zh,language_specific_zh_003282,10058489,0.013997319053769547,0.11831026605400542
zh_ja_008,language_specific_zh,language_specific_zh_003373,13972643,0.013997319053769547,0.11831026605400542
zh_ja_008,language_specific_zh,language_specific_zh_003417,13886621,0.013997319053769547,0.11831026605400542
zh_ja_008,language_specific_zh,language_specific_zh_003589,5574606,0.013997319053769547,0.11831026605400542
zh_ja_008,language_specific_zh,language_specific_zh_004402,13967727,0.013997319053769547,0.11831026605400542
zh_ja_008,language_specific_zh,language_specific_zh_004311,13754442,0.017715356927426998,0.13309904931075578
zh_ja_008,language_specific_zh,language_specific_zh_000026,886134,0.017715356927427168,0.13309904931075642
zh_ja_008,language_specific_zh,language_specific_zh_001422,13931530,0.017715356927427168,0.13309904931075642
zh_ja_008,language_specific_zh,language_specific_zh_005007,875330,0.017715356927427168,0.13309904931075642
zh_ja_008,language_specific_zh,language_specific_zh_007764,420934,0.017715356927427168,0.13309904931075642
zh_ja_008,language_specific_zh,language_specific_zh_006515,997589,0.021870811021514724,0.14788783256750612
zh_ja_008,language_specific_zh,language_specific_zh_007221,13908939,0.021870811021514724,0.14788783256750612
zh_ja_008,language_specific_zh,language_specific_zh_007934,13533877,0.021870811021514724,0.14788783256750612
zh_ja_008,language_specific_zh,language_specific_zh_000055,8739649,0.021870811021514922,0.1478878325675068
zh_ja_008,language_specific_zh,language_specific_zh_001109,885535,0.021870811021514922,0.1478878325675068
zh_ja_008,language_specific_zh,language_specific_zh_003447,420012,0.021870811021514922,0.1478878325675068
zh_ja_008,language_specific_zh,language_specific_zh_007522,9780226,0.021870811021514922,0.1478878325675068
zh_ja_008,language_specific_zh,language_specific_zh_007864,396079,0.021870811021514922,0.1478878325675068
zh_ja_008,language_specific_zh,language_specific_zh_000672,7015500,0.026463681336033152,0.16267661582425777
zh_ja_008,language_specific_zh,language_specific_zh_000925,5624976,0.026463681336033152,0.16267661582425777
zh_ja_008,language_specific_zh,language_specific_zh_001428,758811,0.026463681336033152,0.16267661582425777
zh_ja_008,language_specific_zh,language_specific_zh_002521,13972140,0.026463681336033152,0.16267661582425777
zh_ja_008,language_specific_zh,language_specific_zh_003780,330588,0.026463681336033152,0.16267661582425777
zh_ja_008,language_specific_zh,language_specific_zh_004295,5093988,0.026463681336033152,0.16267661582425777
zh_ja_008,language_specific_zh,language_specific_zh_004762,1173208,0.026463681336033152,0.16267661582425777
zh_ja_008,language_specific_zh,language_specific_zh_004982,348455,0.026463681336033152,0.16267661582425777
zh_ja_008,language_specific_zh,language_specific_zh_000681,870376,0.031493967870981486,0.17746539908100814
zh_ja_008,language_specific_zh,language_specific_zh_001703,5091670,0.031493967870981486,0.17746539908100814
zh_ja_008,language_specific_zh,language_specific_zh_001870,420324,0.031493967870981486,0.17746539908100814
zh_ja_008,language_specific_zh,language_specific_zh_002209,835578,0.031493967870981486,0.17746539908100814
zh_ja_008,language_specific_zh,language_specific_zh_003557,333292,0.031493967870981486,0.17746539908100814
zh_ja_008,language_specific_zh,language_specific_zh_006400,764130,0.031493967870981486,0.17746539908100814
zh_ja_008,language_specific_zh,language_specific_zh_006467,9955850,0.031493967870981486,0.17746539908100814
zh_ja_008,language_specific_zh,language_specific_zh_007122,835396,0.031493967870981486,0.17746539908100814
zh_ja_008,language_specific_zh,language_specific_zh_007257,842236,0.031493967870981486,0.17746539908100814
zh_ja_008,language_specific_zh,language_specific_zh_005243,1452310,0.036961670626360084,0.19225418233775848
zh_ja_009,language_specific_zh,language_specific_zh_000907,469106,0.0,0.0
zh_ja_009,language_specific_zh,language_specific_zh_001244,493504,0.0,0.0
zh_ja_009,language_specific_zh,language_specific_zh_005308,8555762,0.0002187081102151395,0.01478878325675035
zh_ja_009,language_specific_zh,language_specific_zh_001391,1409472,0.00021870811021515888,0.014788783256751006
zh_ja_009,language_specific_zh,language_specific_zh_007461,13891940,0.00021870811021515888,0.014788783256751006
zh_ja_009,language_specific_zh,language_specific_zh_007578,1759589,0.00021870811021515888,0.014788783256751006
zh_ja_009,language_specific_zh,language_specific_zh_003545,10267396,0.0008748324408605967,0.029577566513501356
zh_ja_009,language_specific_zh,language_specific_zh_004181,13525498,0.0008748324408605967,0.029577566513501356
zh_ja_009,language_specific_zh,language_specific_zh_007246,784355,0.0019683729919363134,0.0443663497702517
zh_ja_009,language_specific_zh,language_specific_zh_003284,2003190,0.001968372991936372,0.04436634977025236
zh_ja_009,language_specific_zh,language_specific_zh_007779,430143,0.001968372991936372,0.04436634977025236
zh_ja_009,language_specific_zh,language_specific_zh_005138,4506255,0.003499329763442387,0.05915513302700271
zh_ja_009,language_specific_zh,language_specific_zh_001040,2444439,0.005467702755378681,0.07394391628375306
zh_ja_009,language_specific_zh,language_specific_zh_003121,332988,0.005467702755378777,0.07394391628375371
zh_ja_009,language_specific_zh,language_specific_zh_007327,8744796,0.005467702755378777,0.07394391628375371
zh_ja_009,language_specific_zh,language_specific_zh_001305,430972,0.007873491967745372,0.08873269954050407
zh_ja_009,language_specific_zh,language_specific_zh_006673,7817194,0.007873491967745372,0.08873269954050407
zh_ja_009,language_specific_zh,language_specific_zh_002488,389838,0.013997319053769547,0.11831026605400542
zh_ja_009,language_specific_zh,language_specific_zh_007656,5655348,0.013997319053769547,0.11831026605400542
zh_ja_009,language_specific_zh,language_specific_zh_000529,4887568,0.021870811021514922,0.1478878325675068
zh_ja_009,language_specific_zh,language_specific_zh_002642,8743551,0.021870811021514922,0.1478878325675068
zh_ja_009,language_specific_zh,language_specific_zh_003344,10188014,0.021870811021514922,0.1478878325675068
zh_ja_009,language_specific_zh,language_specific_zh_003961,2656482,0.021870811021514922,0.1478878325675068
zh_ja_009,language_specific_zh,language_specific_zh_006585,335274,0.021870811021514922,0.1478878325675068
zh_ja_009,language_specific_zh,language_specific_zh_005681,421190,0.026463681336032947,0.16267661582425713
zh_ja_009,language_specific_zh,language_specific_zh_006079,332679,0.026463681336032947,0.16267661582425713
zh_ja_009,language_specific_zh,language_specific_zh_000555,13967346,0.031493967870981486,0.17746539908100814
zh_ja_009,language_specific_zh,language_specific_zh_007271,6284431,0.036961670626360334,0.19225418233775912
zh_ja_009,language_specific_zh,language_specific_zh_007850,8560799,0.036961670626360334,0.19225418233775912
zh_ja_009,language_specific_zh,language_specific_zh_001445,10041987,0.04286678960216924,0.2070429655945095
zh_ja_009,language_specific_zh,language_specific_zh_002250,13892984,0.04286678960216924,0.2070429655945095
zh_ja_009,language_specific_zh,language_specific_zh_007672,2737442,0.04286678960216924,0.2070429655945095
zh_ja_009,language_specific_zh,language_specific_zh_004177,13543768,0.05598927621507819,0.23662053210801084
zh_ja_009,language_specific_zh,language_specific_zh_007239,1721898,0.05598927621507819,0.23662053210801084
zh_ja_009,language_specific_zh,language_specific_zh_007786,728052,0.05598927621507819,0.23662053210801084
zh_ja_009,language_specific_zh,language_specific_zh_001720,1602364,0.06320664385217795,0.2514093153647612
zh_ja_009,language_specific_zh,language_specific_zh_004007,9991942,0.06320664385217795,0.2514093153647612
zh_ja_009,language_specific_zh,language_specific_zh_003179,1759589,0.07086142770970799,0.26619809862151156
zh_ja_009,language_specific_zh,language_specific_zh_004106,474243,0.07086142770970832,0.26619809862151217
zh_ja_009,language_specific_zh,language_specific_zh_006382,344971,0.07086142770970832,0.26619809862151217
zh_ja_009,language_specific_zh,language_specific_zh_001852,7774423,0.07895362778766866,0.28098688187826254
zh_ja_009,language_specific_zh,language_specific_zh_005198,3061921,0.07895362778766866,0.28098688187826254
zh_ja_009,language_specific_zh,language_specific_zh_005579,901895,0.08748324408605969,0.2957756651350136
zh_ja_009,language_specific_zh,language_specific_zh_006759,2393854,0.08748324408605969,0.2957756651350136
zh_ja_009,language_specific_zh,language_specific_zh_003380,10350373,0.09645027660488058,0.3105644483917639
zh_ja_009,language_specific_zh,language_specific_zh_004322,1736070,0.09645027660488058,0.3105644483917639
zh_ja_009,language_specific_zh,language_specific_zh_006007,3477027,0.10585472534413222,0.32535323164851493
zh_ja_009,language_specific_zh,language_specific_zh_002035,347094,0.11569659030381368,0.34014201490526524
zh_ja_009,language_specific_zh,language_specific_zh_004582,13610541,0.11569659030381368,0.34014201490526524
zh_ja_009,language_specific_zh,language_specific_zh_005319,10260773,0.11569659030381368,0.34014201490526524
zh_ja_009,language_specific_zh,language_specific_zh_006729,3068647,0.12597587148392594,0.3549307981620163
zh_ja_009,language_specific_zh,language_specific_zh_004119,9149183,0.13669256888446799,0.3697195814187666
zh_ja_009,language_specific_zh,language_specific_zh_004898,9810323,0.13669256888446799,0.3697195814187666
zh_ja_009,language_specific_zh,language_specific_zh_006067,1428110,0.13669256888446799,0.3697195814187666
zh_ja_009,language_specific_zh,language_specific_zh_006159,13543142,0.13669256888446799,0.3697195814187666
zh_ja_009,language_specific_zh,language_specific_zh_002821,6022873,0.14784668250544034,0.38450836467551697
zh_ja_009,language_specific_zh,language_specific_zh_007555,503238,0.14784668250544034,0.38450836467551697
zh_ja_009,language_specific_zh,language_specific_zh_002681,344758,0.14784668250544086,0.38450836467551763
zh_ja_009,language_specific_zh,language_specific_zh_004748,4929474,0.14784668250544086,0.38450836467551763
zh_ja_009,language_specific_zh,language_specific_zh_007790,630348,0.14784668250544086,0.38450836467551763
zh_ja_009,language_specific_zh,language_specific_zh_004791,1694988,0.15943821234684347,0.39929714793226795
zh_ja_009,language_specific_zh,language_specific_zh_006356,5091321,0.15943821234684347,0.39929714793226795
zh_ja_009,language_specific_zh,language_specific_zh_006932,389398,0.15943821234684347,0.39929714793226795
zh_ja_009,language_specific_zh,language_specific_zh_007782,343993,0.15943821234684347,0.39929714793226795
zh_ja_009,language_specific_zh,language_specific_zh_001240,1326331,0.17146715840867696,0.414085931189019
zh_ja_009,language_specific_zh,language_specific_zh_001829,420416,0.17146715840867696,0.414085931189019
zh_ja_009,language_specific_zh,language_specific_zh_002062,784821,0.17146715840867696,0.414085931189019
zh_ja_009,language_specific_zh,language_specific_zh_007623,4661402,0.17146715840867696,0.414085931189019
zh_ja_009,language_specific_zh,language_specific_zh_001600,1959987,0.18393352069094016,0.4288747144457693
zh_ja_009,language_specific_zh,language_specific_zh_006029,4104709,0.18393352069094016,0.4288747144457693
zh_ja_009,language_specific_zh,language_specific_zh_007906,2422253,0.18393352069094016,0.4288747144457693
zh_ja_009,language_specific_zh,language_specific_zh_002560,4543508,0.19683729919363427,0.44366349770252034
zh_ja_009,language_specific_zh,language_specific_zh_000331,420990,0.21017849391675802,0.45845228095927065
zh_ja_009,language_specific_zh,language_specific_zh_000430,1749205,0.21017849391675802,0.45845228095927065
zh_ja_009,language_specific_zh,language_specific_zh_001949,13896402,0.21017849391675802,0.45845228095927065
zh_ja_009,language_specific_zh,language_specific_zh_004515,9695230,0.21017849391675802,0.45845228095927065
zh_ja_009,language_specific_zh,language_specific_zh_000048,5405470,0.22395710486031276,0.4732410642160217
zh_ja_009,language_specific_zh,language_specific_zh_001505,13998155,0.22395710486031276,0.4732410642160217
zh_ja_009,language_specific_zh,language_specific_zh_005072,1302427,0.22395710486031276,0.4732410642160217
zh_ja_009,language_specific_zh,language_specific_zh_005618,1302376,0.22395710486031276,0.4732410642160217
zh_ja_009,language_specific_zh,language_specific_zh_007448,827192,0.22395710486031276,0.4732410642160217
zh_ja_009,language_specific_zh,language_specific_zh_007722,1443599,0.22395710486031276,0.4732410642160217
zh_ja_009,language_specific_zh,language_specific_zh_003118,13964415,0.2381731320242971,0.488029847472772
zh_ja_009,language_specific_zh,language_specific_zh_004161,8883783,0.2381731320242971,0.488029847472772
zh_ja_009,language_specific_zh,language_specific_zh_003123,3577761,0.25282657540871245,0.502818630729523
zh_ja_009,language_specific_zh,language_specific_zh_005626,1763159,0.25282657540871245,0.502818630729523
zh_ja_009,language_specific_zh,language_specific_zh_006208,347224,0.25282657540871245,0.502818630729523
zh_ja_009,language_specific_zh,language_specific_zh_006397,829699,0.25282657540871245,0.502818630729523
zh_ja_009,language_specific_zh,language_specific_zh_000943,10007030,0.2679174350135574,0.5176074139862734
zh_ja_009,language_specific_zh,language_specific_zh_001078,410844,0.2679174350135574,0.5176074139862734
zh_ja_009,language_specific_zh,language_specific_zh_004664,766041,0.2679174350135574,0.5176074139862734
zh_ja_009,language_specific_zh,language_specific_zh_005023,13991511,0.2679174350135574,0.5176074139862734
zh_ja_009,language_specific_zh,language_specific_zh_007092,8581011,0.2679174350135574,0.5176074139862734
zh_ja_009,language_specific_zh,language_specific_zh_007342,1567018,0.2679174350135574,0.5176074139862734
zh_ja_009,language_specific_zh,language_specific_zh_007733,2474902,0.2679174350135574,0.5176074139862734
zh_ja_009,language_specific_zh,language_specific_zh_007804,5715140,0.2679174350135574,0.5176074139862734
zh_ja_009,language_specific_zh,language_specific_zh_000153,1509568,0.2834457108388333,0.5323961972430243
zh_ja_009,language_specific_zh,language_specific_zh_000545,8930163,0.2834457108388333,0.5323961972430243
zh_ja_009,language_specific_zh,language_specific_zh_001919,335243,0.2834457108388333,0.5323961972430243
zh_ja_009,language_specific_zh,language_specific_zh_004583,471393,0.2834457108388333,0.5323961972430243
zh_ja_011,language_specific_zh,language_specific_zh_001510,13826474,0.0,0.0
zh_ja_011,language_specific_zh,language_specific_zh_002112,410719,0.0,0.0
zh_ja_011,language_specific_zh,language_specific_zh_002527,540157,0.0,0.0
zh_ja_011,language_specific_zh,language_specific_zh_004787,1884674,0.0,0.0
zh_ja_011,language_specific_zh,language_specific_zh_001546,1334021,0.0002187081102151395,0.01478878325675035
zh_ja_011,language_specific_zh,language_specific_zh_003660,846203,0.0002187081102151395,0.01478878325675035
zh_ja_011,language_specific_zh,language_specific_zh_006171,13838899,0.0002187081102151395,0.01478878325675035
zh_ja_011,language_specific_zh,language_specific_zh_000705,1372497,0.00021870811021515888,0.014788783256751006
zh_ja_011,language_specific_zh,language_specific_zh_002148,10042018,0.00021870811021515888,0.014788783256751006
zh_ja_011,language_specific_zh,language_specific_zh_002462,13967751,0.00021870811021515888,0.014788783256751006
zh_ja_011,language_specific_zh,language_specific_zh_005984,10495253,0.00021870811021515888,0.014788783256751006
zh_ja_011,language_specific_zh,language_specific_zh_006182,1193433,0.00021870811021515888,0.014788783256751006
zh_ja_011,language_specific_zh,language_specific_zh_006784,1577145,0.00021870811021515888,0.014788783256751006
zh_ja_011,language_specific_zh,language_specific_zh_001161,1561669,0.0008748324408605967,0.029577566513501356
zh_ja_011,language_specific_zh,language_specific_zh_003717,805730,0.0008748324408605967,0.029577566513501356
zh_ja_011,language_specific_zh,language_specific_zh_004709,333755,0.0008748324408605967,0.029577566513501356
zh_ja_011,language_specific_zh,language_specific_zh_005929,421140,0.0008748324408605967,0.029577566513501356
zh_ja_011,language_specific_zh,language_specific_zh_007802,2384329,0.0008748324408605967,0.029577566513501356
zh_ja_011,language_specific_zh,language_specific_zh_001233,755905,0.0019683729919363134,0.0443663497702517
zh_ja_011,language_specific_zh,language_specific_zh_003550,420008,0.0019683729919363134,0.0443663497702517
zh_ja_011,language_specific_zh,language_specific_zh_004512,13651582,0.0019683729919363134,0.0443663497702517
zh_ja_011,language_specific_zh,language_specific_zh_006214,817247,0.003499329763442387,0.05915513302700271
zh_ja_011,language_specific_zh,language_specific_zh_006777,4900963,0.003499329763442387,0.05915513302700271
zh_ja_011,language_specific_zh,language_specific_zh_000974,10041977,0.005467702755378681,0.07394391628375306
zh_ja_011,language_specific_zh,language_specific_zh_003842,10551933,0.005467702755378681,0.07394391628375306
zh_ja_011,language_specific_zh,language_specific_zh_007435,9926944,0.005467702755378681,0.07394391628375306
zh_ja_011,language_specific_zh,language_specific_zh_001784,1366187,0.007873491967745372,0.08873269954050407
zh_ja_011,language_specific_zh,language_specific_zh_004283,7775407,0.007873491967745372,0.08873269954050407
zh_ja_011,language_specific_zh,language_specific_zh_004292,1930432,0.007873491967745372,0.08873269954050407
zh_ja_011,language_specific_zh,language_specific_zh_006918,13948020,0.007873491967745372,0.08873269954050407
zh_ja_011,language_specific_zh,language_specific_zh_007428,2555665,0.007873491967745372,0.08873269954050407
zh_ja_011,language_specific_zh,language_specific_zh_002851,13892981,0.01071669740054224,0.10352148279725441
zh_ja_011,language_specific_zh,language_specific_zh_003764,10368077,0.01071669740054224,0.10352148279725441
zh_ja_011,language_specific_zh,language_specific_zh_005878,2279156,0.01071669740054224,0.10352148279725441
zh_ja_011,language_specific_zh,language_specific_zh_003323,10265807,0.013997319053769547,0.11831026605400542
zh_ja_011,language_specific_zh,language_specific_zh_000051,13911266,0.017715356927426998,0.13309904931075578
zh_ja_011,language_specific_zh,language_specific_zh_000428,381412,0.017715356927426998,0.13309904931075578
zh_ja_011,language_specific_zh,language_specific_zh_000455,420150,0.017715356927426998,0.13309904931075578
zh_ja_011,language_specific_zh,language_specific_zh_001145,792776,0.017715356927426998,0.13309904931075578
zh_ja_011,language_specific_zh,language_specific_zh_001171,4265001,0.017715356927426998,0.13309904931075578
zh_ja_011,language_specific_zh,language_specific_zh_001503,899370,0.017715356927426998,0.13309904931075578
zh_ja_011,language_specific_zh,language_specific_zh_004415,8860603,0.017715356927426998,0.13309904931075578
zh_ja_011,language_specific_zh,language_specific_zh_005575,9453440,0.017715356927426998,0.13309904931075578
zh_ja_011,language_specific_zh,language_specific_zh_001269,8969813,0.021870811021514922,0.1478878325675068
zh_ja_011,language_specific_zh,language_specific_zh_001461,8388794,0.021870811021514922,0.1478878325675068
zh_ja_011,language_specific_zh,language_specific_zh_007001,10320041,0.021870811021514922,0.1478878325675068
zh_ja_011,language_specific_zh,language_specific_zh_000184,3579535,0.026463681336032947,0.16267661582425713
zh_ja_011,language_specific_zh,language_specific_zh_003372,2177513,0.026463681336032947,0.16267661582425713
zh_ja_011,language_specific_zh,language_specific_zh_004278,13527499,0.026463681336032947,0.16267661582425713
zh_ja_011,language_specific_zh,language_specific_zh_004490,850909,0.026463681336032947,0.16267661582425713
zh_ja_011,language_specific_zh,language_specific_zh_001948,10537128,0.031493967870981486,0.17746539908100814
zh_ja_011,language_specific_zh,language_specific_zh_002412,799222,0.031493967870981486,0.17746539908100814
zh_ja_011,language_specific_zh,language_specific_zh_003858,4757252,0.031493967870981486,0.17746539908100814
zh_ja_011,language_specific_zh,language_specific_zh_004305,2037125,0.031493967870981486,0.17746539908100814
zh_ja_011,language_specific_zh,language_specific_zh_004652,4625760,0.031493967870981486,0.17746539908100814
zh_ja_011,language_specific_zh,language_specific_zh_000317,420342,0.036961670626360084,0.19225418233775848
zh_ja_011,language_specific_zh,language_specific_zh_001565,1991945,0.036961670626360084,0.19225418233775848
zh_ja_011,language_specific_zh,language_specific_zh_001959,471163,0.036961670626360084,0.19225418233775848
zh_ja_011,language_specific_zh,language_specific_zh_007595,802506,0.036961670626360084,0.19225418233775848
zh_ja_011,language_specific_zh,language_specific_zh_007793,420336,0.036961670626360084,0.19225418233775848
zh_ja_011,language_specific_zh,language_specific_zh_001798,3086817,0.04286678960216924,0.2070429655945095
zh_ja_011,language_specific_zh,language_specific_zh_003022,13857151,0.04286678960216924,0.2070429655945095
zh_ja_011,language_specific_zh,language_specific_zh_007288,13907696,0.04286678960216924,0.2070429655945095
zh_ja_011,language_specific_zh,language_specific_zh_002030,431549,0.04920932479840842,0.22183174885125984
zh_ja_011,language_specific_zh,language_specific_zh_002515,13873654,0.04920932479840842,0.22183174885125984
zh_ja_011,language_specific_zh,language_specific_zh_003744,13541556,0.04920932479840842,0.22183174885125984
zh_ja_011,language_specific_zh,language_specific_zh_003839,13881524,0.04920932479840842,0.22183174885125984
zh_ja_011,language_specific_zh,language_specific_zh_000504,836236,0.05598927621507819,0.23662053210801084
zh_ja_011,language_specific_zh,language_specific_zh_003769,10649006,0.05598927621507819,0.23662053210801084
zh_ja_011,language_specific_zh,language_specific_zh_004167,343376,0.05598927621507819,0.23662053210801084
zh_ja_011,language_specific_zh,language_specific_zh_005018,9788574,0.05598927621507819,0.23662053210801084
zh_ja_011,language_specific_zh,language_specific_zh_005213,790081,0.05598927621507819,0.23662053210801084
zh_ja_011,language_specific_zh,language_specific_zh_007166,5951859,0.05598927621507819,0.23662053210801084
zh_ja_011,language_specific_zh,language_specific_zh_002025,420026,0.06320664385217795,0.2514093153647612
zh_ja_011,language_specific_zh,language_specific_zh_002046,9972881,0.06320664385217795,0.2514093153647612
zh_ja_011,language_specific_zh,language_specific_zh_000376,10272653,0.07086142770970832,0.26619809862151217
zh_ja_011,language_specific_zh,language_specific_zh_001564,1501728,0.07086142770970832,0.26619809862151217
zh_ja_011,language_specific_zh,language_specific_zh_003776,464771,0.07086142770970832,0.26619809862151217
zh_ja_011,language_specific_zh,language_specific_zh_003889,1238439,0.07086142770970832,0.26619809862151217
zh_ja_011,language_specific_zh,language_specific_zh_000510,421184,0.07895362778766866,0.28098688187826254
zh_ja_011,language_specific_zh,language_specific_zh_002987,420772,0.07895362778766866,0.28098688187826254
zh_ja_011,language_specific_zh,language_specific_zh_003246,2485281,0.07895362778766866,0.28098688187826254
zh_ja_011,language_specific_zh,language_specific_zh_003761,420466,0.07895362778766866,0.28098688187826254
zh_ja_011,language_specific_zh,language_specific_zh_004145,885538,0.07895362778766866,0.28098688187826254
zh_ja_011,language_specific_zh,language_specific_zh_005536,13596037,0.08748324408605969,0.2957756651350136
zh_ja_011,language_specific_zh,language_specific_zh_006294,13539394,0.08748324408605969,0.2957756651350136
zh_ja_011,language_specific_zh,language_specific_zh_006346,759642,0.08748324408605969,0.2957756651350136
zh_ja_011,language_specific_zh,language_specific_zh_001165,1390698,0.09645027660488058,0.3105644483917639
zh_ja_011,language_specific_zh,language_specific_zh_007927,775669,0.09645027660488058,0.3105644483917639
zh_ja_011,language_specific_zh,language_specific_zh_001114,13744489,0.10585472534413222,0.32535323164851493
zh_ja_011,language_specific_zh,language_specific_zh_001164,7837569,0.10585472534413222,0.32535323164851493
zh_ja_011,language_specific_zh,language_specific_zh_001800,8794843,0.10585472534413222,0.32535323164851493
zh_ja_011,language_specific_zh,language_specific_zh_001801,13847486,0.10585472534413222,0.32535323164851493
zh_ja_011,language_specific_zh,language_specific_zh_002086,2140009,0.10585472534413222,0.32535323164851493
zh_ja_011,language_specific_zh,language_specific_zh_005180,755779,0.10585472534413222,0.32535323164851493
zh_ja_011,language_specific_zh,language_specific_zh_006638,348572,0.10585472534413222,0.32535323164851493
zh_ja_011,language_specific_zh,language_specific_zh_006801,1878421,0.10585472534413222,0.32535323164851493
zh_ja_011,language_specific_zh,language_specific_zh_000580,13610520,0.11569659030381368,0.34014201490526524
zh_ja_011,language_specific_zh,language_specific_zh_002024,340126,0.11569659030381368,0.34014201490526524
zh_ja_011,language_specific_zh,language_specific_zh_002326,13754337,0.11569659030381368,0.34014201490526524
zh_ja_013,language_specific_zh,language_specific_zh_000022,4835844,0.0,0.0
zh_ja_013,language_specific_zh,language_specific_zh_000933,502901,0.0,0.0
zh_ja_013,language_specific_zh,language_specific_zh_003427,10618353,0.0,0.0
zh_ja_013,language_specific_zh,language_specific_zh_004723,818828,0.0,0.0
zh_ja_013,language_specific_zh,language_specific_zh_006947,602922,0.0,0.0
zh_ja_013,language_specific_zh,language_specific_zh_001714,344165,0.0002187081102151395,0.01478878325675035
zh_ja_013,language_specific_zh,language_specific_zh_001941,1992689,0.0002187081102151395,0.01478878325675035
zh_ja_013,language_specific_zh,language_specific_zh_002707,1424351,0.0002187081102151395,0.01478878325675035
zh_ja_013,language_specific_zh,language_specific_zh_003592,9987045,0.0002187081102151395,0.01478878325675035
zh_ja_013,language_specific_zh,language_specific_zh_003425,347881,0.00021870811021515888,0.014788783256751006
zh_ja_013,language_specific_zh,language_specific_zh_006060,902003,0.00021870811021515888,0.014788783256751006
zh_ja_013,language_specific_zh,language_specific_zh_003462,805505,0.000874832440860558,0.0295775665135007
zh_ja_013,language_specific_zh,language_specific_zh_000163,1584114,0.0008748324408605967,0.029577566513501356
zh_ja_013,language_specific_zh,language_specific_zh_002042,349682,0.0008748324408605967,0.029577566513501356
zh_ja_013,language_specific_zh,language_specific_zh_005360,5983675,0.0008748324408605967,0.029577566513501356
zh_ja_013,language_specific_zh,language_specific_zh_004905,787633,0.0019683729919363134,0.0443663497702517
zh_ja_013,language_specific_zh,language_specific_zh_004953,10484881,0.0019683729919363134,0.0443663497702517
zh_ja_013,language_specific_zh,language_specific_zh_001518,1216089,0.001968372991936372,0.04436634977025236
zh_ja_013,language_specific_zh,language_specific_zh_003385,1097586,0.001968372991936372,0.04436634977025236
zh_ja_013,language_specific_zh,language_specific_zh_005603,3709350,0.001968372991936372,0.04436634977025236
zh_ja_013,language_specific_zh,language_specific_zh_002720,343324,0.003499329763442387,0.05915513302700271
zh_ja_013,language_specific_zh,language_specific_zh_002904,420686,0.003499329763442387,0.05915513302700271
zh_ja_013,language_specific_zh,language_specific_zh_003144,736299,0.003499329763442387,0.05915513302700271
zh_ja_013,language_specific_zh,language_specific_zh_003478,781562,0.003499329763442387,0.05915513302700271
zh_ja_013,language_specific_zh,language_specific_zh_003621,838309,0.003499329763442387,0.05915513302700271
zh_ja_013,language_specific_zh,language_specific_zh_002879,10367183,0.005467702755378777,0.07394391628375371
zh_ja_013,language_specific_zh,language_specific_zh_004426,759734,0.005467702755378777,0.07394391628375371
zh_ja_013,language_specific_zh,language_specific_zh_005153,349299,0.005467702755378777,0.07394391628375371
zh_ja_013,language_specific_zh,language_specific_zh_006403,346762,0.005467702755378777,0.07394391628375371
zh_ja_013,language_specific_zh,language_specific_zh_004836,13589986,0.007873491967745254,0.0887326995405034
zh_ja_013,language_specific_zh,language_specific_zh_006965,333820,0.007873491967745254,0.0887326995405034
zh_ja_013,language_specific_zh,language_specific_zh_000694,13605586,0.007873491967745372,0.08873269954050407
zh_ja_013,language_specific_zh,language_specific_zh_003984,389401,0.01071669740054224,0.10352148279725441
zh_ja_013,language_specific_zh,language_specific_zh_004772,8884471,0.01071669740054224,0.10352148279725441
zh_ja_013,language_specific_zh,language_specific_zh_006402,2221203,0.01071669740054224,0.10352148279725441
zh_ja_013,language_specific_zh,language_specific_zh_000989,1602428,0.010716697400542376,0.10352148279725507
zh_ja_013,language_specific_zh,language_specific_zh_000205,791388,0.01399731905376939,0.11831026605400476
zh_ja_013,language_specific_zh,language_specific_zh_007446,1468436,0.01399731905376939,0.11831026605400476
zh_ja_013,language_specific_zh,language_specific_zh_000419,13509805,0.013997319053769547,0.11831026605400542
zh_ja_013,language_specific_zh,language_specific_zh_001711,918518,0.013997319053769547,0.11831026605400542
zh_ja_013,language_specific_zh,language_specific_zh_006954,10028158,0.013997319053769547,0.11831026605400542
zh_ja_013,language_specific_zh,language_specific_zh_007454,2032254,0.013997319053769547,0.11831026605400542
zh_ja_013,language_specific_zh,language_specific_zh_003669,422974,0.017715356927426998,0.13309904931075578
zh_ja_013,language_specific_zh,language_specific_zh_005389,347304,0.017715356927426998,0.13309904931075578
zh_ja_013,language_specific_zh,language_specific_zh_007856,10555857,0.017715356927426998,0.13309904931075578
zh_ja_013,language_specific_zh,language_specific_zh_000050,9489474,0.017715356927427168,0.13309904931075642
zh_ja_013,language_specific_zh,language_specific_zh_000155,3060461,0.017715356927427168,0.13309904931075642
zh_ja_013,language_specific_zh,language_specific_zh_001855,3783459,0.017715356927427168,0.13309904931075642
zh_ja_013,language_specific_zh,language_specific_zh_002822,8739388,0.017715356927427168,0.13309904931075642
zh_ja_013,language_specific_zh,language_specific_zh_006511,4835828,0.017715356927427168,0.13309904931075642
zh_ja_013,language_specific_zh,language_specific_zh_007761,3537887,0.017715356927427168,0.13309904931075642
zh_ja_013,language_specific_zh,language_specific_zh_001514,1960274,0.021870811021514724,0.14788783256750612
zh_ja_013,language_specific_zh,language_specific_zh_003154,9306465,0.021870811021514724,0.14788783256750612
zh_ja_013,language_specific_zh,language_specific_zh_001210,13918388,0.021870811021514922,0.1478878325675068
zh_ja_013,language_specific_zh,language_specific_zh_005040,13880691,0.021870811021514922,0.1478878325675068
zh_ja_013,language_specific_zh,language_specific_zh_006093,4835908,0.021870811021514922,0.1478878325675068
zh_ja_013,language_specific_zh,language_specific_zh_002080,10503082,0.026463681336032947,0.16267661582425713
zh_ja_013,language_specific_zh,language_specific_zh_006849,1584111,0.026463681336032947,0.16267661582425713
zh_ja_013,language_specific_zh,language_specific_zh_000661,423372,0.026463681336033152,0.16267661582425777
zh_ja_013,language_specific_zh,language_specific_zh_005520,714348,0.026463681336033152,0.16267661582425777
zh_ja_013,language_specific_zh,language_specific_zh_000342,6534390,0.031493967870981486,0.17746539908100814
zh_ja_013,language_specific_zh,language_specific_zh_005241,4760165,0.031493967870981486,0.17746539908100814
zh_ja_013,language_specific_zh,language_specific_zh_005368,1627286,0.031493967870981486,0.17746539908100814
zh_ja_013,language_specific_zh,language_specific_zh_006406,501699,0.031493967870981486,0.17746539908100814
zh_ja_013,language_specific_zh,language_specific_zh_007605,13850760,0.031493967870981486,0.17746539908100814
zh_ja_013,language_specific_zh,language_specific_zh_002712,13976076,0.036961670626360334,0.19225418233775912
zh_ja_013,language_specific_zh,language_specific_zh_006558,5630456,0.036961670626360334,0.19225418233775912
zh_ja_013,language_specific_zh,language_specific_zh_007120,1088532,0.036961670626360334,0.19225418233775912
zh_ja_013,language_specific_zh,language_specific_zh_000033,812359,0.04286678960216896,0.20704296559450883
zh_ja_013,language_specific_zh,language_specific_zh_001245,9992013,0.04286678960216896,0.20704296559450883
zh_ja_013,language_specific_zh,language_specific_zh_004923,358987,0.04286678960216896,0.20704296559450883
zh_ja_013,language_specific_zh,language_specific_zh_000543,3579518,0.04286678960216924,0.2070429655945095
zh_ja_013,language_specific_zh,language_specific_zh_000652,706476,0.04286678960216924,0.2070429655945095
zh_ja_013,language_specific_zh,language_specific_zh_003483,488418,0.04286678960216924,0.2070429655945095
zh_ja_013,language_specific_zh,language_specific_zh_004527,8791829,0.04286678960216924,0.2070429655945095
zh_ja_013,language_specific_zh,language_specific_zh_001376,5617266,0.04920932479840871,0.2218317488512605
zh_ja_013,language_specific_zh,language_specific_zh_003041,374678,0.04920932479840871,0.2218317488512605
zh_ja_013,language_specific_zh,language_specific_zh_003176,1358662,0.04920932479840871,0.2218317488512605
zh_ja_013,language_specific_zh,language_specific_zh_003248,13896400,0.04920932479840871,0.2218317488512605
zh_ja_013,language_specific_zh,language_specific_zh_005259,2052115,0.04920932479840871,0.2218317488512605
zh_ja_013,language_specific_zh,language_specific_zh_006466,13537044,0.04920932479840871,0.2218317488512605
zh_ja_013,language_specific_zh,language_specific_zh_007164,13538258,0.04920932479840871,0.2218317488512605
zh_ja_013,language_specific_zh,language_specific_zh_007245,13943705,0.04920932479840871,0.2218317488512605
zh_ja_013,language_specific_zh,language_specific_zh_003821,2500126,0.05598927621507788,0.23662053210801018
zh_ja_013,language_specific_zh,language_specific_zh_004135,5968145,0.05598927621507788,0.23662053210801018
zh_ja_013,language_specific_zh,language_specific_zh_000696,9544140,0.05598927621507819,0.23662053210801084
zh_ja_013,language_specific_zh,language_specific_zh_000888,420230,0.05598927621507819,0.23662053210801084
zh_ja_013,language_specific_zh,language_specific_zh_001587,9306465,0.05598927621507819,0.23662053210801084
zh_ja_013,language_specific_zh,language_specific_zh_002788,1397150,0.05598927621507819,0.23662053210801084
zh_ja_013,language_specific_zh,language_specific_zh_003222,6799635,0.05598927621507819,0.23662053210801084
zh_ja_013,language_specific_zh,language_specific_zh_003720,1672242,0.05598927621507819,0.23662053210801084
zh_ja_013,language_specific_zh,language_specific_zh_004262,2241819,0.05598927621507819,0.23662053210801084
zh_ja_013,language_specific_zh,language_specific_zh_004586,10020406,0.05598927621507819,0.23662053210801084
zh_ja_013,language_specific_zh,language_specific_zh_007261,686730,0.05598927621507819,0.23662053210801084
zh_ja_013,language_specific_zh,language_specific_zh_002312,400982,0.06320664385217795,0.2514093153647612
zh_ja_013,language_specific_zh,language_specific_zh_003970,13252559,0.06320664385217795,0.2514093153647612
zh_ja_013,language_specific_zh,language_specific_zh_002596,420222,0.06320664385217828,0.25140931536476185
zh_ja_013,language_specific_zh,language_specific_zh_002814,657614,0.06320664385217828,0.25140931536476185
zh_ja_013,language_specific_zh,language_specific_zh_003163,2444280,0.06320664385217828,0.25140931536476185
zh_ja_013,language_specific_zh,language_specific_zh_007617,8935895,0.06320664385217828,0.25140931536476185
zh_ja_014,language_specific_zh,language_specific_zh_005370,5085425,0.0,0.0
zh_ja_014,language_specific_zh,language_specific_zh_006562,8496258,0.0,0.0
zh_ja_014,language_specific_zh,language_specific_zh_000850,13896485,0.0002187081102151395,0.01478878325675035
zh_ja_014,language_specific_zh,language_specific_zh_003175,13880682,0.0002187081102151395,0.01478878325675035
zh_ja_014,language_specific_zh,language_specific_zh_005788,10109532,0.0002187081102151395,0.01478878325675035
zh_ja_014,language_specific_zh,language_specific_zh_007135,8791829,0.0002187081102151395,0.01478878325675035
zh_ja_014,language_specific_zh,language_specific_zh_007449,333332,0.0002187081102151395,0.01478878325675035
zh_ja_014,language_specific_zh,language_specific_zh_000894,1313982,0.00021870811021515888,0.014788783256751006
zh_ja_014,language_specific_zh,language_specific_zh_000927,9955835,0.00021870811021515888,0.014788783256751006
zh_ja_014,language_specific_zh,language_specific_zh_001480,10276249,0.00021870811021515888,0.014788783256751006
zh_ja_014,language_specific_zh,language_specific_zh_001700,1824406,0.00021870811021515888,0.014788783256751006
zh_ja_014,language_specific_zh,language_specific_zh_003160,1779192,0.00021870811021515888,0.014788783256751006
zh_ja_014,language_specific_zh,language_specific_zh_007413,2037708,0.00021870811021515888,0.014788783256751006
zh_ja_014,language_specific_zh,language_specific_zh_000335,462155,0.0008748324408605967,0.029577566513501356
zh_ja_014,language_specific_zh,language_specific_zh_001511,2200413,0.0008748324408605967,0.029577566513501356
zh_ja_014,language_specific_zh,language_specific_zh_001715,13911351,0.0008748324408605967,0.029577566513501356
zh_ja_014,language_specific_zh,language_specific_zh_002239,8878027,0.0008748324408605967,0.029577566513501356
zh_ja_014,language_specific_zh,language_specific_zh_003012,5576764,0.0008748324408605967,0.029577566513501356
zh_ja_014,language_specific_zh,language_specific_zh_003172,13942543,0.0008748324408605967,0.029577566513501356
zh_ja_014,language_specific_zh,language_specific_zh_003200,13840820,0.0008748324408605967,0.029577566513501356
zh_ja_014,language_specific_zh,language_specific_zh_003423,804795,0.0008748324408605967,0.029577566513501356
zh_ja_014,language_specific_zh,language_specific_zh_003743,503023,0.0008748324408605967,0.029577566513501356
zh_ja_014,language_specific_zh,language_specific_zh_003752,798079,0.0008748324408605967,0.029577566513501356
zh_ja_014,language_specific_zh,language_specific_zh_004447,1068424,0.0008748324408605967,0.029577566513501356
zh_ja_014,language_specific_zh,language_specific_zh_005648,2052089,0.0008748324408605967,0.029577566513501356
zh_ja_014,language_specific_zh,language_specific_zh_005672,1335440,0.0008748324408605967,0.029577566513501356
zh_ja_014,language_specific_zh,language_specific_zh_006953,336662,0.0008748324408605967,0.029577566513501356
zh_ja_014,language_specific_zh,language_specific_zh_003625,8574653,0.0019683729919363134,0.0443663497702517
zh_ja_014,language_specific_zh,language_specific_zh_000014,1448906,0.001968372991936372,0.04436634977025236
zh_ja_014,language_specific_zh,language_specific_zh_000314,13610514,0.001968372991936372,0.04436634977025236
zh_ja_014,language_specific_zh,language_specific_zh_000491,787598,0.001968372991936372,0.04436634977025236
zh_ja_014,language_specific_zh,language_specific_zh_000911,707684,0.001968372991936372,0.04436634977025236
zh_ja_014,language_specific_zh,language_specific_zh_000965,686444,0.001968372991936372,0.04436634977025236
zh_ja_014,language_specific_zh,language_specific_zh_003619,13881304,0.001968372991936372,0.04436634977025236
zh_ja_014,language_specific_zh,language_specific_zh_006106,3526185,0.001968372991936372,0.04436634977025236
zh_ja_014,language_specific_zh,language_specific_zh_000633,2440897,0.003499329763442387,0.05915513302700271
zh_ja_014,language_specific_zh,language_specific_zh_000711,1417575,0.003499329763442387,0.05915513302700271
zh_ja_014,language_specific_zh,language_specific_zh_001368,8739388,0.003499329763442387,0.05915513302700271
zh_ja_014,language_specific_zh,language_specific_zh_002144,818907,0.003499329763442387,0.05915513302700271
zh_ja_014,language_specific_zh,language_specific_zh_002204,13549689,0.003499329763442387,0.05915513302700271
zh_ja_014,language_specific_zh,language_specific_zh_003047,5574891,0.003499329763442387,0.05915513302700271
zh_ja_014,language_specific_zh,language_specific_zh_003370,2333579,0.003499329763442387,0.05915513302700271
zh_ja_014,language_specific_zh,language_specific_zh_003437,464779,0.003499329763442387,0.05915513302700271
zh_ja_014,language_specific_zh,language_specific_zh_004347,1839867,0.003499329763442387,0.05915513302700271
zh_ja_014,language_specific_zh,language_specific_zh_006504,813480,0.003499329763442387,0.05915513302700271
zh_ja_014,language_specific_zh,language_specific_zh_007284,363896,0.003499329763442387,0.05915513302700271
zh_ja_014,language_specific_zh,language_specific_zh_001030,8553163,0.005467702755378681,0.07394391628375306
zh_ja_014,language_specific_zh,language_specific_zh_002043,9794531,0.005467702755378681,0.07394391628375306
zh_ja_014,language_specific_zh,language_specific_zh_000939,9432377,0.005467702755378777,0.07394391628375371
zh_ja_014,language_specific_zh,language_specific_zh_003414,350057,0.005467702755378777,0.07394391628375371
zh_ja_014,language_specific_zh,language_specific_zh_003728,7704624,0.005467702755378777,0.07394391628375371
zh_ja_014,language_specific_zh,language_specific_zh_006396,451832,0.005467702755378777,0.07394391628375371
zh_ja_014,language_specific_zh,language_specific_zh_007174,772106,0.005467702755378777,0.07394391628375371
zh_ja_014,language_specific_zh,language_specific_zh_000688,13894742,0.007873491967745372,0.08873269954050407
zh_ja_014,language_specific_zh,language_specific_zh_000886,1946786,0.007873491967745372,0.08873269954050407
zh_ja_014,language_specific_zh,language_specific_zh_000990,5975061,0.007873491967745372,0.08873269954050407
zh_ja_014,language_specific_zh,language_specific_zh_001169,13589976,0.007873491967745372,0.08873269954050407
zh_ja_014,language_specific_zh,language_specific_zh_001752,1343714,0.007873491967745372,0.08873269954050407
zh_ja_014,language_specific_zh,language_specific_zh_002990,335318,0.007873491967745372,0.08873269954050407
zh_ja_014,language_specific_zh,language_specific_zh_005291,350543,0.007873491967745372,0.08873269954050407
zh_ja_014,language_specific_zh,language_specific_zh_005897,1269319,0.007873491967745372,0.08873269954050407
zh_ja_014,language_specific_zh,language_specific_zh_006116,461622,0.007873491967745372,0.08873269954050407
zh_ja_014,language_specific_zh,language_specific_zh_006842,5136752,0.007873491967745372,0.08873269954050407
zh_ja_014,language_specific_zh,language_specific_zh_007347,13913360,0.007873491967745372,0.08873269954050407
zh_ja_014,language_specific_zh,language_specific_zh_000041,9969116,0.01071669740054224,0.10352148279725441
zh_ja_014,language_specific_zh,language_specific_zh_001297,3554262,0.01071669740054224,0.10352148279725441
zh_ja_014,language_specific_zh,language_specific_zh_003846,996461,0.01071669740054224,0.10352148279725441
zh_ja_014,language_specific_zh,language_specific_zh_004921,5933784,0.01071669740054224,0.10352148279725441
zh_ja_014,language_specific_zh,language_specific_zh_004944,420780,0.01071669740054224,0.10352148279725441
zh_ja_014,language_specific_zh,language_specific_zh_006821,2409686,0.01071669740054224,0.10352148279725441
zh_ja_014,language_specific_zh,language_specific_zh_000056,4265057,0.013997319053769547,0.11831026605400542
zh_ja_014,language_specific_zh,language_specific_zh_001033,850117,0.013997319053769547,0.11831026605400542
zh_ja_014,language_specific_zh,language_specific_zh_001092,2487756,0.013997319053769547,0.11831026605400542
zh_ja_014,language_specific_zh,language_specific_zh_001338,1192575,0.013997319053769547,0.11831026605400542
zh_ja_014,language_specific_zh,language_specific_zh_001369,336457,0.013997319053769547,0.11831026605400542
zh_ja_014,language_specific_zh,language_specific_zh_003428,4493482,0.013997319053769547,0.11831026605400542
zh_ja_014,language_specific_zh,language_specific_zh_003468,8463531,0.013997319053769547,0.11831026605400542
zh_ja_014,language_specific_zh,language_specific_zh_003945,757014,0.013997319053769547,0.11831026605400542
zh_ja_014,language_specific_zh,language_specific_zh_005224,796030,0.013997319053769547,0.11831026605400542
zh_ja_014,language_specific_zh,language_specific_zh_005657,996461,0.013997319053769547,0.11831026605400542
zh_ja_014,language_specific_zh,language_specific_zh_005841,10460425,0.013997319053769547,0.11831026605400542
zh_ja_014,language_specific_zh,language_specific_zh_005934,8767470,0.013997319053769547,0.11831026605400542
zh_ja_014,language_specific_zh,language_specific_zh_006085,1397409,0.013997319053769547,0.11831026605400542
zh_ja_014,language_specific_zh,language_specific_zh_000049,832982,0.017715356927426998,0.13309904931075578
zh_ja_014,language_specific_zh,language_specific_zh_003371,1759610,0.017715356927426998,0.13309904931075578
zh_ja_014,language_specific_zh,language_specific_zh_003416,8591268,0.017715356927426998,0.13309904931075578
zh_ja_014,language_specific_zh,language_specific_zh_005369,431479,0.017715356927426998,0.13309904931075578
zh_ja_014,language_specific_zh,language_specific_zh_006078,9965710,0.017715356927426998,0.13309904931075578
zh_ja_014,language_specific_zh,language_specific_zh_006268,13917210,0.017715356927426998,0.13309904931075578
zh_ja_014,language_specific_zh,language_specific_zh_001519,14007080,0.017715356927427168,0.13309904931075642
zh_ja_014,language_specific_zh,language_specific_zh_002710,784967,0.017715356927427168,0.13309904931075642
zh_ja_014,language_specific_zh,language_specific_zh_005473,8792037,0.017715356927427168,0.13309904931075642
zh_ja_014,language_specific_zh,language_specific_zh_006955,2393866,0.017715356927427168,0.13309904931075642
zh_ja_014,language_specific_zh,language_specific_zh_000230,899134,0.021870811021514922,0.1478878325675068
zh_ja_014,language_specific_zh,language_specific_zh_000559,4267415,0.021870811021514922,0.1478878325675068
zh_ja_014,language_specific_zh,language_specific_zh_001316,1776579,0.021870811021514922,0.1478878325675068
zh_ja_014,language_specific_zh,language_specific_zh_003537,13537201,0.021870811021514922,0.1478878325675068
zh_ja_014,language_specific_zh,language_specific_zh_003597,10260755,0.021870811021514922,0.1478878325675068
zh_ja_014,language_specific_zh,language_specific_zh_003895,363968,0.021870811021514922,0.1478878325675068
zh_ja_014,language_specific_zh,language_specific_zh_004497,13537187,0.021870811021514922,0.1478878325675068
zh_ja_015,language_specific_zh,language_specific_zh_005503,478153,0.07086142770970832,0.26619809862151217
zh_ja_015,language_specific_zh,language_specific_zh_005634,619799,0.07086142770970832,0.26619809862151217
zh_ja_015,language_specific_zh,language_specific_zh_005401,2029417,0.12597587148392594,0.3549307981620163
zh_ja_015,language_specific_zh,language_specific_zh_001569,9989906,0.15943821234684347,0.39929714793226795
zh_ja_015,language_specific_zh,language_specific_zh_002505,794645,0.15943821234684347,0.39929714793226795
zh_ja_015,language_specific_zh,language_specific_zh_001584,2017399,0.2381731320242971,0.488029847472772
zh_ja_015,language_specific_zh,language_specific_zh_005071,797131,0.2679174350135574,0.5176074139862734
zh_ja_015,language_specific_zh,language_specific_zh_001652,797100,0.46278636121525474,0.6802840298105305
zh_ja_015,language_specific_zh,language_specific_zh_005607,10245928,0.5039034859357028,0.7098615963240319
zh_ja_015,language_specific_zh,language_specific_zh_000535,348112,0.7357340827637606,0.8577494288915386
zh_ja_015,language_specific_zh,language_specific_zh_006360,10301547,1.1235115290571438,0.9933876182904012
zh_ja_015,language_specific_zh,language_specific_zh_002587,7781524,1.1654955193365277,1.0795811777427984
zh_ja_015,language_specific_zh,language_specific_zh_003352,5555579,1.2547363951862334,0.9933876182904012
zh_ja_015,language_specific_zh,language_specific_zh_003756,10518654,1.3194739958099175,0.9933876182904012
zh_ja_015,language_specific_zh,language_specific_zh_004887,8215709,1.5801660963044504,1.2570465768238066
zh_ja_015,language_specific_zh,language_specific_zh_000752,13511187,1.61756518315124,1.271835360080557
zh_ja_015,language_specific_zh,language_specific_zh_006623,14008283,1.61756518315124,1.271835360080557
zh_ja_015,language_specific_zh,language_specific_zh_007393,13894928,1.6484109935735016,0.9933876182904012
zh_ja_015,language_specific_zh,language_specific_zh_006622,4813385,1.697401610261694,0.9933876182904012
zh_ja_015,language_specific_zh,language_specific_zh_002663,13511157,1.7741681569472116,0.9933876182904012
zh_ja_015,language_specific_zh,language_specific_zh_003771,482688,1.851145444861019,1.360568059621061
zh_ja_015,language_specific_zh,language_specific_zh_005771,2394480,1.8826473796139256,0.9933876182904012
zh_ja_015,language_specific_zh,language_specific_zh_006490,926900,1.9685996669284784,0.9933876182904012
zh_ja_015,language_specific_zh,language_specific_zh_005720,784497,2.015613943742811,1.4197231926480638
zh_ja_015,language_specific_zh,language_specific_zh_006385,7774361,2.057824609014336,1.4345119759048148
zh_ja_015,language_specific_zh,language_specific_zh_003540,1759586,2.317439102721642,1.1535250940265522
zh_ja_015,language_specific_zh,language_specific_zh_004256,14001279,2.604384143323916,1.271835360080557
zh_ja_015,language_specific_zh,language_specific_zh_001308,9959866,2.9193238220337303,1.3901456261345624
zh_ja_015,language_specific_zh,language_specific_zh_002058,8577512,2.9606596548643944,1.4049344093913134
zh_ja_015,language_specific_zh,language_specific_zh_002808,879133,3.0452917266357327,1.7450764242965786
zh_ja_015,language_specific_zh,language_specific_zh_004486,333604,4.286678960216915,2.0704296559450928
zh_ja_015,language_specific_zh,language_specific_zh_006282,13943718,4.763299039532301,2.0004939659677476
zh_ja_015,language_specific_zh,language_specific_zh_002546,1646860,4.870028597317293,2.0004939659677476
zh_ja_015,language_specific_zh,language_specific_zh_005798,9972430,4.870028597317293,2.0004939659677476
zh_ja_015,language_specific_zh,language_specific_zh_007820,9306549,4.870028597317293,2.0004939659677476
zh_ja_015,language_specific_zh,language_specific_zh_000462,782781,4.958582142325552,1.9867752365808025
zh_ja_015,language_specific_zh,language_specific_zh_001246,1788010,5.0432454206076915,2.0004939659677476
zh_ja_015,language_specific_zh,language_specific_zh_005339,396119,5.104483691467933,2.0004939659677476
zh_ja_015,language_specific_zh,language_specific_zh_003397,3470141,5.144921452228859,1.9867752365808025
zh_ja_015,language_specific_zh,language_specific_zh_007935,10265808,5.1674716272098955,2.0004939659677476
zh_ja_015,language_specific_zh,language_specific_zh_004525,9135901,5.199621719411523,2.0004939659677476
zh_ja_015,language_specific_zh,language_specific_zh_003053,2794651,5.346560045127864,2.3122629705826854
zh_ja_015,language_specific_zh,language_specific_zh_004211,9306529,5.346560045127864,2.3122629705826854
zh_ja_015,language_specific_zh,language_specific_zh_005526,1385897,5.346560045127864,2.3122629705826854
zh_ja_015,language_specific_zh,language_specific_zh_001082,8744677,5.3467787532380795,2.3122629705826854
zh_ja_015,language_specific_zh,language_specific_zh_006034,8556523,5.3467787532380795,2.3122629705826854
zh_ja_015,language_specific_zh,language_specific_zh_006988,735139,5.3467787532380795,2.3122629705826854
zh_ja_015,language_specific_zh,language_specific_zh_000382,900854,5.347434877568725,2.3122629705826854
zh_ja_015,language_specific_zh,language_specific_zh_001325,9135870,5.347434877568725,2.3122629705826854
zh_ja_015,language_specific_zh,language_specific_zh_003356,13915684,5.347434877568725,2.3122629705826854
zh_ja_015,language_specific_zh,language_specific_zh_003544,13892116,5.347434877568725,2.3122629705826854
zh_ja_015,language_specific_zh,language_specific_zh_005951,817347,5.347434877568725,2.3122629705826854
zh_ja_015,language_specific_zh,language_specific_zh_006289,406451,5.347434877568725,2.3122629705826854
zh_ja_015,language_specific_zh,language_specific_zh_006701,8511415,5.347434877568725,2.3122629705826854
zh_ja_015,language_specific_zh,language_specific_zh_000017,13942887,5.348528418119801,2.3122629705826854
zh_ja_015,language_specific_zh,language_specific_zh_002074,2609516,5.348528418119801,2.3122629705826854
zh_ja_015,language_specific_zh,language_specific_zh_002170,10021235,5.348528418119801,2.3122629705826854
zh_ja_015,language_specific_zh,language_specific_zh_003215,715572,5.348528418119801,2.3122629705826854
zh_ja_015,language_specific_zh,language_specific_zh_003723,9794571,5.348528418119801,2.3122629705826854
zh_ja_015,language_specific_zh,language_specific_zh_004051,1589664,5.348528418119801,2.3122629705826854
zh_ja_015,language_specific_zh,language_specific_zh_004436,2054072,5.348528418119801,2.3122629705826854
zh_ja_015,language_specific_zh,language_specific_zh_006331,806637,5.348528418119801,2.3122629705826854
zh_ja_015,language_specific_zh,language_specific_zh_006713,2298341,5.348528418119801,2.3122629705826854
zh_ja_015,language_specific_zh,language_specific_zh_002535,2941315,5.350059374891306,2.3122629705826854
zh_ja_015,language_specific_zh,language_specific_zh_004876,13924811,5.350059374891306,2.3122629705826854
zh_ja_015,language_specific_zh,language_specific_zh_000253,1551856,5.352027747883243,2.3122629705826854
zh_ja_015,language_specific_zh,language_specific_zh_003054,809773,5.352027747883243,2.3122629705826854
zh_ja_015,language_specific_zh,language_specific_zh_004049,13376566,5.352027747883243,2.3122629705826854
zh_ja_015,language_specific_zh,language_specific_zh_004080,414973,5.352027747883243,2.3122629705826854
zh_ja_015,language_specific_zh,language_specific_zh_006184,354444,5.352027747883243,2.3122629705826854
zh_ja_015,language_specific_zh,language_specific_zh_001920,1672075,5.35443353709561,2.3122629705826854
zh_ja_015,language_specific_zh,language_specific_zh_005420,2394348,5.35443353709561,2.3122629705826854
zh_ja_015,language_specific_zh,language_specific_zh_007485,10019584,5.35443353709561,2.3122629705826854
zh_ja_015,language_specific_zh,language_specific_zh_000739,540604,5.3572767425284065,2.3122629705826854
zh_ja_015,language_specific_zh,language_specific_zh_000802,1541646,5.3572767425284065,2.3122629705826854
zh_ja_015,language_specific_zh,language_specific_zh_000844,9955903,5.3572767425284065,2.3122629705826854
zh_ja_015,language_specific_zh,language_specific_zh_001177,727334,5.3572767425284065,2.3122629705826854
zh_ja_015,language_specific_zh,language_specific_zh_001250,824572,5.3572767425284065,2.3122629705826854
zh_ja_015,language_specific_zh,language_specific_zh_005183,10457804,5.3572767425284065,2.3122629705826854
zh_ja_015,language_specific_zh,language_specific_zh_000138,13573938,5.360557364181634,2.3122629705826854
zh_ja_015,language_specific_zh,language_specific_zh_001969,3579635,5.360557364181634,2.3122629705826854
zh_ja_015,language_specific_zh,language_specific_zh_002504,345964,5.360557364181634,2.3122629705826854
zh_ja_015,language_specific_zh,language_specific_zh_003878,737828,5.360557364181634,2.3122629705826854
zh_ja_015,language_specific_zh,language_specific_zh_004442,3130785,5.360557364181634,2.3122629705826854
zh_ja_015,language_specific_zh,language_specific_zh_005829,333120,5.360557364181634,2.3122629705826854
zh_ja_015,language_specific_zh,language_specific_zh_007436,13972637,5.360557364181634,2.3122629705826854
zh_ja_015,language_specific_zh,language_specific_zh_007440,334798,5.360557364181634,2.3122629705826854
zh_ja_015,language_specific_zh,language_specific_zh_007507,13849259,5.360557364181634,2.3122629705826854
zh_ja_015,language_specific_zh,language_specific_zh_000875,824447,5.364275402055291,2.3122629705826854
zh_ja_015,language_specific_zh,language_specific_zh_001175,8794701,5.364275402055291,2.3122629705826854
zh_ja_015,language_specific_zh,language_specific_zh_002528,790787,5.364275402055291,2.3122629705826854
zh_ja_015,language_specific_zh,language_specific_zh_002544,389919,5.364275402055291,2.3122629705826854
zh_ja_015,language_specific_zh,language_specific_zh_003595,10485552,5.364275402055291,2.3122629705826854
zh_ja_015,language_specific_zh,language_specific_zh_004234,429127,5.364275402055291,2.3122629705826854
zh_ja_015,language_specific_zh,language_specific_zh_005718,337975,5.364275402055291,2.3122629705826854
zh_ja_015,language_specific_zh,language_specific_zh_005977,2263964,5.364275402055291,2.3122629705826854
zh_ja_015,language_specific_zh,language_specific_zh_006044,3130794,5.364275402055291,2.3122629705826854
zh_ja_015,language_specific_zh,language_specific_zh_000554,2857589,5.368430856149379,2.3122629705826854
zh_ja_015,language_specific_zh,language_specific_zh_001270,420502,5.368430856149379,2.3122629705826854
zh_ja_015,language_specific_zh,language_specific_zh_001653,8889570,5.368430856149379,2.3122629705826854
zh_ja_019,language_specific_zh,language_specific_zh_000253,1551856,0.0,0.0
zh_ja_019,language_specific_zh,language_specific_zh_004049,13376566,0.0,0.0
zh_ja_019,language_specific_zh,language_specific_zh_004080,414973,0.0,0.0
zh_ja_019,language_specific_zh,language_specific_zh_005420,2394348,0.0002187081102151395,0.01478878325675035
zh_ja_019,language_specific_zh,language_specific_zh_007485,10019584,0.0002187081102151395,0.01478878325675035
zh_ja_019,language_specific_zh,language_specific_zh_004876,13924811,0.00021870811021515888,0.014788783256751006
zh_ja_019,language_specific_zh,language_specific_zh_000844,9955903,0.000874832440860558,0.0295775665135007
zh_ja_019,language_specific_zh,language_specific_zh_001177,727334,0.000874832440860558,0.0295775665135007
zh_ja_019,language_specific_zh,language_specific_zh_001250,824572,0.000874832440860558,0.0295775665135007
zh_ja_019,language_specific_zh,language_specific_zh_005183,10457804,0.000874832440860558,0.0295775665135007
zh_ja_019,language_specific_zh,language_specific_zh_000017,13942887,0.0008748324408605967,0.029577566513501356
zh_ja_019,language_specific_zh,language_specific_zh_003215,715572,0.0008748324408605967,0.029577566513501356
zh_ja_019,language_specific_zh,language_specific_zh_003723,9794571,0.0008748324408605967,0.029577566513501356
zh_ja_019,language_specific_zh,language_specific_zh_004051,1589664,0.0008748324408605967,0.029577566513501356
zh_ja_019,language_specific_zh,language_specific_zh_004436,2054072,0.0008748324408605967,0.029577566513501356
zh_ja_019,language_specific_zh,language_specific_zh_006331,806637,0.0008748324408605967,0.029577566513501356
zh_ja_019,language_specific_zh,language_specific_zh_001969,3579635,0.0019683729919363134,0.0443663497702517
zh_ja_019,language_specific_zh,language_specific_zh_002504,345964,0.0019683729919363134,0.0443663497702517
zh_ja_019,language_specific_zh,language_specific_zh_003878,737828,0.0019683729919363134,0.0443663497702517
zh_ja_019,language_specific_zh,language_specific_zh_005829,333120,0.0019683729919363134,0.0443663497702517
zh_ja_019,language_specific_zh,language_specific_zh_007436,13972637,0.0019683729919363134,0.0443663497702517
zh_ja_019,language_specific_zh,language_specific_zh_007440,334798,0.0019683729919363134,0.0443663497702517
zh_ja_019,language_specific_zh,language_specific_zh_007507,13849259,0.0019683729919363134,0.0443663497702517
zh_ja_019,language_specific_zh,language_specific_zh_003356,13915684,0.001968372991936372,0.04436634977025236
zh_ja_019,language_specific_zh,language_specific_zh_003544,13892116,0.001968372991936372,0.04436634977025236
zh_ja_019,language_specific_zh,language_specific_zh_005951,817347,0.001968372991936372,0.04436634977025236
zh_ja_019,language_specific_zh,language_specific_zh_006289,406451,0.001968372991936372,0.04436634977025236
zh_ja_019,language_specific_zh,language_specific_zh_006701,8511415,0.001968372991936372,0.04436634977025236
zh_ja_019,language_specific_zh,language_specific_zh_000875,824447,0.0034993297634423087,0.05915513302700205
zh_ja_019,language_specific_zh,language_specific_zh_001175,8794701,0.0034993297634423087,0.05915513302700205
zh_ja_019,language_specific_zh,language_specific_zh_002528,790787,0.0034993297634423087,0.05915513302700205
zh_ja_019,language_specific_zh,language_specific_zh_003595,10485552,0.0034993297634423087,0.05915513302700205
zh_ja_019,language_specific_zh,language_specific_zh_004234,429127,0.0034993297634423087,0.05915513302700205
zh_ja_019,language_specific_zh,language_specific_zh_005718,337975,0.0034993297634423087,0.05915513302700205
zh_ja_019,language_specific_zh,language_specific_zh_006988,735139,0.003499329763442387,0.05915513302700271
zh_ja_019,language_specific_zh,language_specific_zh_000554,2857589,0.005467702755378681,0.07394391628375306
zh_ja_019,language_specific_zh,language_specific_zh_001270,420502,0.005467702755378681,0.07394391628375306
zh_ja_019,language_specific_zh,language_specific_zh_001653,8889570,0.005467702755378681,0.07394391628375306
zh_ja_019,language_specific_zh,language_specific_zh_003740,5254696,0.005467702755378681,0.07394391628375306
zh_ja_019,language_specific_zh,language_specific_zh_004420,390446,0.005467702755378681,0.07394391628375306
zh_ja_019,language_specific_zh,language_specific_zh_006249,13943490,0.005467702755378681,0.07394391628375306
zh_ja_019,language_specific_zh,language_specific_zh_006731,4844645,0.005467702755378681,0.07394391628375306
zh_ja_019,language_specific_zh,language_specific_zh_003053,2794651,0.005467702755378777,0.07394391628375371
zh_ja_019,language_specific_zh,language_specific_zh_004211,9306529,0.005467702755378777,0.07394391628375371
zh_ja_019,language_specific_zh,language_specific_zh_005526,1385897,0.005467702755378777,0.07394391628375371
zh_ja_019,language_specific_zh,language_specific_zh_001449,2411918,0.007873491967745254,0.0887326995405034
zh_ja_019,language_specific_zh,language_specific_zh_004414,13573445,0.007873491967745254,0.0887326995405034
zh_ja_019,language_specific_zh,language_specific_zh_005027,930017,0.007873491967745254,0.0887326995405034
zh_ja_019,language_specific_zh,language_specific_zh_005191,760892,0.007873491967745254,0.0887326995405034
zh_ja_019,language_specific_zh,language_specific_zh_005854,2031282,0.007873491967745254,0.0887326995405034
zh_ja_019,language_specific_zh,language_specific_zh_006076,420900,0.007873491967745254,0.0887326995405034
zh_ja_019,language_specific_zh,language_specific_zh_006211,13949947,0.007873491967745254,0.0887326995405034
zh_ja_019,language_specific_zh,language_specific_zh_007912,4661402,0.007873491967745254,0.0887326995405034
zh_ja_019,language_specific_zh,language_specific_zh_001082,8744677,0.007873491967745372,0.08873269954050407
zh_ja_019,language_specific_zh,language_specific_zh_006034,8556523,0.007873491967745372,0.08873269954050407
zh_ja_019,language_specific_zh,language_specific_zh_001674,1584486,0.01071669740054224,0.10352148279725441
zh_ja_019,language_specific_zh,language_specific_zh_001961,344579,0.01071669740054224,0.10352148279725441
zh_ja_019,language_specific_zh,language_specific_zh_002530,7841400,0.01071669740054224,0.10352148279725441
zh_ja_019,language_specific_zh,language_specific_zh_002612,5794147,0.01071669740054224,0.10352148279725441
zh_ja_019,language_specific_zh,language_specific_zh_002645,13887681,0.01071669740054224,0.10352148279725441
zh_ja_019,language_specific_zh,language_specific_zh_005739,3579522,0.01071669740054224,0.10352148279725441
zh_ja_019,language_specific_zh,language_specific_zh_007268,8853807,0.01071669740054224,0.10352148279725441
zh_ja_019,language_specific_zh,language_specific_zh_000382,900854,0.010716697400542376,0.10352148279725507
zh_ja_019,language_specific_zh,language_specific_zh_001325,9135870,0.010716697400542376,0.10352148279725507
zh_ja_019,language_specific_zh,language_specific_zh_000349,2658531,0.01399731905376939,0.11831026605400476
zh_ja_019,language_specific_zh,language_specific_zh_000740,737798,0.01399731905376939,0.11831026605400476
zh_ja_019,language_specific_zh,language_specific_zh_001986,1441787,0.01399731905376939,0.11831026605400476
zh_ja_019,language_specific_zh,language_specific_zh_004314,13513854,0.01399731905376939,0.11831026605400476
zh_ja_019,language_specific_zh,language_specific_zh_004884,8725799,0.01399731905376939,0.11831026605400476
zh_ja_019,language_specific_zh,language_specific_zh_006235,1593707,0.01399731905376939,0.11831026605400476
zh_ja_019,language_specific_zh,language_specific_zh_006275,13854250,0.01399731905376939,0.11831026605400476
zh_ja_019,language_specific_zh,language_specific_zh_007091,1408091,0.01399731905376939,0.11831026605400476
zh_ja_019,language_specific_zh,language_specific_zh_002074,2609516,0.013997319053769547,0.11831026605400542
zh_ja_019,language_specific_zh,language_specific_zh_002170,10021235,0.013997319053769547,0.11831026605400542
zh_ja_019,language_specific_zh,language_specific_zh_006713,2298341,0.013997319053769547,0.11831026605400542
zh_ja_019,language_specific_zh,language_specific_zh_000311,2065311,0.017715356927426998,0.13309904931075578
zh_ja_019,language_specific_zh,language_specific_zh_000841,421056,0.017715356927426998,0.13309904931075578
zh_ja_019,language_specific_zh,language_specific_zh_001067,1313753,0.017715356927426998,0.13309904931075578
zh_ja_019,language_specific_zh,language_specific_zh_001912,735323,0.017715356927426998,0.13309904931075578
zh_ja_019,language_specific_zh,language_specific_zh_002502,801447,0.017715356927426998,0.13309904931075578
zh_ja_019,language_specific_zh,language_specific_zh_003098,3377996,0.017715356927426998,0.13309904931075578
zh_ja_019,language_specific_zh,language_specific_zh_004378,9409466,0.017715356927426998,0.13309904931075578
zh_ja_019,language_specific_zh,language_specific_zh_004883,1236438,0.017715356927426998,0.13309904931075578
zh_ja_019,language_specific_zh,language_specific_zh_006025,6149243,0.017715356927426998,0.13309904931075578
zh_ja_019,language_specific_zh,language_specific_zh_006728,2030708,0.017715356927426998,0.13309904931075578
zh_ja_019,language_specific_zh,language_specific_zh_007021,420524,0.017715356927426998,0.13309904931075578
zh_ja_019,language_specific_zh,language_specific_zh_007412,8558444,0.017715356927426998,0.13309904931075578
zh_ja_019,language_specific_zh,language_specific_zh_007432,3667819,0.017715356927426998,0.13309904931075578
zh_ja_019,language_specific_zh,language_specific_zh_002535,2941315,0.017715356927427168,0.13309904931075642
zh_ja_019,language_specific_zh,language_specific_zh_000188,872111,0.021870811021514724,0.14788783256750612
zh_ja_019,language_specific_zh,language_specific_zh_001238,1361986,0.021870811021514724,0.14788783256750612
zh_ja_019,language_specific_zh,language_specific_zh_004411,13860184,0.021870811021514724,0.14788783256750612
zh_ja_019,language_specific_zh,language_specific_zh_004461,13533738,0.021870811021514724,0.14788783256750612
zh_ja_019,language_specific_zh,language_specific_zh_004732,757027,0.021870811021514724,0.14788783256750612
zh_ja_019,language_specific_zh,language_specific_zh_004779,736299,0.021870811021514724,0.14788783256750612
zh_ja_019,language_specific_zh,language_specific_zh_005341,9415212,0.021870811021514724,0.14788783256750612
zh_ja_019,language_specific_zh,language_specific_zh_005433,774462,0.021870811021514724,0.14788783256750612
zh_ja_019,language_specific_zh,language_specific_zh_006796,8932552,0.021870811021514724,0.14788783256750612
zh_ja_019,language_specific_zh,language_specific_zh_006863,13591634,0.021870811021514724,0.14788783256750612
zh_ja_019,language_specific_zh,language_specific_zh_003054,809773,0.021870811021514922,0.1478878325675068
zh_ja_020,language_specific_zh,language_specific_zh_000075,13508749,0.0,0.0
zh_ja_020,language_specific_zh,language_specific_zh_003883,10449254,0.0002187081102151395,0.01478878325675035
zh_ja_020,language_specific_zh,language_specific_zh_001596,1573291,0.00021870811021515888,0.014788783256751006
zh_ja_020,language_specific_zh,language_specific_zh_003983,333235,0.00021870811021515888,0.014788783256751006
zh_ja_020,language_specific_zh,language_specific_zh_001916,346126,0.0008748324408605967,0.029577566513501356
zh_ja_020,language_specific_zh,language_specific_zh_002843,5405486,0.0008748324408605967,0.029577566513501356
zh_ja_020,language_specific_zh,language_specific_zh_004615,13634381,0.0008748324408605967,0.029577566513501356
zh_ja_020,language_specific_zh,language_specific_zh_004811,8887772,0.0008748324408605967,0.029577566513501356
zh_ja_020,language_specific_zh,language_specific_zh_005627,2081717,0.0008748324408605967,0.029577566513501356
zh_ja_020,language_specific_zh,language_specific_zh_006705,1873139,0.0008748324408605967,0.029577566513501356
zh_ja_020,language_specific_zh,language_specific_zh_007378,6325052,0.0008748324408605967,0.029577566513501356
zh_ja_020,language_specific_zh,language_specific_zh_002611,13537185,0.0019683729919363134,0.0443663497702517
zh_ja_020,language_specific_zh,language_specific_zh_006276,4517819,0.0019683729919363134,0.0443663497702517
zh_ja_020,language_specific_zh,language_specific_zh_002995,1577385,0.001968372991936372,0.04436634977025236
zh_ja_020,language_specific_zh,language_specific_zh_003926,346459,0.001968372991936372,0.04436634977025236
zh_ja_020,language_specific_zh,language_specific_zh_007853,1776488,0.003499329763442387,0.05915513302700271
zh_ja_020,language_specific_zh,language_specific_zh_000966,13899180,0.005467702755378681,0.07394391628375306
zh_ja_020,language_specific_zh,language_specific_zh_002886,2192820,0.005467702755378681,0.07394391628375306
zh_ja_020,language_specific_zh,language_specific_zh_005479,334442,0.005467702755378681,0.07394391628375306
zh_ja_020,language_specific_zh,language_specific_zh_005525,787385,0.005467702755378681,0.07394391628375306
zh_ja_020,language_specific_zh,language_specific_zh_000952,2189057,0.01071669740054224,0.10352148279725441
zh_ja_020,language_specific_zh,language_specific_zh_002887,6799548,0.013997319053769547,0.11831026605400542
zh_ja_020,language_specific_zh,language_specific_zh_006766,343934,0.013997319053769547,0.11831026605400542
zh_ja_020,language_specific_zh,language_specific_zh_000238,9423227,0.017715356927426998,0.13309904931075578
zh_ja_020,language_specific_zh,language_specific_zh_001025,13896605,0.021870811021514922,0.1478878325675068
zh_ja_020,language_specific_zh,language_specific_zh_002771,332679,0.021870811021514922,0.1478878325675068
zh_ja_020,language_specific_zh,language_specific_zh_005780,7781752,0.021870811021514922,0.1478878325675068
zh_ja_020,language_specific_zh,language_specific_zh_002857,13906971,0.026463681336032947,0.16267661582425713
zh_ja_020,language_specific_zh,language_specific_zh_005143,819306,0.026463681336032947,0.16267661582425713
zh_ja_020,language_specific_zh,language_specific_zh_005506,844168,0.026463681336032947,0.16267661582425713
zh_ja_020,language_specific_zh,language_specific_zh_000167,706428,0.031493967870981486,0.17746539908100814
zh_ja_020,language_specific_zh,language_specific_zh_007462,10024462,0.031493967870981486,0.17746539908100814
zh_ja_020,language_specific_zh,language_specific_zh_004662,13573145,0.036961670626360084,0.19225418233775848
zh_ja_020,language_specific_zh,language_specific_zh_006308,10011676,0.036961670626360084,0.19225418233775848
zh_ja_020,language_specific_zh,language_specific_zh_002167,1323335,0.04286678960216924,0.2070429655945095
zh_ja_020,language_specific_zh,language_specific_zh_005564,13547894,0.04286678960216924,0.2070429655945095
zh_ja_020,language_specific_zh,language_specific_zh_006011,3681191,0.04286678960216924,0.2070429655945095
zh_ja_020,language_specific_zh,language_specific_zh_001279,13944346,0.04920932479840842,0.22183174885125984
zh_ja_020,language_specific_zh,language_specific_zh_006215,464153,0.04920932479840842,0.22183174885125984
zh_ja_020,language_specific_zh,language_specific_zh_000744,10273857,0.06320664385217795,0.2514093153647612
zh_ja_020,language_specific_zh,language_specific_zh_002155,817297,0.06320664385217795,0.2514093153647612
zh_ja_020,language_specific_zh,language_specific_zh_003050,407266,0.06320664385217795,0.2514093153647612
zh_ja_020,language_specific_zh,language_specific_zh_005480,13573859,0.06320664385217795,0.2514093153647612
zh_ja_020,language_specific_zh,language_specific_zh_006606,503007,0.06320664385217795,0.2514093153647612
zh_ja_020,language_specific_zh,language_specific_zh_002618,1361966,0.07086142770970832,0.26619809862151217
zh_ja_020,language_specific_zh,language_specific_zh_003038,8746512,0.07086142770970832,0.26619809862151217
zh_ja_020,language_specific_zh,language_specific_zh_000829,346764,0.07895362778766866,0.28098688187826254
zh_ja_020,language_specific_zh,language_specific_zh_004430,8791840,0.07895362778766866,0.28098688187826254
zh_ja_020,language_specific_zh,language_specific_zh_005015,2338565,0.07895362778766866,0.28098688187826254
zh_ja_020,language_specific_zh,language_specific_zh_005888,889641,0.07895362778766866,0.28098688187826254
zh_ja_020,language_specific_zh,language_specific_zh_006010,8795175,0.07895362778766866,0.28098688187826254
zh_ja_020,language_specific_zh,language_specific_zh_007100,562116,0.07895362778766866,0.28098688187826254
zh_ja_020,language_specific_zh,language_specific_zh_004424,10019607,0.08748324408605969,0.2957756651350136
zh_ja_020,language_specific_zh,language_specific_zh_004798,8501403,0.08748324408605969,0.2957756651350136
zh_ja_020,language_specific_zh,language_specific_zh_004634,5150258,0.09645027660488058,0.3105644483917639
zh_ja_020,language_specific_zh,language_specific_zh_007680,13876836,0.09645027660488058,0.3105644483917639
zh_ja_020,language_specific_zh,language_specific_zh_002354,1394925,0.10585472534413179,0.32535323164851426
zh_ja_020,language_specific_zh,language_specific_zh_007939,421276,0.10585472534413179,0.32535323164851426
zh_ja_020,language_specific_zh,language_specific_zh_006706,10273871,0.11569659030381368,0.34014201490526524
zh_ja_020,language_specific_zh,language_specific_zh_007492,3065701,0.11569659030381368,0.34014201490526524
zh_ja_020,language_specific_zh,language_specific_zh_000499,1894703,0.13669256888446799,0.3697195814187666
zh_ja_020,language_specific_zh,language_specific_zh_004373,9408586,0.13669256888446799,0.3697195814187666
zh_ja_020,language_specific_zh,language_specific_zh_007524,876188,0.13669256888446799,0.3697195814187666
zh_ja_020,language_specific_zh,language_specific_zh_004746,8932552,0.14784668250544034,0.38450836467551697
zh_ja_020,language_specific_zh,language_specific_zh_005225,10041933,0.14784668250544034,0.38450836467551697
zh_ja_020,language_specific_zh,language_specific_zh_006198,463881,0.14784668250544034,0.38450836467551697
zh_ja_020,language_specific_zh,language_specific_zh_003003,745884,0.15943821234684347,0.39929714793226795
zh_ja_020,language_specific_zh,language_specific_zh_005629,805095,0.15943821234684347,0.39929714793226795
zh_ja_020,language_specific_zh,language_specific_zh_006001,13543699,0.15943821234684347,0.39929714793226795
zh_ja_020,language_specific_zh,language_specific_zh_006070,341935,0.15943821234684347,0.39929714793226795
zh_ja_020,language_specific_zh,language_specific_zh_006092,10026426,0.15943821234684347,0.39929714793226795
zh_ja_020,language_specific_zh,language_specific_zh_002993,5094103,0.17146715840867696,0.414085931189019
zh_ja_020,language_specific_zh,language_specific_zh_004079,13767474,0.19683729919363369,0.44366349770251967
zh_ja_020,language_specific_zh,language_specific_zh_005674,4757235,0.19683729919363369,0.44366349770251967
zh_ja_020,language_specific_zh,language_specific_zh_006707,1468443,0.19683729919363369,0.44366349770251967
zh_ja_020,language_specific_zh,language_specific_zh_002217,7772063,0.21017849391675802,0.45845228095927065
zh_ja_020,language_specific_zh,language_specific_zh_001861,1590903,0.2381731320242971,0.488029847472772
zh_ja_020,language_specific_zh,language_specific_zh_005633,862689,0.2381731320242971,0.488029847472772
zh_ja_020,language_specific_zh,language_specific_zh_005154,503261,0.2528265754087118,0.5028186307295224
zh_ja_020,language_specific_zh,language_specific_zh_005828,13610496,0.2679174350135574,0.5176074139862734
zh_ja_020,language_specific_zh,language_specific_zh_002917,590471,0.2834457108388327,0.5323961972430238
zh_ja_020,language_specific_zh,language_specific_zh_007563,13947148,0.2834457108388327,0.5323961972430238
zh_ja_020,language_specific_zh,language_specific_zh_001230,9961328,0.2994114028845388,0.5471849804997747
zh_ja_020,language_specific_zh,language_specific_zh_003966,13550563,0.2994114028845388,0.5471849804997747
zh_ja_020,language_specific_zh,language_specific_zh_002122,2252211,0.3326550356372415,0.5767625470132761
zh_ja_020,language_specific_zh,language_specific_zh_000108,13561183,0.349932976344238,0.5915513302700265
zh_ja_020,language_specific_zh,language_specific_zh_001781,6799640,0.349932976344238,0.5915513302700265
zh_ja_020,language_specific_zh,language_specific_zh_004939,4144653,0.349932976344238,0.5915513302700265
zh_ja_020,language_specific_zh,language_specific_zh_006124,13528162,0.349932976344238,0.5915513302700265
zh_ja_020,language_specific_zh,language_specific_zh_002636,1454464,0.4043912957878104,0.6359176800402788
zh_ja_020,language_specific_zh,language_specific_zh_002910,6292468,0.4043912957878104,0.6359176800402788
zh_ja_020,language_specific_zh,language_specific_zh_001491,476694,0.423418901376528,0.6507064632970292
zh_ja_020,language_specific_zh,language_specific_zh_003027,771098,0.423418901376528,0.6507064632970292
zh_ja_020,language_specific_zh,language_specific_zh_006139,1238365,0.423418901376528,0.6507064632970292
zh_ja_020,language_specific_zh,language_specific_zh_000526,13573852,0.4428839231856766,0.6654952465537801
zh_ja_020,language_specific_zh,language_specific_zh_005889,8652791,0.4831262154652641,0.6950728130672815
zh_ja_020,language_specific_zh,language_specific_zh_001474,380686,0.5688597946696026,0.7542279460942842
zh_ja_020,language_specific_zh,language_specific_zh_007077,419940,0.5913867300217625,0.7690167293510346
zh_ja_020,language_specific_zh,language_specific_zh_000124,13880624,0.6615920334008246,0.8133830791212863
zh_ja_020,language_specific_zh,language_specific_zh_001727,13528169,0.7357340827637606,0.8577494288915386
zh_ja_021,language_specific_zh,language_specific_zh_000403,9810323,0.0,0.0
zh_ja_021,language_specific_zh,language_specific_zh_005159,347151,0.0,0.0
zh_ja_021,language_specific_zh,language_specific_zh_005693,5780596,0.0,0.0
zh_ja_021,language_specific_zh,language_specific_zh_006152,4267317,0.0,0.0
zh_ja_021,language_specific_zh,language_specific_zh_001307,5613646,0.0002187081102151395,0.01478878325675035
zh_ja_021,language_specific_zh,language_specific_zh_001804,778745,0.0002187081102151395,0.01478878325675035
zh_ja_021,language_specific_zh,language_specific_zh_004154,5900409,0.0002187081102151395,0.01478878325675035
zh_ja_021,language_specific_zh,language_specific_zh_007678,2585790,0.0002187081102151395,0.01478878325675035
zh_ja_021,language_specific_zh,language_specific_zh_001119,13580063,0.00021870811021517834,0.014788783256751663
zh_ja_021,language_specific_zh,language_specific_zh_002011,13957553,0.00021870811021517834,0.014788783256751663
zh_ja_021,language_specific_zh,language_specific_zh_002380,4262367,0.00021870811021517834,0.014788783256751663
zh_ja_021,language_specific_zh,language_specific_zh_002753,795271,0.00021870811021517834,0.014788783256751663
zh_ja_021,language_specific_zh,language_specific_zh_005098,340088,0.00021870811021517834,0.014788783256751663
zh_ja_021,language_specific_zh,language_specific_zh_007253,2200445,0.00021870811021517834,0.014788783256751663
zh_ja_021,language_specific_zh,language_specific_zh_007526,13920756,0.00021870811021517834,0.014788783256751663
zh_ja_021,language_specific_zh,language_specific_zh_000454,805525,0.000874832440860558,0.0295775665135007
zh_ja_021,language_specific_zh,language_specific_zh_002214,481190,0.000874832440860558,0.0295775665135007
zh_ja_021,language_specific_zh,language_specific_zh_004361,3537860,0.000874832440860558,0.0295775665135007
zh_ja_021,language_specific_zh,language_specific_zh_004878,13887468,0.000874832440860558,0.0295775665135007
zh_ja_021,language_specific_zh,language_specific_zh_000147,13953757,0.0008748324408606355,0.02957756651350201
zh_ja_021,language_specific_zh,language_specific_zh_000445,609959,0.0008748324408606355,0.02957756651350201
zh_ja_021,language_specific_zh,language_specific_zh_001834,2031290,0.0008748324408606355,0.02957756651350201
zh_ja_021,language_specific_zh,language_specific_zh_005017,836236,0.0008748324408606355,0.02957756651350201
zh_ja_021,language_specific_zh,language_specific_zh_006181,336244,0.0008748324408606355,0.02957756651350201
zh_ja_021,language_specific_zh,language_specific_zh_007337,4844805,0.0008748324408606355,0.02957756651350201
zh_ja_021,language_specific_zh,language_specific_zh_007632,1960274,0.0008748324408606355,0.02957756651350201
zh_ja_021,language_specific_zh,language_specific_zh_000249,2357595,0.0019683729919362553,0.04436634977025105
zh_ja_021,language_specific_zh,language_specific_zh_005982,8791845,0.0019683729919362553,0.04436634977025105
zh_ja_021,language_specific_zh,language_specific_zh_006676,827094,0.0019683729919362553,0.04436634977025105
zh_ja_021,language_specific_zh,language_specific_zh_007230,1870348,0.0019683729919362553,0.04436634977025105
zh_ja_021,language_specific_zh,language_specific_zh_002161,677657,0.001968372991936372,0.04436634977025236
zh_ja_021,language_specific_zh,language_specific_zh_005140,13922068,0.001968372991936372,0.04436634977025236
zh_ja_021,language_specific_zh,language_specific_zh_007783,469460,0.001968372991936372,0.04436634977025236
zh_ja_021,language_specific_zh,language_specific_zh_002013,1902258,0.003499329763442387,0.05915513302700271
zh_ja_021,language_specific_zh,language_specific_zh_003768,10225082,0.003499329763442387,0.05915513302700271
zh_ja_021,language_specific_zh,language_specific_zh_005314,390479,0.003499329763442387,0.05915513302700271
zh_ja_021,language_specific_zh,language_specific_zh_007334,3111932,0.003499329763442387,0.05915513302700271
zh_ja_021,language_specific_zh,language_specific_zh_001787,1450443,0.005467702755378681,0.07394391628375306
zh_ja_021,language_specific_zh,language_specific_zh_002390,406728,0.005467702755378681,0.07394391628375306
zh_ja_021,language_specific_zh,language_specific_zh_004546,13533915,0.005467702755378681,0.07394391628375306
zh_ja_021,language_specific_zh,language_specific_zh_002867,1445920,0.005467702755378874,0.07394391628375437
zh_ja_021,language_specific_zh,language_specific_zh_000946,1192443,0.007873491967745254,0.0887326995405034
zh_ja_021,language_specific_zh,language_specific_zh_002876,13897755,0.007873491967745254,0.0887326995405034
zh_ja_021,language_specific_zh,language_specific_zh_004187,9987078,0.007873491967745254,0.0887326995405034
zh_ja_021,language_specific_zh,language_specific_zh_000655,3659905,0.007873491967745488,0.08873269954050472
zh_ja_021,language_specific_zh,language_specific_zh_002115,1138983,0.007873491967745488,0.08873269954050472
zh_ja_021,language_specific_zh,language_specific_zh_003948,10350383,0.007873491967745488,0.08873269954050472
zh_ja_021,language_specific_zh,language_specific_zh_006257,345694,0.007873491967745488,0.08873269954050472
zh_ja_021,language_specific_zh,language_specific_zh_006455,464955,0.007873491967745488,0.08873269954050472
zh_ja_021,language_specific_zh,language_specific_zh_007816,2318417,0.007873491967745488,0.08873269954050472
zh_ja_021,language_specific_zh,language_specific_zh_002561,13944513,0.010716697400542107,0.10352148279725376
zh_ja_021,language_specific_zh,language_specific_zh_003725,9804386,0.010716697400542107,0.10352148279725376
zh_ja_021,language_specific_zh,language_specific_zh_005074,421176,0.010716697400542107,0.10352148279725376
zh_ja_021,language_specific_zh,language_specific_zh_005199,8508415,0.010716697400542107,0.10352148279725376
zh_ja_021,language_specific_zh,language_specific_zh_005606,13958056,0.010716697400542107,0.10352148279725376
zh_ja_021,language_specific_zh,language_specific_zh_007859,335077,0.010716697400542107,0.10352148279725376
zh_ja_021,language_specific_zh,language_specific_zh_000135,13953450,0.010716697400542376,0.10352148279725507
zh_ja_021,language_specific_zh,language_specific_zh_000476,512445,0.010716697400542376,0.10352148279725507
zh_ja_021,language_specific_zh,language_specific_zh_001570,4813384,0.010716697400542376,0.10352148279725507
zh_ja_021,language_specific_zh,language_specific_zh_004386,4105353,0.010716697400542376,0.10352148279725507
zh_ja_021,language_specific_zh,language_specific_zh_001125,797537,0.013997319053769547,0.11831026605400542
zh_ja_021,language_specific_zh,language_specific_zh_001225,9848286,0.013997319053769547,0.11831026605400542
zh_ja_021,language_specific_zh,language_specific_zh_001321,7781524,0.013997319053769547,0.11831026605400542
zh_ja_021,language_specific_zh,language_specific_zh_001595,10021298,0.013997319053769547,0.11831026605400542
zh_ja_021,language_specific_zh,language_specific_zh_002342,2367577,0.013997319053769547,0.11831026605400542
zh_ja_021,language_specific_zh,language_specific_zh_002545,870102,0.013997319053769547,0.11831026605400542
zh_ja_021,language_specific_zh,language_specific_zh_003652,407237,0.013997319053769547,0.11831026605400542
zh_ja_021,language_specific_zh,language_specific_zh_004267,1064584,0.013997319053769547,0.11831026605400542
zh_ja_021,language_specific_zh,language_specific_zh_005005,10341470,0.013997319053769547,0.11831026605400542
zh_ja_021,language_specific_zh,language_specific_zh_005101,783032,0.013997319053769547,0.11831026605400542
zh_ja_021,language_specific_zh,language_specific_zh_005422,2394779,0.013997319053769547,0.11831026605400542
zh_ja_021,language_specific_zh,language_specific_zh_005987,846375,0.013997319053769547,0.11831026605400542
zh_ja_021,language_specific_zh,language_specific_zh_006314,332748,0.013997319053769547,0.11831026605400542
zh_ja_021,language_specific_zh,language_specific_zh_006752,401125,0.013997319053769547,0.11831026605400542
zh_ja_021,language_specific_zh,language_specific_zh_001873,336231,0.017715356927426998,0.13309904931075578
zh_ja_021,language_specific_zh,language_specific_zh_004392,358973,0.017715356927426998,0.13309904931075578
zh_ja_021,language_specific_zh,language_specific_zh_004965,9779587,0.017715356927426998,0.13309904931075578
zh_ja_021,language_specific_zh,language_specific_zh_005647,1134570,0.017715356927426998,0.13309904931075578
zh_ja_021,language_specific_zh,language_specific_zh_000532,3663526,0.017715356927427345,0.13309904931075708
zh_ja_021,language_specific_zh,language_specific_zh_002986,13894924,0.017715356927427345,0.13309904931075708
zh_ja_021,language_specific_zh,language_specific_zh_003854,9990197,0.017715356927427345,0.13309904931075708
zh_ja_021,language_specific_zh,language_specific_zh_000372,332890,0.021870811021514724,0.14788783256750612
zh_ja_021,language_specific_zh,language_specific_zh_002536,7098856,0.021870811021514724,0.14788783256750612
zh_ja_021,language_specific_zh,language_specific_zh_005928,5920116,0.021870811021514724,0.14788783256750612
zh_ja_021,language_specific_zh,language_specific_zh_005952,766922,0.021870811021514724,0.14788783256750612
zh_ja_021,language_specific_zh,language_specific_zh_005219,13876164,0.02187081102151511,0.14788783256750743
zh_ja_021,language_specific_zh,language_specific_zh_005884,4844593,0.02187081102151511,0.14788783256750743
zh_ja_021,language_specific_zh,language_specific_zh_006408,358132,0.02187081102151511,0.14788783256750743
zh_ja_021,language_specific_zh,language_specific_zh_007012,3289562,0.02187081102151511,0.14788783256750743
zh_ja_021,language_specific_zh,language_specific_zh_007513,13929207,0.02187081102151511,0.14788783256750743
zh_ja_021,language_specific_zh,language_specific_zh_007713,2555665,0.02187081102151511,0.14788783256750743
zh_ja_021,language_specific_zh,language_specific_zh_002769,510658,0.02646368133603273,0.16267661582425647
zh_ja_021,language_specific_zh,language_specific_zh_002855,13900975,0.026463681336033152,0.16267661582425777
zh_ja_021,language_specific_zh,language_specific_zh_003081,13994841,0.026463681336033152,0.16267661582425777
zh_ja_021,language_specific_zh,language_specific_zh_004043,898026,0.026463681336033152,0.16267661582425777
zh_ja_021,language_specific_zh,language_specific_zh_005350,408854,0.026463681336033152,0.16267661582425777
zh_ja_021,language_specific_zh,language_specific_zh_005956,10190429,0.026463681336033152,0.16267661582425777
zh_ja_021,language_specific_zh,language_specific_zh_006049,427564,0.026463681336033152,0.16267661582425777
zh_ja_021,language_specific_zh,language_specific_zh_006755,7768400,0.026463681336033152,0.16267661582425777
zh_ja_021,language_specific_zh,language_specific_zh_001865,1860165,0.031493967870981486,0.17746539908100814
zh_ja_022,language_specific_zh,language_specific_zh_003762,779534,0.0008748324408605967,0.029577566513501356
zh_ja_022,language_specific_zh,language_specific_zh_005067,4915629,0.01071669740054224,0.10352148279725441
zh_ja_022,language_specific_zh,language_specific_zh_006333,717373,0.021870811021514724,0.14788783256750612
zh_ja_022,language_specific_zh,language_specific_zh_002672,844135,0.021870811021514922,0.1478878325675068
zh_ja_022,language_specific_zh,language_specific_zh_001790,2072274,0.026463681336033152,0.16267661582425777
zh_ja_022,language_specific_zh,language_specific_zh_007644,3666358,0.031493967870981486,0.17746539908100814
zh_ja_022,language_specific_zh,language_specific_zh_006989,5663511,0.036961670626360084,0.19225418233775848
zh_ja_022,language_specific_zh,language_specific_zh_000769,9987108,0.04286678960216896,0.20704296559450883
zh_ja_022,language_specific_zh,language_specific_zh_004814,343325,0.04286678960216896,0.20704296559450883
zh_ja_022,language_specific_zh,language_specific_zh_005538,1990187,0.04286678960216896,0.20704296559450883
zh_ja_022,language_specific_zh,language_specific_zh_005377,9955923,0.06320664385217795,0.2514093153647612
zh_ja_022,language_specific_zh,language_specific_zh_001693,1016708,0.07895362778766866,0.28098688187826254
zh_ja_022,language_specific_zh,language_specific_zh_003256,804835,0.08748324408605929,0.2957756651350129
zh_ja_022,language_specific_zh,language_specific_zh_001443,13612480,0.09645027660488058,0.3105644483917639
zh_ja_022,language_specific_zh,language_specific_zh_001728,13634364,0.10585472534413222,0.32535323164851493
zh_ja_022,language_specific_zh,language_specific_zh_000531,9728005,0.13669256888446799,0.3697195814187666
zh_ja_022,language_specific_zh,language_specific_zh_002520,10530870,0.13669256888446799,0.3697195814187666
zh_ja_022,language_specific_zh,language_specific_zh_007533,4761589,0.14784668250544034,0.38450836467551697
zh_ja_022,language_specific_zh,language_specific_zh_001444,8933579,0.15943821234684347,0.39929714793226795
zh_ja_022,language_specific_zh,language_specific_zh_002305,13527707,0.19683729919363369,0.44366349770251967
zh_ja_022,language_specific_zh,language_specific_zh_005427,13972031,0.19683729919363369,0.44366349770251967
zh_ja_022,language_specific_zh,language_specific_zh_004937,13950580,0.21017849391675747,0.45845228095927004
zh_ja_022,language_specific_zh,language_specific_zh_005544,3579586,0.21017849391675747,0.45845228095927004
zh_ja_022,language_specific_zh,language_specific_zh_003753,8904341,0.21017849391675802,0.45845228095927065
zh_ja_022,language_specific_zh,language_specific_zh_005084,3535963,0.2239571048603115,0.47324106421602036
zh_ja_022,language_specific_zh,language_specific_zh_007169,333285,0.2381731320242971,0.488029847472772
zh_ja_022,language_specific_zh,language_specific_zh_002100,792821,0.2528265754087118,0.5028186307295224
zh_ja_022,language_specific_zh,language_specific_zh_005151,1345632,0.2528265754087118,0.5028186307295224
zh_ja_022,language_specific_zh,language_specific_zh_006371,336669,0.26791743501355675,0.5176074139862727
zh_ja_022,language_specific_zh,language_specific_zh_000837,9990193,0.28344571083883197,0.5323961972430231
zh_ja_022,language_specific_zh,language_specific_zh_003401,471238,0.28344571083883197,0.5323961972430231
zh_ja_022,language_specific_zh,language_specific_zh_005228,1990258,0.28344571083883197,0.5323961972430231
zh_ja_022,language_specific_zh,language_specific_zh_001686,10011676,0.31581451115067466,0.5619737637565251
zh_ja_022,language_specific_zh,language_specific_zh_007451,334487,0.31581451115067466,0.5619737637565251
zh_ja_022,language_specific_zh,language_specific_zh_005079,8589630,0.3676483332716653,0.6063401135267774
zh_ja_022,language_specific_zh,language_specific_zh_005087,1577242,0.3676483332716653,0.6063401135267774
zh_ja_022,language_specific_zh,language_specific_zh_005642,420332,0.4043912957878096,0.6359176800402782
zh_ja_022,language_specific_zh,language_specific_zh_003254,420234,0.42341890137652716,0.6507064632970285
zh_ja_022,language_specific_zh,language_specific_zh_003104,13943480,0.4428839231856766,0.6654952465537801
zh_ja_022,language_specific_zh,language_specific_zh_001893,2915491,0.46278636121525474,0.6802840298105305
zh_ja_022,language_specific_zh,language_specific_zh_004175,13942908,0.46278636121525474,0.6802840298105305
zh_ja_022,language_specific_zh,language_specific_zh_005641,1873069,0.46278636121525474,0.6802840298105305
zh_ja_022,language_specific_zh,language_specific_zh_007866,13896599,0.46278636121525474,0.6802840298105305
zh_ja_022,language_specific_zh,language_specific_zh_002213,805499,0.5251181726265727,0.7246503795807828
zh_ja_022,language_specific_zh,language_specific_zh_006627,10194160,0.5467702755378719,0.7394391628375332
zh_ja_022,language_specific_zh,language_specific_zh_005995,785238,0.5688597946696015,0.7542279460942836
zh_ja_022,language_specific_zh,language_specific_zh_005311,13511747,0.5913867300217613,0.7690167293510339
zh_ja_022,language_specific_zh,language_specific_zh_001158,10538267,0.6143510815943535,0.7838055126077855
zh_ja_022,language_specific_zh,language_specific_zh_007518,9965474,0.6143510815943535,0.7838055126077855
zh_ja_022,language_specific_zh,language_specific_zh_001038,1966670,0.6377528493873739,0.7985942958645359
zh_ja_022,language_specific_zh,language_specific_zh_006457,6005568,0.6615920334008246,0.8133830791212863
zh_ja_022,language_specific_zh,language_specific_zh_000782,9179784,0.6858686336347056,0.8281718623780366
zh_ja_022,language_specific_zh,language_specific_zh_005561,8969814,0.710582650089017,0.842960645634787
zh_ja_022,language_specific_zh,language_specific_zh_001872,421224,0.7613229316589325,0.872538212148289
zh_ja_022,language_specific_zh,language_specific_zh_002295,902804,0.7613229316589325,0.872538212148289
zh_ja_022,language_specific_zh,language_specific_zh_005509,3672953,0.7613229316589325,0.872538212148289
zh_ja_022,language_specific_zh,language_specific_zh_002207,6142256,0.7873491967745347,0.8873269954050393
zh_ja_022,language_specific_zh,language_specific_zh_004120,2915553,0.7873491967745347,0.8873269954050393
zh_ja_022,language_specific_zh,language_specific_zh_004374,9932488,0.8138128781105671,0.9021157786617897
zh_ja_022,language_specific_zh,language_specific_zh_001791,13967429,0.8407139756670321,0.9169045619185413
zh_ja_022,language_specific_zh,language_specific_zh_005997,333572,0.8407139756670321,0.9169045619185413
zh_ja_022,language_specific_zh,language_specific_zh_002374,827446,0.8680524894439252,0.9316933451752917
zh_ja_022,language_specific_zh,language_specific_zh_003758,420682,0.8680524894439252,0.9316933451752917
zh_ja_022,language_specific_zh,language_specific_zh_005217,5091154,0.8680524894439252,0.9316933451752917
zh_ja_022,language_specific_zh,language_specific_zh_002811,767780,0.8958284194412486,0.946482128432042
zh_ja_022,language_specific_zh,language_specific_zh_004977,1316884,0.8958284194412486,0.946482128432042
zh_ja_022,language_specific_zh,language_specific_zh_003265,8550324,0.9240417656590022,0.9612709116887924
zh_ja_022,language_specific_zh,language_specific_zh_005843,472994,0.9240417656590022,0.9612709116887924
zh_ja_022,language_specific_zh,language_specific_zh_006219,5762995,0.9240417656590022,0.9612709116887924
zh_ja_022,language_specific_zh,language_specific_zh_005777,358132,0.9526925280971884,0.976059694945544
zh_ja_022,language_specific_zh,language_specific_zh_006131,9594927,0.9526925280971884,0.976059694945544
zh_ja_022,language_specific_zh,language_specific_zh_007573,3076567,0.9526925280971884,0.976059694945544
zh_ja_022,language_specific_zh,language_specific_zh_002479,769810,0.9876937926135365,0.9933876182904012
zh_ja_022,language_specific_zh,language_specific_zh_004525,9135901,0.9876937926135365,0.9933876182904012
zh_ja_022,language_specific_zh,language_specific_zh_007935,10265808,0.9887873331646123,0.9933876182904012
zh_ja_022,language_specific_zh,language_specific_zh_005339,396119,0.9922866629280547,0.9933876182904012
zh_ja_022,language_specific_zh,language_specific_zh_002202,13896544,0.9946924521404211,0.9933876182904012
zh_ja_022,language_specific_zh,language_specific_zh_001933,2431760,0.9975356575732182,0.9933876182904012
zh_ja_022,language_specific_zh,language_specific_zh_001246,1788010,0.9975356575732183,0.9933876182904012
zh_ja_022,language_specific_zh,language_specific_zh_000731,13527693,1.0008162792264452,0.9933876182904012
zh_ja_022,language_specific_zh,language_specific_zh_002680,781425,1.0008162792264452,0.9933876182904012
zh_ja_022,language_specific_zh,language_specific_zh_004272,421748,1.0008162792264452,0.9933876182904012
zh_ja_022,language_specific_zh,language_specific_zh_002117,793262,1.0045343171001029,0.9933876182904012
zh_ja_022,language_specific_zh,language_specific_zh_004134,10225082,1.0086897711941907,0.9933876182904012
zh_ja_022,language_specific_zh,language_specific_zh_004717,10041966,1.0086897711941907,0.9933876182904012
zh_ja_022,language_specific_zh,language_specific_zh_007235,348513,1.0086897711941907,0.9933876182904012
zh_ja_022,language_specific_zh,language_specific_zh_006636,13887458,1.0113063016348471,1.0056372614590448
zh_ja_022,language_specific_zh,language_specific_zh_003461,13942862,1.0132826415087088,0.9933876182904012
zh_ja_022,language_specific_zh,language_specific_zh_004193,13573449,1.0132826415087088,0.9933876182904012
zh_ja_022,language_specific_zh,language_specific_zh_006012,10369265,1.023780630799036,0.9933876182904012
zh_ja_022,language_specific_zh,language_specific_zh_002546,1646860,1.0237806307990363,0.9933876182904012
zh_ja_022,language_specific_zh,language_specific_zh_005798,9972430,1.0237806307990363,0.9933876182904012
zh_ja_022,language_specific_zh,language_specific_zh_007820,9306549,1.0237806307990363,0.9933876182904012
zh_ja_022,language_specific_zh,language_specific_zh_006876,437958,1.0296857497748448,0.9933876182904012
zh_ja_022,language_specific_zh,language_specific_zh_000818,13894749,1.0360282849710842,0.9933876182904012
zh_ja_022,language_specific_zh,language_specific_zh_002565,5378725,1.0360282849710842,0.9933876182904012
zh_ja_022,language_specific_zh,language_specific_zh_005721,8791845,1.0360282849710842,0.9933876182904012
zh_ja_022,language_specific_zh,language_specific_zh_007460,2394999,1.0360282849710842,0.9933876182904012
zh_ja_022,language_specific_zh,language_specific_zh_006065,9779600,1.0428082363877538,0.9933876182904012
zh_ja_022,language_specific_zh,language_specific_zh_006177,13545617,1.050025604024854,0.9933876182904012
zh_ja_023,language_specific_zh,language_specific_zh_001359,3702662,0.003499329763442387,0.05915513302700271
zh_ja_023,language_specific_zh,language_specific_zh_000065,345327,0.04920932479840871,0.2218317488512605
zh_ja_023,language_specific_zh,language_specific_zh_005728,392241,0.04920932479840871,0.2218317488512605
zh_ja_023,language_specific_zh,language_specific_zh_000897,336022,0.11569659030381414,0.3401420149052659
zh_ja_023,language_specific_zh,language_specific_zh_000978,347198,0.11569659030381414,0.3401420149052659
zh_ja_023,language_specific_zh,language_specific_zh_002807,332838,0.13669256888446799,0.3697195814187666
zh_ja_023,language_specific_zh,language_specific_zh_003991,9953258,0.22395710486031276,0.4732410642160217
zh_ja_023,language_specific_zh,language_specific_zh_005281,343959,0.2381731320242971,0.488029847472772
zh_ja_023,language_specific_zh,language_specific_zh_007030,469366,0.3326550356372423,0.5767625470132768
zh_ja_023,language_specific_zh,language_specific_zh_005240,7771971,0.4043912957878113,0.6359176800402795
zh_ja_023,language_specific_zh,language_specific_zh_006036,333735,0.4428839231856766,0.6654952465537801
zh_ja_023,language_specific_zh,language_specific_zh_007047,948109,0.4428839231856766,0.6654952465537801
zh_ja_023,language_specific_zh,language_specific_zh_000609,2318883,0.5039034859357038,0.7098615963240326
zh_ja_023,language_specific_zh,language_specific_zh_000915,389794,0.5467702755378719,0.7394391628375332
zh_ja_023,language_specific_zh,language_specific_zh_003663,347114,0.5913867300217635,0.7690167293510353
zh_ja_023,language_specific_zh,language_specific_zh_006509,333348,0.6143510815943535,0.7838055126077855
zh_ja_023,language_specific_zh,language_specific_zh_000228,811017,0.6615920334008246,0.8133830791212863
zh_ja_023,language_specific_zh,language_specific_zh_006864,1918188,0.6858686336347078,0.828171862378038
zh_ja_023,language_specific_zh,language_specific_zh_003239,802914,0.7105826500890192,0.8429606456347883
zh_ja_023,language_specific_zh,language_specific_zh_006680,1670395,0.7105826500890192,0.8429606456347883
zh_ja_023,language_specific_zh,language_specific_zh_006343,819699,0.7357340827637606,0.8577494288915386
zh_ja_023,language_specific_zh,language_specific_zh_007140,805192,0.8138128781105696,0.902115778661791
zh_ja_023,language_specific_zh,language_specific_zh_004343,3076612,0.8407139756670321,0.9169045619185413
zh_ja_023,language_specific_zh,language_specific_zh_006373,5091210,0.8407139756670321,0.9169045619185413
zh_ja_023,language_specific_zh,language_specific_zh_001360,13897750,0.9240417656590048,0.9612709116887937
zh_ja_023,language_specific_zh,language_specific_zh_003897,749460,0.9526925280971884,0.976059694945544
zh_ja_023,language_specific_zh,language_specific_zh_003378,2257013,0.9817807067558026,0.9908484782022944
zh_ja_023,language_specific_zh,language_specific_zh_006646,502860,0.9817807067558026,0.9908484782022944
zh_ja_023,language_specific_zh,language_specific_zh_002701,333008,0.9903182899361183,0.9933876182904012
zh_ja_023,language_specific_zh,language_specific_zh_006420,838045,1.0113063016348498,1.005637261459046
zh_ja_023,language_specific_zh,language_specific_zh_003187,818323,1.0412693127343247,1.0204260447157965
zh_ja_023,language_specific_zh,language_specific_zh_005382,5574629,1.0412693127343247,1.0204260447157965
zh_ja_023,language_specific_zh,language_specific_zh_006473,344195,1.0412693127343247,1.0204260447157965
zh_ja_023,language_specific_zh,language_specific_zh_005806,502845,1.0716697400542297,1.0352148279725468
zh_ja_023,language_specific_zh,language_specific_zh_007283,476685,1.0716697400542297,1.0352148279725468
zh_ja_023,language_specific_zh,language_specific_zh_001387,510763,1.102507583594565,1.0500036112292972
zh_ja_023,language_specific_zh,language_specific_zh_000390,808211,1.1337828433553332,1.0647923944860487
zh_ja_023,language_specific_zh,language_specific_zh_003210,345899,1.1337828433553332,1.0647923944860487
zh_ja_023,language_specific_zh,language_specific_zh_003538,336183,1.1337828433553332,1.0647923944860487
zh_ja_023,language_specific_zh,language_specific_zh_001707,333729,1.1346656426781163,0.9933876182904012
zh_ja_023,language_specific_zh,language_specific_zh_000553,473014,1.1462571725195199,0.9933876182904012
zh_ja_023,language_specific_zh,language_specific_zh_002285,829591,1.165495519336529,1.079581177742799
zh_ja_023,language_specific_zh,language_specific_zh_003778,180705,1.165495519336529,1.079581177742799
zh_ja_023,language_specific_zh,language_specific_zh_005727,343759,1.165495519336529,1.079581177742799
zh_ja_023,language_specific_zh,language_specific_zh_000612,512166,1.1976456115381553,1.0943699609995494
zh_ja_023,language_specific_zh,language_specific_zh_002714,1361952,1.1976456115381553,1.0943699609995494
zh_ja_023,language_specific_zh,language_specific_zh_000758,332814,1.230233119960212,1.1091587442562998
zh_ja_023,language_specific_zh,language_specific_zh_003009,333057,1.230233119960212,1.1091587442562998
zh_ja_023,language_specific_zh,language_specific_zh_005761,9958577,1.2967203854656189,1.1387363107698019
zh_ja_023,language_specific_zh,language_specific_zh_004452,332838,1.3194739958099166,0.9933876182904012
zh_ja_023,language_specific_zh,language_specific_zh_002781,1350119,1.364957315852744,1.1683138772833026
zh_ja_023,language_specific_zh,language_specific_zh_005966,1251547,1.364957315852744,1.1683138772833026
zh_ja_023,language_specific_zh,language_specific_zh_005038,4265142,1.391210255960487,0.9933876182904012
zh_ja_023,language_specific_zh,language_specific_zh_002310,812454,1.399731905376952,1.183102660540053
zh_ja_023,language_specific_zh,language_specific_zh_002572,420564,1.399731905376952,1.183102660540053
zh_ja_023,language_specific_zh,language_specific_zh_007471,1335430,1.399731905376952,1.183102660540053
zh_ja_023,language_specific_zh,language_specific_zh_007144,349294,1.4102378615492048,0.9933876182904012
zh_ja_023,language_specific_zh,language_specific_zh_002288,2029327,1.4349439111215927,1.1978914437968045
zh_ja_023,language_specific_zh,language_specific_zh_003035,464846,1.4349439111215927,1.1978914437968045
zh_ja_023,language_specific_zh,language_specific_zh_005336,1779227,1.4349439111215927,1.1978914437968045
zh_ja_023,language_specific_zh,language_specific_zh_002045,340080,1.4705933330866612,1.2126802270535548
zh_ja_023,language_specific_zh,language_specific_zh_003266,4948552,1.4705933330866612,1.2126802270535548
zh_ja_023,language_specific_zh,language_specific_zh_003671,335858,1.4705933330866612,1.2126802270535548
zh_ja_023,language_specific_zh,language_specific_zh_004264,469438,1.4705933330866612,1.2126802270535548
zh_ja_023,language_specific_zh,language_specific_zh_001342,3289562,1.50668017127216,1.2274690103103052
zh_ja_023,language_specific_zh,language_specific_zh_003216,343954,1.50668017127216,1.2274690103103052
zh_ja_023,language_specific_zh,language_specific_zh_003294,333333,1.50668017127216,1.2274690103103052
zh_ja_023,language_specific_zh,language_specific_zh_006557,816493,1.5335892357105478,0.9933876182904012
zh_ja_023,language_specific_zh,language_specific_zh_000996,13817791,1.5432044256780892,1.2422577935670556
zh_ja_023,language_specific_zh,language_specific_zh_002126,336017,1.5432044256780892,1.2422577935670556
zh_ja_023,language_specific_zh,language_specific_zh_002219,346792,1.5556787548422775,0.9933876182904012
zh_ja_023,language_specific_zh,language_specific_zh_001050,796658,1.580166096304452,1.2570465768238073
zh_ja_023,language_specific_zh,language_specific_zh_001052,332520,1.580166096304452,1.2570465768238073
zh_ja_023,language_specific_zh,language_specific_zh_005363,334155,1.6175651831512416,1.2718353600805576
zh_ja_023,language_specific_zh,language_specific_zh_006650,478844,1.6175651831512416,1.2718353600805576
zh_ja_023,language_specific_zh,language_specific_zh_005287,5574365,1.6554016862184617,1.286624143337308
zh_ja_023,language_specific_zh,language_specific_zh_006520,9956384,1.6554016862184617,1.286624143337308
zh_ja_023,language_specific_zh,language_specific_zh_007372,811030,1.6554016862184617,1.286624143337308
zh_ja_023,language_specific_zh,language_specific_zh_000730,332926,1.693675605506112,1.3014129265940584
zh_ja_023,language_specific_zh,language_specific_zh_001736,517561,1.693675605506112,1.3014129265940584
zh_ja_023,language_specific_zh,language_specific_zh_002056,335406,1.693675605506112,1.3014129265940584
zh_ja_023,language_specific_zh,language_specific_zh_001902,801473,1.7225530429364366,0.9933876182904012
zh_ja_023,language_specific_zh,language_specific_zh_002580,336465,1.7225530429364366,0.9933876182904012
zh_ja_023,language_specific_zh,language_specific_zh_004209,1185675,1.7323869410141954,1.3162017098508099
zh_ja_023,language_specific_zh,language_specific_zh_007611,3149505,1.7323869410141954,1.3162017098508099
zh_ja_023,language_specific_zh,language_specific_zh_001411,345763,1.7481418918316085,0.9933876182904012
zh_ja_023,language_specific_zh,language_specific_zh_004473,13835347,1.7715356927427064,1.3309904931075602
zh_ja_023,language_specific_zh,language_specific_zh_004063,669441,1.8006318382832456,0.9933876182904012
zh_ja_023,language_specific_zh,language_specific_zh_001471,1394839,1.8111218606916475,1.3457792763643106
zh_ja_023,language_specific_zh,language_specific_zh_002282,421036,1.851145444861019,1.360568059621061
zh_ja_023,language_specific_zh,language_specific_zh_002704,796140,1.851145444861019,1.360568059621061
zh_ja_023,language_specific_zh,language_specific_zh_003084,5613699,1.851145444861019,1.360568059621061
zh_ja_023,language_specific_zh,language_specific_zh_006529,421329,1.851145444861019,1.360568059621061
zh_ja_023,language_specific_zh,language_specific_zh_005445,336497,1.882647379613927,0.9933876182904012
zh_ja_023,language_specific_zh,language_specific_zh_005223,875286,1.8916064452508243,1.3753568428778127
zh_ja_023,language_specific_zh,language_specific_zh_005799,2442120,1.8916064452508243,1.3753568428778127
zh_ja_023,language_specific_zh,language_specific_zh_005789,5581683,1.9325048618610563,1.390145626134563
zh_ja_023,language_specific_zh,language_specific_zh_001421,501184,1.9395114882698643,0.9933876182904012
zh_ja_023,language_specific_zh,language_specific_zh_001908,799254,1.9395114882698643,0.9933876182904012
zh_ja_023,language_specific_zh,language_specific_zh_000059,1932972,1.9738406946917186,1.4049344093913134
zh_ja_024,language_specific_zh,language_specific_zh_002227,333333,0.00021870811021517834,0.014788783256751663
zh_ja_024,language_specific_zh,language_specific_zh_003765,345984,0.000874832440860558,0.0295775665135007
zh_ja_024,language_specific_zh,language_specific_zh_006792,3630300,0.0008748324408606355,0.02957756651350201
zh_ja_024,language_specific_zh,language_specific_zh_000336,10194195,0.003499329763442387,0.05915513302700271
zh_ja_024,language_specific_zh,language_specific_zh_000469,1328075,0.003499329763442387,0.05915513302700271
zh_ja_024,language_specific_zh,language_specific_zh_001231,4759996,0.003499329763442387,0.05915513302700271
zh_ja_024,language_specific_zh,language_specific_zh_000367,845138,0.005467702755378874,0.07394391628375437
zh_ja_024,language_specific_zh,language_specific_zh_007720,453725,0.007873491967745254,0.0887326995405034
zh_ja_024,language_specific_zh,language_specific_zh_004658,8858019,0.007873491967745488,0.08873269954050472
zh_ja_024,language_specific_zh,language_specific_zh_004978,5663594,0.013997319053769547,0.11831026605400542
zh_ja_024,language_specific_zh,language_specific_zh_005659,784497,0.013997319053769547,0.11831026605400542
zh_ja_024,language_specific_zh,language_specific_zh_005853,10024488,0.013997319053769547,0.11831026605400542
zh_ja_024,language_specific_zh,language_specific_zh_000816,839797,0.017715356927427345,0.13309904931075708
zh_ja_024,language_specific_zh,language_specific_zh_004026,2039316,0.021870811021514724,0.14788783256750612
zh_ja_024,language_specific_zh,language_specific_zh_006458,10635235,0.021870811021514724,0.14788783256750612
zh_ja_024,language_specific_zh,language_specific_zh_000370,2424046,0.031493967870981014,0.1774653990810068
zh_ja_024,language_specific_zh,language_specific_zh_002940,461612,0.031493967870981014,0.1774653990810068
zh_ja_024,language_specific_zh,language_specific_zh_003259,1100759,0.031493967870981014,0.1774653990810068
zh_ja_024,language_specific_zh,language_specific_zh_004839,342846,0.031493967870981014,0.1774653990810068
zh_ja_024,language_specific_zh,language_specific_zh_003861,4547227,0.036961670626360084,0.19225418233775848
zh_ja_024,language_specific_zh,language_specific_zh_000125,5094692,0.04920932479840812,0.22183174885125917
zh_ja_024,language_specific_zh,language_specific_zh_002409,366884,0.04920932479840812,0.22183174885125917
zh_ja_024,language_specific_zh,language_specific_zh_005094,343351,0.05598927621507756,0.2366205321080095
zh_ja_024,language_specific_zh,language_specific_zh_006148,366882,0.05598927621507756,0.2366205321080095
zh_ja_024,language_specific_zh,language_specific_zh_004019,461667,0.06320664385217795,0.2514093153647612
zh_ja_024,language_specific_zh,language_specific_zh_000377,13968314,0.07086142770970799,0.26619809862151156
zh_ja_024,language_specific_zh,language_specific_zh_004480,340479,0.07086142770970799,0.26619809862151156
zh_ja_024,language_specific_zh,language_specific_zh_005220,1424340,0.07086142770970799,0.26619809862151156
zh_ja_024,language_specific_zh,language_specific_zh_000140,346075,0.07895362778766829,0.2809868818782619
zh_ja_024,language_specific_zh,language_specific_zh_002517,2054070,0.0874832440860589,0.29577566513501224
zh_ja_024,language_specific_zh,language_specific_zh_005097,1372536,0.09645027660488058,0.3105644483917639
zh_ja_024,language_specific_zh,language_specific_zh_005892,602892,0.10585472534413179,0.32535323164851426
zh_ja_024,language_specific_zh,language_specific_zh_005852,440111,0.10585472534413261,0.32535323164851554
zh_ja_024,language_specific_zh,language_specific_zh_003063,784049,0.125975871483925,0.35493079816201495
zh_ja_024,language_specific_zh,language_specific_zh_001288,446169,0.13669256888446799,0.3697195814187666
zh_ja_024,language_specific_zh,language_specific_zh_002690,6148212,0.14784668250544034,0.38450836467551697
zh_ja_024,language_specific_zh,language_specific_zh_003724,1187438,0.14784668250544034,0.38450836467551697
zh_ja_024,language_specific_zh,language_specific_zh_007366,334640,0.14784668250544034,0.38450836467551697
zh_ja_024,language_specific_zh,language_specific_zh_007661,343955,0.14784668250544034,0.38450836467551697
zh_ja_024,language_specific_zh,language_specific_zh_002263,5900363,0.15943821234684294,0.3992971479322673
zh_ja_024,language_specific_zh,language_specific_zh_002845,488418,0.15943821234684294,0.3992971479322673
zh_ja_024,language_specific_zh,language_specific_zh_005755,414038,0.15943821234684294,0.3992971479322673
zh_ja_024,language_specific_zh,language_specific_zh_006633,410010,0.15943821234684294,0.3992971479322673
zh_ja_024,language_specific_zh,language_specific_zh_005752,2030817,0.159438212346844,0.3992971479322686
zh_ja_024,language_specific_zh,language_specific_zh_000426,334855,0.17146715840867585,0.41408593118901765
zh_ja_024,language_specific_zh,language_specific_zh_004041,8635485,0.17146715840867585,0.41408593118901765
zh_ja_024,language_specific_zh,language_specific_zh_007241,811005,0.17146715840867585,0.41408593118901765
zh_ja_024,language_specific_zh,language_specific_zh_001786,2395014,0.18393352069094016,0.4288747144457693
zh_ja_024,language_specific_zh,language_specific_zh_003853,333024,0.18393352069094016,0.4288747144457693
zh_ja_024,language_specific_zh,language_specific_zh_004323,333333,0.18393352069094016,0.4288747144457693
zh_ja_024,language_specific_zh,language_specific_zh_005967,3586065,0.18393352069094016,0.4288747144457693
zh_ja_024,language_specific_zh,language_specific_zh_006528,3544983,0.18393352069094016,0.4288747144457693
zh_ja_024,language_specific_zh,language_specific_zh_003023,335849,0.19683729919363369,0.44366349770251967
zh_ja_024,language_specific_zh,language_specific_zh_005064,763203,0.19683729919363369,0.44366349770251967
zh_ja_024,language_specific_zh,language_specific_zh_004872,334233,0.21017849391675747,0.45845228095927004
zh_ja_024,language_specific_zh,language_specific_zh_005013,846766,0.21017849391675747,0.45845228095927004
zh_ja_024,language_specific_zh,language_specific_zh_005768,814164,0.21017849391675747,0.45845228095927004
zh_ja_024,language_specific_zh,language_specific_zh_005917,333284,0.21017849391675747,0.45845228095927004
zh_ja_024,language_specific_zh,language_specific_zh_006566,4177486,0.21017849391675747,0.45845228095927004
zh_ja_024,language_specific_zh,language_specific_zh_000728,389357,0.2239571048603115,0.47324106421602036
zh_ja_024,language_specific_zh,language_specific_zh_003871,334400,0.2381731320242971,0.488029847472772
zh_ja_024,language_specific_zh,language_specific_zh_006199,355108,0.2381731320242971,0.488029847472772
zh_ja_024,language_specific_zh,language_specific_zh_000861,9842603,0.2528265754087118,0.5028186307295224
zh_ja_024,language_specific_zh,language_specific_zh_006489,466249,0.2528265754087131,0.5028186307295237
zh_ja_024,language_specific_zh,language_specific_zh_002292,9972819,0.26791743501355675,0.5176074139862727
zh_ja_024,language_specific_zh,language_specific_zh_004042,13943505,0.26791743501355675,0.5176074139862727
zh_ja_024,language_specific_zh,language_specific_zh_002104,334779,0.28344571083883197,0.5323961972430231
zh_ja_024,language_specific_zh,language_specific_zh_002151,337981,0.28344571083883197,0.5323961972430231
zh_ja_024,language_specific_zh,language_specific_zh_004423,336112,0.28344571083883197,0.5323961972430231
zh_ja_024,language_specific_zh,language_specific_zh_000332,13890626,0.2994114028845374,0.5471849804997734
zh_ja_024,language_specific_zh,language_specific_zh_003017,346785,0.2994114028845374,0.5471849804997734
zh_ja_024,language_specific_zh,language_specific_zh_007640,471048,0.2994114028845374,0.5471849804997734
zh_ja_024,language_specific_zh,language_specific_zh_000319,844584,0.31581451115067466,0.5619737637565251
zh_ja_024,language_specific_zh,language_specific_zh_002262,5085563,0.33265503563724075,0.5767625470132755
zh_ja_024,language_specific_zh,language_specific_zh_004983,336681,0.33265503563724075,0.5767625470132755
zh_ja_024,language_specific_zh,language_specific_zh_004988,334644,0.33265503563724075,0.5767625470132755
zh_ja_024,language_specific_zh,language_specific_zh_003709,336098,0.34993297634423715,0.5915513302700258
zh_ja_024,language_specific_zh,language_specific_zh_002605,13926677,0.3676483332716637,0.6063401135267761
zh_ja_024,language_specific_zh,language_specific_zh_000306,347186,0.3858011064195223,0.6211288967835278
zh_ja_024,language_specific_zh,language_specific_zh_002425,2218986,0.3858011064195223,0.6211288967835278
zh_ja_024,language_specific_zh,language_specific_zh_004061,502798,0.3858011064195223,0.6211288967835278
zh_ja_024,language_specific_zh,language_specific_zh_007754,510757,0.3858011064195223,0.6211288967835278
zh_ja_024,language_specific_zh,language_specific_zh_001159,3032019,0.42341890137652716,0.6507064632970285
zh_ja_024,language_specific_zh,language_specific_zh_006702,787595,0.42341890137652716,0.6507064632970285
zh_ja_024,language_specific_zh,language_specific_zh_001228,805529,0.46278636121525474,0.6802840298105305
zh_ja_024,language_specific_zh,language_specific_zh_002935,2023693,0.46278636121525474,0.6802840298105305
zh_ja_024,language_specific_zh,language_specific_zh_001294,9955800,0.4831262154652632,0.6950728130672809
zh_ja_024,language_specific_zh,language_specific_zh_003981,334640,0.4831262154652632,0.6950728130672809
zh_ja_024,language_specific_zh,language_specific_zh_005092,810672,0.4831262154652632,0.6950728130672809
zh_ja_024,language_specific_zh,language_specific_zh_006446,421028,0.4831262154652632,0.6950728130672809
zh_ja_024,language_specific_zh,language_specific_zh_001306,9780061,0.5039034859357019,0.7098615963240312
zh_ja_024,language_specific_zh,language_specific_zh_001764,2409686,0.5039034859357019,0.7098615963240312
zh_ja_024,language_specific_zh,language_specific_zh_000729,2607385,0.5251181726265709,0.7246503795807816
zh_ja_024,language_specific_zh,language_specific_zh_003086,2915515,0.5251181726265709,0.7246503795807816
zh_ja_024,language_specific_zh,language_specific_zh_005825,1776815,0.5251181726265709,0.7246503795807816
zh_ja_024,language_specific_zh,language_specific_zh_006763,9837348,0.5251181726265709,0.7246503795807816
zh_ja_024,language_specific_zh,language_specific_zh_006793,2023470,0.5251181726265709,0.7246503795807816
zh_ja_024,language_specific_zh,language_specific_zh_000143,420986,0.5467702755378719,0.7394391628375332
zh_ja_024,language_specific_zh,language_specific_zh_001223,9961259,0.5467702755378719,0.7394391628375332
zh_ja_024,language_specific_zh,language_specific_zh_002631,4265071,0.5467702755378719,0.7394391628375332
zh_ja_027,language_specific_zh,language_specific_zh_000288,13893678,0.0,0.0
zh_ja_027,language_specific_zh,language_specific_zh_000842,1409086,0.0,0.0
zh_ja_027,language_specific_zh,language_specific_zh_002234,13880653,0.0,0.0
zh_ja_027,language_specific_zh,language_specific_zh_005238,1417580,0.0,0.0
zh_ja_027,language_specific_zh,language_specific_zh_001316,1776579,0.0002187081102151395,0.01478878325675035
zh_ja_027,language_specific_zh,language_specific_zh_003597,10260755,0.0002187081102151395,0.01478878325675035
zh_ja_027,language_specific_zh,language_specific_zh_003895,363968,0.0002187081102151395,0.01478878325675035
zh_ja_027,language_specific_zh,language_specific_zh_004497,13537187,0.0002187081102151395,0.01478878325675035
zh_ja_027,language_specific_zh,language_specific_zh_004857,13535211,0.0002187081102151395,0.01478878325675035
zh_ja_027,language_specific_zh,language_specific_zh_006534,13881326,0.0002187081102151395,0.01478878325675035
zh_ja_027,language_specific_zh,language_specific_zh_001354,5412400,0.00021870811021515888,0.014788783256751006
zh_ja_027,language_specific_zh,language_specific_zh_002195,8514561,0.00021870811021515888,0.014788783256751006
zh_ja_027,language_specific_zh,language_specific_zh_002657,2490066,0.00021870811021515888,0.014788783256751006
zh_ja_027,language_specific_zh,language_specific_zh_002956,5684102,0.00021870811021515888,0.014788783256751006
zh_ja_027,language_specific_zh,language_specific_zh_003527,777332,0.00021870811021515888,0.014788783256751006
zh_ja_027,language_specific_zh,language_specific_zh_000049,832982,0.0008748324408605967,0.029577566513501356
zh_ja_027,language_specific_zh,language_specific_zh_000130,1413683,0.0008748324408605967,0.029577566513501356
zh_ja_027,language_specific_zh,language_specific_zh_001136,5613696,0.0008748324408605967,0.029577566513501356
zh_ja_027,language_specific_zh,language_specific_zh_001247,2187593,0.0008748324408605967,0.029577566513501356
zh_ja_027,language_specific_zh,language_specific_zh_003371,1759610,0.0008748324408605967,0.029577566513501356
zh_ja_027,language_specific_zh,language_specific_zh_003416,8591268,0.0008748324408605967,0.029577566513501356
zh_ja_027,language_specific_zh,language_specific_zh_003470,9956043,0.0008748324408605967,0.029577566513501356
zh_ja_027,language_specific_zh,language_specific_zh_004841,1325263,0.0008748324408605967,0.029577566513501356
zh_ja_027,language_specific_zh,language_specific_zh_005369,431479,0.0008748324408605967,0.029577566513501356
zh_ja_027,language_specific_zh,language_specific_zh_006078,9965710,0.0008748324408605967,0.029577566513501356
zh_ja_027,language_specific_zh,language_specific_zh_006268,13917210,0.0008748324408605967,0.029577566513501356
zh_ja_027,language_specific_zh,language_specific_zh_000098,1077538,0.0019683729919363134,0.0443663497702517
zh_ja_027,language_specific_zh,language_specific_zh_001033,850117,0.0019683729919363134,0.0443663497702517
zh_ja_027,language_specific_zh,language_specific_zh_001092,2487756,0.0019683729919363134,0.0443663497702517
zh_ja_027,language_specific_zh,language_specific_zh_001369,336457,0.0019683729919363134,0.0443663497702517
zh_ja_027,language_specific_zh,language_specific_zh_001567,616341,0.0019683729919363134,0.0443663497702517
zh_ja_027,language_specific_zh,language_specific_zh_003468,8463531,0.0019683729919363134,0.0443663497702517
zh_ja_027,language_specific_zh,language_specific_zh_005070,8744746,0.0019683729919363134,0.0443663497702517
zh_ja_027,language_specific_zh,language_specific_zh_005109,10002116,0.0019683729919363134,0.0443663497702517
zh_ja_027,language_specific_zh,language_specific_zh_005122,823032,0.0019683729919363134,0.0443663497702517
zh_ja_027,language_specific_zh,language_specific_zh_005224,796030,0.0019683729919363134,0.0443663497702517
zh_ja_027,language_specific_zh,language_specific_zh_005835,3779051,0.0019683729919363134,0.0443663497702517
zh_ja_027,language_specific_zh,language_specific_zh_005841,10460425,0.0019683729919363134,0.0443663497702517
zh_ja_027,language_specific_zh,language_specific_zh_005934,8767470,0.0019683729919363134,0.0443663497702517
zh_ja_027,language_specific_zh,language_specific_zh_007735,8646195,0.0019683729919363134,0.0443663497702517
zh_ja_027,language_specific_zh,language_specific_zh_000041,9969116,0.003499329763442387,0.05915513302700271
zh_ja_027,language_specific_zh,language_specific_zh_001297,3554262,0.003499329763442387,0.05915513302700271
zh_ja_027,language_specific_zh,language_specific_zh_003774,13880626,0.003499329763442387,0.05915513302700271
zh_ja_027,language_specific_zh,language_specific_zh_003846,996461,0.003499329763442387,0.05915513302700271
zh_ja_027,language_specific_zh,language_specific_zh_004921,5933784,0.003499329763442387,0.05915513302700271
zh_ja_027,language_specific_zh,language_specific_zh_004944,420780,0.003499329763442387,0.05915513302700271
zh_ja_027,language_specific_zh,language_specific_zh_006485,1328076,0.003499329763442387,0.05915513302700271
zh_ja_027,language_specific_zh,language_specific_zh_006821,2409686,0.003499329763442387,0.05915513302700271
zh_ja_027,language_specific_zh,language_specific_zh_007216,2453078,0.003499329763442387,0.05915513302700271
zh_ja_027,language_specific_zh,language_specific_zh_000234,13969928,0.005467702755378681,0.07394391628375306
zh_ja_027,language_specific_zh,language_specific_zh_000990,5975061,0.005467702755378681,0.07394391628375306
zh_ja_027,language_specific_zh,language_specific_zh_001169,13589976,0.005467702755378681,0.07394391628375306
zh_ja_027,language_specific_zh,language_specific_zh_001646,334040,0.005467702755378681,0.07394391628375306
zh_ja_027,language_specific_zh,language_specific_zh_002990,335318,0.005467702755378681,0.07394391628375306
zh_ja_027,language_specific_zh,language_specific_zh_003006,8853940,0.005467702755378681,0.07394391628375306
zh_ja_027,language_specific_zh,language_specific_zh_003060,13965542,0.005467702755378681,0.07394391628375306
zh_ja_027,language_specific_zh,language_specific_zh_003607,364004,0.005467702755378681,0.07394391628375306
zh_ja_027,language_specific_zh,language_specific_zh_003901,501574,0.005467702755378681,0.07394391628375306
zh_ja_027,language_specific_zh,language_specific_zh_005291,350543,0.005467702755378681,0.07394391628375306
zh_ja_027,language_specific_zh,language_specific_zh_006116,461622,0.005467702755378681,0.07394391628375306
zh_ja_027,language_specific_zh,language_specific_zh_006711,1316151,0.005467702755378681,0.07394391628375306
zh_ja_027,language_specific_zh,language_specific_zh_006842,5136752,0.005467702755378681,0.07394391628375306
zh_ja_027,language_specific_zh,language_specific_zh_000045,5650408,0.007873491967745372,0.08873269954050407
zh_ja_027,language_specific_zh,language_specific_zh_001030,8553163,0.007873491967745372,0.08873269954050407
zh_ja_027,language_specific_zh,language_specific_zh_002043,9794531,0.007873491967745372,0.08873269954050407
zh_ja_027,language_specific_zh,language_specific_zh_003409,5663484,0.007873491967745372,0.08873269954050407
zh_ja_027,language_specific_zh,language_specific_zh_004281,779523,0.007873491967745372,0.08873269954050407
zh_ja_027,language_specific_zh,language_specific_zh_005149,349266,0.007873491967745372,0.08873269954050407
zh_ja_027,language_specific_zh,language_specific_zh_007270,441476,0.007873491967745372,0.08873269954050407
zh_ja_027,language_specific_zh,language_specific_zh_000633,2440897,0.01071669740054224,0.10352148279725441
zh_ja_027,language_specific_zh,language_specific_zh_000711,1417575,0.01071669740054224,0.10352148279725441
zh_ja_027,language_specific_zh,language_specific_zh_001118,4932027,0.01071669740054224,0.10352148279725441
zh_ja_027,language_specific_zh,language_specific_zh_001368,8739388,0.01071669740054224,0.10352148279725441
zh_ja_027,language_specific_zh,language_specific_zh_002204,13549689,0.01071669740054224,0.10352148279725441
zh_ja_027,language_specific_zh,language_specific_zh_003047,5574891,0.01071669740054224,0.10352148279725441
zh_ja_027,language_specific_zh,language_specific_zh_003370,2333579,0.01071669740054224,0.10352148279725441
zh_ja_027,language_specific_zh,language_specific_zh_003437,464779,0.01071669740054224,0.10352148279725441
zh_ja_027,language_specific_zh,language_specific_zh_004347,1839867,0.01071669740054224,0.10352148279725441
zh_ja_027,language_specific_zh,language_specific_zh_005249,2394859,0.01071669740054224,0.10352148279725441
zh_ja_027,language_specific_zh,language_specific_zh_006425,10294645,0.01071669740054224,0.10352148279725441
zh_ja_027,language_specific_zh,language_specific_zh_007284,363896,0.01071669740054224,0.10352148279725441
zh_ja_027,language_specific_zh,language_specific_zh_000466,2409693,0.013997319053769547,0.11831026605400542
zh_ja_027,language_specific_zh,language_specific_zh_001111,13545595,0.013997319053769547,0.11831026605400542
zh_ja_027,language_specific_zh,language_specific_zh_001892,420488,0.013997319053769547,0.11831026605400542
zh_ja_027,language_specific_zh,language_specific_zh_003218,352943,0.013997319053769547,0.11831026605400542
zh_ja_027,language_specific_zh,language_specific_zh_003363,1397142,0.013997319053769547,0.11831026605400542
zh_ja_027,language_specific_zh,language_specific_zh_003625,8574653,0.013997319053769547,0.11831026605400542
zh_ja_027,language_specific_zh,language_specific_zh_005325,13533891,0.013997319053769547,0.11831026605400542
zh_ja_027,language_specific_zh,language_specific_zh_006419,8717942,0.013997319053769547,0.11831026605400542
zh_ja_027,language_specific_zh,language_specific_zh_006518,10266075,0.013997319053769547,0.11831026605400542
zh_ja_027,language_specific_zh,language_specific_zh_001511,2200413,0.017715356927426998,0.13309904931075578
zh_ja_027,language_specific_zh,language_specific_zh_001634,3526216,0.017715356927426998,0.13309904931075578
zh_ja_027,language_specific_zh,language_specific_zh_002239,8878027,0.017715356927426998,0.13309904931075578
zh_ja_027,language_specific_zh,language_specific_zh_003012,5576764,0.017715356927426998,0.13309904931075578
zh_ja_027,language_specific_zh,language_specific_zh_003172,13942543,0.017715356927426998,0.13309904931075578
zh_ja_027,language_specific_zh,language_specific_zh_003200,13840820,0.017715356927426998,0.13309904931075578
zh_ja_027,language_specific_zh,language_specific_zh_003229,3709297,0.017715356927426998,0.13309904931075578
zh_ja_027,language_specific_zh,language_specific_zh_003300,13903375,0.017715356927426998,0.13309904931075578
zh_ja_027,language_specific_zh,language_specific_zh_003423,804795,0.017715356927426998,0.13309904931075578
zh_ja_027,language_specific_zh,language_specific_zh_003457,3130784,0.017715356927426998,0.13309904931075578
zh_ja_028,language_specific_zh,language_specific_zh_001363,8800808,0.0,0.0
zh_ja_028,language_specific_zh,language_specific_zh_001485,13575555,0.0,0.0
zh_ja_028,language_specific_zh,language_specific_zh_003472,862875,0.0,0.0
zh_ja_028,language_specific_zh,language_specific_zh_004906,1448910,0.0,0.0
zh_ja_028,language_specific_zh,language_specific_zh_006747,3526185,0.0,0.0
zh_ja_028,language_specific_zh,language_specific_zh_006884,9545120,0.0,0.0
zh_ja_028,language_specific_zh,language_specific_zh_001190,13753086,0.0002187081102151395,0.01478878325675035
zh_ja_028,language_specific_zh,language_specific_zh_001276,13556594,0.0002187081102151395,0.01478878325675035
zh_ja_028,language_specific_zh,language_specific_zh_001585,1759704,0.0002187081102151395,0.01478878325675035
zh_ja_028,language_specific_zh,language_specific_zh_004318,2007125,0.0002187081102151395,0.01478878325675035
zh_ja_028,language_specific_zh,language_specific_zh_007294,458041,0.0002187081102151395,0.01478878325675035
zh_ja_028,language_specific_zh,language_specific_zh_007466,4760045,0.0002187081102151395,0.01478878325675035
zh_ja_028,language_specific_zh,language_specific_zh_007701,333266,0.0002187081102151395,0.01478878325675035
zh_ja_028,language_specific_zh,language_specific_zh_002261,5093995,0.00021870811021515888,0.014788783256751006
zh_ja_028,language_specific_zh,language_specific_zh_002336,1185695,0.00021870811021515888,0.014788783256751006
zh_ja_028,language_specific_zh,language_specific_zh_002785,5762995,0.00021870811021515888,0.014788783256751006
zh_ja_028,language_specific_zh,language_specific_zh_003044,1314090,0.00021870811021515888,0.014788783256751006
zh_ja_028,language_specific_zh,language_specific_zh_003479,8686677,0.00021870811021515888,0.014788783256751006
zh_ja_028,language_specific_zh,language_specific_zh_004011,1451778,0.00021870811021515888,0.014788783256751006
zh_ja_028,language_specific_zh,language_specific_zh_006957,13824376,0.00021870811021515888,0.014788783256751006
zh_ja_028,language_specific_zh,language_specific_zh_000409,464768,0.0008748324408605967,0.029577566513501356
zh_ja_028,language_specific_zh,language_specific_zh_001124,3205560,0.0008748324408605967,0.029577566513501356
zh_ja_028,language_specific_zh,language_specific_zh_001430,1394790,0.0008748324408605967,0.029577566513501356
zh_ja_028,language_specific_zh,language_specific_zh_001479,13244339,0.0008748324408605967,0.029577566513501356
zh_ja_028,language_specific_zh,language_specific_zh_001768,757003,0.0008748324408605967,0.029577566513501356
zh_ja_028,language_specific_zh,language_specific_zh_005335,2500034,0.0008748324408605967,0.029577566513501356
zh_ja_028,language_specific_zh,language_specific_zh_007933,332932,0.0008748324408605967,0.029577566513501356
zh_ja_028,language_specific_zh,language_specific_zh_000832,334100,0.0019683729919363134,0.0443663497702517
zh_ja_028,language_specific_zh,language_specific_zh_001407,13549561,0.0019683729919363134,0.0443663497702517
zh_ja_028,language_specific_zh,language_specific_zh_003528,4262238,0.0019683729919363134,0.0443663497702517
zh_ja_028,language_specific_zh,language_specific_zh_004312,13656768,0.0019683729919363134,0.0443663497702517
zh_ja_028,language_specific_zh,language_specific_zh_006006,689214,0.0019683729919363134,0.0443663497702517
zh_ja_028,language_specific_zh,language_specific_zh_000713,13543617,0.001968372991936372,0.04436634977025236
zh_ja_028,language_specific_zh,language_specific_zh_001638,3142134,0.001968372991936372,0.04436634977025236
zh_ja_028,language_specific_zh,language_specific_zh_003661,13900292,0.001968372991936372,0.04436634977025236
zh_ja_028,language_specific_zh,language_specific_zh_005702,8750761,0.001968372991936372,0.04436634977025236
zh_ja_028,language_specific_zh,language_specific_zh_006151,333222,0.001968372991936372,0.04436634977025236
zh_ja_028,language_specific_zh,language_specific_zh_006352,10245928,0.001968372991936372,0.04436634977025236
zh_ja_028,language_specific_zh,language_specific_zh_006901,3669448,0.001968372991936372,0.04436634977025236
zh_ja_028,language_specific_zh,language_specific_zh_000638,2442214,0.003499329763442387,0.05915513302700271
zh_ja_028,language_specific_zh,language_specific_zh_001139,13541584,0.003499329763442387,0.05915513302700271
zh_ja_028,language_specific_zh,language_specific_zh_001436,2482268,0.003499329763442387,0.05915513302700271
zh_ja_028,language_specific_zh,language_specific_zh_002715,9550820,0.003499329763442387,0.05915513302700271
zh_ja_028,language_specific_zh,language_specific_zh_002882,1325219,0.003499329763442387,0.05915513302700271
zh_ja_028,language_specific_zh,language_specific_zh_002955,663260,0.003499329763442387,0.05915513302700271
zh_ja_028,language_specific_zh,language_specific_zh_003182,9956715,0.003499329763442387,0.05915513302700271
zh_ja_028,language_specific_zh,language_specific_zh_003354,7772622,0.003499329763442387,0.05915513302700271
zh_ja_028,language_specific_zh,language_specific_zh_003721,3660229,0.003499329763442387,0.05915513302700271
zh_ja_028,language_specific_zh,language_specific_zh_004241,797535,0.003499329763442387,0.05915513302700271
zh_ja_028,language_specific_zh,language_specific_zh_004320,13893803,0.003499329763442387,0.05915513302700271
zh_ja_028,language_specific_zh,language_specific_zh_004534,13898110,0.003499329763442387,0.05915513302700271
zh_ja_028,language_specific_zh,language_specific_zh_005592,2083002,0.003499329763442387,0.05915513302700271
zh_ja_028,language_specific_zh,language_specific_zh_005826,462088,0.003499329763442387,0.05915513302700271
zh_ja_028,language_specific_zh,language_specific_zh_006717,13518894,0.003499329763442387,0.05915513302700271
zh_ja_028,language_specific_zh,language_specific_zh_000240,9843160,0.005467702755378681,0.07394391628375306
zh_ja_028,language_specific_zh,language_specific_zh_000619,403758,0.005467702755378681,0.07394391628375306
zh_ja_028,language_specific_zh,language_specific_zh_002625,487963,0.005467702755378681,0.07394391628375306
zh_ja_028,language_specific_zh,language_specific_zh_002756,8701018,0.005467702755378681,0.07394391628375306
zh_ja_028,language_specific_zh,language_specific_zh_003010,717152,0.005467702755378681,0.07394391628375306
zh_ja_028,language_specific_zh,language_specific_zh_003127,9842622,0.005467702755378681,0.07394391628375306
zh_ja_028,language_specific_zh,language_specific_zh_004035,1397116,0.005467702755378681,0.07394391628375306
zh_ja_028,language_specific_zh,language_specific_zh_004538,760890,0.005467702755378681,0.07394391628375306
zh_ja_028,language_specific_zh,language_specific_zh_005572,6130420,0.005467702755378681,0.07394391628375306
zh_ja_028,language_specific_zh,language_specific_zh_006380,1982653,0.005467702755378681,0.07394391628375306
zh_ja_028,language_specific_zh,language_specific_zh_007103,1517741,0.005467702755378681,0.07394391628375306
zh_ja_028,language_specific_zh,language_specific_zh_007829,817271,0.005467702755378681,0.07394391628375306
zh_ja_028,language_specific_zh,language_specific_zh_001995,830481,0.005467702755378777,0.07394391628375371
zh_ja_028,language_specific_zh,language_specific_zh_002877,345735,0.005467702755378777,0.07394391628375371
zh_ja_028,language_specific_zh,language_specific_zh_002997,810847,0.005467702755378777,0.07394391628375371
zh_ja_028,language_specific_zh,language_specific_zh_003798,13997833,0.005467702755378777,0.07394391628375371
zh_ja_028,language_specific_zh,language_specific_zh_005749,3710644,0.005467702755378777,0.07394391628375371
zh_ja_028,language_specific_zh,language_specific_zh_000157,347212,0.007873491967745372,0.08873269954050407
zh_ja_028,language_specific_zh,language_specific_zh_000999,3845335,0.007873491967745372,0.08873269954050407
zh_ja_028,language_specific_zh,language_specific_zh_002577,420354,0.007873491967745372,0.08873269954050407
zh_ja_028,language_specific_zh,language_specific_zh_002650,3680887,0.007873491967745372,0.08873269954050407
zh_ja_028,language_specific_zh,language_specific_zh_002989,389416,0.007873491967745372,0.08873269954050407
zh_ja_028,language_specific_zh,language_specific_zh_003405,3408630,0.007873491967745372,0.08873269954050407
zh_ja_028,language_specific_zh,language_specific_zh_003809,512830,0.007873491967745372,0.08873269954050407
zh_ja_028,language_specific_zh,language_specific_zh_004925,382943,0.007873491967745372,0.08873269954050407
zh_ja_028,language_specific_zh,language_specific_zh_005053,472385,0.007873491967745372,0.08873269954050407
zh_ja_028,language_specific_zh,language_specific_zh_005366,1597393,0.007873491967745372,0.08873269954050407
zh_ja_028,language_specific_zh,language_specific_zh_000714,510693,0.01071669740054224,0.10352148279725441
zh_ja_028,language_specific_zh,language_specific_zh_002139,9991890,0.01071669740054224,0.10352148279725441
zh_ja_028,language_specific_zh,language_specific_zh_002582,8969807,0.01071669740054224,0.10352148279725441
zh_ja_028,language_specific_zh,language_specific_zh_002999,1551865,0.01071669740054224,0.10352148279725441
zh_ja_028,language_specific_zh,language_specific_zh_003522,13550608,0.01071669740054224,0.10352148279725441
zh_ja_028,language_specific_zh,language_specific_zh_003813,2029306,0.01071669740054224,0.10352148279725441
zh_ja_028,language_specific_zh,language_specific_zh_003822,10041950,0.01071669740054224,0.10352148279725441
zh_ja_028,language_specific_zh,language_specific_zh_005477,13917174,0.01071669740054224,0.10352148279725441
zh_ja_028,language_specific_zh,language_specific_zh_006500,8924824,0.01071669740054224,0.10352148279725441
zh_ja_028,language_specific_zh,language_specific_zh_006671,1186919,0.01071669740054224,0.10352148279725441
zh_ja_028,language_specific_zh,language_specific_zh_006677,421072,0.01071669740054224,0.10352148279725441
zh_ja_028,language_specific_zh,language_specific_zh_000591,335283,0.013997319053769547,0.11831026605400542
zh_ja_028,language_specific_zh,language_specific_zh_000891,461548,0.013997319053769547,0.11831026605400542
zh_ja_028,language_specific_zh,language_specific_zh_007242,8743585,0.013997319053769547,0.11831026605400542
zh_ja_028,language_specific_zh,language_specific_zh_007535,13917205,0.013997319053769547,0.11831026605400542
zh_ja_028,language_specific_zh,language_specific_zh_000154,5554540,0.017715356927426998,0.13309904931075578
zh_ja_028,language_specific_zh,language_specific_zh_001401,834576,0.017715356927426998,0.13309904931075578
zh_ja_028,language_specific_zh,language_specific_zh_003183,13967712,0.017715356927426998,0.13309904931075578
zh_ja_028,language_specific_zh,language_specific_zh_003662,766801,0.017715356927426998,0.13309904931075578
zh_ja_029,language_specific_zh,language_specific_zh_001654,5613678,0.0002187081102151395,0.01478878325675035
zh_ja_029,language_specific_zh,language_specific_zh_002590,346851,0.00021870811021517834,0.014788783256751663
zh_ja_029,language_specific_zh,language_specific_zh_002948,1186878,0.00021870811021517834,0.014788783256751663
zh_ja_029,language_specific_zh,language_specific_zh_007206,1506809,0.00021870811021517834,0.014788783256751663
zh_ja_029,language_specific_zh,language_specific_zh_006971,1397011,0.003499329763442387,0.05915513302700271
zh_ja_029,language_specific_zh,language_specific_zh_006125,414407,0.013997319053769547,0.11831026605400542
zh_ja_029,language_specific_zh,language_specific_zh_001237,905833,0.021870811021514724,0.14788783256750612
zh_ja_029,language_specific_zh,language_specific_zh_005668,5091613,0.02187081102151511,0.14788783256750743
zh_ja_029,language_specific_zh,language_specific_zh_005881,334124,0.02187081102151511,0.14788783256750743
zh_ja_029,language_specific_zh,language_specific_zh_004237,4264960,0.036961670626360084,0.19225418233775848
zh_ja_029,language_specific_zh,language_specific_zh_004431,334263,0.036961670626360084,0.19225418233775848
zh_ja_029,language_specific_zh,language_specific_zh_006267,3709223,0.036961670626360084,0.19225418233775848
zh_ja_029,language_specific_zh,language_specific_zh_004287,385099,0.06320664385217795,0.2514093153647612
zh_ja_029,language_specific_zh,language_specific_zh_006619,335328,0.06320664385217795,0.2514093153647612
zh_ja_029,language_specific_zh,language_specific_zh_002994,334918,0.0874832440860589,0.29577566513501224
zh_ja_029,language_specific_zh,language_specific_zh_006143,9958525,0.0874832440860589,0.29577566513501224
zh_ja_029,language_specific_zh,language_specific_zh_001848,512115,0.09645027660488058,0.3105644483917639
zh_ja_029,language_specific_zh,language_specific_zh_005417,4267289,0.10585472534413179,0.32535323164851426
zh_ja_029,language_specific_zh,language_specific_zh_003898,8725728,0.125975871483925,0.35493079816201495
zh_ja_029,language_specific_zh,language_specific_zh_007726,796120,0.125975871483925,0.35493079816201495
zh_ja_029,language_specific_zh,language_specific_zh_002258,402984,0.14784668250544133,0.38450836467551824
zh_ja_029,language_specific_zh,language_specific_zh_002260,349510,0.159438212346844,0.3992971479322686
zh_ja_029,language_specific_zh,language_specific_zh_004629,2394712,0.17146715840867585,0.41408593118901765
zh_ja_029,language_specific_zh,language_specific_zh_006708,5903469,0.17146715840867585,0.41408593118901765
zh_ja_029,language_specific_zh,language_specific_zh_001767,3537845,0.17146715840867696,0.414085931189019
zh_ja_029,language_specific_zh,language_specific_zh_002816,3076613,0.17146715840867696,0.414085931189019
zh_ja_029,language_specific_zh,language_specific_zh_000736,336865,0.18393352069094016,0.4288747144457693
zh_ja_029,language_specific_zh,language_specific_zh_005667,476201,0.19683729919363485,0.443663497702521
zh_ja_029,language_specific_zh,language_specific_zh_004749,9419206,0.2239571048603115,0.47324106421602036
zh_ja_029,language_specific_zh,language_specific_zh_005944,335868,0.2239571048603115,0.47324106421602036
zh_ja_029,language_specific_zh,language_specific_zh_007084,796129,0.26791743501355814,0.5176074139862741
zh_ja_029,language_specific_zh,language_specific_zh_006126,4440185,0.28344571083883197,0.5323961972430231
zh_ja_029,language_specific_zh,language_specific_zh_006507,7768267,0.2994114028845388,0.5471849804997747
zh_ja_029,language_specific_zh,language_specific_zh_004096,335866,0.31581451115067466,0.5619737637565251
zh_ja_029,language_specific_zh,language_specific_zh_004825,9991973,0.34993297634423715,0.5915513302700258
zh_ja_029,language_specific_zh,language_specific_zh_000192,1779227,0.34993297634423876,0.5915513302700272
zh_ja_029,language_specific_zh,language_specific_zh_007861,899120,0.3858011064195223,0.6211288967835278
zh_ja_029,language_specific_zh,language_specific_zh_002617,1067197,0.4043912957878113,0.6359176800402795
zh_ja_029,language_specific_zh,language_specific_zh_006723,8968582,0.42341890137652716,0.6507064632970285
zh_ja_029,language_specific_zh,language_specific_zh_001278,333839,0.4428839231856766,0.6654952465537801
zh_ja_029,language_specific_zh,language_specific_zh_001774,357168,0.46278636121525474,0.6802840298105305
zh_ja_029,language_specific_zh,language_specific_zh_003976,8496249,0.483126215465265,0.6950728130672822
zh_ja_029,language_specific_zh,language_specific_zh_006618,13911349,0.5039034859357019,0.7098615963240312
zh_ja_029,language_specific_zh,language_specific_zh_000118,2254357,0.5039034859357038,0.7098615963240326
zh_ja_029,language_specific_zh,language_specific_zh_000459,1733274,0.5251181726265709,0.7246503795807816
zh_ja_029,language_specific_zh,language_specific_zh_004928,1584519,0.5467702755378719,0.7394391628375332
zh_ja_029,language_specific_zh,language_specific_zh_005466,3526239,0.5913867300217635,0.7690167293510353
zh_ja_029,language_specific_zh,language_specific_zh_003953,334627,0.6143510815943535,0.7838055126077855
zh_ja_029,language_specific_zh,language_specific_zh_003880,400993,0.7105826500890192,0.8429606456347883
zh_ja_029,language_specific_zh,language_specific_zh_005383,1424391,0.7105826500890192,0.8429606456347883
zh_ja_029,language_specific_zh,language_specific_zh_005489,9959740,0.7105826500890192,0.8429606456347883
zh_ja_029,language_specific_zh,language_specific_zh_004992,13910791,0.7873491967745347,0.8873269954050393
zh_ja_029,language_specific_zh,language_specific_zh_005033,406229,0.8680524894439252,0.9316933451752917
zh_ja_029,language_specific_zh,language_specific_zh_002844,13957141,0.9868189601726759,0.9933876182904012
zh_ja_029,language_specific_zh,language_specific_zh_002584,10265807,0.9903182899361183,0.9933876182904012
zh_ja_029,language_specific_zh,language_specific_zh_004714,9501196,0.997535657573218,0.9933876182904012
zh_ja_029,language_specific_zh,language_specific_zh_004633,9037045,1.0086897711941907,0.9933876182904012
zh_ja_029,language_specific_zh,language_specific_zh_004088,805205,1.0183129280436574,0.9933876182904012
zh_ja_029,language_specific_zh,language_specific_zh_002626,8589624,1.023780630799036,0.9933876182904012
zh_ja_029,language_specific_zh,language_specific_zh_002346,811856,1.0296857497748448,0.9933876182904012
zh_ja_029,language_specific_zh,language_specific_zh_007908,1808256,1.0360282849710847,0.9933876182904012
zh_ja_029,language_specific_zh,language_specific_zh_000063,10320818,1.042808236387754,0.9933876182904012
zh_ja_029,language_specific_zh,language_specific_zh_004817,5763025,1.050025604024854,0.9933876182904012
zh_ja_029,language_specific_zh,language_specific_zh_005656,779059,1.050025604024854,0.9933876182904012
zh_ja_029,language_specific_zh,language_specific_zh_006970,6461960,1.057680387882384,0.9933876182904012
zh_ja_029,language_specific_zh,language_specific_zh_007128,737020,1.065772587960345,0.9933876182904012
zh_ja_029,language_specific_zh,language_specific_zh_004716,2307142,1.0716697400542283,1.0352148279725462
zh_ja_029,language_specific_zh,language_specific_zh_002991,9423265,1.0926736855168078,0.9933876182904012
zh_ja_029,language_specific_zh,language_specific_zh_004628,8746408,1.0926736855168078,0.9933876182904012
zh_ja_029,language_specific_zh,language_specific_zh_002453,343816,1.112794831656601,0.9933876182904012
zh_ja_029,language_specific_zh,language_specific_zh_001273,2300041,1.1235115290571438,0.9933876182904012
zh_ja_029,language_specific_zh,language_specific_zh_005590,1783896,1.1337828433553307,1.0647923944860476
zh_ja_029,language_specific_zh,language_specific_zh_000246,5945159,1.1462571725195188,0.9933876182904012
zh_ja_029,language_specific_zh,language_specific_zh_004626,9007466,1.2107760650329875,0.9933876182904012
zh_ja_029,language_specific_zh,language_specific_zh_000496,760540,1.224992092196973,0.9933876182904012
zh_ja_029,language_specific_zh,language_specific_zh_005645,1187438,1.2396455355813876,0.9933876182904012
zh_ja_029,language_specific_zh,language_specific_zh_000456,7779227,1.239645535581389,0.9933876182904012
zh_ja_029,language_specific_zh,language_specific_zh_002779,8696314,1.239645535581389,0.9933876182904012
zh_ja_029,language_specific_zh,language_specific_zh_001944,5640774,1.270264671011509,0.9933876182904012
zh_ja_029,language_specific_zh,language_specific_zh_004693,334757,1.3026334713233505,0.9933876182904012
zh_ja_029,language_specific_zh,language_specific_zh_004863,353131,1.3026334713233505,0.9933876182904012
zh_ja_029,language_specific_zh,language_specific_zh_004545,2390160,1.3306201425489645,1.1535250940265516
zh_ja_029,language_specific_zh,language_specific_zh_000741,3544974,1.3544672934443411,0.9933876182904012
zh_ja_029,language_specific_zh,language_specific_zh_002081,3271542,1.3649573158527424,1.168313877283302
zh_ja_029,language_specific_zh,language_specific_zh_004130,10024451,1.3649573158527424,1.168313877283302
zh_ja_029,language_specific_zh,language_specific_zh_002889,425680,1.469945175637941,0.9933876182904012
zh_ja_029,language_specific_zh,language_specific_zh_002599,10011733,1.5335892357105478,0.9933876182904012
zh_ja_029,language_specific_zh,language_specific_zh_002890,811921,1.7715356927427028,1.330990493107559
zh_ja_029,language_specific_zh,language_specific_zh_005974,334757,3.9474945488009188,1.9867752365808025
zh_ja_029,language_specific_zh,language_specific_zh_001532,2918351,3.9481506731315643,1.9867752365808025
zh_ja_029,language_specific_zh,language_specific_zh_000918,802914,3.94924421368264,1.9867752365808025
zh_ja_029,language_specific_zh,language_specific_zh_000404,1426459,3.9527435434460823,1.9867752365808025
zh_ja_029,language_specific_zh,language_specific_zh_007299,6142474,3.9551493326584493,1.9867752365808025
zh_ja_029,language_specific_zh,language_specific_zh_000099,4757613,3.957992538091246,1.9867752365808025
zh_ja_029,language_specific_zh,language_specific_zh_000166,5911771,3.9964851654891116,1.9867752365808025
zh_ja_029,language_specific_zh,language_specific_zh_007675,2254260,3.9964851654891125,1.9867752365808025
zh_ja_029,language_specific_zh,language_specific_zh_003986,343097,4.026229468478372,1.9867752365808025
zh_ja_029,language_specific_zh,language_specific_zh_005142,795768,4.062972430994518,1.9867752365808025
zh_ja_029,language_specific_zh,language_specific_zh_003896,9968849,4.2001024160994165,1.9867752365808025
zh_ja_029,language_specific_zh,language_specific_zh_000102,13767161,4.230721551529537,1.9867752365808025
zh_ja_047,language_specific_zh,language_specific_zh_000253,1551856,0.0,0.0
zh_ja_047,language_specific_zh,language_specific_zh_004049,13376566,0.0,0.0
zh_ja_047,language_specific_zh,language_specific_zh_004080,414973,0.0,0.0
zh_ja_047,language_specific_zh,language_specific_zh_005420,2394348,0.0002187081102151395,0.01478878325675035
zh_ja_047,language_specific_zh,language_specific_zh_007485,10019584,0.0002187081102151395,0.01478878325675035
zh_ja_047,language_specific_zh,language_specific_zh_004876,13924811,0.00021870811021515888,0.014788783256751006
zh_ja_047,language_specific_zh,language_specific_zh_000844,9955903,0.000874832440860558,0.0295775665135007
zh_ja_047,language_specific_zh,language_specific_zh_001177,727334,0.000874832440860558,0.0295775665135007
zh_ja_047,language_specific_zh,language_specific_zh_001250,824572,0.000874832440860558,0.0295775665135007
zh_ja_047,language_specific_zh,language_specific_zh_005183,10457804,0.000874832440860558,0.0295775665135007
zh_ja_047,language_specific_zh,language_specific_zh_000017,13942887,0.0008748324408605967,0.029577566513501356
zh_ja_047,language_specific_zh,language_specific_zh_003215,715572,0.0008748324408605967,0.029577566513501356
zh_ja_047,language_specific_zh,language_specific_zh_003723,9794571,0.0008748324408605967,0.029577566513501356
zh_ja_047,language_specific_zh,language_specific_zh_004051,1589664,0.0008748324408605967,0.029577566513501356
zh_ja_047,language_specific_zh,language_specific_zh_004436,2054072,0.0008748324408605967,0.029577566513501356
zh_ja_047,language_specific_zh,language_specific_zh_006331,806637,0.0008748324408605967,0.029577566513501356
zh_ja_047,language_specific_zh,language_specific_zh_001969,3579635,0.0019683729919363134,0.0443663497702517
zh_ja_047,language_specific_zh,language_specific_zh_002504,345964,0.0019683729919363134,0.0443663497702517
zh_ja_047,language_specific_zh,language_specific_zh_003878,737828,0.0019683729919363134,0.0443663497702517
zh_ja_047,language_specific_zh,language_specific_zh_005829,333120,0.0019683729919363134,0.0443663497702517
zh_ja_047,language_specific_zh,language_specific_zh_007436,13972637,0.0019683729919363134,0.0443663497702517
zh_ja_047,language_specific_zh,language_specific_zh_007440,334798,0.0019683729919363134,0.0443663497702517
zh_ja_047,language_specific_zh,language_specific_zh_007507,13849259,0.0019683729919363134,0.0443663497702517
zh_ja_047,language_specific_zh,language_specific_zh_003356,13915684,0.001968372991936372,0.04436634977025236
zh_ja_047,language_specific_zh,language_specific_zh_003544,13892116,0.001968372991936372,0.04436634977025236
zh_ja_047,language_specific_zh,language_specific_zh_005951,817347,0.001968372991936372,0.04436634977025236
zh_ja_047,language_specific_zh,language_specific_zh_006289,406451,0.001968372991936372,0.04436634977025236
zh_ja_047,language_specific_zh,language_specific_zh_006701,8511415,0.001968372991936372,0.04436634977025236
zh_ja_047,language_specific_zh,language_specific_zh_000875,824447,0.0034993297634423087,0.05915513302700205
zh_ja_047,language_specific_zh,language_specific_zh_001175,8794701,0.0034993297634423087,0.05915513302700205
zh_ja_047,language_specific_zh,language_specific_zh_002528,790787,0.0034993297634423087,0.05915513302700205
zh_ja_047,language_specific_zh,language_specific_zh_003595,10485552,0.0034993297634423087,0.05915513302700205
zh_ja_047,language_specific_zh,language_specific_zh_004234,429127,0.0034993297634423087,0.05915513302700205
zh_ja_047,language_specific_zh,language_specific_zh_005718,337975,0.0034993297634423087,0.05915513302700205
zh_ja_047,language_specific_zh,language_specific_zh_006988,735139,0.003499329763442387,0.05915513302700271
zh_ja_047,language_specific_zh,language_specific_zh_000554,2857589,0.005467702755378681,0.07394391628375306
zh_ja_047,language_specific_zh,language_specific_zh_001270,420502,0.005467702755378681,0.07394391628375306
zh_ja_047,language_specific_zh,language_specific_zh_001653,8889570,0.005467702755378681,0.07394391628375306
zh_ja_047,language_specific_zh,language_specific_zh_003740,5254696,0.005467702755378681,0.07394391628375306
zh_ja_047,language_specific_zh,language_specific_zh_004420,390446,0.005467702755378681,0.07394391628375306
zh_ja_047,language_specific_zh,language_specific_zh_006249,13943490,0.005467702755378681,0.07394391628375306
zh_ja_047,language_specific_zh,language_specific_zh_006731,4844645,0.005467702755378681,0.07394391628375306
zh_ja_047,language_specific_zh,language_specific_zh_003053,2794651,0.005467702755378777,0.07394391628375371
zh_ja_047,language_specific_zh,language_specific_zh_004211,9306529,0.005467702755378777,0.07394391628375371
zh_ja_047,language_specific_zh,language_specific_zh_005526,1385897,0.005467702755378777,0.07394391628375371
zh_ja_047,language_specific_zh,language_specific_zh_001449,2411918,0.007873491967745254,0.0887326995405034
zh_ja_047,language_specific_zh,language_specific_zh_004414,13573445,0.007873491967745254,0.0887326995405034
zh_ja_047,language_specific_zh,language_specific_zh_005027,930017,0.007873491967745254,0.0887326995405034
zh_ja_047,language_specific_zh,language_specific_zh_005191,760892,0.007873491967745254,0.0887326995405034
zh_ja_047,language_specific_zh,language_specific_zh_005854,2031282,0.007873491967745254,0.0887326995405034
zh_ja_047,language_specific_zh,language_specific_zh_006076,420900,0.007873491967745254,0.0887326995405034
zh_ja_047,language_specific_zh,language_specific_zh_006211,13949947,0.007873491967745254,0.0887326995405034
zh_ja_047,language_specific_zh,language_specific_zh_007912,4661402,0.007873491967745254,0.0887326995405034
zh_ja_047,language_specific_zh,language_specific_zh_001082,8744677,0.007873491967745372,0.08873269954050407
zh_ja_047,language_specific_zh,language_specific_zh_006034,8556523,0.007873491967745372,0.08873269954050407
zh_ja_047,language_specific_zh,language_specific_zh_001674,1584486,0.01071669740054224,0.10352148279725441
zh_ja_047,language_specific_zh,language_specific_zh_001961,344579,0.01071669740054224,0.10352148279725441
zh_ja_047,language_specific_zh,language_specific_zh_002530,7841400,0.01071669740054224,0.10352148279725441
zh_ja_047,language_specific_zh,language_specific_zh_002612,5794147,0.01071669740054224,0.10352148279725441
zh_ja_047,language_specific_zh,language_specific_zh_002645,13887681,0.01071669740054224,0.10352148279725441
zh_ja_047,language_specific_zh,language_specific_zh_005739,3579522,0.01071669740054224,0.10352148279725441
zh_ja_047,language_specific_zh,language_specific_zh_007268,8853807,0.01071669740054224,0.10352148279725441
zh_ja_047,language_specific_zh,language_specific_zh_000382,900854,0.010716697400542376,0.10352148279725507
zh_ja_047,language_specific_zh,language_specific_zh_001325,9135870,0.010716697400542376,0.10352148279725507
zh_ja_047,language_specific_zh,language_specific_zh_000349,2658531,0.01399731905376939,0.11831026605400476
zh_ja_047,language_specific_zh,language_specific_zh_000740,737798,0.01399731905376939,0.11831026605400476
zh_ja_047,language_specific_zh,language_specific_zh_001986,1441787,0.01399731905376939,0.11831026605400476
zh_ja_047,language_specific_zh,language_specific_zh_004314,13513854,0.01399731905376939,0.11831026605400476
zh_ja_047,language_specific_zh,language_specific_zh_004884,8725799,0.01399731905376939,0.11831026605400476
zh_ja_047,language_specific_zh,language_specific_zh_006235,1593707,0.01399731905376939,0.11831026605400476
zh_ja_047,language_specific_zh,language_specific_zh_006275,13854250,0.01399731905376939,0.11831026605400476
zh_ja_047,language_specific_zh,language_specific_zh_007091,1408091,0.01399731905376939,0.11831026605400476
zh_ja_047,language_specific_zh,language_specific_zh_002074,2609516,0.013997319053769547,0.11831026605400542
zh_ja_047,language_specific_zh,language_specific_zh_002170,10021235,0.013997319053769547,0.11831026605400542
zh_ja_047,language_specific_zh,language_specific_zh_006713,2298341,0.013997319053769547,0.11831026605400542
zh_ja_047,language_specific_zh,language_specific_zh_000311,2065311,0.017715356927426998,0.13309904931075578
zh_ja_047,language_specific_zh,language_specific_zh_000841,421056,0.017715356927426998,0.13309904931075578
zh_ja_047,language_specific_zh,language_specific_zh_001067,1313753,0.017715356927426998,0.13309904931075578
zh_ja_047,language_specific_zh,language_specific_zh_001912,735323,0.017715356927426998,0.13309904931075578
zh_ja_047,language_specific_zh,language_specific_zh_002502,801447,0.017715356927426998,0.13309904931075578
zh_ja_047,language_specific_zh,language_specific_zh_003098,3377996,0.017715356927426998,0.13309904931075578
zh_ja_047,language_specific_zh,language_specific_zh_004378,9409466,0.017715356927426998,0.13309904931075578
zh_ja_047,language_specific_zh,language_specific_zh_004883,1236438,0.017715356927426998,0.13309904931075578
zh_ja_047,language_specific_zh,language_specific_zh_006025,6149243,0.017715356927426998,0.13309904931075578
zh_ja_047,language_specific_zh,language_specific_zh_006728,2030708,0.017715356927426998,0.13309904931075578
zh_ja_047,language_specific_zh,language_specific_zh_007021,420524,0.017715356927426998,0.13309904931075578
zh_ja_047,language_specific_zh,language_specific_zh_007412,8558444,0.017715356927426998,0.13309904931075578
zh_ja_047,language_specific_zh,language_specific_zh_007432,3667819,0.017715356927426998,0.13309904931075578
zh_ja_047,language_specific_zh,language_specific_zh_002535,2941315,0.017715356927427168,0.13309904931075642
zh_ja_047,language_specific_zh,language_specific_zh_000188,872111,0.021870811021514724,0.14788783256750612
zh_ja_047,language_specific_zh,language_specific_zh_001238,1361986,0.021870811021514724,0.14788783256750612
zh_ja_047,language_specific_zh,language_specific_zh_004411,13860184,0.021870811021514724,0.14788783256750612
zh_ja_047,language_specific_zh,language_specific_zh_004461,13533738,0.021870811021514724,0.14788783256750612
zh_ja_047,language_specific_zh,language_specific_zh_004732,757027,0.021870811021514724,0.14788783256750612
zh_ja_047,language_specific_zh,language_specific_zh_004779,736299,0.021870811021514724,0.14788783256750612
zh_ja_047,language_specific_zh,language_specific_zh_005341,9415212,0.021870811021514724,0.14788783256750612
zh_ja_047,language_specific_zh,language_specific_zh_005433,774462,0.021870811021514724,0.14788783256750612
zh_ja_047,language_specific_zh,language_specific_zh_006796,8932552,0.021870811021514724,0.14788783256750612
zh_ja_047,language_specific_zh,language_specific_zh_006863,13591634,0.021870811021514724,0.14788783256750612
zh_ja_047,language_specific_zh,language_specific_zh_003054,809773,0.021870811021514922,0.1478878325675068
zh_ja_048,language_specific_zh,language_specific_zh_000597,5147454,0.0,0.0
zh_ja_048,language_specific_zh,language_specific_zh_001016,816895,0.00021870811021517834,0.014788783256751663
zh_ja_048,language_specific_zh,language_specific_zh_001400,984932,0.00021870811021517834,0.014788783256751663
zh_ja_048,language_specific_zh,language_specific_zh_006099,13784126,0.00021870811021517834,0.014788783256751663
zh_ja_048,language_specific_zh,language_specific_zh_000156,8612474,0.000874832440860558,0.0295775665135007
zh_ja_048,language_specific_zh,language_specific_zh_001203,9973730,0.000874832440860558,0.0295775665135007
zh_ja_048,language_specific_zh,language_specific_zh_003133,836576,0.000874832440860558,0.0295775665135007
zh_ja_048,language_specific_zh,language_specific_zh_003674,333858,0.0008748324408606355,0.02957756651350201
zh_ja_048,language_specific_zh,language_specific_zh_000254,802009,0.001968372991936372,0.04436634977025236
zh_ja_048,language_specific_zh,language_specific_zh_003135,5997684,0.001968372991936372,0.04436634977025236
zh_ja_048,language_specific_zh,language_specific_zh_006354,422023,0.001968372991936372,0.04436634977025236
zh_ja_048,language_specific_zh,language_specific_zh_003474,900320,0.005467702755378874,0.07394391628375437
zh_ja_048,language_specific_zh,language_specific_zh_003509,13512803,0.005467702755378874,0.07394391628375437
zh_ja_048,language_specific_zh,language_specific_zh_000934,7767563,0.010716697400542376,0.10352148279725507
zh_ja_048,language_specific_zh,language_specific_zh_006855,420022,0.01399731905376939,0.11831026605400476
zh_ja_048,language_specific_zh,language_specific_zh_005838,1170117,0.01771535692742682,0.1330990493107551
zh_ja_048,language_specific_zh,language_specific_zh_001419,3805048,0.026463681336033152,0.16267661582425777
zh_ja_048,language_specific_zh,language_specific_zh_001676,332689,0.03149396787098125,0.17746539908100747
zh_ja_048,language_specific_zh,language_specific_zh_000478,6321891,0.031493967870981486,0.17746539908100814
zh_ja_048,language_specific_zh,language_specific_zh_003332,8765180,0.03696167062635983,0.19225418233775782
zh_ja_048,language_specific_zh,language_specific_zh_001144,372209,0.04286678960216896,0.20704296559450883
zh_ja_048,language_specific_zh,language_specific_zh_007295,2921290,0.04920932479840812,0.22183174885125917
zh_ja_048,language_specific_zh,language_specific_zh_000592,2336021,0.04920932479840871,0.2218317488512605
zh_ja_048,language_specific_zh,language_specific_zh_001023,13976083,0.06320664385217761,0.2514093153647605
zh_ja_048,language_specific_zh,language_specific_zh_000481,348186,0.07086142770970867,0.26619809862151284
zh_ja_048,language_specific_zh,language_specific_zh_001298,1776810,0.08748324408605969,0.2957756651350136
zh_ja_048,language_specific_zh,language_specific_zh_002246,2487743,0.08748324408605969,0.2957756651350136
zh_ja_048,language_specific_zh,language_specific_zh_002651,333086,0.08748324408605969,0.2957756651350136
zh_ja_048,language_specific_zh,language_specific_zh_004344,796630,0.08748324408605969,0.2957756651350136
zh_ja_048,language_specific_zh,language_specific_zh_001317,6585416,0.09645027660488016,0.3105644483917632
zh_ja_048,language_specific_zh,language_specific_zh_000052,423906,0.09645027660488141,0.3105644483917652
zh_ja_048,language_specific_zh,language_specific_zh_003366,385685,0.09645027660488141,0.3105644483917652
zh_ja_048,language_specific_zh,language_specific_zh_005589,10062401,0.12597587148392594,0.3549307981620163
zh_ja_048,language_specific_zh,language_specific_zh_007478,13596082,0.12597587148392594,0.3549307981620163
zh_ja_048,language_specific_zh,language_specific_zh_000717,1317008,0.13669256888446799,0.3697195814187666
zh_ja_048,language_specific_zh,language_specific_zh_004152,13913383,0.14784668250544034,0.38450836467551697
zh_ja_048,language_specific_zh,language_specific_zh_000699,420490,0.14784668250544133,0.38450836467551824
zh_ja_048,language_specific_zh,language_specific_zh_003579,13561184,0.14784668250544133,0.38450836467551824
zh_ja_048,language_specific_zh,language_specific_zh_005844,13807610,0.14784668250544133,0.38450836467551824
zh_ja_048,language_specific_zh,language_specific_zh_006323,5941704,0.14784668250544133,0.38450836467551824
zh_ja_048,language_specific_zh,language_specific_zh_004640,893343,0.159438212346844,0.3992971479322686
zh_ja_048,language_specific_zh,language_specific_zh_005596,9989854,0.159438212346844,0.3992971479322686
zh_ja_048,language_specific_zh,language_specific_zh_005818,2312182,0.159438212346844,0.3992971479322686
zh_ja_048,language_specific_zh,language_specific_zh_007851,3890949,0.17146715840867696,0.414085931189019
zh_ja_048,language_specific_zh,language_specific_zh_003315,332926,0.18393352069094016,0.4288747144457693
zh_ja_048,language_specific_zh,language_specific_zh_005938,1485329,0.19683729919363485,0.443663497702521
zh_ja_048,language_specific_zh,language_specific_zh_005161,2145237,0.21017849391675864,0.4584522809592713
zh_ja_048,language_specific_zh,language_specific_zh_003793,13881304,0.2239571048603115,0.47324106421602036
zh_ja_048,language_specific_zh,language_specific_zh_001820,2393888,0.22395710486031276,0.4732410642160217
zh_ja_048,language_specific_zh,language_specific_zh_005391,343368,0.22395710486031276,0.4732410642160217
zh_ja_048,language_specific_zh,language_specific_zh_002750,2367484,0.2381731320242971,0.488029847472772
zh_ja_048,language_specific_zh,language_specific_zh_007840,1513430,0.2381731320242971,0.488029847472772
zh_ja_048,language_specific_zh,language_specific_zh_001007,881904,0.2528265754087131,0.5028186307295237
zh_ja_048,language_specific_zh,language_specific_zh_003803,3567627,0.26791743501355814,0.5176074139862741
zh_ja_048,language_specific_zh,language_specific_zh_007048,8696302,0.26791743501355814,0.5176074139862741
zh_ja_048,language_specific_zh,language_specific_zh_004556,1577133,0.2834457108388333,0.5323961972430243
zh_ja_048,language_specific_zh,language_specific_zh_003088,843497,0.2994114028845388,0.5471849804997747
zh_ja_048,language_specific_zh,language_specific_zh_000627,8792698,0.31581451115067616,0.5619737637565264
zh_ja_048,language_specific_zh,language_specific_zh_001255,13972795,0.31581451115067616,0.5619737637565264
zh_ja_048,language_specific_zh,language_specific_zh_005229,763907,0.31581451115067616,0.5619737637565264
zh_ja_048,language_specific_zh,language_specific_zh_000107,781119,0.3326550356372423,0.5767625470132768
zh_ja_048,language_specific_zh,language_specific_zh_005280,769832,0.3326550356372423,0.5767625470132768
zh_ja_048,language_specific_zh,language_specific_zh_005741,1312389,0.3326550356372423,0.5767625470132768
zh_ja_048,language_specific_zh,language_specific_zh_006913,2746379,0.3326550356372423,0.5767625470132768
zh_ja_048,language_specific_zh,language_specific_zh_001375,2348943,0.34993297634423876,0.5915513302700272
zh_ja_048,language_specific_zh,language_specific_zh_003258,10250381,0.34993297634423876,0.5915513302700272
zh_ja_048,language_specific_zh,language_specific_zh_000521,332485,0.3676483332716653,0.6063401135267774
zh_ja_048,language_specific_zh,language_specific_zh_007026,766763,0.3676483332716653,0.6063401135267774
zh_ja_048,language_specific_zh,language_specific_zh_003361,9054768,0.385801106419524,0.6211288967835291
zh_ja_048,language_specific_zh,language_specific_zh_005571,798046,0.385801106419524,0.6211288967835291
zh_ja_048,language_specific_zh,language_specific_zh_002647,10041991,0.4043912957878113,0.6359176800402795
zh_ja_048,language_specific_zh,language_specific_zh_004504,2416230,0.4043912957878113,0.6359176800402795
zh_ja_048,language_specific_zh,language_specific_zh_007016,1573219,0.4043912957878113,0.6359176800402795
zh_ja_048,language_specific_zh,language_specific_zh_006978,8588209,0.4234189013765289,0.6507064632970299
zh_ja_048,language_specific_zh,language_specific_zh_007006,444711,0.4234189013765289,0.6507064632970299
zh_ja_048,language_specific_zh,language_specific_zh_007067,782657,0.4234189013765289,0.6507064632970299
zh_ja_048,language_specific_zh,language_specific_zh_001935,13893779,0.4428839231856757,0.6654952465537795
zh_ja_048,language_specific_zh,language_specific_zh_003199,846366,0.46278636121525657,0.6802840298105318
zh_ja_048,language_specific_zh,language_specific_zh_000986,335542,0.483126215465265,0.6950728130672822
zh_ja_048,language_specific_zh,language_specific_zh_001759,1977201,0.483126215465265,0.6950728130672822
zh_ja_048,language_specific_zh,language_specific_zh_002129,4061626,0.483126215465265,0.6950728130672822
zh_ja_048,language_specific_zh,language_specific_zh_000030,899126,0.5039034859357038,0.7098615963240326
zh_ja_048,language_specific_zh,language_specific_zh_005045,462065,0.5039034859357038,0.7098615963240326
zh_ja_048,language_specific_zh,language_specific_zh_006885,464823,0.5251181726265727,0.7246503795807828
zh_ja_048,language_specific_zh,language_specific_zh_003636,13967363,0.5467702755378719,0.7394391628375332
zh_ja_048,language_specific_zh,language_specific_zh_003238,9970093,0.5913867300217635,0.7690167293510353
zh_ja_048,language_specific_zh,language_specific_zh_005545,784556,0.6377528493873739,0.7985942958645359
zh_ja_048,language_specific_zh,language_specific_zh_007215,13869028,0.6377528493873739,0.7985942958645359
zh_ja_048,language_specific_zh,language_specific_zh_002729,487611,0.6615920334008268,0.8133830791212876
zh_ja_048,language_specific_zh,language_specific_zh_002835,5992377,0.6615920334008268,0.8133830791212876
zh_ja_048,language_specific_zh,language_specific_zh_007150,334804,0.6615920334008268,0.8133830791212876
zh_ja_048,language_specific_zh,language_specific_zh_003710,10696042,0.6858686336347078,0.828171862378038
zh_ja_048,language_specific_zh,language_specific_zh_004138,9408584,0.7105826500890192,0.8429606456347883
zh_ja_048,language_specific_zh,language_specific_zh_007534,451836,0.7105826500890192,0.8429606456347883
zh_ja_048,language_specific_zh,language_specific_zh_006983,2454690,0.7357340827637606,0.8577494288915386
zh_ja_048,language_specific_zh,language_specific_zh_000027,775725,0.7613229316589348,0.8725382121482903
zh_ja_048,language_specific_zh,language_specific_zh_004210,7771686,0.7613229316589348,0.8725382121482903
zh_ja_048,language_specific_zh,language_specific_zh_001389,715575,0.7873491967745371,0.8873269954050407
zh_ja_048,language_specific_zh,language_specific_zh_002085,5144741,0.7873491967745371,0.8873269954050407
zh_ja_048,language_specific_zh,language_specific_zh_000110,335846,0.8138128781105696,0.902115778661791
zh_ja_049,language_specific_zh,language_specific_zh_000339,407294,0.0,0.0
zh_ja_049,language_specific_zh,language_specific_zh_004016,503241,0.0,0.0
zh_ja_049,language_specific_zh,language_specific_zh_005460,333668,0.0,0.0
zh_ja_049,language_specific_zh,language_specific_zh_005692,4759976,0.0,0.0
zh_ja_049,language_specific_zh,language_specific_zh_000422,1394872,0.0002187081102151395,0.01478878325675035
zh_ja_049,language_specific_zh,language_specific_zh_001064,334732,0.0002187081102151395,0.01478878325675035
zh_ja_049,language_specific_zh,language_specific_zh_002800,13285183,0.0002187081102151395,0.01478878325675035
zh_ja_049,language_specific_zh,language_specific_zh_003094,795302,0.0002187081102151395,0.01478878325675035
zh_ja_049,language_specific_zh,language_specific_zh_003109,8655329,0.0002187081102151395,0.01478878325675035
zh_ja_049,language_specific_zh,language_specific_zh_004751,1424391,0.0002187081102151395,0.01478878325675035
zh_ja_049,language_specific_zh,language_specific_zh_005055,1409360,0.0002187081102151395,0.01478878325675035
zh_ja_049,language_specific_zh,language_specific_zh_005196,1353898,0.0002187081102151395,0.01478878325675035
zh_ja_049,language_specific_zh,language_specific_zh_006438,719067,0.0002187081102151395,0.01478878325675035
zh_ja_049,language_specific_zh,language_specific_zh_006564,343979,0.0002187081102151395,0.01478878325675035
zh_ja_049,language_specific_zh,language_specific_zh_007925,826098,0.0002187081102151395,0.01478878325675035
zh_ja_049,language_specific_zh,language_specific_zh_002108,333332,0.000874832440860558,0.0295775665135007
zh_ja_049,language_specific_zh,language_specific_zh_004362,899351,0.000874832440860558,0.0295775665135007
zh_ja_049,language_specific_zh,language_specific_zh_004560,829721,0.000874832440860558,0.0295775665135007
zh_ja_049,language_specific_zh,language_specific_zh_005753,389056,0.000874832440860558,0.0295775665135007
zh_ja_049,language_specific_zh,language_specific_zh_002372,462046,0.0008748324408606355,0.02957756651350201
zh_ja_049,language_specific_zh,language_specific_zh_003097,333238,0.0008748324408606355,0.02957756651350201
zh_ja_049,language_specific_zh,language_specific_zh_004166,3327549,0.0008748324408606355,0.02957756651350201
zh_ja_049,language_specific_zh,language_specific_zh_006041,414631,0.0008748324408606355,0.02957756651350201
zh_ja_049,language_specific_zh,language_specific_zh_006610,1523908,0.0008748324408606355,0.02957756651350201
zh_ja_049,language_specific_zh,language_specific_zh_001272,332640,0.001968372991936372,0.04436634977025236
zh_ja_049,language_specific_zh,language_specific_zh_001863,1397009,0.001968372991936372,0.04436634977025236
zh_ja_049,language_specific_zh,language_specific_zh_002223,3081236,0.001968372991936372,0.04436634977025236
zh_ja_049,language_specific_zh,language_specific_zh_003082,2177513,0.001968372991936372,0.04436634977025236
zh_ja_049,language_specific_zh,language_specific_zh_003974,13912409,0.001968372991936372,0.04436634977025236
zh_ja_049,language_specific_zh,language_specific_zh_004172,1468435,0.001968372991936372,0.04436634977025236
zh_ja_049,language_specific_zh,language_specific_zh_006938,3061933,0.001968372991936372,0.04436634977025236
zh_ja_049,language_specific_zh,language_specific_zh_000441,13712838,0.003499329763442387,0.05915513302700271
zh_ja_049,language_specific_zh,language_specific_zh_001668,9992008,0.003499329763442387,0.05915513302700271
zh_ja_049,language_specific_zh,language_specific_zh_002060,333115,0.003499329763442387,0.05915513302700271
zh_ja_049,language_specific_zh,language_specific_zh_002394,501706,0.003499329763442387,0.05915513302700271
zh_ja_049,language_specific_zh,language_specific_zh_002944,2367550,0.003499329763442387,0.05915513302700271
zh_ja_049,language_specific_zh,language_specific_zh_004735,426346,0.003499329763442387,0.05915513302700271
zh_ja_049,language_specific_zh,language_specific_zh_004813,501719,0.003499329763442387,0.05915513302700271
zh_ja_049,language_specific_zh,language_specific_zh_005504,4704316,0.003499329763442387,0.05915513302700271
zh_ja_049,language_specific_zh,language_specific_zh_005994,805225,0.003499329763442387,0.05915513302700271
zh_ja_049,language_specific_zh,language_specific_zh_006601,405031,0.003499329763442387,0.05915513302700271
zh_ja_049,language_specific_zh,language_specific_zh_000366,1370615,0.005467702755378681,0.07394391628375306
zh_ja_049,language_specific_zh,language_specific_zh_000614,389428,0.005467702755378681,0.07394391628375306
zh_ja_049,language_specific_zh,language_specific_zh_001655,528027,0.005467702755378681,0.07394391628375306
zh_ja_049,language_specific_zh,language_specific_zh_005100,770266,0.005467702755378681,0.07394391628375306
zh_ja_049,language_specific_zh,language_specific_zh_005773,476661,0.005467702755378681,0.07394391628375306
zh_ja_049,language_specific_zh,language_specific_zh_001915,4869591,0.007873491967745254,0.0887326995405034
zh_ja_049,language_specific_zh,language_specific_zh_006229,10059332,0.007873491967745254,0.0887326995405034
zh_ja_049,language_specific_zh,language_specific_zh_006401,471152,0.007873491967745254,0.0887326995405034
zh_ja_049,language_specific_zh,language_specific_zh_000414,1036570,0.010716697400542376,0.10352148279725507
zh_ja_049,language_specific_zh,language_specific_zh_001160,10538283,0.010716697400542376,0.10352148279725507
zh_ja_049,language_specific_zh,language_specific_zh_001506,2035087,0.010716697400542376,0.10352148279725507
zh_ja_049,language_specific_zh,language_specific_zh_001984,1397353,0.010716697400542376,0.10352148279725507
zh_ja_049,language_specific_zh,language_specific_zh_005734,3567594,0.010716697400542376,0.10352148279725507
zh_ja_049,language_specific_zh,language_specific_zh_007484,426301,0.010716697400542376,0.10352148279725507
zh_ja_049,language_specific_zh,language_specific_zh_000175,2031263,0.013997319053769547,0.11831026605400542
zh_ja_049,language_specific_zh,language_specific_zh_002395,711089,0.013997319053769547,0.11831026605400542
zh_ja_049,language_specific_zh,language_specific_zh_004990,6402747,0.013997319053769547,0.11831026605400542
zh_ja_049,language_specific_zh,language_specific_zh_007185,4760161,0.013997319053769547,0.11831026605400542
zh_ja_049,language_specific_zh,language_specific_zh_007579,453767,0.013997319053769547,0.11831026605400542
zh_ja_049,language_specific_zh,language_specific_zh_007685,420964,0.013997319053769547,0.11831026605400542
zh_ja_049,language_specific_zh,language_specific_zh_000265,490047,0.017715356927426998,0.13309904931075578
zh_ja_049,language_specific_zh,language_specific_zh_000280,4970084,0.017715356927426998,0.13309904931075578
zh_ja_049,language_specific_zh,language_specific_zh_000378,802018,0.017715356927426998,0.13309904931075578
zh_ja_049,language_specific_zh,language_specific_zh_000574,794248,0.017715356927426998,0.13309904931075578
zh_ja_049,language_specific_zh,language_specific_zh_001825,782136,0.017715356927426998,0.13309904931075578
zh_ja_049,language_specific_zh,language_specific_zh_002004,3579553,0.017715356927426998,0.13309904931075578
zh_ja_049,language_specific_zh,language_specific_zh_004094,462098,0.017715356927426998,0.13309904931075578
zh_ja_049,language_specific_zh,language_specific_zh_006997,4846807,0.017715356927426998,0.13309904931075578
zh_ja_049,language_specific_zh,language_specific_zh_000417,824528,0.021870811021514724,0.14788783256750612
zh_ja_049,language_specific_zh,language_specific_zh_000463,332450,0.021870811021514724,0.14788783256750612
zh_ja_049,language_specific_zh,language_specific_zh_001835,1873022,0.021870811021514724,0.14788783256750612
zh_ja_049,language_specific_zh,language_specific_zh_002031,335515,0.021870811021514724,0.14788783256750612
zh_ja_049,language_specific_zh,language_specific_zh_002266,10265784,0.021870811021514724,0.14788783256750612
zh_ja_049,language_specific_zh,language_specific_zh_005451,333917,0.021870811021514724,0.14788783256750612
zh_ja_049,language_specific_zh,language_specific_zh_005685,1177988,0.021870811021514724,0.14788783256750612
zh_ja_049,language_specific_zh,language_specific_zh_006220,343960,0.021870811021514724,0.14788783256750612
zh_ja_049,language_specific_zh,language_specific_zh_006539,353485,0.021870811021514724,0.14788783256750612
zh_ja_049,language_specific_zh,language_specific_zh_006547,10024483,0.021870811021514724,0.14788783256750612
zh_ja_049,language_specific_zh,language_specific_zh_000411,332638,0.026463681336033152,0.16267661582425777
zh_ja_049,language_specific_zh,language_specific_zh_002308,392320,0.026463681336033152,0.16267661582425777
zh_ja_049,language_specific_zh,language_specific_zh_003093,438990,0.026463681336033152,0.16267661582425777
zh_ja_049,language_specific_zh,language_specific_zh_004971,13893753,0.026463681336033152,0.16267661582425777
zh_ja_049,language_specific_zh,language_specific_zh_000255,569772,0.031493967870981486,0.17746539908100814
zh_ja_049,language_specific_zh,language_specific_zh_001667,9867547,0.031493967870981486,0.17746539908100814
zh_ja_049,language_specific_zh,language_specific_zh_002188,8589148,0.031493967870981486,0.17746539908100814
zh_ja_049,language_specific_zh,language_specific_zh_002548,2771098,0.031493967870981486,0.17746539908100814
zh_ja_049,language_specific_zh,language_specific_zh_003936,2333743,0.031493967870981486,0.17746539908100814
zh_ja_049,language_specific_zh,language_specific_zh_003956,7781468,0.031493967870981486,0.17746539908100814
zh_ja_049,language_specific_zh,language_specific_zh_005077,767762,0.031493967870981486,0.17746539908100814
zh_ja_049,language_specific_zh,language_specific_zh_005812,1314372,0.031493967870981486,0.17746539908100814
zh_ja_049,language_specific_zh,language_specific_zh_006223,1551887,0.031493967870981486,0.17746539908100814
zh_ja_049,language_specific_zh,language_specific_zh_006743,346072,0.031493967870981486,0.17746539908100814
zh_ja_049,language_specific_zh,language_specific_zh_006943,3625653,0.031493967870981486,0.17746539908100814
zh_ja_049,language_specific_zh,language_specific_zh_007667,3581043,0.031493967870981486,0.17746539908100814
zh_ja_049,language_specific_zh,language_specific_zh_000299,3081237,0.036961670626360084,0.19225418233775848
zh_ja_049,language_specific_zh,language_specific_zh_001824,2888093,0.036961670626360084,0.19225418233775848
zh_ja_049,language_specific_zh,language_specific_zh_002281,2581653,0.036961670626360084,0.19225418233775848
zh_ja_049,language_specific_zh,language_specific_zh_002405,2411824,0.036961670626360084,0.19225418233775848
zh_ja_049,language_specific_zh,language_specific_zh_004712,333155,0.036961670626360084,0.19225418233775848
zh_ja_052,language_specific_zh,language_specific_zh_000985,1324871,0.08748324408605929,0.2957756651350129
zh_ja_052,language_specific_zh,language_specific_zh_000252,350686,0.12597587148392594,0.3549307981620163
zh_ja_052,language_specific_zh,language_specific_zh_005824,368546,0.2528265754087118,0.5028186307295224
zh_ja_052,language_specific_zh,language_specific_zh_006395,1135072,0.5913867300217625,0.7690167293510346
zh_ja_052,language_specific_zh,language_specific_zh_001019,389394,0.9876937926135365,0.9933876182904012
zh_ja_052,language_specific_zh,language_specific_zh_006665,490017,0.9887873331646122,0.9933876182904012
zh_ja_052,language_specific_zh,language_specific_zh_000475,842076,1.0296857497748448,0.9933876182904012
zh_ja_052,language_specific_zh,language_specific_zh_007502,805173,1.029685749774845,0.9933876182904012
zh_ja_052,language_specific_zh,language_specific_zh_001014,10460432,1.1346656426781163,0.9933876182904012
zh_ja_052,language_specific_zh,language_specific_zh_002289,1438523,1.196997454089434,0.9933876182904012
zh_ja_052,language_specific_zh,language_specific_zh_006905,14006231,1.2107760650329886,0.9933876182904012
zh_ja_052,language_specific_zh,language_specific_zh_002542,5687476,1.2547363951862334,0.9933876182904012
zh_ja_052,language_specific_zh,language_specific_zh_004503,1036570,1.3194739958099166,0.9933876182904012
zh_ja_052,language_specific_zh,language_specific_zh_002371,13476729,1.4907224461083777,0.9933876182904012
zh_ja_052,language_specific_zh,language_specific_zh_001935,13893779,4.007443810628747,2.0004939659677476
zh_ja_052,language_specific_zh,language_specific_zh_003793,13881304,4.015973426927138,2.0004939659677476
zh_ja_052,language_specific_zh,language_specific_zh_004152,13913383,4.044842897475537,2.0004939659677476
zh_ja_052,language_specific_zh,language_specific_zh_001317,6585416,4.080929735661036,2.0004939659677476
zh_ja_052,language_specific_zh,language_specific_zh_007139,1878278,4.083968409575172,1.9867752365808025
zh_ja_052,language_specific_zh,language_specific_zh_001023,13976083,4.117672698177182,2.0004939659677476
zh_ja_052,language_specific_zh,language_specific_zh_007295,2921290,4.138668676757836,2.0004939659677476
zh_ja_052,language_specific_zh,language_specific_zh_001144,372209,4.149822790378808,2.0004939659677476
zh_ja_052,language_specific_zh,language_specific_zh_003332,8765180,4.161414320220212,2.0004939659677476
zh_ja_052,language_specific_zh,language_specific_zh_001676,332689,4.173443266282044,2.0004939659677476
zh_ja_052,language_specific_zh,language_specific_zh_005838,1170117,4.212154601790126,2.0004939659677476
zh_ja_052,language_specific_zh,language_specific_zh_006855,420022,4.22593321273368,2.0004939659677476
zh_ja_052,language_specific_zh,language_specific_zh_000156,8612474,4.317790619024042,2.0004939659677476
zh_ja_052,language_specific_zh,language_specific_zh_001203,9973730,4.317790619024042,2.0004939659677476
zh_ja_052,language_specific_zh,language_specific_zh_003133,836576,4.317790619024042,2.0004939659677476
zh_ja_052,language_specific_zh,language_specific_zh_000597,5147454,4.351909084217605,2.0004939659677476
zh_ja_052,language_specific_zh,language_specific_zh_001016,816895,4.369624441145033,2.0004939659677476
zh_ja_052,language_specific_zh,language_specific_zh_001400,984932,4.369624441145033,2.0004939659677476
zh_ja_052,language_specific_zh,language_specific_zh_006099,13784126,4.369624441145033,2.0004939659677476
zh_ja_052,language_specific_zh,language_specific_zh_003674,333858,4.38777721429289,2.0004939659677476
zh_ja_052,language_specific_zh,language_specific_zh_000254,802009,4.406367403661178,2.0004939659677476
zh_ja_052,language_specific_zh,language_specific_zh_003135,5997684,4.406367403661178,2.0004939659677476
zh_ja_052,language_specific_zh,language_specific_zh_006354,422023,4.406367403661178,2.0004939659677476
zh_ja_052,language_specific_zh,language_specific_zh_003474,900320,4.4448600310590445,2.0004939659677476
zh_ja_052,language_specific_zh,language_specific_zh_003509,13512803,4.4448600310590445,2.0004939659677476
zh_ja_052,language_specific_zh,language_specific_zh_000934,7767563,4.485102323338631,2.0004939659677476
zh_ja_052,language_specific_zh,language_specific_zh_001419,3805048,4.570835902542969,2.0004939659677476
zh_ja_052,language_specific_zh,language_specific_zh_000478,6321891,4.593362837895129,2.0004939659677476
zh_ja_052,language_specific_zh,language_specific_zh_000592,2336021,4.663568141274193,2.0004939659677476
zh_ja_052,language_specific_zh,language_specific_zh_000481,348186,4.737710190637129,2.0004939659677476
zh_ja_052,language_specific_zh,language_specific_zh_001298,1776810,4.789325304647903,2.0004939659677476
zh_ja_052,language_specific_zh,language_specific_zh_002246,2487743,4.789325304647903,2.0004939659677476
zh_ja_052,language_specific_zh,language_specific_zh_002651,333086,4.789325304647903,2.0004939659677476
zh_ja_052,language_specific_zh,language_specific_zh_004344,796630,4.789325304647903,2.0004939659677476
zh_ja_052,language_specific_zh,language_specific_zh_000052,423906,4.815788985983938,2.0004939659677476
zh_ja_052,language_specific_zh,language_specific_zh_003366,385685,4.815788985983938,2.0004939659677476
zh_ja_052,language_specific_zh,language_specific_zh_005589,10062401,4.897804527314617,2.0004939659677476
zh_ja_052,language_specific_zh,language_specific_zh_007478,13596082,4.897804527314617,2.0004939659677476
zh_ja_052,language_specific_zh,language_specific_zh_000717,1317008,4.92601787353237,2.0004939659677476
zh_ja_052,language_specific_zh,language_specific_zh_000699,420490,4.954668635970556,2.0004939659677476
zh_ja_052,language_specific_zh,language_specific_zh_003579,13561184,4.954668635970556,2.0004939659677476
zh_ja_052,language_specific_zh,language_specific_zh_005844,13807610,4.954668635970556,2.0004939659677476
zh_ja_052,language_specific_zh,language_specific_zh_006323,5941704,4.954668635970556,2.0004939659677476
zh_ja_052,language_specific_zh,language_specific_zh_004640,893343,4.983756814629171,2.0004939659677476
zh_ja_052,language_specific_zh,language_specific_zh_005596,9989854,4.983756814629171,2.0004939659677476
zh_ja_052,language_specific_zh,language_specific_zh_005818,2312182,4.983756814629171,2.0004939659677476
zh_ja_052,language_specific_zh,language_specific_zh_003585,743032,4.990763441037981,2.0004939659677476
zh_ja_052,language_specific_zh,language_specific_zh_006682,368549,4.990763441037981,2.0004939659677476
zh_ja_052,language_specific_zh,language_specific_zh_001149,2938662,4.99666856001379,2.0004939659677476
zh_ja_052,language_specific_zh,language_specific_zh_003286,13753077,4.999511765446586,2.0004939659677476
zh_ja_052,language_specific_zh,language_specific_zh_006476,3805035,4.999511765446586,2.0004939659677476
zh_ja_052,language_specific_zh,language_specific_zh_004136,1446819,5.006510424973471,2.0004939659677476
zh_ja_052,language_specific_zh,language_specific_zh_007851,3890949,5.013282409508215,2.0004939659677476
zh_ja_052,language_specific_zh,language_specific_zh_005266,334257,5.015258749382077,2.0004939659677476
zh_ja_052,language_specific_zh,language_specific_zh_003236,919612,5.038004392844452,2.0004939659677476
zh_ja_052,language_specific_zh,language_specific_zh_003315,332926,5.04324542060769,2.0004939659677476
zh_ja_052,language_specific_zh,language_specific_zh_006774,2448758,5.044784344261122,2.0004939659677476
zh_ja_052,language_specific_zh,language_specific_zh_005403,1074525,5.052001711898222,2.0004939659677476
zh_ja_052,language_specific_zh,language_specific_zh_000416,2028054,5.0596564957557515,2.0004939659677476
zh_ja_052,language_specific_zh,language_specific_zh_001580,838289,5.0596564957557515,2.0004939659677476
zh_ja_052,language_specific_zh,language_specific_zh_005938,1485329,5.073645847927597,2.0004939659677476
zh_ja_052,language_specific_zh,language_specific_zh_004773,842642,5.076278312132104,2.0004939659677476
zh_ja_052,language_specific_zh,language_specific_zh_002388,13942500,5.085245344650924,2.0004939659677476
zh_ja_052,language_specific_zh,language_specific_zh_003264,420992,5.094649793390175,2.0004939659677476
zh_ja_052,language_specific_zh,language_specific_zh_005161,2145237,5.104483691467933,2.0004939659677476
zh_ja_052,language_specific_zh,language_specific_zh_001319,689543,5.104491658349858,2.0004939659677476
zh_ja_052,language_specific_zh,language_specific_zh_003243,3476980,5.104491658349858,2.0004939659677476
zh_ja_052,language_specific_zh,language_specific_zh_001489,10401056,5.114770939529969,2.0004939659677476
zh_ja_052,language_specific_zh,language_specific_zh_000982,1411649,5.125487636930512,2.0004939659677476
zh_ja_052,language_specific_zh,language_specific_zh_001820,2393888,5.1357589512286985,2.0004939659677476
zh_ja_052,language_specific_zh,language_specific_zh_005391,343368,5.1357589512286985,2.0004939659677476
zh_ja_052,language_specific_zh,language_specific_zh_002750,2367484,5.167471627209894,2.0004939659677476
zh_ja_052,language_specific_zh,language_specific_zh_007840,1513430,5.167471627209894,2.0004939659677476
zh_ja_052,language_specific_zh,language_specific_zh_004375,13867417,5.172728588736984,2.0004939659677476
zh_ja_052,language_specific_zh,language_specific_zh_003235,348600,5.185632367239678,2.0004939659677476
zh_ja_052,language_specific_zh,language_specific_zh_006538,6685071,5.185632367239678,2.0004939659677476
zh_ja_052,language_specific_zh,language_specific_zh_001007,881904,5.199621719411523,2.0004939659677476
zh_ja_052,language_specific_zh,language_specific_zh_000062,375375,5.212752172906356,2.0004939659677476
zh_ja_052,language_specific_zh,language_specific_zh_001020,13518894,5.212752172906356,2.0004939659677476
zh_ja_052,language_specific_zh,language_specific_zh_004229,334440,5.212752172906356,2.0004939659677476
zh_ja_052,language_specific_zh,language_specific_zh_001904,13894438,5.226968200070341,2.0004939659677476
zh_ja_052,language_specific_zh,language_specific_zh_003803,3567627,5.23220922783358,2.0004939659677476
zh_ja_052,language_specific_zh,language_specific_zh_007048,8696302,5.23220922783358,2.0004939659677476
zh_ja_052,language_specific_zh,language_specific_zh_003575,13575526,5.241621643454756,2.0004939659677476
zh_ja_052,language_specific_zh,language_specific_zh_002205,13545601,5.256712503059601,2.0004939659677476
zh_ja_052,language_specific_zh,language_specific_zh_004556,1577133,5.265234152476067,2.0004939659677476
zh_ja_054,language_specific_zh,language_specific_zh_001630,13596037,0.0,0.0
zh_ja_054,language_specific_zh,language_specific_zh_003590,10626706,0.0,0.0
zh_ja_054,language_specific_zh,language_specific_zh_003014,13852520,0.0002187081102151395,0.01478878325675035
zh_ja_054,language_specific_zh,language_specific_zh_006344,838333,0.00021870811021515888,0.014788783256751006
zh_ja_054,language_specific_zh,language_specific_zh_000321,13944346,0.0008748324408605967,0.029577566513501356
zh_ja_054,language_specific_zh,language_specific_zh_000569,13881264,0.0008748324408605967,0.029577566513501356
zh_ja_054,language_specific_zh,language_specific_zh_003350,501551,0.0008748324408605967,0.029577566513501356
zh_ja_054,language_specific_zh,language_specific_zh_003631,2609577,0.0008748324408605967,0.029577566513501356
zh_ja_054,language_specific_zh,language_specific_zh_005248,334616,0.0008748324408605967,0.029577566513501356
zh_ja_054,language_specific_zh,language_specific_zh_002722,10252129,0.0019683729919363134,0.0443663497702517
zh_ja_054,language_specific_zh,language_specific_zh_003702,2221203,0.003499329763442387,0.05915513302700271
zh_ja_054,language_specific_zh,language_specific_zh_007276,843537,0.003499329763442387,0.05915513302700271
zh_ja_054,language_specific_zh,language_specific_zh_000710,13539049,0.005467702755378681,0.07394391628375306
zh_ja_054,language_specific_zh,language_specific_zh_005385,3804954,0.005467702755378681,0.07394391628375306
zh_ja_054,language_specific_zh,language_specific_zh_002053,1409096,0.005467702755378777,0.07394391628375371
zh_ja_054,language_specific_zh,language_specific_zh_004449,6678465,0.005467702755378777,0.07394391628375371
zh_ja_054,language_specific_zh,language_specific_zh_007225,13920598,0.005467702755378777,0.07394391628375371
zh_ja_054,language_specific_zh,language_specific_zh_001682,9992027,0.007873491967745372,0.08873269954050407
zh_ja_054,language_specific_zh,language_specific_zh_002057,8936406,0.007873491967745372,0.08873269954050407
zh_ja_054,language_specific_zh,language_specific_zh_004522,6142068,0.007873491967745372,0.08873269954050407
zh_ja_054,language_specific_zh,language_specific_zh_006856,5957546,0.007873491967745372,0.08873269954050407
zh_ja_054,language_specific_zh,language_specific_zh_001029,13931519,0.01071669740054224,0.10352148279725441
zh_ja_054,language_specific_zh,language_specific_zh_004346,890835,0.010716697400542376,0.10352148279725507
zh_ja_054,language_specific_zh,language_specific_zh_002747,442159,0.01399731905376939,0.11831026605400476
zh_ja_054,language_specific_zh,language_specific_zh_003564,8955195,0.017715356927426998,0.13309904931075578
zh_ja_054,language_specific_zh,language_specific_zh_001635,1317008,0.017715356927427168,0.13309904931075642
zh_ja_054,language_specific_zh,language_specific_zh_003664,13911371,0.017715356927427168,0.13309904931075642
zh_ja_054,language_specific_zh,language_specific_zh_000926,13942909,0.021870811021514724,0.14788783256750612
zh_ja_054,language_specific_zh,language_specific_zh_001413,784499,0.021870811021514724,0.14788783256750612
zh_ja_054,language_specific_zh,language_specific_zh_002568,420916,0.021870811021514724,0.14788783256750612
zh_ja_054,language_specific_zh,language_specific_zh_006843,3709231,0.021870811021514724,0.14788783256750612
zh_ja_054,language_specific_zh,language_specific_zh_001628,1609911,0.021870811021514922,0.1478878325675068
zh_ja_054,language_specific_zh,language_specific_zh_003407,10508797,0.021870811021514922,0.1478878325675068
zh_ja_054,language_specific_zh,language_specific_zh_004448,421024,0.026463681336032947,0.16267661582425713
zh_ja_054,language_specific_zh,language_specific_zh_001886,844150,0.026463681336033152,0.16267661582425777
zh_ja_054,language_specific_zh,language_specific_zh_002050,344888,0.026463681336033152,0.16267661582425777
zh_ja_054,language_specific_zh,language_specific_zh_003195,1192577,0.026463681336033152,0.16267661582425777
zh_ja_054,language_specific_zh,language_specific_zh_005121,390976,0.026463681336033152,0.16267661582425777
zh_ja_054,language_specific_zh,language_specific_zh_004812,5907501,0.03149396787098125,0.17746539908100747
zh_ja_054,language_specific_zh,language_specific_zh_003922,13849262,0.031493967870981486,0.17746539908100814
zh_ja_054,language_specific_zh,language_specific_zh_005402,9959612,0.031493967870981486,0.17746539908100814
zh_ja_054,language_specific_zh,language_specific_zh_006748,1584114,0.031493967870981486,0.17746539908100814
zh_ja_054,language_specific_zh,language_specific_zh_004590,2487170,0.036961670626360084,0.19225418233775848
zh_ja_054,language_specific_zh,language_specific_zh_007281,420394,0.036961670626360084,0.19225418233775848
zh_ja_054,language_specific_zh,language_specific_zh_005120,874141,0.04286678960216924,0.2070429655945095
zh_ja_054,language_specific_zh,language_specific_zh_001077,836442,0.04920932479840842,0.22183174885125984
zh_ja_054,language_specific_zh,language_specific_zh_004679,4218333,0.04920932479840842,0.22183174885125984
zh_ja_054,language_specific_zh,language_specific_zh_001380,8743648,0.04920932479840871,0.2218317488512605
zh_ja_054,language_specific_zh,language_specific_zh_001662,767121,0.04920932479840871,0.2218317488512605
zh_ja_054,language_specific_zh,language_specific_zh_003452,2775578,0.04920932479840871,0.2218317488512605
zh_ja_054,language_specific_zh,language_specific_zh_006805,2393856,0.04920932479840871,0.2218317488512605
zh_ja_054,language_specific_zh,language_specific_zh_000578,2254065,0.05598927621507788,0.23662053210801018
zh_ja_054,language_specific_zh,language_specific_zh_002966,10457895,0.05598927621507788,0.23662053210801018
zh_ja_054,language_specific_zh,language_specific_zh_003212,8727900,0.05598927621507819,0.23662053210801084
zh_ja_054,language_specific_zh,language_specific_zh_005935,420996,0.06320664385217795,0.2514093153647612
zh_ja_054,language_specific_zh,language_specific_zh_000702,8605839,0.06320664385217828,0.25140931536476185
zh_ja_054,language_specific_zh,language_specific_zh_000708,13539077,0.06320664385217828,0.25140931536476185
zh_ja_054,language_specific_zh,language_specific_zh_005117,1702789,0.06320664385217828,0.25140931536476185
zh_ja_054,language_specific_zh,language_specific_zh_007528,13786734,0.06320664385217828,0.25140931536476185
zh_ja_054,language_specific_zh,language_specific_zh_002691,421220,0.07086142770970799,0.26619809862151156
zh_ja_054,language_specific_zh,language_specific_zh_003301,747928,0.07086142770970799,0.26619809862151156
zh_ja_054,language_specific_zh,language_specific_zh_003448,1214450,0.07086142770970799,0.26619809862151156
zh_ja_054,language_specific_zh,language_specific_zh_000232,6064698,0.07086142770970832,0.26619809862151217
zh_ja_054,language_specific_zh,language_specific_zh_001758,2152766,0.07086142770970832,0.26619809862151217
zh_ja_054,language_specific_zh,language_specific_zh_000197,5426366,0.07895362778766866,0.28098688187826254
zh_ja_054,language_specific_zh,language_specific_zh_001538,2843701,0.07895362778766866,0.28098688187826254
zh_ja_054,language_specific_zh,language_specific_zh_002838,1477294,0.07895362778766866,0.28098688187826254
zh_ja_054,language_specific_zh,language_specific_zh_003173,2300183,0.07895362778766866,0.28098688187826254
zh_ja_054,language_specific_zh,language_specific_zh_005119,13569197,0.07895362778766866,0.28098688187826254
zh_ja_054,language_specific_zh,language_specific_zh_003593,343263,0.08748324408605929,0.2957756651350129
zh_ja_054,language_specific_zh,language_specific_zh_005933,1485403,0.08748324408605929,0.2957756651350129
zh_ja_054,language_specific_zh,language_specific_zh_006472,1700099,0.08748324408605929,0.2957756651350129
zh_ja_054,language_specific_zh,language_specific_zh_004330,10002083,0.09645027660488058,0.3105644483917639
zh_ja_054,language_specific_zh,language_specific_zh_002899,13939326,0.11569659030381368,0.34014201490526524
zh_ja_054,language_specific_zh,language_specific_zh_003157,3579618,0.12597587148392547,0.3549307981620156
zh_ja_054,language_specific_zh,language_specific_zh_003415,1328199,0.12597587148392547,0.3549307981620156
zh_ja_054,language_specific_zh,language_specific_zh_000388,867546,0.13669256888446799,0.3697195814187666
zh_ja_054,language_specific_zh,language_specific_zh_001379,3526278,0.13669256888446799,0.3697195814187666
zh_ja_054,language_specific_zh,language_specific_zh_001763,2555637,0.13669256888446799,0.3697195814187666
zh_ja_054,language_specific_zh,language_specific_zh_002222,9432380,0.13669256888446799,0.3697195814187666
zh_ja_054,language_specific_zh,language_specific_zh_005390,9987107,0.13669256888446799,0.3697195814187666
zh_ja_054,language_specific_zh,language_specific_zh_005908,13552273,0.13669256888446799,0.3697195814187666
zh_ja_054,language_specific_zh,language_specific_zh_006850,13891701,0.13669256888446799,0.3697195814187666
zh_ja_054,language_specific_zh,language_specific_zh_003244,13972586,0.14784668250544034,0.38450836467551697
zh_ja_054,language_specific_zh,language_specific_zh_004670,897291,0.14784668250544034,0.38450836467551697
zh_ja_054,language_specific_zh,language_specific_zh_006506,2499900,0.14784668250544034,0.38450836467551697
zh_ja_054,language_specific_zh,language_specific_zh_000932,797515,0.15943821234684347,0.39929714793226795
zh_ja_054,language_specific_zh,language_specific_zh_002416,335028,0.15943821234684347,0.39929714793226795
zh_ja_054,language_specific_zh,language_specific_zh_002719,5670766,0.15943821234684347,0.39929714793226795
zh_ja_054,language_specific_zh,language_specific_zh_003534,2665571,0.15943821234684347,0.39929714793226795
zh_ja_054,language_specific_zh,language_specific_zh_005230,332762,0.15943821234684347,0.39929714793226795
zh_ja_054,language_specific_zh,language_specific_zh_006908,4267218,0.15943821234684347,0.39929714793226795
zh_ja_054,language_specific_zh,language_specific_zh_005759,13976082,0.1714671584086764,0.4140859311890183
zh_ja_054,language_specific_zh,language_specific_zh_000210,832984,0.18393352069094016,0.4288747144457693
zh_ja_054,language_specific_zh,language_specific_zh_001348,1706464,0.18393352069094016,0.4288747144457693
zh_ja_054,language_specific_zh,language_specific_zh_003556,1394956,0.18393352069094016,0.4288747144457693
zh_ja_054,language_specific_zh,language_specific_zh_004595,1335430,0.18393352069094016,0.4288747144457693
zh_ja_054,language_specific_zh,language_specific_zh_003712,10023044,0.21017849391675802,0.45845228095927065
zh_ja_054,language_specific_zh,language_specific_zh_007124,13947114,0.21017849391675802,0.45845228095927065
zh_ja_054,language_specific_zh,language_specific_zh_000670,9401118,0.23817313202429652,0.4880298474727714
zh_ja_001,language_specific_ja,language_specific_ja_000052,225285,0.006822320998000561,0.08259734256016087
zh_ja_001,language_specific_ja,language_specific_ja_003432,183146,0.027289283992002245,0.16519468512032173
zh_ja_001,language_specific_ja,language_specific_ja_001775,186918,0.0320270069072803,0.17896090888034824
zh_ja_001,language_specific_ja,language_specific_ja_006205,1016659,0.04263950623750338,0.20649335640040184
zh_ja_001,language_specific_ja,language_specific_ja_002489,4794123,0.0835734322255067,0.2890906989605627
zh_ja_001,language_specific_ja,language_specific_ja_003038,4102611,0.2321484228486299,0.48181783160093805
zh_ja_001,language_specific_ja,language_specific_ja_000028,230868,0.27365087558646634,0.5231165028810182
zh_ja_001,language_specific_ja,language_specific_ja_006955,176472,0.43662854387203504,0.6607787404812863
zh_ja_001,language_specific_ja,language_specific_ja_000836,10165674,0.8507055266673461,0.9223369919217954
zh_ja_001,language_specific_ja,language_specific_ja_000317,13056009,0.9285936913945196,0.9636356632018761
zh_ja_001,language_specific_ja,language_specific_ja_000385,229631,0.9824142237120796,0.9911681107219298
zh_ja_001,language_specific_ja,language_specific_ja_002088,10790048,1.0098930166206925,1.0049343344819563
zh_ja_001,language_specific_ja,language_specific_ja_003084,218421,1.0098930166206925,1.0049343344819563
zh_ja_001,language_specific_ja,language_specific_ja_003913,145245,1.9944106856356836,1.4121689618169182
zh_ja_001,language_specific_ja,language_specific_ja_006743,13908962,1.9989588996343506,1.4121689618169182
zh_ja_001,language_specific_ja,language_specific_ja_000474,85830,2.0215104607110748,1.4121689618169182
zh_ja_001,language_specific_ja,language_specific_ja_003698,143066,2.0215104607110748,1.4121689618169182
zh_ja_001,language_specific_ja,language_specific_ja_005829,1130778,2.036860682956576,1.4121689618169182
zh_ja_001,language_specific_ja,language_specific_ja_002493,4213266,2.042735459371521,1.4121689618169182
zh_ja_001,language_specific_ja,language_specific_ja_006176,94971,2.0556220657010775,1.4121689618169182
zh_ja_001,language_specific_ja,language_specific_ja_001633,13714051,2.062633895615689,1.4121689618169182
zh_ja_001,language_specific_ja,language_specific_ja_000244,9700935,2.094471393606358,1.4121689618169182
zh_ja_001,language_specific_ja,language_specific_ja_005339,148278,2.103378312687081,1.4121689618169182
zh_ja_001,language_specific_ja,language_specific_ja_001210,226921,2.176339245582365,1.4121689618169182
zh_ja_001,language_specific_ja,language_specific_ja_000802,100205,2.200596386908589,1.4121689618169182
zh_ja_001,language_specific_ja,language_specific_ja_005523,10753684,2.2104320033521763,1.4867521660828937
zh_ja_001,language_specific_ja,language_specific_ja_007613,142067,2.213293484321534,1.4121689618169182
zh_ja_001,language_specific_ja,language_specific_ja_005562,1627090,2.2536588835597047,1.4121689618169182
zh_ja_001,language_specific_ja,language_specific_ja_002370,191018,2.2678720523055387,1.4121689618169182
zh_ja_001,language_specific_ja,language_specific_ja_005319,173286,2.2974354432968744,1.4121689618169182
zh_ja_001,language_specific_ja,language_specific_ja_005148,157106,2.4679934682468883,1.4121689618169182
zh_ja_001,language_specific_ja,language_specific_ja_001174,123679,2.506255422182145,1.5831157324030816
zh_ja_001,language_specific_ja,language_specific_ja_002961,10212587,2.5265517234797263,1.4121689618169182
zh_ja_001,language_specific_ja,language_specific_ja_005037,123898,2.5265517234797263,1.4121689618169182
zh_ja_001,language_specific_ja,language_specific_ja_003891,170867,2.5468291775571172,1.4121689618169182
zh_ja_001,language_specific_ja,language_specific_ja_005647,154899,2.5468291775571172,1.4121689618169182
zh_ja_001,language_specific_ja,language_specific_ja_005854,125884,2.5500319819193153,1.5968819561631082
zh_ja_001,language_specific_ja,language_specific_ja_000020,169395,2.588521139211565,1.4121689618169182
zh_ja_001,language_specific_ja,language_specific_ja_001154,185095,2.59418755948971,1.6106481799231358
zh_ja_001,language_specific_ja,language_specific_ja_003379,143660,2.609935646788622,1.4121689618169182
zh_ja_001,language_specific_ja,language_specific_ja_007449,123920,2.631729172198902,1.4121689618169182
zh_ja_001,language_specific_ja,language_specific_ja_002622,11965943,2.653901715442403,1.4121689618169182
zh_ja_001,language_specific_ja,language_specific_ja_005315,13056056,2.746382066748633,1.4121689618169182
zh_ja_001,language_specific_ja,language_specific_ja_007101,2409484,2.746382066748633,1.4121689618169182
zh_ja_001,language_specific_ja,language_specific_ja_004455,143668,2.896473128704645,1.4121689618169182
zh_ja_001,language_specific_ja,language_specific_ja_005572,141270,2.9610768220488475,1.7207779700033492
zh_ja_001,language_specific_ja,language_specific_ja_002376,137649,3.088824679064939,1.4121689618169182
zh_ja_001,language_specific_ja,language_specific_ja_004377,124837,3.088824679064939,1.4121689618169182
zh_ja_001,language_specific_ja,language_specific_ja_005549,208016,3.088824679064939,1.4121689618169182
zh_ja_001,language_specific_ja,language_specific_ja_002645,11021660,3.299748103253121,1.4121689618169182
zh_ja_001,language_specific_ja,language_specific_ja_000064,77327,3.4286141665486864,1.4121689618169182
zh_ja_001,language_specific_ja,language_specific_ja_005594,11883545,3.4538000052377784,1.858440207603618
zh_ja_001,language_specific_ja,language_specific_ja_000066,92159,3.4617782269556345,1.4121689618169182
zh_ja_001,language_specific_ja,language_specific_ja_001237,220094,3.529243401269196,1.4121689618169182
zh_ja_001,language_specific_ja,language_specific_ja_001565,143450,3.563544515175809,1.4121689618169182
zh_ja_001,language_specific_ja,language_specific_ja_001243,104198,3.7045391491344866,1.4121689618169182
zh_ja_001,language_specific_ja,language_specific_ja_002387,191525,3.7045391491344866,1.4121689618169182
zh_ja_001,language_specific_ja,language_specific_ja_000440,220963,3.7678521329558397,1.9410467856389315
zh_ja_001,language_specific_ja,language_specific_ja_002061,145370,3.7678521329558397,1.9410467856389315
zh_ja_001,language_specific_ja,language_specific_ja_002044,8419100,3.774484945037229,1.9410467856389315
zh_ja_001,language_specific_ja,language_specific_ja_001976,122473,3.7773105731131613,1.4121689618169182
zh_ja_001,language_specific_ja,language_specific_ja_005222,11281403,3.7797911947023404,1.9410467856389315
zh_ja_001,language_specific_ja,language_specific_ja_000483,894588,3.7830128462847297,1.9410467856389315
zh_ja_001,language_specific_ja,language_specific_ja_000698,221216,3.7996896309465087,1.9410467856389315
zh_ja_001,language_specific_ja,language_specific_ja_004351,207358,3.7996896309465087,1.9410467856389315
zh_ja_001,language_specific_ja,language_specific_ja_000890,11049590,3.81426481185233,1.4121689618169182
zh_ja_001,language_specific_ja,language_specific_ja_004593,10668559,3.851598068424721,1.4121689618169182
zh_ja_001,language_specific_ja,language_specific_ja_006063,11028007,3.876819760007237,1.9410467856389315
zh_ja_001,language_specific_ja,language_specific_ja_001003,96444,3.9617197546490215,1.9410467856389315
zh_ja_001,language_specific_ja,language_specific_ja_006880,1127942,3.9617197546490215,1.9410467856389315
zh_ja_001,language_specific_ja,language_specific_ja_001387,170250,3.965871945141231,1.4121689618169182
zh_ja_001,language_specific_ja,language_specific_ja_003241,201011,3.965871945141231,1.4121689618169182
zh_ja_001,language_specific_ja,language_specific_ja_004044,1207134,3.9998110468878583,1.9410467856389315
zh_ja_001,language_specific_ja,language_specific_ja_005477,228868,4.013266179967248,1.9410467856389315
zh_ja_001,language_specific_ja,language_specific_ja_003461,882403,4.02710033087986,1.9410467856389315
zh_ja_001,language_specific_ja,language_specific_ja_000889,79260,4.041313499625694,1.9410467856389315
zh_ja_001,language_specific_ja,language_specific_ja_001046,11685626,4.043949618785013,1.4316872710427864
zh_ja_001,language_specific_ja,language_specific_ja_005129,185868,4.07087689061703,1.9410467856389315
zh_ja_001,language_specific_ja,language_specific_ja_003796,223584,4.101956352941255,1.9410467856389315
zh_ja_001,language_specific_ja,language_specific_ja_005293,122414,4.123543363761688,1.4592197185628406
zh_ja_001,language_specific_ja,language_specific_ja_002132,10014632,4.134551886598369,1.9410467856389315
zh_ja_001,language_specific_ja,language_specific_ja_005614,705390,4.163908762999858,1.4729859423228673
zh_ja_001,language_specific_ja,language_specific_ja_005893,84970,4.163908762999858,1.4729859423228673
zh_ja_001,language_specific_ja,language_specific_ja_002269,183969,4.245776614975866,1.5005183898429215
zh_ja_001,language_specific_ja,language_specific_ja_005986,184907,4.245776614975866,1.5005183898429215
zh_ja_001,language_specific_ja,language_specific_ja_003914,219223,4.280094734555714,1.9410467856389315
zh_ja_001,language_specific_ja,language_specific_ja_002792,221385,4.287279067713702,1.514284613602948
zh_ja_001,language_specific_ja,language_specific_ja_000893,5164,4.32916053828476,1.5280508373629744
zh_ja_001,language_specific_ja,language_specific_ja_002177,124030,4.361962586531721,1.9410467856389315
zh_ja_001,language_specific_ja,language_specific_ja_002835,182806,4.361962586531721,1.9410467856389315
zh_ja_001,language_specific_ja,language_specific_ja_006067,124757,4.361962586531721,1.9410467856389315
zh_ja_001,language_specific_ja,language_specific_ja_000930,101658,4.4140605329265465,1.5555832848830287
zh_ja_001,language_specific_ja,language_specific_ja_000669,11294902,4.427343162762559,1.9410467856389315
zh_ja_001,language_specific_ja,language_specific_ja_003852,107607,4.436214228949855,2.1062322352840996
zh_ja_001,language_specific_ja,language_specific_ja_004604,116474,4.457079056997271,1.5693495086430551
zh_ja_001,language_specific_ja,language_specific_ja_002169,2710598,4.4728253027492295,1.9410467856389315
zh_ja_001,language_specific_ja,language_specific_ja_001099,13440729,4.496134899492398,1.9410467856389315
zh_ja_001,language_specific_ja,language_specific_ja_002935,9453493,4.519823514068789,1.9410467856389315
zh_ja_001,language_specific_ja,language_specific_ja_004382,173482,4.519823514068789,1.9410467856389315
zh_ja_001,language_specific_ja,language_specific_ja_004088,125739,4.543891146478402,1.9410467856389315
zh_ja_002,language_specific_ja,language_specific_ja_000433,217051,0.0,0.0
zh_ja_002,language_specific_ja,language_specific_ja_000612,635434,0.0,0.0
zh_ja_002,language_specific_ja,language_specific_ja_001069,1060467,0.0,0.0
zh_ja_002,language_specific_ja,language_specific_ja_001467,8224985,0.0,0.0
zh_ja_002,language_specific_ja,language_specific_ja_002953,147406,0.0,0.0
zh_ja_002,language_specific_ja,language_specific_ja_003561,189007,0.0,0.0
zh_ja_002,language_specific_ja,language_specific_ja_004408,213985,0.0,0.0
zh_ja_002,language_specific_ja,language_specific_ja_004806,74440,0.0,0.0
zh_ja_002,language_specific_ja,language_specific_ja_004916,141329,0.0,0.0
zh_ja_002,language_specific_ja,language_specific_ja_004984,212558,0.0,0.0
zh_ja_002,language_specific_ja,language_specific_ja_005463,234877,0.0,0.0
zh_ja_002,language_specific_ja,language_specific_ja_005513,124571,0.0,0.0
zh_ja_002,language_specific_ja,language_specific_ja_005548,10921860,0.0,0.0
zh_ja_002,language_specific_ja,language_specific_ja_006780,11480963,0.0,0.0
zh_ja_002,language_specific_ja,language_specific_ja_007123,149686,0.0,0.0
zh_ja_002,language_specific_ja,language_specific_ja_000068,997821,0.00018950891661111827,0.013766223760026505
zh_ja_002,language_specific_ja,language_specific_ja_000169,1870223,0.00018950891661111827,0.013766223760026505
zh_ja_002,language_specific_ja,language_specific_ja_000174,103400,0.00018950891661111827,0.013766223760026505
zh_ja_002,language_specific_ja,language_specific_ja_001309,107635,0.00018950891661111827,0.013766223760026505
zh_ja_002,language_specific_ja,language_specific_ja_002142,9035011,0.00018950891661111827,0.013766223760026505
zh_ja_002,language_specific_ja,language_specific_ja_002292,164154,0.00018950891661111827,0.013766223760026505
zh_ja_002,language_specific_ja,language_specific_ja_002628,222546,0.00018950891661111827,0.013766223760026505
zh_ja_002,language_specific_ja,language_specific_ja_002738,11928910,0.00018950891661111827,0.013766223760026505
zh_ja_002,language_specific_ja,language_specific_ja_003324,220968,0.00018950891661111827,0.013766223760026505
zh_ja_002,language_specific_ja,language_specific_ja_003673,10905994,0.00018950891661111827,0.013766223760026505
zh_ja_002,language_specific_ja,language_specific_ja_003897,100623,0.00018950891661111827,0.013766223760026505
zh_ja_002,language_specific_ja,language_specific_ja_004433,124287,0.00018950891661111827,0.013766223760026505
zh_ja_002,language_specific_ja,language_specific_ja_004480,173011,0.00018950891661111827,0.013766223760026505
zh_ja_002,language_specific_ja,language_specific_ja_004733,3507446,0.00018950891661111827,0.013766223760026505
zh_ja_002,language_specific_ja,language_specific_ja_005062,76106,0.00018950891661111827,0.013766223760026505
zh_ja_002,language_specific_ja,language_specific_ja_005258,85177,0.00018950891661111827,0.013766223760026505
zh_ja_002,language_specific_ja,language_specific_ja_005610,100768,0.00018950891661111827,0.013766223760026505
zh_ja_002,language_specific_ja,language_specific_ja_006274,13065858,0.00018950891661111827,0.013766223760026505
zh_ja_002,language_specific_ja,language_specific_ja_000045,8893262,0.00018950891661113513,0.013766223760027117
zh_ja_002,language_specific_ja,language_specific_ja_001295,168367,0.00018950891661113513,0.013766223760027117
zh_ja_002,language_specific_ja,language_specific_ja_001470,85357,0.00018950891661113513,0.013766223760027117
zh_ja_002,language_specific_ja,language_specific_ja_002396,3155943,0.00018950891661113513,0.013766223760027117
zh_ja_002,language_specific_ja,language_specific_ja_002905,11604057,0.00018950891661113513,0.013766223760027117
zh_ja_002,language_specific_ja,language_specific_ja_003427,151022,0.00018950891661113513,0.013766223760027117
zh_ja_002,language_specific_ja,language_specific_ja_003685,218079,0.00018950891661113513,0.013766223760027117
zh_ja_002,language_specific_ja,language_specific_ja_004410,118916,0.00018950891661113513,0.013766223760027117
zh_ja_002,language_specific_ja,language_specific_ja_005461,116308,0.00018950891661113513,0.013766223760027117
zh_ja_002,language_specific_ja,language_specific_ja_005557,222101,0.00018950891661113513,0.013766223760027117
zh_ja_002,language_specific_ja,language_specific_ja_005606,209790,0.00018950891661113513,0.013766223760027117
zh_ja_002,language_specific_ja,language_specific_ja_006299,9392998,0.00018950891661113513,0.013766223760027117
zh_ja_002,language_specific_ja,language_specific_ja_007579,84434,0.00018950891661113513,0.013766223760027117
zh_ja_002,language_specific_ja,language_specific_ja_000847,220551,0.0007580356664445067,0.02753244752005362
zh_ja_002,language_specific_ja,language_specific_ja_001037,188339,0.0007580356664445067,0.02753244752005362
zh_ja_002,language_specific_ja,language_specific_ja_001118,8781563,0.0007580356664445067,0.02753244752005362
zh_ja_002,language_specific_ja,language_specific_ja_001122,107405,0.0007580356664445067,0.02753244752005362
zh_ja_002,language_specific_ja,language_specific_ja_001123,174599,0.0007580356664445067,0.02753244752005362
zh_ja_002,language_specific_ja,language_specific_ja_001202,188486,0.0007580356664445067,0.02753244752005362
zh_ja_002,language_specific_ja,language_specific_ja_001466,122474,0.0007580356664445067,0.02753244752005362
zh_ja_002,language_specific_ja,language_specific_ja_001581,230948,0.0007580356664445067,0.02753244752005362
zh_ja_002,language_specific_ja,language_specific_ja_002010,12344593,0.0007580356664445067,0.02753244752005362
zh_ja_002,language_specific_ja,language_specific_ja_002051,13684038,0.0007580356664445067,0.02753244752005362
zh_ja_002,language_specific_ja,language_specific_ja_002053,11833942,0.0007580356664445067,0.02753244752005362
zh_ja_002,language_specific_ja,language_specific_ja_002427,9494739,0.0007580356664445067,0.02753244752005362
zh_ja_002,language_specific_ja,language_specific_ja_002481,155949,0.0007580356664445067,0.02753244752005362
zh_ja_002,language_specific_ja,language_specific_ja_002506,9826854,0.0007580356664445067,0.02753244752005362
zh_ja_002,language_specific_ja,language_specific_ja_002951,11621736,0.0007580356664445067,0.02753244752005362
zh_ja_002,language_specific_ja,language_specific_ja_003223,10890819,0.0007580356664445067,0.02753244752005362
zh_ja_002,language_specific_ja,language_specific_ja_003505,218931,0.0007580356664445067,0.02753244752005362
zh_ja_002,language_specific_ja,language_specific_ja_003763,2969750,0.0007580356664445067,0.02753244752005362
zh_ja_002,language_specific_ja,language_specific_ja_003821,118282,0.0007580356664445067,0.02753244752005362
zh_ja_002,language_specific_ja,language_specific_ja_004153,13066237,0.0007580356664445067,0.02753244752005362
zh_ja_002,language_specific_ja,language_specific_ja_004253,13179778,0.0007580356664445067,0.02753244752005362
zh_ja_002,language_specific_ja,language_specific_ja_004357,176898,0.0007580356664445067,0.02753244752005362
zh_ja_002,language_specific_ja,language_specific_ja_004562,13066173,0.0007580356664445067,0.02753244752005362
zh_ja_002,language_specific_ja,language_specific_ja_004953,83850,0.0007580356664445067,0.02753244752005362
zh_ja_002,language_specific_ja,language_specific_ja_005137,76294,0.0007580356664445067,0.02753244752005362
zh_ja_002,language_specific_ja,language_specific_ja_005268,111893,0.0007580356664445067,0.02753244752005362
zh_ja_002,language_specific_ja,language_specific_ja_005281,179566,0.0007580356664445067,0.02753244752005362
zh_ja_002,language_specific_ja,language_specific_ja_005493,8748309,0.0007580356664445067,0.02753244752005362
zh_ja_002,language_specific_ja,language_specific_ja_005953,84186,0.0007580356664445067,0.02753244752005362
zh_ja_002,language_specific_ja,language_specific_ja_006140,123826,0.0007580356664445067,0.02753244752005362
zh_ja_002,language_specific_ja,language_specific_ja_006212,1619989,0.0007580356664445067,0.02753244752005362
zh_ja_002,language_specific_ja,language_specific_ja_006326,145562,0.0007580356664445067,0.02753244752005362
zh_ja_002,language_specific_ja,language_specific_ja_006380,3573924,0.0007580356664445067,0.02753244752005362
zh_ja_002,language_specific_ja,language_specific_ja_006696,13056011,0.0007580356664445067,0.02753244752005362
zh_ja_002,language_specific_ja,language_specific_ja_006917,596285,0.0007580356664445067,0.02753244752005362
zh_ja_002,language_specific_ja,language_specific_ja_007194,127372,0.0007580356664445067,0.02753244752005362
zh_ja_002,language_specific_ja,language_specific_ja_007271,10308986,0.0007580356664445067,0.02753244752005362
zh_ja_002,language_specific_ja,language_specific_ja_007617,13146579,0.0007580356664445067,0.02753244752005362
zh_ja_002,language_specific_ja,language_specific_ja_000099,1003769,0.0017055802495001152,0.04129867128008013
zh_ja_002,language_specific_ja,language_specific_ja_000605,103035,0.0017055802495001152,0.04129867128008013
zh_ja_002,language_specific_ja,language_specific_ja_001596,75903,0.0017055802495001152,0.04129867128008013
zh_ja_002,language_specific_ja,language_specific_ja_002342,10764028,0.0017055802495001152,0.04129867128008013
zh_ja_002,language_specific_ja,language_specific_ja_002625,207449,0.0017055802495001152,0.04129867128008013
zh_ja_002,language_specific_ja,language_specific_ja_002646,5320421,0.0017055802495001152,0.04129867128008013
zh_ja_002,language_specific_ja,language_specific_ja_002755,97208,0.0017055802495001152,0.04129867128008013
zh_ja_002,language_specific_ja,language_specific_ja_002868,80688,0.0017055802495001152,0.04129867128008013
zh_ja_002,language_specific_ja,language_specific_ja_003254,123653,0.0017055802495001152,0.04129867128008013
zh_ja_002,language_specific_ja,language_specific_ja_003689,12346187,0.0017055802495001152,0.04129867128008013
zh_ja_002,language_specific_ja,language_specific_ja_003970,13060570,0.0017055802495001152,0.04129867128008013
zh_ja_002,language_specific_ja,language_specific_ja_004058,198277,0.0017055802495001152,0.04129867128008013
zh_ja_002,language_specific_ja,language_specific_ja_004770,179878,0.0017055802495001152,0.04129867128008013
zh_ja_002,language_specific_ja,language_specific_ja_005214,8831992,0.0017055802495001152,0.04129867128008013
zh_ja_002,language_specific_ja,language_specific_ja_005633,6860349,0.0017055802495001152,0.04129867128008013
zh_ja_002,language_specific_ja,language_specific_ja_005883,74087,0.0017055802495001152,0.04129867128008013
zh_ja_003,language_specific_ja,language_specific_ja_001919,180009,0.0,0.0
zh_ja_003,language_specific_ja,language_specific_ja_002494,148597,0.0,0.0
zh_ja_003,language_specific_ja,language_specific_ja_004205,1333447,0.0,0.0
zh_ja_003,language_specific_ja,language_specific_ja_003662,11831408,0.00018950891661111827,0.013766223760026505
zh_ja_003,language_specific_ja,language_specific_ja_004218,171596,0.00018950891661111827,0.013766223760026505
zh_ja_003,language_specific_ja,language_specific_ja_004625,103931,0.00018950891661111827,0.013766223760026505
zh_ja_003,language_specific_ja,language_specific_ja_005537,227857,0.00018950891661111827,0.013766223760026505
zh_ja_003,language_specific_ja,language_specific_ja_005856,9519700,0.00018950891661111827,0.013766223760026505
zh_ja_003,language_specific_ja,language_specific_ja_007334,3401535,0.00018950891661111827,0.013766223760026505
zh_ja_003,language_specific_ja,language_specific_ja_001560,74676,0.00018950891661115193,0.013766223760027728
zh_ja_003,language_specific_ja,language_specific_ja_005306,104028,0.00018950891661115193,0.013766223760027728
zh_ja_003,language_specific_ja,language_specific_ja_005807,179602,0.00018950891661115193,0.013766223760027728
zh_ja_003,language_specific_ja,language_specific_ja_006282,10329552,0.00018950891661115193,0.013766223760027728
zh_ja_003,language_specific_ja,language_specific_ja_001142,189900,0.0007580356664444731,0.02753244752005301
zh_ja_003,language_specific_ja,language_specific_ja_001832,12000748,0.0007580356664444731,0.02753244752005301
zh_ja_003,language_specific_ja,language_specific_ja_002565,2432271,0.0007580356664444731,0.02753244752005301
zh_ja_003,language_specific_ja,language_specific_ja_007855,4298576,0.0007580356664444731,0.02753244752005301
zh_ja_003,language_specific_ja,language_specific_ja_000610,185297,0.0007580356664445405,0.027532447520054234
zh_ja_003,language_specific_ja,language_specific_ja_003694,99697,0.0007580356664445405,0.027532447520054234
zh_ja_003,language_specific_ja,language_specific_ja_006077,792572,0.0007580356664445405,0.027532447520054234
zh_ja_003,language_specific_ja,language_specific_ja_007154,4318040,0.0007580356664445405,0.027532447520054234
zh_ja_003,language_specific_ja,language_specific_ja_007910,11211482,0.0007580356664445405,0.027532447520054234
zh_ja_003,language_specific_ja,language_specific_ja_002859,140477,0.0017055802495000646,0.04129867128007952
zh_ja_003,language_specific_ja,language_specific_ja_005023,117538,0.0017055802495000646,0.04129867128007952
zh_ja_003,language_specific_ja,language_specific_ja_005760,79583,0.0017055802495000646,0.04129867128007952
zh_ja_003,language_specific_ja,language_specific_ja_007374,10763976,0.0017055802495000646,0.04129867128007952
zh_ja_003,language_specific_ja,language_specific_ja_007565,97798,0.0017055802495000646,0.04129867128007952
zh_ja_003,language_specific_ja,language_specific_ja_002356,191354,0.0017055802495001657,0.04129867128008074
zh_ja_003,language_specific_ja,language_specific_ja_003115,184089,0.0017055802495001657,0.04129867128008074
zh_ja_003,language_specific_ja,language_specific_ja_001354,10545293,0.0030321426657780267,0.05506489504010724
zh_ja_003,language_specific_ja,language_specific_ja_002212,8428840,0.0030321426657780267,0.05506489504010724
zh_ja_003,language_specific_ja,language_specific_ja_005698,86863,0.0030321426657780267,0.05506489504010724
zh_ja_003,language_specific_ja,language_specific_ja_006753,125842,0.0030321426657780267,0.05506489504010724
zh_ja_003,language_specific_ja,language_specific_ja_006760,236224,0.0030321426657780267,0.05506489504010724
zh_ja_003,language_specific_ja,language_specific_ja_007425,403976,0.0030321426657780267,0.05506489504010724
zh_ja_003,language_specific_ja,language_specific_ja_007756,125476,0.0030321426657780267,0.05506489504010724
zh_ja_003,language_specific_ja,language_specific_ja_000664,84081,0.004737722915278126,0.06883111880013375
zh_ja_003,language_specific_ja,language_specific_ja_000994,137171,0.004737722915278126,0.06883111880013375
zh_ja_003,language_specific_ja,language_specific_ja_001482,79116,0.004737722915278126,0.06883111880013375
zh_ja_003,language_specific_ja,language_specific_ja_001493,184837,0.004737722915278126,0.06883111880013375
zh_ja_003,language_specific_ja,language_specific_ja_002060,11013855,0.004737722915278126,0.06883111880013375
zh_ja_003,language_specific_ja,language_specific_ja_002541,208466,0.004737722915278126,0.06883111880013375
zh_ja_003,language_specific_ja,language_specific_ja_002794,12022611,0.004737722915278126,0.06883111880013375
zh_ja_003,language_specific_ja,language_specific_ja_004093,172664,0.004737722915278126,0.06883111880013375
zh_ja_003,language_specific_ja,language_specific_ja_005190,82478,0.004737722915278126,0.06883111880013375
zh_ja_003,language_specific_ja,language_specific_ja_006557,117321,0.004737722915278126,0.06883111880013375
zh_ja_003,language_specific_ja,language_specific_ja_007409,121361,0.004737722915278126,0.06883111880013375
zh_ja_003,language_specific_ja,language_specific_ja_000234,162624,0.004737722915278294,0.06883111880013497
zh_ja_003,language_specific_ja,language_specific_ja_000208,126443,0.006822320998000461,0.08259734256016026
zh_ja_003,language_specific_ja,language_specific_ja_000316,143946,0.006822320998000461,0.08259734256016026
zh_ja_003,language_specific_ja,language_specific_ja_001375,109358,0.006822320998000461,0.08259734256016026
zh_ja_003,language_specific_ja,language_specific_ja_003305,10367211,0.006822320998000461,0.08259734256016026
zh_ja_003,language_specific_ja,language_specific_ja_006266,12108166,0.006822320998000461,0.08259734256016026
zh_ja_003,language_specific_ja,language_specific_ja_000596,11058380,0.006822320998000663,0.08259734256016148
zh_ja_003,language_specific_ja,language_specific_ja_000879,9132041,0.006822320998000663,0.08259734256016148
zh_ja_003,language_specific_ja,language_specific_ja_001734,811766,0.006822320998000663,0.08259734256016148
zh_ja_003,language_specific_ja,language_specific_ja_002901,10891072,0.006822320998000663,0.08259734256016148
zh_ja_003,language_specific_ja,language_specific_ja_003674,181874,0.006822320998000663,0.08259734256016148
zh_ja_003,language_specific_ja,language_specific_ja_006235,1710242,0.006822320998000663,0.08259734256016148
zh_ja_003,language_specific_ja,language_specific_ja_006506,197589,0.006822320998000663,0.08259734256016148
zh_ja_003,language_specific_ja,language_specific_ja_000035,190674,0.00928593691394503,0.09636356632018675
zh_ja_003,language_specific_ja,language_specific_ja_000364,74520,0.00928593691394503,0.09636356632018675
zh_ja_003,language_specific_ja,language_specific_ja_001150,211889,0.00928593691394503,0.09636356632018675
zh_ja_003,language_specific_ja,language_specific_ja_006793,10950938,0.00928593691394503,0.09636356632018675
zh_ja_003,language_specific_ja,language_specific_ja_006834,122045,0.00928593691394503,0.09636356632018675
zh_ja_003,language_specific_ja,language_specific_ja_000684,12485609,0.009285936913945268,0.09636356632018798
zh_ja_003,language_specific_ja,language_specific_ja_002496,148528,0.009285936913945268,0.09636356632018798
zh_ja_003,language_specific_ja,language_specific_ja_003052,99894,0.009285936913945268,0.09636356632018798
zh_ja_003,language_specific_ja,language_specific_ja_003958,11550208,0.009285936913945268,0.09636356632018798
zh_ja_003,language_specific_ja,language_specific_ja_005372,85393,0.009285936913945268,0.09636356632018798
zh_ja_003,language_specific_ja,language_specific_ja_001979,170910,0.012128570663111973,0.11012979008021387
zh_ja_003,language_specific_ja,language_specific_ja_006522,182183,0.012128570663111973,0.11012979008021387
zh_ja_003,language_specific_ja,language_specific_ja_000779,172687,0.012128570663112107,0.11012979008021448
zh_ja_003,language_specific_ja,language_specific_ja_002092,220430,0.012128570663112107,0.11012979008021448
zh_ja_003,language_specific_ja,language_specific_ja_007592,10508922,0.012128570663112107,0.11012979008021448
zh_ja_003,language_specific_ja,language_specific_ja_007640,217867,0.012128570663112107,0.11012979008021448
zh_ja_003,language_specific_ja,language_specific_ja_007692,74712,0.012128570663112107,0.11012979008021448
zh_ja_003,language_specific_ja,language_specific_ja_000991,10901652,0.015350222245501035,0.12389601384024038
zh_ja_003,language_specific_ja,language_specific_ja_001710,125544,0.015350222245501035,0.12389601384024038
zh_ja_003,language_specific_ja,language_specific_ja_002832,11052282,0.015350222245501035,0.12389601384024038
zh_ja_003,language_specific_ja,language_specific_ja_003124,9595630,0.015350222245501035,0.12389601384024038
zh_ja_003,language_specific_ja,language_specific_ja_004723,13714011,0.015350222245501035,0.12389601384024038
zh_ja_003,language_specific_ja,language_specific_ja_005520,203656,0.015350222245501489,0.12389601384024221
zh_ja_003,language_specific_ja,language_specific_ja_005536,172358,0.015350222245501489,0.12389601384024221
zh_ja_003,language_specific_ja,language_specific_ja_006744,1142175,0.015350222245501489,0.12389601384024221
zh_ja_003,language_specific_ja,language_specific_ja_001322,9152939,0.018950891661112503,0.1376622376002675
zh_ja_003,language_specific_ja,language_specific_ja_002838,12164696,0.018950891661112503,0.1376622376002675
zh_ja_003,language_specific_ja,language_specific_ja_003070,78674,0.018950891661112503,0.1376622376002675
zh_ja_003,language_specific_ja,language_specific_ja_003668,191021,0.018950891661112503,0.1376622376002675
zh_ja_003,language_specific_ja,language_specific_ja_003726,9634967,0.018950891661112503,0.1376622376002675
zh_ja_003,language_specific_ja,language_specific_ja_005538,151047,0.018950891661112503,0.1376622376002675
zh_ja_003,language_specific_ja,language_specific_ja_007308,4897871,0.018950891661112503,0.1376622376002675
zh_ja_003,language_specific_ja,language_specific_ja_001730,11029974,0.01895089166111284,0.13766223760026872
zh_ja_003,language_specific_ja,language_specific_ja_004982,10014823,0.01895089166111284,0.13766223760026872
zh_ja_003,language_specific_ja,language_specific_ja_007103,10906725,0.01895089166111284,0.13766223760026872
zh_ja_003,language_specific_ja,language_specific_ja_007323,75851,0.01895089166111284,0.13766223760026872
zh_ja_003,language_specific_ja,language_specific_ja_000548,78431,0.022930578909946053,0.151428461360294
zh_ja_003,language_specific_ja,language_specific_ja_001518,12221144,0.022930578909946053,0.151428461360294
zh_ja_003,language_specific_ja,language_specific_ja_001715,10917197,0.022930578909946053,0.151428461360294
zh_ja_003,language_specific_ja,language_specific_ja_005773,173216,0.022930578909946053,0.151428461360294
zh_ja_006,language_specific_ja,language_specific_ja_006955,176472,0.015350222245501186,0.12389601384024099
zh_ja_006,language_specific_ja,language_specific_ja_000028,230868,0.06841271889661658,0.2615582514405091
zh_ja_006,language_specific_ja,language_specific_ja_006205,1016659,0.3342937289020268,0.5781813979211254
zh_ja_006,language_specific_ja,language_specific_ja_000052,225285,0.49291269210553923,0.7020774117613664
zh_ja_006,language_specific_ja,language_specific_ja_003432,183146,0.9022519519855724,0.949869439441849
zh_ja_006,language_specific_ja,language_specific_ja_001775,186918,0.9285936913945185,0.9636356632018755
zh_ja_006,language_specific_ja,language_specific_ja_002489,4794123,1.1529722486620921,1.07376545328209
zh_ja_006,language_specific_ja,language_specific_ja_003038,4102611,1.6040034701965733,1.2664925859224654
zh_ja_006,language_specific_ja,language_specific_ja_007101,2409484,2.001043497717073,1.4121689618169182
zh_ja_006,language_specific_ja,language_specific_ja_007613,142067,2.094471393606358,1.4121689618169182
zh_ja_006,language_specific_ja,language_specific_ja_000066,92159,2.176339245582365,1.4121689618169182
zh_ja_006,language_specific_ja,language_specific_ja_001633,13714051,2.2678720523055387,1.4121689618169182
zh_ja_006,language_specific_ja,language_specific_ja_006176,94971,2.2824642388845953,1.4121689618169182
zh_ja_006,language_specific_ja,language_specific_ja_002493,4213266,2.3127856655423753,1.4121689618169182
zh_ja_006,language_specific_ja,language_specific_ja_003913,145245,2.588521139211564,1.4121689618169182
zh_ja_006,language_specific_ja,language_specific_ja_006743,13908962,2.7226934521722415,1.4121689618169182
zh_ja_006,language_specific_ja,language_specific_ja_000474,85830,2.896473128704645,1.4121689618169182
zh_ja_006,language_specific_ja,language_specific_ja_003698,143066,2.896473128704645,1.4121689618169182
zh_ja_006,language_specific_ja,language_specific_ja_000836,10165674,2.913889101812678,1.7070117462433227
zh_ja_006,language_specific_ja,language_specific_ja_005829,1130778,2.976635400431151,1.4121689618169182
zh_ja_006,language_specific_ja,language_specific_ja_000317,13056009,3.0565893160208573,1.7483104175234034
zh_ja_006,language_specific_ja,language_specific_ja_000385,229631,3.153617881325754,1.775842865043457
zh_ja_006,language_specific_ja,language_specific_ja_002088,10790048,3.2027006907280344,1.7896090888034835
zh_ja_006,language_specific_ja,language_specific_ja_003084,218421,3.2027006907280344,1.7896090888034835
zh_ja_006,language_specific_ja,language_specific_ja_000244,9700935,3.2070782430302804,1.4121689618169182
zh_ja_006,language_specific_ja,language_specific_ja_005339,148278,3.2375891786046713,1.4121689618169182
zh_ja_006,language_specific_ja,language_specific_ja_001210,226921,3.4617782269556345,1.4121689618169182
zh_ja_006,language_specific_ja,language_specific_ja_000802,100205,3.529243401269196,1.4121689618169182
zh_ja_006,language_specific_ja,language_specific_ja_005562,1627090,3.668721963894985,1.4121689618169182
zh_ja_006,language_specific_ja,language_specific_ja_002370,191018,3.7045391491344866,1.4121689618169182
zh_ja_006,language_specific_ja,language_specific_ja_005319,173286,3.7773105731131595,1.4121689618169182
zh_ja_006,language_specific_ja,language_specific_ja_004169,926871,3.7996896309465087,1.9410467856389315
zh_ja_006,language_specific_ja,language_specific_ja_000889,79260,3.8360753429358447,1.9410467856389315
zh_ja_006,language_specific_ja,language_specific_ja_005148,157106,4.163908762999858,1.4729859423228673
zh_ja_006,language_specific_ja,language_specific_ja_000483,894588,4.204291167911263,1.9410467856389315
zh_ja_006,language_specific_ja,language_specific_ja_002044,8419100,4.2605753161447675,1.9410467856389315
zh_ja_006,language_specific_ja,language_specific_ja_002961,10212587,4.2872790677137,1.5142846136029473
zh_ja_006,language_specific_ja,language_specific_ja_005037,123898,4.2872790677137,1.5142846136029473
zh_ja_006,language_specific_ja,language_specific_ja_003891,170867,4.32916053828476,1.5280508373629744
zh_ja_006,language_specific_ja,language_specific_ja_005647,154899,4.32916053828476,1.5280508373629744
zh_ja_006,language_specific_ja,language_specific_ja_000440,220963,4.4051706195190565,1.9410467856389315
zh_ja_006,language_specific_ja,language_specific_ja_002061,145370,4.4051706195190565,1.9410467856389315
zh_ja_006,language_specific_ja,language_specific_ja_000020,169395,4.414060532926545,1.555583284883028
zh_ja_006,language_specific_ja,language_specific_ja_003379,143660,4.457079056997269,1.5693495086430544
zh_ja_006,language_specific_ja,language_specific_ja_007449,123920,4.500476598901217,1.5831157324030816
zh_ja_006,language_specific_ja,language_specific_ja_002622,11965943,4.544253158638388,1.5968819561631082
zh_ja_006,language_specific_ja,language_specific_ja_005222,11281403,4.568337796721237,1.9410467856389315
zh_ja_006,language_specific_ja,language_specific_ja_000698,221216,4.696256315433747,1.9410467856389315
zh_ja_006,language_specific_ja,language_specific_ja_004351,207358,4.696256315433747,1.9410467856389315
zh_ja_006,language_specific_ja,language_specific_ja_005315,13056056,4.72314957591929,1.6519468512032154
zh_ja_006,language_specific_ja,language_specific_ja_004455,143668,5.002864736837314,1.7345441937633763
zh_ja_006,language_specific_ja,language_specific_ja_006063,11028007,5.011030625924827,1.9410467856389315
zh_ja_006,language_specific_ja,language_specific_ja_005523,10753684,5.159380254737912,2.271426920404421
zh_ja_006,language_specific_ja,language_specific_ja_001003,96444,5.2687627525159595,1.9410467856389315
zh_ja_006,language_specific_ja,language_specific_ja_006880,1127942,5.2687627525159595,1.9410467856389315
zh_ja_006,language_specific_ja,language_specific_ja_002376,137649,5.346444402653287,1.8309077600835642
zh_ja_006,language_specific_ja,language_specific_ja_004377,124837,5.346444402653287,1.8309077600835642
zh_ja_006,language_specific_ja,language_specific_ja_005549,208016,5.346444402653287,1.8309077600835642
zh_ja_006,language_specific_ja,language_specific_ja_004044,1207134,5.371666094235802,1.9410467856389315
zh_ja_006,language_specific_ja,language_specific_ja_005477,228868,5.406725243808859,1.9410467856389315
zh_ja_006,language_specific_ja,language_specific_ja_003461,882403,5.442163411215141,1.9410467856389315
zh_ja_006,language_specific_ja,language_specific_ja_005129,185868,5.550752020433315,1.9410467856389315
zh_ja_006,language_specific_ja,language_specific_ja_001174,123679,5.60643178902356,2.367790486724609
zh_ja_006,language_specific_ja,language_specific_ja_003796,223584,5.625039515744877,1.9410467856389315
zh_ja_006,language_specific_ja,language_specific_ja_005854,125884,5.6718123652543975,2.3815567104846354
zh_ja_006,language_specific_ja,language_specific_ja_002132,10014632,5.700843082389327,1.9410467856389315
zh_ja_006,language_specific_ja,language_specific_ja_002645,11021660,5.708595942297147,1.927271326403751
zh_ja_006,language_specific_ja,language_specific_ja_001154,185095,5.737571959318463,2.395322934244663
zh_ja_006,language_specific_ja,language_specific_ja_006232,121587,5.766621523673579,1.9410467856389315
zh_ja_006,language_specific_ja,language_specific_ja_001601,162625,5.81039808341075,1.9410467856389315
zh_ja_006,language_specific_ja,language_specific_ja_007405,10760327,5.853606116398086,1.9410467856389315
zh_ja_006,language_specific_ja,language_specific_ja_000064,77327,5.923878071567386,1.9823362214438582
zh_ja_006,language_specific_ja,language_specific_ja_002505,148529,5.944001869621593,1.9410467856389315
zh_ja_006,language_specific_ja,language_specific_ja_006154,10483247,5.955940931368094,1.9410467856389315
zh_ja_006,language_specific_ja,language_specific_ja_006163,184623,5.99403222360693,1.9410467856389315
zh_ja_006,language_specific_ja,language_specific_ja_003914,219223,6.01921806229602,1.9410467856389315
zh_ja_006,language_specific_ja,language_specific_ja_000888,75300,6.050126862923824,1.9410467856389315
zh_ja_006,language_specific_ja,language_specific_ja_001237,220094,6.089319355768901,2.023634892723939
zh_ja_006,language_specific_ja,language_specific_ja_001565,143450,6.145224486169182,2.0374011164839656
zh_ja_006,language_specific_ja,language_specific_ja_002177,124030,6.187501980246701,1.9410467856389315
zh_ja_006,language_specific_ja,language_specific_ja_002835,182806,6.187501980246701,1.9410467856389315
zh_ja_006,language_specific_ja,language_specific_ja_006067,124757,6.187501980246701,1.9410467856389315
zh_ja_006,language_specific_ja,language_specific_ja_007463,8882135,6.274315911274787,1.9410467856389315
zh_ja_006,language_specific_ja,language_specific_ja_005572,141270,6.277293353826946,2.5054527243248765
zh_ja_006,language_specific_ja,language_specific_ja_000669,11294902,6.317694605958543,1.9410467856389315
zh_ja_006,language_specific_ja,language_specific_ja_001243,104198,6.372635186102534,2.0924660115240727
zh_ja_006,language_specific_ja,language_specific_ja_002387,191525,6.372635186102534,2.0924660115240727
zh_ja_006,language_specific_ja,language_specific_ja_004413,230125,6.37759827082785,1.9410467856389315
zh_ja_006,language_specific_ja,language_specific_ja_002169,2710598,6.4063847789325505,1.9410467856389315
zh_ja_006,language_specific_ja,language_specific_ja_007344,2117583,6.421564339481632,1.9410467856389315
zh_ja_006,language_specific_ja,language_specific_ja_001099,13440729,6.451298392169388,1.9410467856389315
zh_ja_006,language_specific_ja,language_specific_ja_001976,122473,6.488614643068546,2.119998459044127
zh_ja_006,language_specific_ja,language_specific_ja_002935,9453493,6.496591023239446,1.9410467856389315
zh_ja_006,language_specific_ja,language_specific_ja_004382,173482,6.496591023239446,1.9410467856389315
zh_ja_006,language_specific_ja,language_specific_ja_002529,138025,6.514044690787861,1.9410467856389315
zh_ja_006,language_specific_ja,language_specific_ja_004088,125739,6.542262672142729,1.9410467856389315
zh_ja_006,language_specific_ja,language_specific_ja_000890,11049590,6.547172898301382,2.1337646828041534
zh_ja_006,language_specific_ja,language_specific_ja_006587,1678485,6.562558973440309,1.9410467856389315
zh_ja_006,language_specific_ja,language_specific_ja_004593,10668559,6.606110171367441,2.14753090656418
zh_ja_006,language_specific_ja,language_specific_ja_003060,170236,6.690477492152819,1.9410467856389315
zh_ja_008,language_specific_ja,language_specific_ja_001223,413840,0.0,0.0
zh_ja_008,language_specific_ja,language_specific_ja_001823,7562261,0.0,0.0
zh_ja_008,language_specific_ja,language_specific_ja_001915,123006,0.0,0.0
zh_ja_008,language_specific_ja,language_specific_ja_002017,169181,0.0,0.0
zh_ja_008,language_specific_ja,language_specific_ja_002808,138813,0.0,0.0
zh_ja_008,language_specific_ja,language_specific_ja_003072,196720,0.0,0.0
zh_ja_008,language_specific_ja,language_specific_ja_004554,8248570,0.0,0.0
zh_ja_008,language_specific_ja,language_specific_ja_006873,402594,0.0,0.0
zh_ja_008,language_specific_ja,language_specific_ja_000209,74223,0.00018950891661111827,0.013766223760026505
zh_ja_008,language_specific_ja,language_specific_ja_001255,13056150,0.00018950891661111827,0.013766223760026505
zh_ja_008,language_specific_ja,language_specific_ja_001892,9055004,0.00018950891661111827,0.013766223760026505
zh_ja_008,language_specific_ja,language_specific_ja_002768,86822,0.00018950891661111827,0.013766223760026505
zh_ja_008,language_specific_ja,language_specific_ja_002917,1619676,0.00018950891661111827,0.013766223760026505
zh_ja_008,language_specific_ja,language_specific_ja_003647,11798810,0.00018950891661111827,0.013766223760026505
zh_ja_008,language_specific_ja,language_specific_ja_005192,179729,0.00018950891661111827,0.013766223760026505
zh_ja_008,language_specific_ja,language_specific_ja_005274,183044,0.00018950891661111827,0.013766223760026505
zh_ja_008,language_specific_ja,language_specific_ja_007039,1144157,0.00018950891661111827,0.013766223760026505
zh_ja_008,language_specific_ja,language_specific_ja_007223,2406949,0.00018950891661111827,0.013766223760026505
zh_ja_008,language_specific_ja,language_specific_ja_007398,11871060,0.00018950891661111827,0.013766223760026505
zh_ja_008,language_specific_ja,language_specific_ja_007729,3626848,0.00018950891661111827,0.013766223760026505
zh_ja_008,language_specific_ja,language_specific_ja_007836,182226,0.00018950891661111827,0.013766223760026505
zh_ja_008,language_specific_ja,language_specific_ja_000097,13543035,0.00018950891661113513,0.013766223760027117
zh_ja_008,language_specific_ja,language_specific_ja_000695,76603,0.00018950891661113513,0.013766223760027117
zh_ja_008,language_specific_ja,language_specific_ja_001226,152243,0.00018950891661113513,0.013766223760027117
zh_ja_008,language_specific_ja,language_specific_ja_002322,3207677,0.00018950891661113513,0.013766223760027117
zh_ja_008,language_specific_ja,language_specific_ja_004661,11211738,0.00018950891661113513,0.013766223760027117
zh_ja_008,language_specific_ja,language_specific_ja_004712,105232,0.00018950891661113513,0.013766223760027117
zh_ja_008,language_specific_ja,language_specific_ja_006034,141896,0.00018950891661113513,0.013766223760027117
zh_ja_008,language_specific_ja,language_specific_ja_006740,13179853,0.00018950891661113513,0.013766223760027117
zh_ja_008,language_specific_ja,language_specific_ja_006909,76468,0.00018950891661113513,0.013766223760027117
zh_ja_008,language_specific_ja,language_specific_ja_007421,1114260,0.00018950891661113513,0.013766223760027117
zh_ja_008,language_specific_ja,language_specific_ja_000062,109954,0.0007580356664445067,0.02753244752005362
zh_ja_008,language_specific_ja,language_specific_ja_000111,103986,0.0007580356664445067,0.02753244752005362
zh_ja_008,language_specific_ja,language_specific_ja_000243,171152,0.0007580356664445067,0.02753244752005362
zh_ja_008,language_specific_ja,language_specific_ja_001897,146957,0.0007580356664445067,0.02753244752005362
zh_ja_008,language_specific_ja,language_specific_ja_002302,182440,0.0007580356664445067,0.02753244752005362
zh_ja_008,language_specific_ja,language_specific_ja_002938,106410,0.0007580356664445067,0.02753244752005362
zh_ja_008,language_specific_ja,language_specific_ja_004122,211434,0.0007580356664445067,0.02753244752005362
zh_ja_008,language_specific_ja,language_specific_ja_004217,96857,0.0007580356664445067,0.02753244752005362
zh_ja_008,language_specific_ja,language_specific_ja_004442,140619,0.0007580356664445067,0.02753244752005362
zh_ja_008,language_specific_ja,language_specific_ja_005759,104339,0.0007580356664445067,0.02753244752005362
zh_ja_008,language_specific_ja,language_specific_ja_006752,75023,0.0007580356664445067,0.02753244752005362
zh_ja_008,language_specific_ja,language_specific_ja_006953,125530,0.0007580356664445067,0.02753244752005362
zh_ja_008,language_specific_ja,language_specific_ja_007099,226592,0.0007580356664445067,0.02753244752005362
zh_ja_008,language_specific_ja,language_specific_ja_007208,12115426,0.0007580356664445067,0.02753244752005362
zh_ja_008,language_specific_ja,language_specific_ja_007634,93910,0.0007580356664445067,0.02753244752005362
zh_ja_008,language_specific_ja,language_specific_ja_007770,8614144,0.0007580356664445067,0.02753244752005362
zh_ja_008,language_specific_ja,language_specific_ja_000296,101541,0.0017055802495001152,0.04129867128008013
zh_ja_008,language_specific_ja,language_specific_ja_005257,85167,0.0017055802495001152,0.04129867128008013
zh_ja_008,language_specific_ja,language_specific_ja_006651,4892686,0.0017055802495001152,0.04129867128008013
zh_ja_008,language_specific_ja,language_specific_ja_007717,12655068,0.0017055802495001152,0.04129867128008013
zh_ja_008,language_specific_ja,language_specific_ja_001053,2834293,0.0017055802495001657,0.04129867128008074
zh_ja_008,language_specific_ja,language_specific_ja_001674,108901,0.0017055802495001657,0.04129867128008074
zh_ja_008,language_specific_ja,language_specific_ja_004912,151546,0.0017055802495001657,0.04129867128008074
zh_ja_008,language_specific_ja,language_specific_ja_007104,166850,0.0017055802495001657,0.04129867128008074
zh_ja_008,language_specific_ja,language_specific_ja_007124,198668,0.0017055802495001657,0.04129867128008074
zh_ja_008,language_specific_ja,language_specific_ja_007381,74228,0.0017055802495001657,0.04129867128008074
zh_ja_008,language_specific_ja,language_specific_ja_007739,11125471,0.0017055802495001657,0.04129867128008074
zh_ja_008,language_specific_ja,language_specific_ja_007900,175709,0.0017055802495001657,0.04129867128008074
zh_ja_008,language_specific_ja,language_specific_ja_001109,11922388,0.0030321426657780267,0.05506489504010724
zh_ja_008,language_specific_ja,language_specific_ja_001753,148470,0.0030321426657780267,0.05506489504010724
zh_ja_008,language_specific_ja,language_specific_ja_002025,9677278,0.0030321426657780267,0.05506489504010724
zh_ja_008,language_specific_ja,language_specific_ja_003315,195095,0.0030321426657780267,0.05506489504010724
zh_ja_008,language_specific_ja,language_specific_ja_003537,195208,0.0030321426657780267,0.05506489504010724
zh_ja_008,language_specific_ja,language_specific_ja_004349,1909604,0.0030321426657780267,0.05506489504010724
zh_ja_008,language_specific_ja,language_specific_ja_004364,140648,0.0030321426657780267,0.05506489504010724
zh_ja_008,language_specific_ja,language_specific_ja_005136,76843,0.0030321426657780267,0.05506489504010724
zh_ja_008,language_specific_ja,language_specific_ja_005455,192022,0.0030321426657780267,0.05506489504010724
zh_ja_008,language_specific_ja,language_specific_ja_005677,180479,0.0030321426657780267,0.05506489504010724
zh_ja_008,language_specific_ja,language_specific_ja_005731,12132232,0.0030321426657780267,0.05506489504010724
zh_ja_008,language_specific_ja,language_specific_ja_006095,171512,0.0030321426657780267,0.05506489504010724
zh_ja_008,language_specific_ja,language_specific_ja_006195,145878,0.0030321426657780267,0.05506489504010724
zh_ja_008,language_specific_ja,language_specific_ja_006578,774560,0.0030321426657780267,0.05506489504010724
zh_ja_008,language_specific_ja,language_specific_ja_006583,11027956,0.0030321426657780267,0.05506489504010724
zh_ja_008,language_specific_ja,language_specific_ja_006936,11023034,0.0030321426657780267,0.05506489504010724
zh_ja_008,language_specific_ja,language_specific_ja_007196,103723,0.0030321426657780267,0.05506489504010724
zh_ja_008,language_specific_ja,language_specific_ja_007495,11682996,0.0030321426657780267,0.05506489504010724
zh_ja_008,language_specific_ja,language_specific_ja_001873,121571,0.004737722915278126,0.06883111880013375
zh_ja_008,language_specific_ja,language_specific_ja_005178,236814,0.004737722915278126,0.06883111880013375
zh_ja_008,language_specific_ja,language_specific_ja_006401,213761,0.004737722915278126,0.06883111880013375
zh_ja_008,language_specific_ja,language_specific_ja_006998,1245231,0.004737722915278126,0.06883111880013375
zh_ja_008,language_specific_ja,language_specific_ja_007379,97119,0.004737722915278126,0.06883111880013375
zh_ja_008,language_specific_ja,language_specific_ja_001184,11569776,0.00473772291527821,0.06883111880013436
zh_ja_008,language_specific_ja,language_specific_ja_001649,84964,0.00473772291527821,0.06883111880013436
zh_ja_008,language_specific_ja,language_specific_ja_003440,139157,0.00473772291527821,0.06883111880013436
zh_ja_008,language_specific_ja,language_specific_ja_003930,1016736,0.00473772291527821,0.06883111880013436
zh_ja_008,language_specific_ja,language_specific_ja_004036,136737,0.00473772291527821,0.06883111880013436
zh_ja_008,language_specific_ja,language_specific_ja_005846,9479902,0.00473772291527821,0.06883111880013436
zh_ja_008,language_specific_ja,language_specific_ja_005954,1015922,0.00473772291527821,0.06883111880013436
zh_ja_008,language_specific_ja,language_specific_ja_006146,105251,0.00473772291527821,0.06883111880013436
zh_ja_008,language_specific_ja,language_specific_ja_007299,10900549,0.00473772291527821,0.06883111880013436
zh_ja_008,language_specific_ja,language_specific_ja_007301,74384,0.00473772291527821,0.06883111880013436
zh_ja_008,language_specific_ja,language_specific_ja_007549,10906701,0.00473772291527821,0.06883111880013436
zh_ja_008,language_specific_ja,language_specific_ja_000424,209247,0.006822320998000561,0.08259734256016087
zh_ja_008,language_specific_ja,language_specific_ja_000607,10588120,0.006822320998000561,0.08259734256016087
zh_ja_008,language_specific_ja,language_specific_ja_001047,219643,0.006822320998000561,0.08259734256016087
zh_ja_008,language_specific_ja,language_specific_ja_001339,9871495,0.006822320998000561,0.08259734256016087
zh_ja_008,language_specific_ja,language_specific_ja_001446,1415606,0.006822320998000561,0.08259734256016087
zh_ja_008,language_specific_ja,language_specific_ja_001503,3495780,0.006822320998000561,0.08259734256016087
zh_ja_008,language_specific_ja,language_specific_ja_001984,76626,0.006822320998000561,0.08259734256016087
zh_ja_009,language_specific_ja,language_specific_ja_002814,11748858,0.0017055802495001152,0.04129867128008013
zh_ja_009,language_specific_ja,language_specific_ja_000009,190615,0.00473772291527821,0.06883111880013436
zh_ja_009,language_specific_ja,language_specific_ja_000079,85370,0.012128570663112107,0.11012979008021448
zh_ja_009,language_specific_ja,language_specific_ja_000144,186576,0.01895089166111267,0.1376622376002681
zh_ja_009,language_specific_ja,language_specific_ja_000568,5903443,0.17055802495001351,0.4129867128008037
zh_ja_009,language_specific_ja,language_specific_ja_000027,13492270,0.776228522439174,0.8810383206417153
zh_ja_009,language_specific_ja,language_specific_ja_002661,102658,0.8762892304098487,0.9361032156818225
zh_ja_009,language_specific_ja,language_specific_ja_001598,2700267,1.0098930166206925,1.0049343344819563
zh_ja_009,language_specific_ja,language_specific_ja_000034,11027278,1.7830893963940886,1.3353237047225996
zh_ja_009,language_specific_ja,language_specific_ja_001357,185029,1.9944106856356836,1.4121689618169182
zh_ja_009,language_specific_ja,language_specific_ja_006333,8437662,2.001043497717073,1.4121689618169182
zh_ja_009,language_specific_ja,language_specific_ja_004037,11557564,2.0313649243748535,1.4121689618169182
zh_ja_009,language_specific_ja,language_specific_ja_000661,140815,2.2824642388845957,1.4121689618169182
zh_ja_009,language_specific_ja,language_specific_ja_000004,190316,2.5500319819193167,1.5968819561631087
zh_ja_009,language_specific_ja,language_specific_ja_000659,638526,2.653901715442404,1.4121689618169182
zh_ja_009,language_specific_ja,language_specific_ja_006497,74105,3.2684791320122857,1.4121689618169182
zh_ja_009,language_specific_ja,language_specific_ja_002747,875351,3.661501777843573,1.913505102643725
zh_ja_009,language_specific_ja,language_specific_ja_000029,78864,3.7676626240392284,1.9410467856389315
zh_ja_009,language_specific_ja,language_specific_ja_000140,150318,3.7676626240392284,1.9410467856389315
zh_ja_009,language_specific_ja,language_specific_ja_000275,191614,3.7676626240392284,1.9410467856389315
zh_ja_009,language_specific_ja,language_specific_ja_000312,222011,3.7676626240392284,1.9410467856389315
zh_ja_009,language_specific_ja,language_specific_ja_000900,106853,3.7676626240392284,1.9410467856389315
zh_ja_009,language_specific_ja,language_specific_ja_001140,124076,3.7676626240392284,1.9410467856389315
zh_ja_009,language_specific_ja,language_specific_ja_001330,173545,3.7676626240392284,1.9410467856389315
zh_ja_009,language_specific_ja,language_specific_ja_001431,194609,3.7676626240392284,1.9410467856389315
zh_ja_009,language_specific_ja,language_specific_ja_001454,226278,3.7676626240392284,1.9410467856389315
zh_ja_009,language_specific_ja,language_specific_ja_001471,2305137,3.7676626240392284,1.9410467856389315
zh_ja_009,language_specific_ja,language_specific_ja_001472,10212662,3.7676626240392284,1.9410467856389315
zh_ja_009,language_specific_ja,language_specific_ja_001613,147230,3.7676626240392284,1.9410467856389315
zh_ja_009,language_specific_ja,language_specific_ja_002000,76861,3.7676626240392284,1.9410467856389315
zh_ja_009,language_specific_ja,language_specific_ja_002495,104506,3.7676626240392284,1.9410467856389315
zh_ja_009,language_specific_ja,language_specific_ja_002586,156517,3.7676626240392284,1.9410467856389315
zh_ja_009,language_specific_ja,language_specific_ja_002593,952071,3.7676626240392284,1.9410467856389315
zh_ja_009,language_specific_ja,language_specific_ja_002771,13179774,3.7676626240392284,1.9410467856389315
zh_ja_009,language_specific_ja,language_specific_ja_002919,103861,3.7676626240392284,1.9410467856389315
zh_ja_009,language_specific_ja,language_specific_ja_003041,215222,3.7676626240392284,1.9410467856389315
zh_ja_009,language_specific_ja,language_specific_ja_003502,77340,3.7676626240392284,1.9410467856389315
zh_ja_009,language_specific_ja,language_specific_ja_003745,236494,3.7676626240392284,1.9410467856389315
zh_ja_009,language_specific_ja,language_specific_ja_004327,85425,3.7676626240392284,1.9410467856389315
zh_ja_009,language_specific_ja,language_specific_ja_004365,101331,3.7676626240392284,1.9410467856389315
zh_ja_009,language_specific_ja,language_specific_ja_004436,82474,3.7676626240392284,1.9410467856389315
zh_ja_009,language_specific_ja,language_specific_ja_004765,1112985,3.7676626240392284,1.9410467856389315
zh_ja_009,language_specific_ja,language_specific_ja_004949,178016,3.7676626240392284,1.9410467856389315
zh_ja_009,language_specific_ja,language_specific_ja_005447,121718,3.7676626240392284,1.9410467856389315
zh_ja_009,language_specific_ja,language_specific_ja_005719,211849,3.7676626240392284,1.9410467856389315
zh_ja_009,language_specific_ja,language_specific_ja_005723,9855971,3.7676626240392284,1.9410467856389315
zh_ja_009,language_specific_ja,language_specific_ja_006092,2113354,3.7676626240392284,1.9410467856389315
zh_ja_009,language_specific_ja,language_specific_ja_006130,231506,3.7676626240392284,1.9410467856389315
zh_ja_009,language_specific_ja,language_specific_ja_000221,221823,3.7678521329558397,1.9410467856389315
zh_ja_009,language_specific_ja,language_specific_ja_000258,101618,3.7678521329558397,1.9410467856389315
zh_ja_009,language_specific_ja,language_specific_ja_000290,178430,3.7678521329558397,1.9410467856389315
zh_ja_009,language_specific_ja,language_specific_ja_000368,185106,3.7678521329558397,1.9410467856389315
zh_ja_009,language_specific_ja,language_specific_ja_000531,171359,3.7678521329558397,1.9410467856389315
zh_ja_009,language_specific_ja,language_specific_ja_001002,10901441,3.7678521329558397,1.9410467856389315
zh_ja_009,language_specific_ja,language_specific_ja_001112,107409,3.7678521329558397,1.9410467856389315
zh_ja_009,language_specific_ja,language_specific_ja_001216,12310694,3.7678521329558397,1.9410467856389315
zh_ja_009,language_specific_ja,language_specific_ja_001329,84636,3.7678521329558397,1.9410467856389315
zh_ja_009,language_specific_ja,language_specific_ja_001465,10913687,3.7678521329558397,1.9410467856389315
zh_ja_009,language_specific_ja,language_specific_ja_002172,227008,3.7678521329558397,1.9410467856389315
zh_ja_009,language_specific_ja,language_specific_ja_002210,211903,3.7678521329558397,1.9410467856389315
zh_ja_009,language_specific_ja,language_specific_ja_002925,149234,3.7678521329558397,1.9410467856389315
zh_ja_009,language_specific_ja,language_specific_ja_003373,10565365,3.7678521329558397,1.9410467856389315
zh_ja_009,language_specific_ja,language_specific_ja_003599,85653,3.7678521329558397,1.9410467856389315
zh_ja_009,language_specific_ja,language_specific_ja_004123,123266,3.7678521329558397,1.9410467856389315
zh_ja_009,language_specific_ja,language_specific_ja_004688,143734,3.7678521329558397,1.9410467856389315
zh_ja_009,language_specific_ja,language_specific_ja_004958,184958,3.7678521329558397,1.9410467856389315
zh_ja_009,language_specific_ja,language_specific_ja_005352,11013721,3.7678521329558397,1.9410467856389315
zh_ja_009,language_specific_ja,language_specific_ja_005362,11015016,3.7678521329558397,1.9410467856389315
zh_ja_009,language_specific_ja,language_specific_ja_005494,221961,3.7678521329558397,1.9410467856389315
zh_ja_009,language_specific_ja,language_specific_ja_005702,1234734,3.7678521329558397,1.9410467856389315
zh_ja_009,language_specific_ja,language_specific_ja_005766,5748464,3.7678521329558397,1.9410467856389315
zh_ja_009,language_specific_ja,language_specific_ja_005977,2355898,3.7678521329558397,1.9410467856389315
zh_ja_009,language_specific_ja,language_specific_ja_006582,146231,3.7678521329558397,1.9410467856389315
zh_ja_009,language_specific_ja,language_specific_ja_007280,1097527,3.7678521329558397,1.9410467856389315
zh_ja_009,language_specific_ja,language_specific_ja_007497,2110062,3.7678521329558397,1.9410467856389315
zh_ja_009,language_specific_ja,language_specific_ja_007715,192976,3.7678521329558397,1.9410467856389315
zh_ja_009,language_specific_ja,language_specific_ja_000255,180499,3.768420659705673,1.9410467856389315
zh_ja_009,language_specific_ja,language_specific_ja_000358,76431,3.768420659705673,1.9410467856389315
zh_ja_009,language_specific_ja,language_specific_ja_000429,83969,3.768420659705673,1.9410467856389315
zh_ja_009,language_specific_ja,language_specific_ja_000625,79697,3.768420659705673,1.9410467856389315
zh_ja_009,language_specific_ja,language_specific_ja_000792,9519637,3.768420659705673,1.9410467856389315
zh_ja_009,language_specific_ja,language_specific_ja_000971,205627,3.768420659705673,1.9410467856389315
zh_ja_009,language_specific_ja,language_specific_ja_001312,83686,3.768420659705673,1.9410467856389315
zh_ja_009,language_specific_ja,language_specific_ja_001572,10115635,3.768420659705673,1.9410467856389315
zh_ja_009,language_specific_ja,language_specific_ja_001891,8292331,3.768420659705673,1.9410467856389315
zh_ja_009,language_specific_ja,language_specific_ja_002296,143361,3.768420659705673,1.9410467856389315
zh_ja_009,language_specific_ja,language_specific_ja_002350,107442,3.768420659705673,1.9410467856389315
zh_ja_009,language_specific_ja,language_specific_ja_002527,99498,3.768420659705673,1.9410467856389315
zh_ja_009,language_specific_ja,language_specific_ja_002742,122356,3.768420659705673,1.9410467856389315
zh_ja_009,language_specific_ja,language_specific_ja_002760,125824,3.768420659705673,1.9410467856389315
zh_ja_009,language_specific_ja,language_specific_ja_003061,102649,3.768420659705673,1.9410467856389315
zh_ja_009,language_specific_ja,language_specific_ja_003211,103276,3.768420659705673,1.9410467856389315
zh_ja_009,language_specific_ja,language_specific_ja_003515,185014,3.768420659705673,1.9410467856389315
zh_ja_009,language_specific_ja,language_specific_ja_003679,10993928,3.768420659705673,1.9410467856389315
zh_ja_009,language_specific_ja,language_specific_ja_003738,104307,3.768420659705673,1.9410467856389315
zh_ja_009,language_specific_ja,language_specific_ja_003773,13146580,3.768420659705673,1.9410467856389315
zh_ja_009,language_specific_ja,language_specific_ja_003845,11027803,3.768420659705673,1.9410467856389315
zh_ja_009,language_specific_ja,language_specific_ja_004188,157137,3.768420659705673,1.9410467856389315
zh_ja_009,language_specific_ja,language_specific_ja_004305,182369,3.768420659705673,1.9410467856389315
zh_ja_009,language_specific_ja,language_specific_ja_004356,183838,3.768420659705673,1.9410467856389315
zh_ja_011,language_specific_ja,language_specific_ja_006865,220549,0.0,0.0
zh_ja_011,language_specific_ja,language_specific_ja_007044,99567,0.0,0.0
zh_ja_011,language_specific_ja,language_specific_ja_007116,141193,0.0,0.0
zh_ja_011,language_specific_ja,language_specific_ja_007686,75773,0.0,0.0
zh_ja_011,language_specific_ja,language_specific_ja_007827,10267633,0.0,0.0
zh_ja_011,language_specific_ja,language_specific_ja_006637,75382,0.00018950891661111827,0.013766223760026505
zh_ja_011,language_specific_ja,language_specific_ja_007454,76949,0.00018950891661111827,0.013766223760026505
zh_ja_011,language_specific_ja,language_specific_ja_007487,1627632,0.00018950891661111827,0.013766223760026505
zh_ja_011,language_specific_ja,language_specific_ja_007687,227094,0.00018950891661111827,0.013766223760026505
zh_ja_011,language_specific_ja,language_specific_ja_006377,85107,0.00018950891661113513,0.013766223760027117
zh_ja_011,language_specific_ja,language_specific_ja_006683,75708,0.00018950891661113513,0.013766223760027117
zh_ja_011,language_specific_ja,language_specific_ja_006725,74955,0.00018950891661113513,0.013766223760027117
zh_ja_011,language_specific_ja,language_specific_ja_006886,9950389,0.00018950891661113513,0.013766223760027117
zh_ja_011,language_specific_ja,language_specific_ja_007510,8849627,0.00018950891661113513,0.013766223760027117
zh_ja_011,language_specific_ja,language_specific_ja_007529,9494735,0.00018950891661113513,0.013766223760027117
zh_ja_011,language_specific_ja,language_specific_ja_007842,210912,0.00018950891661113513,0.013766223760027117
zh_ja_011,language_specific_ja,language_specific_ja_002090,1627095,0.0007580356664445067,0.02753244752005362
zh_ja_011,language_specific_ja,language_specific_ja_004864,10600632,0.0007580356664445067,0.02753244752005362
zh_ja_011,language_specific_ja,language_specific_ja_005565,103597,0.0007580356664445067,0.02753244752005362
zh_ja_011,language_specific_ja,language_specific_ja_006375,87053,0.0007580356664445067,0.02753244752005362
zh_ja_011,language_specific_ja,language_specific_ja_006520,123234,0.0007580356664445067,0.02753244752005362
zh_ja_011,language_specific_ja,language_specific_ja_007270,547250,0.0007580356664445067,0.02753244752005362
zh_ja_011,language_specific_ja,language_specific_ja_006656,125560,0.0017055802495001152,0.04129867128008013
zh_ja_011,language_specific_ja,language_specific_ja_006736,13543220,0.0017055802495001152,0.04129867128008013
zh_ja_011,language_specific_ja,language_specific_ja_006891,108380,0.0017055802495001152,0.04129867128008013
zh_ja_011,language_specific_ja,language_specific_ja_002484,175004,0.0017055802495001657,0.04129867128008074
zh_ja_011,language_specific_ja,language_specific_ja_004070,188604,0.0017055802495001657,0.04129867128008074
zh_ja_011,language_specific_ja,language_specific_ja_005641,74982,0.0017055802495001657,0.04129867128008074
zh_ja_011,language_specific_ja,language_specific_ja_000092,347583,0.0030321426657780267,0.05506489504010724
zh_ja_011,language_specific_ja,language_specific_ja_007300,763233,0.0030321426657780267,0.05506489504010724
zh_ja_011,language_specific_ja,language_specific_ja_006636,75296,0.00473772291527821,0.06883111880013436
zh_ja_011,language_specific_ja,language_specific_ja_006773,104728,0.00473772291527821,0.06883111880013436
zh_ja_011,language_specific_ja,language_specific_ja_007168,222753,0.00473772291527821,0.06883111880013436
zh_ja_011,language_specific_ja,language_specific_ja_007310,5051491,0.006822320998000561,0.08259734256016087
zh_ja_011,language_specific_ja,language_specific_ja_007464,163755,0.006822320998000561,0.08259734256016087
zh_ja_011,language_specific_ja,language_specific_ja_007546,141161,0.006822320998000561,0.08259734256016087
zh_ja_011,language_specific_ja,language_specific_ja_007591,77014,0.006822320998000561,0.08259734256016087
zh_ja_011,language_specific_ja,language_specific_ja_007163,100502,0.009285936913945268,0.09636356632018798
zh_ja_011,language_specific_ja,language_specific_ja_002049,154648,0.012128570663112107,0.11012979008021448
zh_ja_011,language_specific_ja,language_specific_ja_003955,11134988,0.012128570663112107,0.11012979008021448
zh_ja_011,language_specific_ja,language_specific_ja_006128,75124,0.012128570663112107,0.11012979008021448
zh_ja_011,language_specific_ja,language_specific_ja_006959,9641509,0.012128570663112107,0.11012979008021448
zh_ja_011,language_specific_ja,language_specific_ja_007789,538095,0.012128570663112107,0.11012979008021448
zh_ja_011,language_specific_ja,language_specific_ja_005832,76727,0.015350222245501338,0.1238960138402416
zh_ja_011,language_specific_ja,language_specific_ja_006371,401911,0.015350222245501338,0.1238960138402416
zh_ja_011,language_specific_ja,language_specific_ja_006396,190134,0.015350222245501338,0.1238960138402416
zh_ja_011,language_specific_ja,language_specific_ja_006993,194961,0.015350222245501338,0.1238960138402416
zh_ja_011,language_specific_ja,language_specific_ja_004304,182955,0.01895089166111267,0.1376622376002681
zh_ja_011,language_specific_ja,language_specific_ja_004358,2828944,0.01895089166111267,0.1376622376002681
zh_ja_011,language_specific_ja,language_specific_ja_007486,195594,0.01895089166111267,0.1376622376002681
zh_ja_011,language_specific_ja,language_specific_ja_001501,138233,0.022930578909946424,0.15142846136029522
zh_ja_011,language_specific_ja,language_specific_ja_006971,416816,0.022930578909946424,0.15142846136029522
zh_ja_011,language_specific_ja,language_specific_ja_001188,106508,0.027289283992002245,0.16519468512032173
zh_ja_011,language_specific_ja,language_specific_ja_001922,195550,0.027289283992002245,0.16519468512032173
zh_ja_011,language_specific_ja,language_specific_ja_002002,154609,0.027289283992002245,0.16519468512032173
zh_ja_011,language_specific_ja,language_specific_ja_003359,76661,0.027289283992002245,0.16519468512032173
zh_ja_011,language_specific_ja,language_specific_ja_006685,11444571,0.027289283992002245,0.16519468512032173
zh_ja_011,language_specific_ja,language_specific_ja_006877,75684,0.027289283992002245,0.16519468512032173
zh_ja_011,language_specific_ja,language_specific_ja_007357,4211969,0.027289283992002245,0.16519468512032173
zh_ja_011,language_specific_ja,language_specific_ja_000021,76351,0.032027006907280525,0.17896090888034885
zh_ja_011,language_specific_ja,language_specific_ja_002711,85142,0.032027006907280525,0.17896090888034885
zh_ja_011,language_specific_ja,language_specific_ja_002862,177213,0.032027006907280525,0.17896090888034885
zh_ja_011,language_specific_ja,language_specific_ja_005870,94336,0.03714374765578084,0.19272713264037536
zh_ja_011,language_specific_ja,language_specific_ja_006989,87658,0.03714374765578084,0.19272713264037536
zh_ja_011,language_specific_ja,language_specific_ja_007460,115163,0.03714374765578084,0.19272713264037536
zh_ja_011,language_specific_ja,language_specific_ja_007610,2277297,0.03714374765578084,0.19272713264037536
zh_ja_011,language_specific_ja,language_specific_ja_007709,138378,0.03714374765578084,0.19272713264037536
zh_ja_011,language_specific_ja,language_specific_ja_004342,1598218,0.04263950623750363,0.20649335640040245
zh_ja_011,language_specific_ja,language_specific_ja_006478,104609,0.04263950623750363,0.20649335640040245
zh_ja_011,language_specific_ja,language_specific_ja_006691,236928,0.04263950623750363,0.20649335640040245
zh_ja_011,language_specific_ja,language_specific_ja_007490,165002,0.04263950623750363,0.20649335640040245
zh_ja_011,language_specific_ja,language_specific_ja_004355,193571,0.04851428265244843,0.22025958016042896
zh_ja_011,language_specific_ja,language_specific_ja_006730,2282069,0.04851428265244843,0.22025958016042896
zh_ja_011,language_specific_ja,language_specific_ja_007135,222889,0.04851428265244843,0.22025958016042896
zh_ja_011,language_specific_ja,language_specific_ja_003596,174893,0.054768076900615754,0.23402580392045608
zh_ja_011,language_specific_ja,language_specific_ja_003824,215931,0.054768076900615754,0.23402580392045608
zh_ja_011,language_specific_ja,language_specific_ja_005025,174743,0.054768076900615754,0.23402580392045608
zh_ja_011,language_specific_ja,language_specific_ja_006491,75591,0.054768076900615754,0.23402580392045608
zh_ja_011,language_specific_ja,language_specific_ja_006660,101644,0.054768076900615754,0.23402580392045608
zh_ja_011,language_specific_ja,language_specific_ja_003027,10889194,0.06140088898200505,0.24779202768048258
zh_ja_011,language_specific_ja,language_specific_ja_004185,200825,0.06140088898200505,0.24779202768048258
zh_ja_011,language_specific_ja,language_specific_ja_005432,176060,0.06140088898200505,0.24779202768048258
zh_ja_011,language_specific_ja,language_specific_ja_007243,151896,0.06140088898200505,0.24779202768048258
zh_ja_011,language_specific_ja,language_specific_ja_003562,157217,0.0684127188966169,0.2615582514405097
zh_ja_011,language_specific_ja,language_specific_ja_004337,104053,0.0684127188966169,0.2615582514405097
zh_ja_011,language_specific_ja,language_specific_ja_007147,83197,0.0684127188966169,0.2615582514405097
zh_ja_011,language_specific_ja,language_specific_ja_007266,101222,0.0684127188966169,0.2615582514405097
zh_ja_011,language_specific_ja,language_specific_ja_000672,104448,0.07580356664445068,0.2753244752005362
zh_ja_011,language_specific_ja,language_specific_ja_007392,116297,0.07580356664445068,0.2753244752005362
zh_ja_011,language_specific_ja,language_specific_ja_007619,2748272,0.07580356664445068,0.2753244752005362
zh_ja_011,language_specific_ja,language_specific_ja_007642,3509945,0.07580356664445068,0.2753244752005362
zh_ja_011,language_specific_ja,language_specific_ja_000050,74053,0.08357343222550705,0.28909069896056333
zh_ja_011,language_specific_ja,language_specific_ja_000512,92347,0.08357343222550705,0.28909069896056333
zh_ja_011,language_specific_ja,language_specific_ja_001349,137540,0.08357343222550705,0.28909069896056333
zh_ja_011,language_specific_ja,language_specific_ja_002417,11035512,0.08357343222550705,0.28909069896056333
zh_ja_011,language_specific_ja,language_specific_ja_005087,96716,0.08357343222550705,0.28909069896056333
zh_ja_011,language_specific_ja,language_specific_ja_005185,76994,0.08357343222550705,0.28909069896056333
zh_ja_011,language_specific_ja,language_specific_ja_006963,127194,0.08357343222550705,0.28909069896056333
zh_ja_011,language_specific_ja,language_specific_ja_004381,108313,0.09172231563978532,0.30285692272058984
zh_ja_011,language_specific_ja,language_specific_ja_004683,86179,0.09172231563978532,0.30285692272058984
zh_ja_013,language_specific_ja,language_specific_ja_000740,75497,0.0,0.0
zh_ja_013,language_specific_ja,language_specific_ja_002317,10644053,0.0,0.0
zh_ja_013,language_specific_ja,language_specific_ja_005210,3450109,0.0,0.0
zh_ja_013,language_specific_ja,language_specific_ja_005632,12047369,0.0,0.0
zh_ja_013,language_specific_ja,language_specific_ja_006166,83918,0.0,0.0
zh_ja_013,language_specific_ja,language_specific_ja_006869,74290,0.0,0.0
zh_ja_013,language_specific_ja,language_specific_ja_000177,143354,0.00018950891661111827,0.013766223760026505
zh_ja_013,language_specific_ja,language_specific_ja_000952,116766,0.00018950891661111827,0.013766223760026505
zh_ja_013,language_specific_ja,language_specific_ja_002240,123012,0.00018950891661111827,0.013766223760026505
zh_ja_013,language_specific_ja,language_specific_ja_002737,169327,0.00018950891661111827,0.013766223760026505
zh_ja_013,language_specific_ja,language_specific_ja_003123,2622376,0.00018950891661111827,0.013766223760026505
zh_ja_013,language_specific_ja,language_specific_ja_004707,121160,0.00018950891661111827,0.013766223760026505
zh_ja_013,language_specific_ja,language_specific_ja_005879,11957696,0.00018950891661111827,0.013766223760026505
zh_ja_013,language_specific_ja,language_specific_ja_007815,8593150,0.00018950891661111827,0.013766223760026505
zh_ja_013,language_specific_ja,language_specific_ja_002089,101913,0.0007580356664444731,0.02753244752005301
zh_ja_013,language_specific_ja,language_specific_ja_002811,2971752,0.0007580356664444731,0.02753244752005301
zh_ja_013,language_specific_ja,language_specific_ja_005474,226662,0.0007580356664444731,0.02753244752005301
zh_ja_013,language_specific_ja,language_specific_ja_002918,96596,0.0007580356664445405,0.027532447520054234
zh_ja_013,language_specific_ja,language_specific_ja_004951,10901569,0.0007580356664445405,0.027532447520054234
zh_ja_013,language_specific_ja,language_specific_ja_005247,170222,0.0007580356664445405,0.027532447520054234
zh_ja_013,language_specific_ja,language_specific_ja_005555,13231578,0.0007580356664445405,0.027532447520054234
zh_ja_013,language_specific_ja,language_specific_ja_007162,10559270,0.0007580356664445405,0.027532447520054234
zh_ja_013,language_specific_ja,language_specific_ja_000261,122112,0.0017055802495001657,0.04129867128008074
zh_ja_013,language_specific_ja,language_specific_ja_001760,116471,0.0017055802495001657,0.04129867128008074
zh_ja_013,language_specific_ja,language_specific_ja_001930,164017,0.0017055802495001657,0.04129867128008074
zh_ja_013,language_specific_ja,language_specific_ja_004755,191999,0.0017055802495001657,0.04129867128008074
zh_ja_013,language_specific_ja,language_specific_ja_006456,75091,0.0017055802495001657,0.04129867128008074
zh_ja_013,language_specific_ja,language_specific_ja_007144,96494,0.0017055802495001657,0.04129867128008074
zh_ja_013,language_specific_ja,language_specific_ja_007513,745795,0.0017055802495001657,0.04129867128008074
zh_ja_013,language_specific_ja,language_specific_ja_007828,10958176,0.0017055802495001657,0.04129867128008074
zh_ja_013,language_specific_ja,language_specific_ja_001592,1614261,0.0030321426657780267,0.05506489504010724
zh_ja_013,language_specific_ja,language_specific_ja_002040,79694,0.0030321426657780267,0.05506489504010724
zh_ja_013,language_specific_ja,language_specific_ja_002886,4730,0.0030321426657780267,0.05506489504010724
zh_ja_013,language_specific_ja,language_specific_ja_003589,184063,0.0030321426657780267,0.05506489504010724
zh_ja_013,language_specific_ja,language_specific_ja_006370,85038,0.0030321426657780267,0.05506489504010724
zh_ja_013,language_specific_ja,language_specific_ja_006798,182614,0.0030321426657780267,0.05506489504010724
zh_ja_013,language_specific_ja,language_specific_ja_007318,10078533,0.0030321426657780267,0.05506489504010724
zh_ja_013,language_specific_ja,language_specific_ja_007863,10117959,0.0030321426657780267,0.05506489504010724
zh_ja_013,language_specific_ja,language_specific_ja_000415,148390,0.004737722915278126,0.06883111880013375
zh_ja_013,language_specific_ja,language_specific_ja_000976,93769,0.004737722915278126,0.06883111880013375
zh_ja_013,language_specific_ja,language_specific_ja_002337,191429,0.004737722915278126,0.06883111880013375
zh_ja_013,language_specific_ja,language_specific_ja_002632,127375,0.004737722915278126,0.06883111880013375
zh_ja_013,language_specific_ja,language_specific_ja_004113,11875837,0.004737722915278126,0.06883111880013375
zh_ja_013,language_specific_ja,language_specific_ja_004775,107914,0.004737722915278126,0.06883111880013375
zh_ja_013,language_specific_ja,language_specific_ja_005207,177174,0.004737722915278126,0.06883111880013375
zh_ja_013,language_specific_ja,language_specific_ja_005850,162210,0.004737722915278126,0.06883111880013375
zh_ja_013,language_specific_ja,language_specific_ja_007898,2733624,0.004737722915278126,0.06883111880013375
zh_ja_013,language_specific_ja,language_specific_ja_000925,99339,0.006822320998000461,0.08259734256016026
zh_ja_013,language_specific_ja,language_specific_ja_004472,117777,0.006822320998000461,0.08259734256016026
zh_ja_013,language_specific_ja,language_specific_ja_006623,3677342,0.006822320998000461,0.08259734256016026
zh_ja_013,language_specific_ja,language_specific_ja_006882,74508,0.006822320998000461,0.08259734256016026
zh_ja_013,language_specific_ja,language_specific_ja_000737,5250,0.006822320998000663,0.08259734256016148
zh_ja_013,language_specific_ja,language_specific_ja_003524,210592,0.006822320998000663,0.08259734256016148
zh_ja_013,language_specific_ja,language_specific_ja_003601,217073,0.006822320998000663,0.08259734256016148
zh_ja_013,language_specific_ja,language_specific_ja_004892,81601,0.006822320998000663,0.08259734256016148
zh_ja_013,language_specific_ja,language_specific_ja_005215,182899,0.006822320998000663,0.08259734256016148
zh_ja_013,language_specific_ja,language_specific_ja_005501,7486149,0.006822320998000663,0.08259734256016148
zh_ja_013,language_specific_ja,language_specific_ja_000135,2129962,0.009285936913945268,0.09636356632018798
zh_ja_013,language_specific_ja,language_specific_ja_000713,393833,0.009285936913945268,0.09636356632018798
zh_ja_013,language_specific_ja,language_specific_ja_001738,12481436,0.009285936913945268,0.09636356632018798
zh_ja_013,language_specific_ja,language_specific_ja_002764,11332035,0.009285936913945268,0.09636356632018798
zh_ja_013,language_specific_ja,language_specific_ja_005134,174212,0.009285936913945268,0.09636356632018798
zh_ja_013,language_specific_ja,language_specific_ja_005847,125890,0.009285936913945268,0.09636356632018798
zh_ja_013,language_specific_ja,language_specific_ja_007767,109307,0.009285936913945268,0.09636356632018798
zh_ja_013,language_specific_ja,language_specific_ja_000538,164591,0.012128570663112107,0.11012979008021448
zh_ja_013,language_specific_ja,language_specific_ja_001215,116104,0.012128570663112107,0.11012979008021448
zh_ja_013,language_specific_ja,language_specific_ja_001459,1207285,0.012128570663112107,0.11012979008021448
zh_ja_013,language_specific_ja,language_specific_ja_001468,10040307,0.012128570663112107,0.11012979008021448
zh_ja_013,language_specific_ja,language_specific_ja_004190,8706019,0.012128570663112107,0.11012979008021448
zh_ja_013,language_specific_ja,language_specific_ja_005146,219541,0.012128570663112107,0.11012979008021448
zh_ja_013,language_specific_ja,language_specific_ja_006101,10792724,0.012128570663112107,0.11012979008021448
zh_ja_013,language_specific_ja,language_specific_ja_002849,10721060,0.015350222245501186,0.12389601384024099
zh_ja_013,language_specific_ja,language_specific_ja_003313,225684,0.015350222245501186,0.12389601384024099
zh_ja_013,language_specific_ja,language_specific_ja_004096,227161,0.015350222245501186,0.12389601384024099
zh_ja_013,language_specific_ja,language_specific_ja_004649,121538,0.015350222245501186,0.12389601384024099
zh_ja_013,language_specific_ja,language_specific_ja_005475,214827,0.015350222245501186,0.12389601384024099
zh_ja_013,language_specific_ja,language_specific_ja_005676,158516,0.015350222245501186,0.12389601384024099
zh_ja_013,language_specific_ja,language_specific_ja_006098,153562,0.015350222245501186,0.12389601384024099
zh_ja_013,language_specific_ja,language_specific_ja_006185,83967,0.015350222245501186,0.12389601384024099
zh_ja_013,language_specific_ja,language_specific_ja_002508,148576,0.018950891661112503,0.1376622376002675
zh_ja_013,language_specific_ja,language_specific_ja_004981,168158,0.018950891661112503,0.1376622376002675
zh_ja_013,language_specific_ja,language_specific_ja_005515,3556230,0.01895089166111284,0.13766223760026872
zh_ja_013,language_specific_ja,language_specific_ja_005916,1463624,0.01895089166111284,0.13766223760026872
zh_ja_013,language_specific_ja,language_specific_ja_004813,6549586,0.022930578909946053,0.151428461360294
zh_ja_013,language_specific_ja,language_specific_ja_004873,148154,0.022930578909946424,0.15142846136029522
zh_ja_013,language_specific_ja,language_specific_ja_000590,10122945,0.027289283992002245,0.16519468512032173
zh_ja_013,language_specific_ja,language_specific_ja_001731,149285,0.027289283992002245,0.16519468512032173
zh_ja_013,language_specific_ja,language_specific_ja_003231,10863025,0.027289283992002245,0.16519468512032173
zh_ja_013,language_specific_ja,language_specific_ja_003322,4772642,0.027289283992002245,0.16519468512032173
zh_ja_013,language_specific_ja,language_specific_ja_003412,7290223,0.027289283992002245,0.16519468512032173
zh_ja_013,language_specific_ja,language_specific_ja_005590,3555720,0.027289283992002245,0.16519468512032173
zh_ja_013,language_specific_ja,language_specific_ja_006781,144942,0.027289283992002245,0.16519468512032173
zh_ja_013,language_specific_ja,language_specific_ja_000901,10477589,0.0320270069072803,0.17896090888034824
zh_ja_013,language_specific_ja,language_specific_ja_002195,4443249,0.0320270069072803,0.17896090888034824
zh_ja_013,language_specific_ja,language_specific_ja_002644,4900207,0.0320270069072803,0.17896090888034824
zh_ja_013,language_specific_ja,language_specific_ja_003671,82607,0.0320270069072803,0.17896090888034824
zh_ja_013,language_specific_ja,language_specific_ja_004280,4900072,0.0320270069072803,0.17896090888034824
zh_ja_013,language_specific_ja,language_specific_ja_005721,3402166,0.0320270069072803,0.17896090888034824
zh_ja_013,language_specific_ja,language_specific_ja_006966,162433,0.0320270069072803,0.17896090888034824
zh_ja_013,language_specific_ja,language_specific_ja_007347,85874,0.0320270069072803,0.17896090888034824
zh_ja_014,language_specific_ja,language_specific_ja_000147,401898,0.0,0.0
zh_ja_014,language_specific_ja,language_specific_ja_000302,11998854,0.0,0.0
zh_ja_014,language_specific_ja,language_specific_ja_000809,13028941,0.0,0.0
zh_ja_014,language_specific_ja,language_specific_ja_000909,118249,0.0,0.0
zh_ja_014,language_specific_ja,language_specific_ja_000969,1174888,0.0,0.0
zh_ja_014,language_specific_ja,language_specific_ja_001620,86075,0.0,0.0
zh_ja_014,language_specific_ja,language_specific_ja_001985,2269625,0.0,0.0
zh_ja_014,language_specific_ja,language_specific_ja_002374,2125059,0.0,0.0
zh_ja_014,language_specific_ja,language_specific_ja_002582,172366,0.0,0.0
zh_ja_014,language_specific_ja,language_specific_ja_002658,95923,0.0,0.0
zh_ja_014,language_specific_ja,language_specific_ja_004609,9628635,0.0,0.0
zh_ja_014,language_specific_ja,language_specific_ja_005157,11013886,0.0,0.0
zh_ja_014,language_specific_ja,language_specific_ja_005236,232571,0.0,0.0
zh_ja_014,language_specific_ja,language_specific_ja_005786,10559032,0.0,0.0
zh_ja_014,language_specific_ja,language_specific_ja_005921,82731,0.0,0.0
zh_ja_014,language_specific_ja,language_specific_ja_005944,82740,0.0,0.0
zh_ja_014,language_specific_ja,language_specific_ja_005979,213475,0.0,0.0
zh_ja_014,language_specific_ja,language_specific_ja_006117,137658,0.0,0.0
zh_ja_014,language_specific_ja,language_specific_ja_006234,163419,0.0,0.0
zh_ja_014,language_specific_ja,language_specific_ja_007432,232428,0.0,0.0
zh_ja_014,language_specific_ja,language_specific_ja_000119,5191500,0.00018950891661111827,0.013766223760026505
zh_ja_014,language_specific_ja,language_specific_ja_000292,11211933,0.00018950891661111827,0.013766223760026505
zh_ja_014,language_specific_ja,language_specific_ja_000383,9830396,0.00018950891661111827,0.013766223760026505
zh_ja_014,language_specific_ja,language_specific_ja_001034,105516,0.00018950891661111827,0.013766223760026505
zh_ja_014,language_specific_ja,language_specific_ja_002686,11741548,0.00018950891661111827,0.013766223760026505
zh_ja_014,language_specific_ja,language_specific_ja_002863,90722,0.00018950891661111827,0.013766223760026505
zh_ja_014,language_specific_ja,language_specific_ja_003017,11870720,0.00018950891661111827,0.013766223760026505
zh_ja_014,language_specific_ja,language_specific_ja_003037,3362310,0.00018950891661111827,0.013766223760026505
zh_ja_014,language_specific_ja,language_specific_ja_003066,4843014,0.00018950891661111827,0.013766223760026505
zh_ja_014,language_specific_ja,language_specific_ja_003358,118634,0.00018950891661111827,0.013766223760026505
zh_ja_014,language_specific_ja,language_specific_ja_003675,144276,0.00018950891661111827,0.013766223760026505
zh_ja_014,language_specific_ja,language_specific_ja_004674,177042,0.00018950891661111827,0.013766223760026505
zh_ja_014,language_specific_ja,language_specific_ja_005128,12072654,0.00018950891661111827,0.013766223760026505
zh_ja_014,language_specific_ja,language_specific_ja_005600,10726296,0.00018950891661111827,0.013766223760026505
zh_ja_014,language_specific_ja,language_specific_ja_005689,169548,0.00018950891661111827,0.013766223760026505
zh_ja_014,language_specific_ja,language_specific_ja_005725,12365481,0.00018950891661111827,0.013766223760026505
zh_ja_014,language_specific_ja,language_specific_ja_005985,76277,0.00018950891661111827,0.013766223760026505
zh_ja_014,language_specific_ja,language_specific_ja_006192,185266,0.00018950891661111827,0.013766223760026505
zh_ja_014,language_specific_ja,language_specific_ja_006262,172954,0.00018950891661111827,0.013766223760026505
zh_ja_014,language_specific_ja,language_specific_ja_006630,81705,0.00018950891661111827,0.013766223760026505
zh_ja_014,language_specific_ja,language_specific_ja_007712,900988,0.00018950891661111827,0.013766223760026505
zh_ja_014,language_specific_ja,language_specific_ja_000071,11124552,0.0007580356664445067,0.02753244752005362
zh_ja_014,language_specific_ja,language_specific_ja_000204,425473,0.0007580356664445067,0.02753244752005362
zh_ja_014,language_specific_ja,language_specific_ja_000776,94720,0.0007580356664445067,0.02753244752005362
zh_ja_014,language_specific_ja,language_specific_ja_000904,140277,0.0007580356664445067,0.02753244752005362
zh_ja_014,language_specific_ja,language_specific_ja_000949,145614,0.0007580356664445067,0.02753244752005362
zh_ja_014,language_specific_ja,language_specific_ja_001067,11029962,0.0007580356664445067,0.02753244752005362
zh_ja_014,language_specific_ja,language_specific_ja_001728,74362,0.0007580356664445067,0.02753244752005362
zh_ja_014,language_specific_ja,language_specific_ja_001859,84069,0.0007580356664445067,0.02753244752005362
zh_ja_014,language_specific_ja,language_specific_ja_001946,151507,0.0007580356664445067,0.02753244752005362
zh_ja_014,language_specific_ja,language_specific_ja_002283,153741,0.0007580356664445067,0.02753244752005362
zh_ja_014,language_specific_ja,language_specific_ja_002410,8571332,0.0007580356664445067,0.02753244752005362
zh_ja_014,language_specific_ja,language_specific_ja_002491,147490,0.0007580356664445067,0.02753244752005362
zh_ja_014,language_specific_ja,language_specific_ja_002664,9818769,0.0007580356664445067,0.02753244752005362
zh_ja_014,language_specific_ja,language_specific_ja_002730,149284,0.0007580356664445067,0.02753244752005362
zh_ja_014,language_specific_ja,language_specific_ja_002826,4562507,0.0007580356664445067,0.02753244752005362
zh_ja_014,language_specific_ja,language_specific_ja_002833,11883221,0.0007580356664445067,0.02753244752005362
zh_ja_014,language_specific_ja,language_specific_ja_003342,80172,0.0007580356664445067,0.02753244752005362
zh_ja_014,language_specific_ja,language_specific_ja_003360,891335,0.0007580356664445067,0.02753244752005362
zh_ja_014,language_specific_ja,language_specific_ja_003430,158525,0.0007580356664445067,0.02753244752005362
zh_ja_014,language_specific_ja,language_specific_ja_003661,123141,0.0007580356664445067,0.02753244752005362
zh_ja_014,language_specific_ja,language_specific_ja_003950,205028,0.0007580356664445067,0.02753244752005362
zh_ja_014,language_specific_ja,language_specific_ja_003977,12375579,0.0007580356664445067,0.02753244752005362
zh_ja_014,language_specific_ja,language_specific_ja_004073,11056535,0.0007580356664445067,0.02753244752005362
zh_ja_014,language_specific_ja,language_specific_ja_004183,227749,0.0007580356664445067,0.02753244752005362
zh_ja_014,language_specific_ja,language_specific_ja_004235,425010,0.0007580356664445067,0.02753244752005362
zh_ja_014,language_specific_ja,language_specific_ja_004335,148418,0.0007580356664445067,0.02753244752005362
zh_ja_014,language_specific_ja,language_specific_ja_004926,116668,0.0007580356664445067,0.02753244752005362
zh_ja_014,language_specific_ja,language_specific_ja_004974,160129,0.0007580356664445067,0.02753244752005362
zh_ja_014,language_specific_ja,language_specific_ja_005303,10995308,0.0007580356664445067,0.02753244752005362
zh_ja_014,language_specific_ja,language_specific_ja_005617,123546,0.0007580356664445067,0.02753244752005362
zh_ja_014,language_specific_ja,language_specific_ja_005717,82623,0.0007580356664445067,0.02753244752005362
zh_ja_014,language_specific_ja,language_specific_ja_005901,103450,0.0007580356664445067,0.02753244752005362
zh_ja_014,language_specific_ja,language_specific_ja_006032,833067,0.0007580356664445067,0.02753244752005362
zh_ja_014,language_specific_ja,language_specific_ja_006889,85221,0.0007580356664445067,0.02753244752005362
zh_ja_014,language_specific_ja,language_specific_ja_007378,1136983,0.0007580356664445067,0.02753244752005362
zh_ja_014,language_specific_ja,language_specific_ja_000124,188215,0.0017055802495001152,0.04129867128008013
zh_ja_014,language_specific_ja,language_specific_ja_000722,10528695,0.0017055802495001152,0.04129867128008013
zh_ja_014,language_specific_ja,language_specific_ja_000937,2124194,0.0017055802495001152,0.04129867128008013
zh_ja_014,language_specific_ja,language_specific_ja_001026,102775,0.0017055802495001152,0.04129867128008013
zh_ja_014,language_specific_ja,language_specific_ja_001368,772296,0.0017055802495001152,0.04129867128008013
zh_ja_014,language_specific_ja,language_specific_ja_001801,205093,0.0017055802495001152,0.04129867128008013
zh_ja_014,language_specific_ja,language_specific_ja_002654,178118,0.0017055802495001152,0.04129867128008013
zh_ja_014,language_specific_ja,language_specific_ja_002656,97483,0.0017055802495001152,0.04129867128008013
zh_ja_014,language_specific_ja,language_specific_ja_002903,148993,0.0017055802495001152,0.04129867128008013
zh_ja_014,language_specific_ja,language_specific_ja_003253,11295784,0.0017055802495001152,0.04129867128008013
zh_ja_014,language_specific_ja,language_specific_ja_003703,116078,0.0017055802495001152,0.04129867128008013
zh_ja_014,language_specific_ja,language_specific_ja_003871,204795,0.0017055802495001152,0.04129867128008013
zh_ja_014,language_specific_ja,language_specific_ja_003942,143056,0.0017055802495001152,0.04129867128008013
zh_ja_014,language_specific_ja,language_specific_ja_003982,99497,0.0017055802495001152,0.04129867128008013
zh_ja_014,language_specific_ja,language_specific_ja_004560,12049362,0.0017055802495001152,0.04129867128008013
zh_ja_014,language_specific_ja,language_specific_ja_004640,77082,0.0017055802495001152,0.04129867128008013
zh_ja_014,language_specific_ja,language_specific_ja_004779,11427642,0.0017055802495001152,0.04129867128008013
zh_ja_014,language_specific_ja,language_specific_ja_005012,115437,0.0017055802495001152,0.04129867128008013
zh_ja_014,language_specific_ja,language_specific_ja_005090,160901,0.0017055802495001152,0.04129867128008013
zh_ja_014,language_specific_ja,language_specific_ja_005158,222115,0.0017055802495001152,0.04129867128008013
zh_ja_014,language_specific_ja,language_specific_ja_005189,147394,0.0017055802495001152,0.04129867128008013
zh_ja_014,language_specific_ja,language_specific_ja_005454,121675,0.0017055802495001152,0.04129867128008013
zh_ja_014,language_specific_ja,language_specific_ja_005552,125349,0.0017055802495001152,0.04129867128008013
zh_ja_014,language_specific_ja,language_specific_ja_005592,127152,0.0017055802495001152,0.04129867128008013
zh_ja_015,language_specific_ja,language_specific_ja_001420,121227,0.0,0.0
zh_ja_015,language_specific_ja,language_specific_ja_002511,148540,0.0,0.0
zh_ja_015,language_specific_ja,language_specific_ja_002948,8671149,0.0,0.0
zh_ja_015,language_specific_ja,language_specific_ja_003717,152104,0.0,0.0
zh_ja_015,language_specific_ja,language_specific_ja_005220,9852802,0.0,0.0
zh_ja_015,language_specific_ja,language_specific_ja_005292,104415,0.0,0.0
zh_ja_015,language_specific_ja,language_specific_ja_001577,138081,0.00018950891661111827,0.013766223760026505
zh_ja_015,language_specific_ja,language_specific_ja_003161,180013,0.00018950891661111827,0.013766223760026505
zh_ja_015,language_specific_ja,language_specific_ja_003793,188603,0.00018950891661111827,0.013766223760026505
zh_ja_015,language_specific_ja,language_specific_ja_005049,150323,0.00018950891661111827,0.013766223760026505
zh_ja_015,language_specific_ja,language_specific_ja_005107,4292083,0.00018950891661111827,0.013766223760026505
zh_ja_015,language_specific_ja,language_specific_ja_000431,8868835,0.0007580356664444731,0.02753244752005301
zh_ja_015,language_specific_ja,language_specific_ja_000582,11001391,0.0007580356664444731,0.02753244752005301
zh_ja_015,language_specific_ja,language_specific_ja_000618,2280797,0.0007580356664444731,0.02753244752005301
zh_ja_015,language_specific_ja,language_specific_ja_000974,404078,0.0007580356664444731,0.02753244752005301
zh_ja_015,language_specific_ja,language_specific_ja_002962,214517,0.0007580356664444731,0.02753244752005301
zh_ja_015,language_specific_ja,language_specific_ja_004517,179934,0.0007580356664444731,0.02753244752005301
zh_ja_015,language_specific_ja,language_specific_ja_005060,11782640,0.0007580356664444731,0.02753244752005301
zh_ja_015,language_specific_ja,language_specific_ja_000574,83781,0.0007580356664445405,0.027532447520054234
zh_ja_015,language_specific_ja,language_specific_ja_000855,774420,0.0007580356664445405,0.027532447520054234
zh_ja_015,language_specific_ja,language_specific_ja_003968,182916,0.0007580356664445405,0.027532447520054234
zh_ja_015,language_specific_ja,language_specific_ja_004794,182067,0.0007580356664445405,0.027532447520054234
zh_ja_015,language_specific_ja,language_specific_ja_000445,148076,0.0017055802495001657,0.04129867128008074
zh_ja_015,language_specific_ja,language_specific_ja_001021,1272428,0.0017055802495001657,0.04129867128008074
zh_ja_015,language_specific_ja,language_specific_ja_002666,9866618,0.0017055802495001657,0.04129867128008074
zh_ja_015,language_specific_ja,language_specific_ja_003210,179286,0.0017055802495001657,0.04129867128008074
zh_ja_015,language_specific_ja,language_specific_ja_003467,217060,0.0017055802495001657,0.04129867128008074
zh_ja_015,language_specific_ja,language_specific_ja_003907,122463,0.0017055802495001657,0.04129867128008074
zh_ja_015,language_specific_ja,language_specific_ja_004064,2264571,0.0017055802495001657,0.04129867128008074
zh_ja_015,language_specific_ja,language_specific_ja_004192,147198,0.0017055802495001657,0.04129867128008074
zh_ja_015,language_specific_ja,language_specific_ja_004418,483327,0.0017055802495001657,0.04129867128008074
zh_ja_015,language_specific_ja,language_specific_ja_005027,9834942,0.0017055802495001657,0.04129867128008074
zh_ja_015,language_specific_ja,language_specific_ja_005067,97250,0.0017055802495001657,0.04129867128008074
zh_ja_015,language_specific_ja,language_specific_ja_005368,10952390,0.0017055802495001657,0.04129867128008074
zh_ja_015,language_specific_ja,language_specific_ja_000173,235725,0.0030321426657780267,0.05506489504010724
zh_ja_015,language_specific_ja,language_specific_ja_000536,99040,0.0030321426657780267,0.05506489504010724
zh_ja_015,language_specific_ja,language_specific_ja_001141,10227774,0.0030321426657780267,0.05506489504010724
zh_ja_015,language_specific_ja,language_specific_ja_002144,10901569,0.0030321426657780267,0.05506489504010724
zh_ja_015,language_specific_ja,language_specific_ja_002615,9533434,0.0030321426657780267,0.05506489504010724
zh_ja_015,language_specific_ja,language_specific_ja_002637,76852,0.0030321426657780267,0.05506489504010724
zh_ja_015,language_specific_ja,language_specific_ja_004900,909141,0.0030321426657780267,0.05506489504010724
zh_ja_015,language_specific_ja,language_specific_ja_004966,174155,0.0030321426657780267,0.05506489504010724
zh_ja_015,language_specific_ja,language_specific_ja_005238,1772636,0.0030321426657780267,0.05506489504010724
zh_ja_015,language_specific_ja,language_specific_ja_000896,216883,0.004737722915278126,0.06883111880013375
zh_ja_015,language_specific_ja,language_specific_ja_004380,99386,0.004737722915278126,0.06883111880013375
zh_ja_015,language_specific_ja,language_specific_ja_005564,10990441,0.004737722915278126,0.06883111880013375
zh_ja_015,language_specific_ja,language_specific_ja_005710,190505,0.004737722915278126,0.06883111880013375
zh_ja_015,language_specific_ja,language_specific_ja_005919,137814,0.004737722915278126,0.06883111880013375
zh_ja_015,language_specific_ja,language_specific_ja_000978,93713,0.006822320998000461,0.08259734256016026
zh_ja_015,language_specific_ja,language_specific_ja_002145,185709,0.006822320998000461,0.08259734256016026
zh_ja_015,language_specific_ja,language_specific_ja_004710,105222,0.006822320998000461,0.08259734256016026
zh_ja_015,language_specific_ja,language_specific_ja_005628,99493,0.006822320998000461,0.08259734256016026
zh_ja_015,language_specific_ja,language_specific_ja_005923,13967062,0.006822320998000461,0.08259734256016026
zh_ja_015,language_specific_ja,language_specific_ja_007137,8210828,0.006822320998000461,0.08259734256016026
zh_ja_015,language_specific_ja,language_specific_ja_000995,180578,0.006822320998000663,0.08259734256016148
zh_ja_015,language_specific_ja,language_specific_ja_000276,79028,0.009285936913945268,0.09636356632018798
zh_ja_015,language_specific_ja,language_specific_ja_000411,3552071,0.009285936913945268,0.09636356632018798
zh_ja_015,language_specific_ja,language_specific_ja_000422,1621929,0.009285936913945268,0.09636356632018798
zh_ja_015,language_specific_ja,language_specific_ja_001678,205880,0.009285936913945268,0.09636356632018798
zh_ja_015,language_specific_ja,language_specific_ja_002188,162517,0.009285936913945268,0.09636356632018798
zh_ja_015,language_specific_ja,language_specific_ja_002601,8858196,0.009285936913945268,0.09636356632018798
zh_ja_015,language_specific_ja,language_specific_ja_003657,138391,0.009285936913945268,0.09636356632018798
zh_ja_015,language_specific_ja,language_specific_ja_005151,10724022,0.009285936913945268,0.09636356632018798
zh_ja_015,language_specific_ja,language_specific_ja_000471,2207450,0.012128570663112107,0.11012979008021448
zh_ja_015,language_specific_ja,language_specific_ja_000852,123906,0.012128570663112107,0.11012979008021448
zh_ja_015,language_specific_ja,language_specific_ja_000954,8532771,0.012128570663112107,0.11012979008021448
zh_ja_015,language_specific_ja,language_specific_ja_001570,125153,0.012128570663112107,0.11012979008021448
zh_ja_015,language_specific_ja,language_specific_ja_002617,86004,0.012128570663112107,0.11012979008021448
zh_ja_015,language_specific_ja,language_specific_ja_002749,3456485,0.012128570663112107,0.11012979008021448
zh_ja_015,language_specific_ja,language_specific_ja_003182,196658,0.012128570663112107,0.11012979008021448
zh_ja_015,language_specific_ja,language_specific_ja_003811,150196,0.012128570663112107,0.11012979008021448
zh_ja_015,language_specific_ja,language_specific_ja_004646,10899584,0.012128570663112107,0.11012979008021448
zh_ja_015,language_specific_ja,language_specific_ja_004777,8691397,0.012128570663112107,0.11012979008021448
zh_ja_015,language_specific_ja,language_specific_ja_000044,190581,0.015350222245501186,0.12389601384024099
zh_ja_015,language_specific_ja,language_specific_ja_001751,144869,0.015350222245501186,0.12389601384024099
zh_ja_015,language_specific_ja,language_specific_ja_002705,84144,0.015350222245501186,0.12389601384024099
zh_ja_015,language_specific_ja,language_specific_ja_003126,174280,0.015350222245501186,0.12389601384024099
zh_ja_015,language_specific_ja,language_specific_ja_003195,221166,0.015350222245501186,0.12389601384024099
zh_ja_015,language_specific_ja,language_specific_ja_003797,109088,0.015350222245501186,0.12389601384024099
zh_ja_015,language_specific_ja,language_specific_ja_004106,157804,0.015350222245501186,0.12389601384024099
zh_ja_015,language_specific_ja,language_specific_ja_004285,347578,0.015350222245501186,0.12389601384024099
zh_ja_015,language_specific_ja,language_specific_ja_004307,162459,0.015350222245501186,0.12389601384024099
zh_ja_015,language_specific_ja,language_specific_ja_004389,8905449,0.015350222245501186,0.12389601384024099
zh_ja_015,language_specific_ja,language_specific_ja_004628,103940,0.015350222245501186,0.12389601384024099
zh_ja_015,language_specific_ja,language_specific_ja_004934,210733,0.015350222245501186,0.12389601384024099
zh_ja_015,language_specific_ja,language_specific_ja_000979,174389,0.018950891661112503,0.1376622376002675
zh_ja_015,language_specific_ja,language_specific_ja_001609,88717,0.018950891661112503,0.1376622376002675
zh_ja_015,language_specific_ja,language_specific_ja_003956,191017,0.018950891661112503,0.1376622376002675
zh_ja_015,language_specific_ja,language_specific_ja_000112,11357841,0.01895089166111284,0.13766223760026872
zh_ja_015,language_specific_ja,language_specific_ja_000815,77473,0.01895089166111284,0.13766223760026872
zh_ja_015,language_specific_ja,language_specific_ja_001638,168881,0.01895089166111284,0.13766223760026872
zh_ja_015,language_specific_ja,language_specific_ja_002813,96791,0.01895089166111284,0.13766223760026872
zh_ja_015,language_specific_ja,language_specific_ja_002902,150479,0.01895089166111284,0.13766223760026872
zh_ja_015,language_specific_ja,language_specific_ja_003235,10303897,0.01895089166111284,0.13766223760026872
zh_ja_015,language_specific_ja,language_specific_ja_004516,7432612,0.01895089166111284,0.13766223760026872
zh_ja_015,language_specific_ja,language_specific_ja_005947,163915,0.01895089166111284,0.13766223760026872
zh_ja_015,language_specific_ja,language_specific_ja_006252,12324543,0.01895089166111284,0.13766223760026872
zh_ja_015,language_specific_ja,language_specific_ja_000632,11957948,0.022930578909946424,0.15142846136029522
zh_ja_015,language_specific_ja,language_specific_ja_001975,97181,0.022930578909946424,0.15142846136029522
zh_ja_015,language_specific_ja,language_specific_ja_001986,103553,0.022930578909946424,0.15142846136029522
zh_ja_019,language_specific_ja,language_specific_ja_000167,11005036,0.0,0.0
zh_ja_019,language_specific_ja,language_specific_ja_001402,11505798,0.0,0.0
zh_ja_019,language_specific_ja,language_specific_ja_001806,9668046,0.0,0.0
zh_ja_019,language_specific_ja,language_specific_ja_003309,504447,0.0,0.0
zh_ja_019,language_specific_ja,language_specific_ja_003978,2124160,0.0,0.0
zh_ja_019,language_specific_ja,language_specific_ja_004715,197879,0.0,0.0
zh_ja_019,language_specific_ja,language_specific_ja_004778,11013832,0.0,0.0
zh_ja_019,language_specific_ja,language_specific_ja_004802,137613,0.0,0.0
zh_ja_019,language_specific_ja,language_specific_ja_005576,217952,0.0,0.0
zh_ja_019,language_specific_ja,language_specific_ja_005733,237563,0.0,0.0
zh_ja_019,language_specific_ja,language_specific_ja_006413,2478099,0.0,0.0
zh_ja_019,language_specific_ja,language_specific_ja_006503,176535,0.0,0.0
zh_ja_019,language_specific_ja,language_specific_ja_007518,1006042,0.0,0.0
zh_ja_019,language_specific_ja,language_specific_ja_007689,103520,0.0,0.0
zh_ja_019,language_specific_ja,language_specific_ja_001031,12462290,0.00018950891661111827,0.013766223760026505
zh_ja_019,language_specific_ja,language_specific_ja_001130,162683,0.00018950891661111827,0.013766223760026505
zh_ja_019,language_specific_ja,language_specific_ja_001146,76180,0.00018950891661111827,0.013766223760026505
zh_ja_019,language_specific_ja,language_specific_ja_001553,228579,0.00018950891661111827,0.013766223760026505
zh_ja_019,language_specific_ja,language_specific_ja_001571,126868,0.00018950891661111827,0.013766223760026505
zh_ja_019,language_specific_ja,language_specific_ja_003740,13065995,0.00018950891661111827,0.013766223760026505
zh_ja_019,language_specific_ja,language_specific_ja_003810,11056546,0.00018950891661111827,0.013766223760026505
zh_ja_019,language_specific_ja,language_specific_ja_004065,10125518,0.00018950891661111827,0.013766223760026505
zh_ja_019,language_specific_ja,language_specific_ja_005690,10526953,0.00018950891661111827,0.013766223760026505
zh_ja_019,language_specific_ja,language_specific_ja_007008,214669,0.00018950891661111827,0.013766223760026505
zh_ja_019,language_specific_ja,language_specific_ja_007158,233031,0.00018950891661111827,0.013766223760026505
zh_ja_019,language_specific_ja,language_specific_ja_000646,117889,0.00018950891661113513,0.013766223760027117
zh_ja_019,language_specific_ja,language_specific_ja_000716,85453,0.00018950891661113513,0.013766223760027117
zh_ja_019,language_specific_ja,language_specific_ja_001993,10651381,0.00018950891661113513,0.013766223760027117
zh_ja_019,language_specific_ja,language_specific_ja_002310,97351,0.00018950891661113513,0.013766223760027117
zh_ja_019,language_specific_ja,language_specific_ja_003520,185082,0.00018950891661113513,0.013766223760027117
zh_ja_019,language_specific_ja,language_specific_ja_003728,230055,0.00018950891661113513,0.013766223760027117
zh_ja_019,language_specific_ja,language_specific_ja_004114,81050,0.00018950891661113513,0.013766223760027117
zh_ja_019,language_specific_ja,language_specific_ja_006228,105791,0.00018950891661113513,0.013766223760027117
zh_ja_019,language_specific_ja,language_specific_ja_007131,157618,0.00018950891661113513,0.013766223760027117
zh_ja_019,language_specific_ja,language_specific_ja_007383,217035,0.00018950891661113513,0.013766223760027117
zh_ja_019,language_specific_ja,language_specific_ja_007517,10138214,0.00018950891661113513,0.013766223760027117
zh_ja_019,language_specific_ja,language_specific_ja_000313,228173,0.0007580356664445067,0.02753244752005362
zh_ja_019,language_specific_ja,language_specific_ja_000332,125338,0.0007580356664445067,0.02753244752005362
zh_ja_019,language_specific_ja,language_specific_ja_000465,106821,0.0007580356664445067,0.02753244752005362
zh_ja_019,language_specific_ja,language_specific_ja_000859,11016727,0.0007580356664445067,0.02753244752005362
zh_ja_019,language_specific_ja,language_specific_ja_001172,154313,0.0007580356664445067,0.02753244752005362
zh_ja_019,language_specific_ja,language_specific_ja_001487,11327637,0.0007580356664445067,0.02753244752005362
zh_ja_019,language_specific_ja,language_specific_ja_001535,192025,0.0007580356664445067,0.02753244752005362
zh_ja_019,language_specific_ja,language_specific_ja_001706,1114330,0.0007580356664445067,0.02753244752005362
zh_ja_019,language_specific_ja,language_specific_ja_001961,76589,0.0007580356664445067,0.02753244752005362
zh_ja_019,language_specific_ja,language_specific_ja_002298,106491,0.0007580356664445067,0.02753244752005362
zh_ja_019,language_specific_ja,language_specific_ja_002303,228115,0.0007580356664445067,0.02753244752005362
zh_ja_019,language_specific_ja,language_specific_ja_002718,175803,0.0007580356664445067,0.02753244752005362
zh_ja_019,language_specific_ja,language_specific_ja_002820,11484023,0.0007580356664445067,0.02753244752005362
zh_ja_019,language_specific_ja,language_specific_ja_003409,2518672,0.0007580356664445067,0.02753244752005362
zh_ja_019,language_specific_ja,language_specific_ja_003411,109551,0.0007580356664445067,0.02753244752005362
zh_ja_019,language_specific_ja,language_specific_ja_003632,175962,0.0007580356664445067,0.02753244752005362
zh_ja_019,language_specific_ja,language_specific_ja_004194,184552,0.0007580356664445067,0.02753244752005362
zh_ja_019,language_specific_ja,language_specific_ja_004399,205083,0.0007580356664445067,0.02753244752005362
zh_ja_019,language_specific_ja,language_specific_ja_004643,107684,0.0007580356664445067,0.02753244752005362
zh_ja_019,language_specific_ja,language_specific_ja_004816,405473,0.0007580356664445067,0.02753244752005362
zh_ja_019,language_specific_ja,language_specific_ja_005370,10172633,0.0007580356664445067,0.02753244752005362
zh_ja_019,language_specific_ja,language_specific_ja_005749,147972,0.0007580356664445067,0.02753244752005362
zh_ja_019,language_specific_ja,language_specific_ja_005836,76419,0.0007580356664445067,0.02753244752005362
zh_ja_019,language_specific_ja,language_specific_ja_005960,138514,0.0007580356664445067,0.02753244752005362
zh_ja_019,language_specific_ja,language_specific_ja_006594,4757215,0.0007580356664445067,0.02753244752005362
zh_ja_019,language_specific_ja,language_specific_ja_006758,125014,0.0007580356664445067,0.02753244752005362
zh_ja_019,language_specific_ja,language_specific_ja_006763,11007628,0.0007580356664445067,0.02753244752005362
zh_ja_019,language_specific_ja,language_specific_ja_007762,2245135,0.0007580356664445067,0.02753244752005362
zh_ja_019,language_specific_ja,language_specific_ja_001366,8832053,0.0017055802495001152,0.04129867128008013
zh_ja_019,language_specific_ja,language_specific_ja_001931,2706339,0.0017055802495001152,0.04129867128008013
zh_ja_019,language_specific_ja,language_specific_ja_001954,3465001,0.0017055802495001152,0.04129867128008013
zh_ja_019,language_specific_ja,language_specific_ja_004161,210807,0.0017055802495001152,0.04129867128008013
zh_ja_019,language_specific_ja,language_specific_ja_004719,13065863,0.0017055802495001152,0.04129867128008013
zh_ja_019,language_specific_ja,language_specific_ja_005862,11212002,0.0017055802495001152,0.04129867128008013
zh_ja_019,language_specific_ja,language_specific_ja_006114,3568553,0.0017055802495001152,0.04129867128008013
zh_ja_019,language_specific_ja,language_specific_ja_007262,9665656,0.0017055802495001152,0.04129867128008013
zh_ja_019,language_specific_ja,language_specific_ja_007363,9974580,0.0017055802495001152,0.04129867128008013
zh_ja_019,language_specific_ja,language_specific_ja_002235,153630,0.0017055802495001657,0.04129867128008074
zh_ja_019,language_specific_ja,language_specific_ja_002304,185615,0.0017055802495001657,0.04129867128008074
zh_ja_019,language_specific_ja,language_specific_ja_003058,12957400,0.0017055802495001657,0.04129867128008074
zh_ja_019,language_specific_ja,language_specific_ja_003220,87215,0.0017055802495001657,0.04129867128008074
zh_ja_019,language_specific_ja,language_specific_ja_003750,220219,0.0017055802495001657,0.04129867128008074
zh_ja_019,language_specific_ja,language_specific_ja_004030,98171,0.0017055802495001657,0.04129867128008074
zh_ja_019,language_specific_ja,language_specific_ja_005446,104771,0.0017055802495001657,0.04129867128008074
zh_ja_019,language_specific_ja,language_specific_ja_006856,123599,0.0017055802495001657,0.04129867128008074
zh_ja_019,language_specific_ja,language_specific_ja_007090,2597745,0.0017055802495001657,0.04129867128008074
zh_ja_019,language_specific_ja,language_specific_ja_007109,75275,0.0017055802495001657,0.04129867128008074
zh_ja_019,language_specific_ja,language_specific_ja_000084,182876,0.0030321426657780267,0.05506489504010724
zh_ja_019,language_specific_ja,language_specific_ja_000608,141438,0.0030321426657780267,0.05506489504010724
zh_ja_019,language_specific_ja,language_specific_ja_000636,145978,0.0030321426657780267,0.05506489504010724
zh_ja_019,language_specific_ja,language_specific_ja_001425,141362,0.0030321426657780267,0.05506489504010724
zh_ja_019,language_specific_ja,language_specific_ja_001704,1180395,0.0030321426657780267,0.05506489504010724
zh_ja_019,language_specific_ja,language_specific_ja_002125,123216,0.0030321426657780267,0.05506489504010724
zh_ja_019,language_specific_ja,language_specific_ja_002233,120375,0.0030321426657780267,0.05506489504010724
zh_ja_019,language_specific_ja,language_specific_ja_002355,118692,0.0030321426657780267,0.05506489504010724
zh_ja_019,language_specific_ja,language_specific_ja_003367,78510,0.0030321426657780267,0.05506489504010724
zh_ja_019,language_specific_ja,language_specific_ja_003474,13715820,0.0030321426657780267,0.05506489504010724
zh_ja_019,language_specific_ja,language_specific_ja_003528,8224990,0.0030321426657780267,0.05506489504010724
zh_ja_019,language_specific_ja,language_specific_ja_003972,190836,0.0030321426657780267,0.05506489504010724
zh_ja_019,language_specific_ja,language_specific_ja_004720,12370689,0.0030321426657780267,0.05506489504010724
zh_ja_019,language_specific_ja,language_specific_ja_005083,75422,0.0030321426657780267,0.05506489504010724
zh_ja_019,language_specific_ja,language_specific_ja_005775,137048,0.0030321426657780267,0.05506489504010724
zh_ja_019,language_specific_ja,language_specific_ja_005865,11724535,0.0030321426657780267,0.05506489504010724
zh_ja_019,language_specific_ja,language_specific_ja_006045,182457,0.0030321426657780267,0.05506489504010724
zh_ja_020,language_specific_ja,language_specific_ja_000464,192933,0.0,0.0
zh_ja_020,language_specific_ja,language_specific_ja_000583,204756,0.0,0.0
zh_ja_020,language_specific_ja,language_specific_ja_000717,2718473,0.0,0.0
zh_ja_020,language_specific_ja,language_specific_ja_000848,2469381,0.0,0.0
zh_ja_020,language_specific_ja,language_specific_ja_001286,110399,0.0,0.0
zh_ja_020,language_specific_ja,language_specific_ja_001576,11841689,0.0,0.0
zh_ja_020,language_specific_ja,language_specific_ja_001953,126901,0.0,0.0
zh_ja_020,language_specific_ja,language_specific_ja_002308,96084,0.0,0.0
zh_ja_020,language_specific_ja,language_specific_ja_002937,216910,0.0,0.0
zh_ja_020,language_specific_ja,language_specific_ja_004332,235833,0.0,0.0
zh_ja_020,language_specific_ja,language_specific_ja_004660,213859,0.0,0.0
zh_ja_020,language_specific_ja,language_specific_ja_005169,2302578,0.0,0.0
zh_ja_020,language_specific_ja,language_specific_ja_006376,126017,0.0,0.0
zh_ja_020,language_specific_ja,language_specific_ja_006822,185153,0.0,0.0
zh_ja_020,language_specific_ja,language_specific_ja_007808,141245,0.0,0.0
zh_ja_020,language_specific_ja,language_specific_ja_000466,1212275,0.00018950891661111827,0.013766223760026505
zh_ja_020,language_specific_ja,language_specific_ja_002399,10014581,0.00018950891661111827,0.013766223760026505
zh_ja_020,language_specific_ja,language_specific_ja_002520,11013938,0.00018950891661111827,0.013766223760026505
zh_ja_020,language_specific_ja,language_specific_ja_002558,2245162,0.00018950891661111827,0.013766223760026505
zh_ja_020,language_specific_ja,language_specific_ja_002613,160499,0.00018950891661111827,0.013766223760026505
zh_ja_020,language_specific_ja,language_specific_ja_002881,79184,0.00018950891661111827,0.013766223760026505
zh_ja_020,language_specific_ja,language_specific_ja_003801,1144759,0.00018950891661111827,0.013766223760026505
zh_ja_020,language_specific_ja,language_specific_ja_003893,142790,0.00018950891661111827,0.013766223760026505
zh_ja_020,language_specific_ja,language_specific_ja_004903,11572887,0.00018950891661111827,0.013766223760026505
zh_ja_020,language_specific_ja,language_specific_ja_005033,77708,0.00018950891661111827,0.013766223760026505
zh_ja_020,language_specific_ja,language_specific_ja_005612,213413,0.00018950891661111827,0.013766223760026505
zh_ja_020,language_specific_ja,language_specific_ja_005620,76199,0.00018950891661111827,0.013766223760026505
zh_ja_020,language_specific_ja,language_specific_ja_005624,12422306,0.00018950891661111827,0.013766223760026505
zh_ja_020,language_specific_ja,language_specific_ja_005683,11761197,0.00018950891661111827,0.013766223760026505
zh_ja_020,language_specific_ja,language_specific_ja_005880,11483522,0.00018950891661111827,0.013766223760026505
zh_ja_020,language_specific_ja,language_specific_ja_006662,10181952,0.00018950891661111827,0.013766223760026505
zh_ja_020,language_specific_ja,language_specific_ja_006767,101564,0.00018950891661111827,0.013766223760026505
zh_ja_020,language_specific_ja,language_specific_ja_001481,79036,0.00018950891661113513,0.013766223760027117
zh_ja_020,language_specific_ja,language_specific_ja_001893,13492136,0.00018950891661113513,0.013766223760027117
zh_ja_020,language_specific_ja,language_specific_ja_003688,1697931,0.00018950891661113513,0.013766223760027117
zh_ja_020,language_specific_ja,language_specific_ja_004051,124139,0.00018950891661113513,0.013766223760027117
zh_ja_020,language_specific_ja,language_specific_ja_004092,8210846,0.00018950891661113513,0.013766223760027117
zh_ja_020,language_specific_ja,language_specific_ja_004300,13146769,0.00018950891661113513,0.013766223760027117
zh_ja_020,language_specific_ja,language_specific_ja_004616,103171,0.00018950891661113513,0.013766223760027117
zh_ja_020,language_specific_ja,language_specific_ja_005130,2436265,0.00018950891661113513,0.013766223760027117
zh_ja_020,language_specific_ja,language_specific_ja_005787,144700,0.00018950891661113513,0.013766223760027117
zh_ja_020,language_specific_ja,language_specific_ja_005997,83460,0.00018950891661113513,0.013766223760027117
zh_ja_020,language_specific_ja,language_specific_ja_006412,11001299,0.00018950891661113513,0.013766223760027117
zh_ja_020,language_specific_ja,language_specific_ja_006475,123165,0.00018950891661113513,0.013766223760027117
zh_ja_020,language_specific_ja,language_specific_ja_007081,13146793,0.00018950891661113513,0.013766223760027117
zh_ja_020,language_specific_ja,language_specific_ja_007244,11095510,0.00018950891661113513,0.013766223760027117
zh_ja_020,language_specific_ja,language_specific_ja_007652,183785,0.00018950891661113513,0.013766223760027117
zh_ja_020,language_specific_ja,language_specific_ja_007845,1110574,0.00018950891661113513,0.013766223760027117
zh_ja_020,language_specific_ja,language_specific_ja_000043,2831761,0.0007580356664445067,0.02753244752005362
zh_ja_020,language_specific_ja,language_specific_ja_000105,10032335,0.0007580356664445067,0.02753244752005362
zh_ja_020,language_specific_ja,language_specific_ja_000410,10647202,0.0007580356664445067,0.02753244752005362
zh_ja_020,language_specific_ja,language_specific_ja_001019,9851705,0.0007580356664445067,0.02753244752005362
zh_ja_020,language_specific_ja,language_specific_ja_002375,10910695,0.0007580356664445067,0.02753244752005362
zh_ja_020,language_specific_ja,language_specific_ja_002940,4212795,0.0007580356664445067,0.02753244752005362
zh_ja_020,language_specific_ja,language_specific_ja_003059,137236,0.0007580356664445067,0.02753244752005362
zh_ja_020,language_specific_ja,language_specific_ja_003418,75875,0.0007580356664445067,0.02753244752005362
zh_ja_020,language_specific_ja,language_specific_ja_003539,142861,0.0007580356664445067,0.02753244752005362
zh_ja_020,language_specific_ja,language_specific_ja_004996,185750,0.0007580356664445067,0.02753244752005362
zh_ja_020,language_specific_ja,language_specific_ja_005155,6037266,0.0007580356664445067,0.02753244752005362
zh_ja_020,language_specific_ja,language_specific_ja_005277,82879,0.0007580356664445067,0.02753244752005362
zh_ja_020,language_specific_ja,language_specific_ja_005314,104742,0.0007580356664445067,0.02753244752005362
zh_ja_020,language_specific_ja,language_specific_ja_005444,628583,0.0007580356664445067,0.02753244752005362
zh_ja_020,language_specific_ja,language_specific_ja_005456,1503099,0.0007580356664445067,0.02753244752005362
zh_ja_020,language_specific_ja,language_specific_ja_005715,113810,0.0007580356664445067,0.02753244752005362
zh_ja_020,language_specific_ja,language_specific_ja_005967,2357046,0.0007580356664445067,0.02753244752005362
zh_ja_020,language_specific_ja,language_specific_ja_005972,78319,0.0007580356664445067,0.02753244752005362
zh_ja_020,language_specific_ja,language_specific_ja_006051,10680618,0.0007580356664445067,0.02753244752005362
zh_ja_020,language_specific_ja,language_specific_ja_006142,148230,0.0007580356664445067,0.02753244752005362
zh_ja_020,language_specific_ja,language_specific_ja_006595,866814,0.0007580356664445067,0.02753244752005362
zh_ja_020,language_specific_ja,language_specific_ja_006707,4292073,0.0007580356664445067,0.02753244752005362
zh_ja_020,language_specific_ja,language_specific_ja_006795,10979893,0.0007580356664445067,0.02753244752005362
zh_ja_020,language_specific_ja,language_specific_ja_006838,168389,0.0007580356664445067,0.02753244752005362
zh_ja_020,language_specific_ja,language_specific_ja_000022,96392,0.0017055802495001152,0.04129867128008013
zh_ja_020,language_specific_ja,language_specific_ja_000414,1715240,0.0017055802495001152,0.04129867128008013
zh_ja_020,language_specific_ja,language_specific_ja_000639,145304,0.0017055802495001152,0.04129867128008013
zh_ja_020,language_specific_ja,language_specific_ja_001780,197736,0.0017055802495001152,0.04129867128008013
zh_ja_020,language_specific_ja,language_specific_ja_002028,12047424,0.0017055802495001152,0.04129867128008013
zh_ja_020,language_specific_ja,language_specific_ja_002129,157161,0.0017055802495001152,0.04129867128008013
zh_ja_020,language_specific_ja,language_specific_ja_003687,9462416,0.0017055802495001152,0.04129867128008013
zh_ja_020,language_specific_ja,language_specific_ja_003746,99648,0.0017055802495001152,0.04129867128008013
zh_ja_020,language_specific_ja,language_specific_ja_005720,97519,0.0017055802495001152,0.04129867128008013
zh_ja_020,language_specific_ja,language_specific_ja_005969,105733,0.0017055802495001152,0.04129867128008013
zh_ja_020,language_specific_ja,language_specific_ja_006576,76775,0.0017055802495001152,0.04129867128008013
zh_ja_020,language_specific_ja,language_specific_ja_007185,168374,0.0017055802495001152,0.04129867128008013
zh_ja_020,language_specific_ja,language_specific_ja_007273,3452340,0.0017055802495001152,0.04129867128008013
zh_ja_020,language_specific_ja,language_specific_ja_000769,9837289,0.0017055802495001657,0.04129867128008074
zh_ja_020,language_specific_ja,language_specific_ja_000805,196647,0.0017055802495001657,0.04129867128008074
zh_ja_020,language_specific_ja,language_specific_ja_001018,3098461,0.0017055802495001657,0.04129867128008074
zh_ja_020,language_specific_ja,language_specific_ja_001376,108918,0.0017055802495001657,0.04129867128008074
zh_ja_020,language_specific_ja,language_specific_ja_001793,78896,0.0017055802495001657,0.04129867128008074
zh_ja_020,language_specific_ja,language_specific_ja_002063,545853,0.0017055802495001657,0.04129867128008074
zh_ja_020,language_specific_ja,language_specific_ja_003204,13056033,0.0017055802495001657,0.04129867128008074
zh_ja_020,language_specific_ja,language_specific_ja_003836,892990,0.0017055802495001657,0.04129867128008074
zh_ja_020,language_specific_ja,language_specific_ja_003870,206249,0.0017055802495001657,0.04129867128008074
zh_ja_020,language_specific_ja,language_specific_ja_005608,486591,0.0017055802495001657,0.04129867128008074
zh_ja_020,language_specific_ja,language_specific_ja_006096,142567,0.0017055802495001657,0.04129867128008074
zh_ja_020,language_specific_ja,language_specific_ja_006134,9930069,0.0017055802495001657,0.04129867128008074
zh_ja_020,language_specific_ja,language_specific_ja_007364,174491,0.0017055802495001657,0.04129867128008074
zh_ja_020,language_specific_ja,language_specific_ja_007446,121759,0.0017055802495001657,0.04129867128008074
zh_ja_020,language_specific_ja,language_specific_ja_007511,1638314,0.0017055802495001657,0.04129867128008074
zh_ja_021,language_specific_ja,language_specific_ja_007613,142067,0.0017055802495001657,0.04129867128008074
zh_ja_021,language_specific_ja,language_specific_ja_001633,13714051,0.06140088898200505,0.24779202768048258
zh_ja_021,language_specific_ja,language_specific_ja_006176,94971,0.06841271889661658,0.2615582514405091
zh_ja_021,language_specific_ja,language_specific_ja_007101,2409484,0.1281080276291212,0.3579218177606965
zh_ja_021,language_specific_ja,language_specific_ja_003913,145245,0.24560355592801958,0.49558405536096456
zh_ja_021,language_specific_ja,language_specific_ja_006743,13908962,0.3342937289020268,0.5781813979211254
zh_ja_021,language_specific_ja,language_specific_ja_000474,85830,0.45501090878331474,0.6745449642413134
zh_ja_021,language_specific_ja,language_specific_ja_003698,143066,0.45501090878331474,0.6745449642413134
zh_ja_021,language_specific_ja,language_specific_ja_000066,92159,0.49291269210553923,0.7020774117613664
zh_ja_021,language_specific_ja,language_specific_ja_005829,1130778,0.5124321105164857,0.7158436355213935
zh_ja_021,language_specific_ja,language_specific_ja_000244,9700935,0.6822320998000551,0.825973425601608
zh_ja_021,language_specific_ja,language_specific_ja_005339,148278,0.7051626787100008,0.8397396493616345
zh_ja_021,language_specific_ja,language_specific_ja_001210,226921,0.8762892304098487,0.9361032156818225
zh_ja_021,language_specific_ja,language_specific_ja_000802,100205,0.9285936913945196,0.9636356632018761
zh_ja_021,language_specific_ja,language_specific_ja_005562,1627090,1.0377508273625287,1.0187005582419835
zh_ja_021,language_specific_ja,language_specific_ja_002370,191018,1.0659876559375858,1.03246678200201
zh_ja_021,language_specific_ja,language_specific_ja_005319,173286,1.1235983665873683,1.0599992295220635
zh_ja_021,language_specific_ja,language_specific_ja_005148,157106,1.4343929898296157,1.1976614671223316
zh_ja_021,language_specific_ja,language_specific_ja_002961,10212587,1.5350222245501235,1.2389601384024118
zh_ja_021,language_specific_ja,language_specific_ja_005037,123898,1.5350222245501235,1.2389601384024118
zh_ja_021,language_specific_ja,language_specific_ja_003891,170867,1.5693233384567382,1.252726362162439
zh_ja_021,language_specific_ja,language_specific_ja_005647,154899,1.5693233384567382,1.252726362162439
zh_ja_021,language_specific_ja,language_specific_ja_000020,169395,1.6390626197696325,1.2802588096824925
zh_ja_021,language_specific_ja,language_specific_ja_003379,143660,1.6745007871759123,1.294025033442519
zh_ja_021,language_specific_ja,language_specific_ja_007449,123920,1.710317972415416,1.307791257202546
zh_ja_021,language_specific_ja,language_specific_ja_002622,11965943,1.7465141754881401,1.3215574809625725
zh_ja_021,language_specific_ja,language_specific_ja_005315,13056056,1.8950891661112639,1.37662237600268
zh_ja_021,language_specific_ja,language_specific_ja_000028,230868,1.9944106856356836,1.4121689618169182
zh_ja_021,language_specific_ja,language_specific_ja_006955,176472,2.0171517556290186,1.4121689618169182
zh_ja_021,language_specific_ja,language_specific_ja_006205,1016659,2.085943492358858,1.4121689618169182
zh_ja_021,language_specific_ja,language_specific_ja_004455,143668,2.1293221870426158,1.4592197185628406
zh_ja_021,language_specific_ja,language_specific_ja_000052,225285,2.176339245582365,1.4121689618169182
zh_ja_021,language_specific_ja,language_specific_ja_002376,137649,2.419839356207474,1.5555832848830287
zh_ja_021,language_specific_ja,language_specific_ja_004377,124837,2.419839356207474,1.5555832848830287
zh_ja_021,language_specific_ja,language_specific_ja_005549,208016,2.419839356207474,1.5555832848830287
zh_ja_021,language_specific_ja,language_specific_ja_003432,183146,2.4492320855023872,1.4121689618169182
zh_ja_021,language_specific_ja,language_specific_ja_001775,186918,2.4679934682468883,1.4121689618169182
zh_ja_021,language_specific_ja,language_specific_ja_002489,4794123,2.631729172198902,1.4121689618169182
zh_ja_021,language_specific_ja,language_specific_ja_002645,11021660,2.728928399200218,1.6519468512032154
zh_ja_021,language_specific_ja,language_specific_ja_000064,77327,2.913889101812678,1.7070117462433227
zh_ja_021,language_specific_ja,language_specific_ja_003038,4102611,2.976635400431152,1.4121689618169182
zh_ja_021,language_specific_ja,language_specific_ja_001237,220094,3.0565893160208573,1.7483104175234034
zh_ja_021,language_specific_ja,language_specific_ja_001565,143450,3.104914089756693,1.76207664128343
zh_ja_021,language_specific_ja,language_specific_ja_001243,104198,3.3020033630322643,1.817141536323537
zh_ja_021,language_specific_ja,language_specific_ja_002387,191525,3.3020033630322643,1.817141536323537
zh_ja_021,language_specific_ja,language_specific_ja_001976,122473,3.4028221066693862,1.8446739838435913
zh_ja_021,language_specific_ja,language_specific_ja_000890,11049590,3.4538000052377784,1.858440207603618
zh_ja_021,language_specific_ja,language_specific_ja_004593,10668559,3.5051569216393923,1.8722064313636444
zh_ja_021,language_specific_ja,language_specific_ja_001387,170250,3.661501777843573,1.913505102643725
zh_ja_021,language_specific_ja,language_specific_ja_003241,201011,3.661501777843573,1.913505102643725
zh_ja_021,language_specific_ja,language_specific_ja_001046,11685626,3.767626771145802,1.9410375501637782
zh_ja_021,language_specific_ja,language_specific_ja_007405,10760327,3.768420659705673,1.9410467856389315
zh_ja_021,language_specific_ja,language_specific_ja_001601,162625,3.7706947667050064,1.9410467856389315
zh_ja_021,language_specific_ja,language_specific_ja_002505,148529,3.7905932029491747,1.9410467856389315
zh_ja_021,language_specific_ja,language_specific_ja_006154,10483247,3.7949519080312304,1.9410467856389315
zh_ja_021,language_specific_ja,language_specific_ja_006163,184623,3.8103021302767317,1.9410467856389315
zh_ja_021,language_specific_ja,language_specific_ja_000888,75300,3.8360753429358447,1.9410467856389315
zh_ja_021,language_specific_ja,language_specific_ja_005293,122414,3.875267835780924,1.9685699976838325
zh_ja_021,language_specific_ja,language_specific_ja_006232,121587,3.8861056969211822,1.9410467856389315
zh_ja_021,language_specific_ja,language_specific_ja_005614,705390,3.929656894848316,1.982336221443859
zh_ja_021,language_specific_ja,language_specific_ja_005893,84970,3.929656894848316,1.982336221443859
zh_ja_021,language_specific_ja,language_specific_ja_007463,8882135,3.961719754649022,1.9410467856389315
zh_ja_021,language_specific_ja,language_specific_ja_004413,230125,4.02710033087986,1.9410467856389315
zh_ja_021,language_specific_ja,language_specific_ja_002269,183969,4.039572066482772,2.009868668963913
zh_ja_021,language_specific_ja,language_specific_ja_005986,184907,4.039572066482772,2.009868668963913
zh_ja_021,language_specific_ja,language_specific_ja_000836,10165674,4.043949618785016,1.431687271042787
zh_ja_021,language_specific_ja,language_specific_ja_000893,5164,4.151003309450111,2.037401116483966
zh_ja_021,language_specific_ja,language_specific_ja_006587,1678485,4.151418180176759,1.9410467856389315
zh_ja_021,language_specific_ja,language_specific_ja_000317,13056009,4.163908762999859,1.4729859423228677
zh_ja_021,language_specific_ja,language_specific_ja_003060,170236,4.241434915567044,1.9410467856389315
zh_ja_021,language_specific_ja,language_specific_ja_000385,229631,4.245776614975866,1.5005183898429215
zh_ja_021,language_specific_ja,language_specific_ja_000930,101658,4.263950623750345,2.0649335640040203
zh_ja_021,language_specific_ja,language_specific_ja_002088,10790048,4.287279067713702,1.514284613602948
zh_ja_021,language_specific_ja,language_specific_ja_003084,218421,4.287279067713702,1.514284613602948
zh_ja_021,language_specific_ja,language_specific_ja_005599,216888,4.299993170799882,1.9410467856389315
zh_ja_021,language_specific_ja,language_specific_ja_004604,116474,4.320992807650293,2.0786997877640467
zh_ja_021,language_specific_ja,language_specific_ja_005313,11027830,4.4273431627625595,1.9410467856389315
zh_ja_021,language_specific_ja,language_specific_ja_003549,140240,4.436214228949855,2.1062322352840996
zh_ja_021,language_specific_ja,language_specific_ja_005171,11029715,4.436214228949855,2.1062322352840996
zh_ja_021,language_specific_ja,language_specific_ja_005700,137846,4.436214228949855,2.1062322352840996
zh_ja_021,language_specific_ja,language_specific_ja_006138,149751,4.436214228949855,2.1062322352840996
zh_ja_021,language_specific_ja,language_specific_ja_003209,81052,4.4728253027492295,1.9410467856389315
zh_ja_021,language_specific_ja,language_specific_ja_004543,11056608,4.4728253027492295,1.9410467856389315
zh_ja_021,language_specific_ja,language_specific_ja_000395,10899823,4.494393466349475,2.1199984590441274
zh_ja_021,language_specific_ja,language_specific_ja_000784,153808,4.552951721582311,2.133764682804154
zh_ja_021,language_specific_ja,language_specific_ja_000884,204909,4.552951721582311,2.133764682804154
zh_ja_021,language_specific_ja,language_specific_ja_005284,204899,4.552951721582311,2.133764682804154
zh_ja_021,language_specific_ja,language_specific_ja_006121,218480,4.552951721582311,2.133764682804154
zh_ja_021,language_specific_ja,language_specific_ja_001835,137151,4.593163464797295,1.9410467856389315
zh_ja_021,language_specific_ja,language_specific_ja_001388,140609,4.696256315433748,1.9410467856389315
zh_ja_021,language_specific_ja,language_specific_ja_003922,197600,4.730900594280162,2.175063354084235
zh_ja_021,language_specific_ja,language_specific_ja_001461,13146871,4.777555640659921,1.9410467856389315
zh_ja_021,language_specific_ja,language_specific_ja_002936,993655,4.777555640659921,1.9410467856389315
zh_ja_021,language_specific_ja,language_specific_ja_002411,102510,4.790974920845888,2.1888295778442615
zh_ja_021,language_specific_ja,language_specific_ja_004927,13479139,4.790974920845888,2.1888295778442615
zh_ja_021,language_specific_ja,language_specific_ja_004968,146891,4.790974920845888,2.1888295778442615
zh_ja_021,language_specific_ja,language_specific_ja_005054,212597,4.790974920845888,2.1888295778442615
zh_ja_021,language_specific_ja,language_specific_ja_005653,219826,4.790974920845888,2.1888295778442615
zh_ja_021,language_specific_ja,language_specific_ja_000148,120635,4.833650279976814,1.9410467856389315
zh_ja_021,language_specific_ja,language_specific_ja_002687,168190,4.833650279976814,1.9410467856389315
zh_ja_022,language_specific_ja,language_specific_ja_002376,137649,0.00018950891661111827,0.013766223760026505
zh_ja_022,language_specific_ja,language_specific_ja_004377,124837,0.00018950891661111827,0.013766223760026505
zh_ja_022,language_specific_ja,language_specific_ja_005549,208016,0.00018950891661111827,0.013766223760026505
zh_ja_022,language_specific_ja,language_specific_ja_002645,11021660,0.006822320998000461,0.08259734256016026
zh_ja_022,language_specific_ja,language_specific_ja_004455,143668,0.012128570663112107,0.11012979008021448
zh_ja_022,language_specific_ja,language_specific_ja_000064,77327,0.018950891661112503,0.1376622376002675
zh_ja_022,language_specific_ja,language_specific_ja_001237,220094,0.0320270069072803,0.17896090888034824
zh_ja_022,language_specific_ja,language_specific_ja_001565,143450,0.037143747655780594,0.19272713264037472
zh_ja_022,language_specific_ja,language_specific_ja_005315,13056056,0.03714374765578084,0.19272713264037536
zh_ja_022,language_specific_ja,language_specific_ja_001243,104198,0.06140088898200474,0.24779202768048197
zh_ja_022,language_specific_ja,language_specific_ja_002387,191525,0.06140088898200474,0.24779202768048197
zh_ja_022,language_specific_ja,language_specific_ja_002622,11965943,0.06140088898200505,0.24779202768048258
zh_ja_022,language_specific_ja,language_specific_ja_007449,123920,0.06841271889661658,0.2615582514405091
zh_ja_022,language_specific_ja,language_specific_ja_001976,122473,0.07580356664445068,0.2753244752005362
zh_ja_022,language_specific_ja,language_specific_ja_003379,143660,0.07580356664445068,0.2753244752005362
zh_ja_022,language_specific_ja,language_specific_ja_000020,169395,0.0835734322255067,0.2890906989605627
zh_ja_022,language_specific_ja,language_specific_ja_000890,11049590,0.0835734322255067,0.2890906989605627
zh_ja_022,language_specific_ja,language_specific_ja_004593,10668559,0.09172231563978496,0.30285692272058923
zh_ja_022,language_specific_ja,language_specific_ja_003891,170867,0.10025021688728583,0.31662314648061635
zh_ja_022,language_specific_ja,language_specific_ja_005647,154899,0.10025021688728583,0.31662314648061635
zh_ja_022,language_specific_ja,language_specific_ja_002961,10212587,0.10915713596800898,0.33038937024064347
zh_ja_022,language_specific_ja,language_specific_ja_005037,123898,0.10915713596800898,0.33038937024064347
zh_ja_022,language_specific_ja,language_specific_ja_001387,170250,0.11844307288195399,0.34415559400067
zh_ja_022,language_specific_ja,language_specific_ja_003241,201011,0.11844307288195399,0.34415559400067
zh_ja_022,language_specific_ja,language_specific_ja_001046,11685626,0.13815200020951068,0.371688041520723
zh_ja_022,language_specific_ja,language_specific_ja_005148,157106,0.13815200020951116,0.3716880415207236
zh_ja_022,language_specific_ja,language_specific_ja_005293,122414,0.1593769988699573,0.39922048904077717
zh_ja_022,language_specific_ja,language_specific_ja_005614,705390,0.17055802495001351,0.4129867128008037
zh_ja_022,language_specific_ja,language_specific_ja_005893,84970,0.17055802495001351,0.4129867128008037
zh_ja_022,language_specific_ja,language_specific_ja_002269,183969,0.1940571306097937,0.4405191603208579
zh_ja_022,language_specific_ja,language_specific_ja_005986,184907,0.1940571306097937,0.4405191603208579
zh_ja_022,language_specific_ja,language_specific_ja_000893,5164,0.21907230760246188,0.46805160784091093
zh_ja_022,language_specific_ja,language_specific_ja_000930,101658,0.2456035559280202,0.49558405536096517
zh_ja_022,language_specific_ja,language_specific_ja_004604,116474,0.25943770684063217,0.5093502791209917
zh_ja_022,language_specific_ja,language_specific_ja_005319,173286,0.25943770684063217,0.5093502791209917
zh_ja_022,language_specific_ja,language_specific_ja_003549,140240,0.28824306216552265,0.5368827266410446
zh_ja_022,language_specific_ja,language_specific_ja_005171,11029715,0.28824306216552265,0.5368827266410446
zh_ja_022,language_specific_ja,language_specific_ja_005700,137846,0.28824306216552265,0.5368827266410446
zh_ja_022,language_specific_ja,language_specific_ja_006138,149751,0.28824306216552265,0.5368827266410446
zh_ja_022,language_specific_ja,language_specific_ja_002370,191018,0.28824306216552337,0.5368827266410453
zh_ja_022,language_specific_ja,language_specific_ja_005562,1627090,0.303214266577802,0.5506489504010718
zh_ja_022,language_specific_ja,language_specific_ja_000395,10899823,0.3032142665778027,0.5506489504010724
zh_ja_022,language_specific_ja,language_specific_ja_000784,153808,0.31856448882330357,0.5644151741610989
zh_ja_022,language_specific_ja,language_specific_ja_000884,204909,0.31856448882330357,0.5644151741610989
zh_ja_022,language_specific_ja,language_specific_ja_005284,204899,0.31856448882330357,0.5644151741610989
zh_ja_022,language_specific_ja,language_specific_ja_006121,218480,0.31856448882330357,0.5644151741610989
zh_ja_022,language_specific_ja,language_specific_ja_000802,100205,0.3668892625591405,0.605713845441179
zh_ja_022,language_specific_ja,language_specific_ja_003922,197600,0.3668892625591413,0.6057138454411797
zh_ja_022,language_specific_ja,language_specific_ja_002411,102510,0.38375555613753115,0.6194800692012061
zh_ja_022,language_specific_ja,language_specific_ja_004927,13479139,0.38375555613753115,0.6194800692012061
zh_ja_022,language_specific_ja,language_specific_ja_004968,146891,0.38375555613753115,0.6194800692012061
zh_ja_022,language_specific_ja,language_specific_ja_005054,212597,0.38375555613753115,0.6194800692012061
zh_ja_022,language_specific_ja,language_specific_ja_005653,219826,0.38375555613753115,0.6194800692012061
zh_ja_022,language_specific_ja,language_specific_ja_001210,226921,0.4010008675491433,0.6332462929612327
zh_ja_022,language_specific_ja,language_specific_ja_003352,172150,0.4010008675491433,0.6332462929612327
zh_ja_022,language_specific_ja,language_specific_ja_002829,473860,0.41862519679397764,0.6470125167212591
zh_ja_022,language_specific_ja,language_specific_ja_003407,176778,0.41862519679397764,0.6470125167212591
zh_ja_022,language_specific_ja,language_specific_ja_001392,183529,0.4366285438720343,0.6607787404812857
zh_ja_022,language_specific_ja,language_specific_ja_004578,108528,0.45501090878331474,0.6745449642413134
zh_ja_022,language_specific_ja,language_specific_ja_003202,117227,0.47377229152781597,0.68831118800134
zh_ja_022,language_specific_ja,language_specific_ja_001296,467661,0.5124321105164849,0.715843635521393
zh_ja_022,language_specific_ja,language_specific_ja_003873,1627164,0.5124321105164849,0.715843635521393
zh_ja_022,language_specific_ja,language_specific_ja_004274,231115,0.5124321105164849,0.715843635521393
zh_ja_022,language_specific_ja,language_specific_ja_005339,148278,0.5323305467606544,0.7296098592814206
zh_ja_022,language_specific_ja,language_specific_ja_005631,11571578,0.5323305467606544,0.7296098592814206
zh_ja_022,language_specific_ja,language_specific_ja_000244,9700935,0.5526080008380446,0.7433760830414472
zh_ja_022,language_specific_ja,language_specific_ja_005505,11013974,0.6157144700695502,0.7846747543215279
zh_ja_022,language_specific_ja,language_specific_ja_002120,175394,0.6375079954798292,0.7984409780815543
zh_ja_022,language_specific_ja,language_specific_ja_002121,175399,0.6596805387233305,0.8122072018415809
zh_ja_022,language_specific_ja,language_specific_ja_003280,82214,0.6596805387233305,0.8122072018415809
zh_ja_022,language_specific_ja,language_specific_ja_003840,107724,0.6596805387233305,0.8122072018415809
zh_ja_022,language_specific_ja,language_specific_ja_005048,145110,0.6596805387233305,0.8122072018415809
zh_ja_022,language_specific_ja,language_specific_ja_005163,113903,0.6596805387233305,0.8122072018415809
zh_ja_022,language_specific_ja,language_specific_ja_002724,1048283,0.72847227545317,0.8535058731216616
zh_ja_022,language_specific_ja,language_specific_ja_004191,175605,0.72847227545317,0.8535058731216616
zh_ja_022,language_specific_ja,language_specific_ja_004294,189874,0.72847227545317,0.8535058731216616
zh_ja_022,language_specific_ja,language_specific_ja_005829,1130778,0.72847227545317,0.8535058731216616
zh_ja_022,language_specific_ja,language_specific_ja_002550,2325060,0.7521608900295603,0.8672720968816882
zh_ja_022,language_specific_ja,language_specific_ja_002957,231211,0.7521608900295603,0.8672720968816882
zh_ja_022,language_specific_ja,language_specific_ja_005035,107958,0.7521608900295603,0.8672720968816882
zh_ja_022,language_specific_ja,language_specific_ja_005040,170314,0.7521608900295603,0.8672720968816882
zh_ja_022,language_specific_ja,language_specific_ja_005289,11283940,0.7521608900295603,0.8672720968816882
zh_ja_022,language_specific_ja,language_specific_ja_000474,85830,0.8006751726820086,0.8948045444017417
zh_ja_022,language_specific_ja,language_specific_ja_003698,143066,0.8006751726820086,0.8948045444017417
zh_ja_022,language_specific_ja,language_specific_ja_003341,93687,0.8006751726820098,0.8948045444017424
zh_ja_022,language_specific_ja,language_specific_ja_003762,86889,0.8006751726820098,0.8948045444017424
zh_ja_022,language_specific_ja,language_specific_ja_005296,150997,0.8006751726820098,0.8948045444017424
zh_ja_022,language_specific_ja,language_specific_ja_000330,143919,0.8255008407580667,0.9085707681617688
zh_ja_022,language_specific_ja,language_specific_ja_004189,1678805,0.8255008407580667,0.9085707681617688
zh_ja_022,language_specific_ja,language_specific_ja_003328,2692371,0.8507055266673461,0.9223369919217954
zh_ja_022,language_specific_ja,language_specific_ja_005110,11044532,0.8762892304098475,0.9361032156818219
zh_ja_022,language_specific_ja,language_specific_ja_004970,137577,0.9553144486366879,0.9774018869619027
zh_ja_022,language_specific_ja,language_specific_ja_004071,10008430,0.9824142237120783,0.9911681107219291
zh_ja_022,language_specific_ja,language_specific_ja_004155,102243,0.9824142237120783,0.9911681107219291
zh_ja_022,language_specific_ja,language_specific_ja_006743,13908962,0.9824142237120796,0.9911681107219298
zh_ja_022,language_specific_ja,language_specific_ja_000048,189359,1.0098930166206912,1.0049343344819557
zh_ja_022,language_specific_ja,language_specific_ja_000677,157178,1.0098930166206912,1.0049343344819557
zh_ja_022,language_specific_ja,language_specific_ja_003157,13479214,1.0377508273625287,1.0187005582419835
zh_ja_022,language_specific_ja,language_specific_ja_005059,120893,1.0377508273625287,1.0187005582419835
zh_ja_022,language_specific_ja,language_specific_ja_005350,125783,1.0377508273625287,1.0187005582419835
zh_ja_023,language_specific_ja,language_specific_ja_002269,183969,0.0,0.0
zh_ja_023,language_specific_ja,language_specific_ja_005986,184907,0.0,0.0
zh_ja_023,language_specific_ja,language_specific_ja_000893,5164,0.0007580356664444731,0.02753244752005301
zh_ja_023,language_specific_ja,language_specific_ja_005614,705390,0.0007580356664445405,0.027532447520054234
zh_ja_023,language_specific_ja,language_specific_ja_005893,84970,0.0007580356664445405,0.027532447520054234
zh_ja_023,language_specific_ja,language_specific_ja_005293,122414,0.0017055802495001657,0.04129867128008074
zh_ja_023,language_specific_ja,language_specific_ja_000930,101658,0.0030321426657780267,0.05506489504010724
zh_ja_023,language_specific_ja,language_specific_ja_004604,116474,0.004737722915278126,0.06883111880013375
zh_ja_023,language_specific_ja,language_specific_ja_001046,11685626,0.004737722915278294,0.06883111880013497
zh_ja_023,language_specific_ja,language_specific_ja_003549,140240,0.00928593691394503,0.09636356632018675
zh_ja_023,language_specific_ja,language_specific_ja_005171,11029715,0.00928593691394503,0.09636356632018675
zh_ja_023,language_specific_ja,language_specific_ja_005700,137846,0.00928593691394503,0.09636356632018675
zh_ja_023,language_specific_ja,language_specific_ja_006138,149751,0.00928593691394503,0.09636356632018675
zh_ja_023,language_specific_ja,language_specific_ja_001387,170250,0.009285936913945268,0.09636356632018798
zh_ja_023,language_specific_ja,language_specific_ja_003241,201011,0.009285936913945268,0.09636356632018798
zh_ja_023,language_specific_ja,language_specific_ja_000395,10899823,0.012128570663112107,0.11012979008021448
zh_ja_023,language_specific_ja,language_specific_ja_000784,153808,0.015350222245501186,0.12389601384024099
zh_ja_023,language_specific_ja,language_specific_ja_000884,204909,0.015350222245501186,0.12389601384024099
zh_ja_023,language_specific_ja,language_specific_ja_005284,204899,0.015350222245501186,0.12389601384024099
zh_ja_023,language_specific_ja,language_specific_ja_006121,218480,0.015350222245501186,0.12389601384024099
zh_ja_023,language_specific_ja,language_specific_ja_004593,10668559,0.01895089166111284,0.13766223760026872
zh_ja_023,language_specific_ja,language_specific_ja_000890,11049590,0.022930578909946424,0.15142846136029522
zh_ja_023,language_specific_ja,language_specific_ja_001976,122473,0.027289283992002245,0.16519468512032173
zh_ja_023,language_specific_ja,language_specific_ja_003922,197600,0.027289283992002245,0.16519468512032173
zh_ja_023,language_specific_ja,language_specific_ja_002411,102510,0.0320270069072803,0.17896090888034824
zh_ja_023,language_specific_ja,language_specific_ja_004927,13479139,0.0320270069072803,0.17896090888034824
zh_ja_023,language_specific_ja,language_specific_ja_004968,146891,0.0320270069072803,0.17896090888034824
zh_ja_023,language_specific_ja,language_specific_ja_005054,212597,0.0320270069072803,0.17896090888034824
zh_ja_023,language_specific_ja,language_specific_ja_005653,219826,0.0320270069072803,0.17896090888034824
zh_ja_023,language_specific_ja,language_specific_ja_003352,172150,0.037143747655780594,0.19272713264037472
zh_ja_023,language_specific_ja,language_specific_ja_001243,104198,0.03714374765578107,0.19272713264037597
zh_ja_023,language_specific_ja,language_specific_ja_002387,191525,0.03714374765578107,0.19272713264037597
zh_ja_023,language_specific_ja,language_specific_ja_002829,473860,0.04263950623750312,0.20649335640040123
zh_ja_023,language_specific_ja,language_specific_ja_003407,176778,0.04263950623750312,0.20649335640040123
zh_ja_023,language_specific_ja,language_specific_ja_001392,183529,0.04851428265244789,0.22025958016042774
zh_ja_023,language_specific_ja,language_specific_ja_004578,108528,0.05476807690061547,0.23402580392045547
zh_ja_023,language_specific_ja,language_specific_ja_003202,117227,0.06140088898200474,0.24779202768048197
zh_ja_023,language_specific_ja,language_specific_ja_001565,143450,0.06140088898200535,0.2477920276804832
zh_ja_023,language_specific_ja,language_specific_ja_001237,220094,0.0684127188966169,0.2615582514405097
zh_ja_023,language_specific_ja,language_specific_ja_001296,467661,0.07580356664445001,0.275324475200535
zh_ja_023,language_specific_ja,language_specific_ja_003873,1627164,0.07580356664445001,0.275324475200535
zh_ja_023,language_specific_ja,language_specific_ja_004274,231115,0.07580356664445001,0.275324475200535
zh_ja_023,language_specific_ja,language_specific_ja_005631,11571578,0.0835734322255067,0.2890906989605627
zh_ja_023,language_specific_ja,language_specific_ja_000064,77327,0.0917223156397857,0.30285692272059045
zh_ja_023,language_specific_ja,language_specific_ja_005505,11013974,0.11844307288195399,0.34415559400067
zh_ja_023,language_specific_ja,language_specific_ja_002120,175394,0.1281080276291212,0.3579218177606965
zh_ja_023,language_specific_ja,language_specific_ja_002645,11021660,0.1281080276291221,0.3579218177606977
zh_ja_023,language_specific_ja,language_specific_ja_002121,175399,0.13815200020951068,0.371688041520723
zh_ja_023,language_specific_ja,language_specific_ja_003280,82214,0.13815200020951068,0.371688041520723
zh_ja_023,language_specific_ja,language_specific_ja_003840,107724,0.13815200020951068,0.371688041520723
zh_ja_023,language_specific_ja,language_specific_ja_005048,145110,0.13815200020951068,0.371688041520723
zh_ja_023,language_specific_ja,language_specific_ja_005163,113903,0.13815200020951068,0.371688041520723
zh_ja_023,language_specific_ja,language_specific_ja_002724,1048283,0.17055802495001351,0.4129867128008037
zh_ja_023,language_specific_ja,language_specific_ja_004191,175605,0.17055802495001351,0.4129867128008037
zh_ja_023,language_specific_ja,language_specific_ja_004294,189874,0.17055802495001351,0.4129867128008037
zh_ja_023,language_specific_ja,language_specific_ja_002550,2325060,0.18211806886329196,0.4267529365608302
zh_ja_023,language_specific_ja,language_specific_ja_002957,231211,0.18211806886329196,0.4267529365608302
zh_ja_023,language_specific_ja,language_specific_ja_005035,107958,0.18211806886329196,0.4267529365608302
zh_ja_023,language_specific_ja,language_specific_ja_005040,170314,0.18211806886329196,0.4267529365608302
zh_ja_023,language_specific_ja,language_specific_ja_005289,11283940,0.18211806886329196,0.4267529365608302
zh_ja_023,language_specific_ja,language_specific_ja_002376,137649,0.20637521018951668,0.4542853840808844
zh_ja_023,language_specific_ja,language_specific_ja_003341,93687,0.20637521018951668,0.4542853840808844
zh_ja_023,language_specific_ja,language_specific_ja_003762,86889,0.20637521018951668,0.4542853840808844
zh_ja_023,language_specific_ja,language_specific_ja_004377,124837,0.20637521018951668,0.4542853840808844
zh_ja_023,language_specific_ja,language_specific_ja_005296,150997,0.20637521018951668,0.4542853840808844
zh_ja_023,language_specific_ja,language_specific_ja_005549,208016,0.20637521018951668,0.4542853840808844
zh_ja_023,language_specific_ja,language_specific_ja_000330,143919,0.21907230760246188,0.46805160784091093
zh_ja_023,language_specific_ja,language_specific_ja_004189,1678805,0.21907230760246188,0.46805160784091093
zh_ja_023,language_specific_ja,language_specific_ja_003328,2692371,0.2321484228486293,0.48181783160093744
zh_ja_023,language_specific_ja,language_specific_ja_005110,11044532,0.24560355592801897,0.49558405536096395
zh_ja_023,language_specific_ja,language_specific_ja_004970,137577,0.28824306216552265,0.5368827266410446
zh_ja_023,language_specific_ja,language_specific_ja_004071,10008430,0.3032142665778014,0.5506489504010712
zh_ja_023,language_specific_ja,language_specific_ja_004155,102243,0.3032142665778014,0.5506489504010712
zh_ja_023,language_specific_ja,language_specific_ja_004455,143668,0.3032142665778027,0.5506489504010724
zh_ja_023,language_specific_ja,language_specific_ja_000048,189359,0.3185644888233022,0.5644151741610977
zh_ja_023,language_specific_ja,language_specific_ja_000677,157178,0.3185644888233022,0.5644151741610977
zh_ja_023,language_specific_ja,language_specific_ja_003157,13479214,0.3342937289020268,0.5781813979211254
zh_ja_023,language_specific_ja,language_specific_ja_005059,120893,0.3342937289020268,0.5781813979211254
zh_ja_023,language_specific_ja,language_specific_ja_005350,125783,0.3342937289020268,0.5781813979211254
zh_ja_023,language_specific_ja,language_specific_ja_002588,106482,0.36688926255913984,0.6057138454411785
zh_ja_023,language_specific_ja,language_specific_ja_001992,6828223,0.3837555561375296,0.6194800692012049
zh_ja_023,language_specific_ja,language_specific_ja_006060,11875920,0.3837555561375296,0.6194800692012049
zh_ja_023,language_specific_ja,language_specific_ja_005315,13056056,0.40100086754914405,0.6332462929612332
zh_ja_023,language_specific_ja,language_specific_ja_003448,126310,0.45501090878331313,0.6745449642413122
zh_ja_023,language_specific_ja,language_specific_ja_002622,11965943,0.4737722915278167,0.6883111880013405
zh_ja_023,language_specific_ja,language_specific_ja_002799,2975954,0.49291269210553923,0.7020774117613664
zh_ja_023,language_specific_ja,language_specific_ja_007449,123920,0.4929126921055402,0.7020774117613671
zh_ja_023,language_specific_ja,language_specific_ja_002378,3559194,0.5124321105164849,0.715843635521393
zh_ja_023,language_specific_ja,language_specific_ja_002441,168525,0.5124321105164849,0.715843635521393
zh_ja_023,language_specific_ja,language_specific_ja_003379,143660,0.5124321105164866,0.7158436355213942
zh_ja_023,language_specific_ja,language_specific_ja_000020,169395,0.5323305467606544,0.7296098592814206
zh_ja_023,language_specific_ja,language_specific_ja_004875,204948,0.5732644727486569,0.7571423068014737
zh_ja_023,language_specific_ja,language_specific_ja_003891,170867,0.5732644727486579,0.7571423068014743
zh_ja_023,language_specific_ja,language_specific_ja_005647,154899,0.5732644727486579,0.7571423068014743
zh_ja_023,language_specific_ja,language_specific_ja_003527,11064165,0.5942999624924914,0.7709085305615001
zh_ja_023,language_specific_ja,language_specific_ja_002961,10212587,0.5942999624924934,0.7709085305615014
zh_ja_023,language_specific_ja,language_specific_ja_005037,123898,0.5942999624924934,0.7709085305615014
zh_ja_023,language_specific_ja,language_specific_ja_000314,12962641,0.6157144700695483,0.7846747543215267
zh_ja_023,language_specific_ja,language_specific_ja_005809,108127,0.6596805387233305,0.8122072018415809
zh_ja_023,language_specific_ja,language_specific_ja_005148,157106,0.6596805387233314,0.8122072018415815
zh_ja_024,language_specific_ja,language_specific_ja_005319,173286,0.00018950891661111827,0.013766223760026505
zh_ja_024,language_specific_ja,language_specific_ja_002370,191018,0.00018950891661113513,0.013766223760027117
zh_ja_024,language_specific_ja,language_specific_ja_005562,1627090,0.0007580356664445067,0.02753244752005362
zh_ja_024,language_specific_ja,language_specific_ja_000802,100205,0.006822320998000561,0.08259734256016087
zh_ja_024,language_specific_ja,language_specific_ja_001210,226921,0.012128570663112107,0.11012979008021448
zh_ja_024,language_specific_ja,language_specific_ja_005148,157106,0.02293057890994624,0.15142846136029461
zh_ja_024,language_specific_ja,language_specific_ja_002961,10212587,0.037143747655780594,0.19272713264037472
zh_ja_024,language_specific_ja,language_specific_ja_005037,123898,0.037143747655780594,0.19272713264037472
zh_ja_024,language_specific_ja,language_specific_ja_003891,170867,0.04263950623750338,0.20649335640040184
zh_ja_024,language_specific_ja,language_specific_ja_005647,154899,0.04263950623750338,0.20649335640040184
zh_ja_024,language_specific_ja,language_specific_ja_005339,148278,0.04263950623750363,0.20649335640040245
zh_ja_024,language_specific_ja,language_specific_ja_000244,9700935,0.04851428265244843,0.22025958016042896
zh_ja_024,language_specific_ja,language_specific_ja_000020,169395,0.05476807690061547,0.23402580392045547
zh_ja_024,language_specific_ja,language_specific_ja_003379,143660,0.06140088898200474,0.24779202768048197
zh_ja_024,language_specific_ja,language_specific_ja_007449,123920,0.06841271889661658,0.2615582514405091
zh_ja_024,language_specific_ja,language_specific_ja_002622,11965943,0.07580356664445034,0.2753244752005356
zh_ja_024,language_specific_ja,language_specific_ja_005315,13056056,0.10915713596800858,0.33038937024064285
zh_ja_024,language_specific_ja,language_specific_ja_005829,1130778,0.10915713596800898,0.33038937024064347
zh_ja_024,language_specific_ja,language_specific_ja_000474,85830,0.13815200020951116,0.3716880415207236
zh_ja_024,language_specific_ja,language_specific_ja_003698,143066,0.13815200020951116,0.3716880415207236
zh_ja_024,language_specific_ja,language_specific_ja_004455,143668,0.17055802495001351,0.4129867128008037
zh_ja_024,language_specific_ja,language_specific_ja_006743,13908962,0.21907230760246243,0.46805160784091154
zh_ja_024,language_specific_ja,language_specific_ja_002376,137649,0.25943770684063217,0.5093502791209917
zh_ja_024,language_specific_ja,language_specific_ja_004377,124837,0.25943770684063217,0.5093502791209917
zh_ja_024,language_specific_ja,language_specific_ja_005549,208016,0.25943770684063217,0.5093502791209917
zh_ja_024,language_specific_ja,language_specific_ja_003913,145245,0.3032142665778027,0.5506489504010724
zh_ja_024,language_specific_ja,language_specific_ja_002645,11021660,0.36688926255913984,0.6057138454411785
zh_ja_024,language_specific_ja,language_specific_ja_000064,77327,0.4366285438720343,0.6607787404812857
zh_ja_024,language_specific_ja,language_specific_ja_001237,220094,0.49291269210553923,0.7020774117613664
zh_ja_024,language_specific_ja,language_specific_ja_001565,143450,0.5124321105164849,0.715843635521393
zh_ja_024,language_specific_ja,language_specific_ja_001243,104198,0.5942999624924914,0.7709085305615001
zh_ja_024,language_specific_ja,language_specific_ja_002387,191525,0.5942999624924914,0.7709085305615001
zh_ja_024,language_specific_ja,language_specific_ja_006176,94971,0.6157144700695502,0.7846747543215279
zh_ja_024,language_specific_ja,language_specific_ja_001633,13714051,0.6375079954798292,0.7984409780815543
zh_ja_024,language_specific_ja,language_specific_ja_001976,122473,0.6375079954798292,0.7984409780815543
zh_ja_024,language_specific_ja,language_specific_ja_000890,11049590,0.6596805387233305,0.8122072018415809
zh_ja_024,language_specific_ja,language_specific_ja_004593,10668559,0.6822320998000541,0.8259734256016074
zh_ja_024,language_specific_ja,language_specific_ja_001387,170250,0.7521608900295603,0.8672720968816882
zh_ja_024,language_specific_ja,language_specific_ja_003241,201011,0.7521608900295603,0.8672720968816882
zh_ja_024,language_specific_ja,language_specific_ja_001046,11685626,0.8006751726820076,0.8948045444017412
zh_ja_024,language_specific_ja,language_specific_ja_005293,122414,0.8507055266673461,0.9223369919217954
zh_ja_024,language_specific_ja,language_specific_ja_005614,705390,0.8762892304098475,0.9361032156818219
zh_ja_024,language_specific_ja,language_specific_ja_005893,84970,0.8762892304098475,0.9361032156818219
zh_ja_024,language_specific_ja,language_specific_ja_002269,183969,0.9285936913945196,0.9636356632018761
zh_ja_024,language_specific_ja,language_specific_ja_005986,184907,0.9285936913945196,0.9636356632018761
zh_ja_024,language_specific_ja,language_specific_ja_000893,5164,0.9824142237120783,0.9911681107219291
zh_ja_024,language_specific_ja,language_specific_ja_007613,142067,1.0098930166206925,1.0049343344819563
zh_ja_024,language_specific_ja,language_specific_ja_000930,101658,1.0377508273625287,1.0187005582419835
zh_ja_024,language_specific_ja,language_specific_ja_004604,116474,1.0659876559375858,1.03246678200201
zh_ja_024,language_specific_ja,language_specific_ja_003549,140240,1.1235983665873668,1.0599992295220628
zh_ja_024,language_specific_ja,language_specific_ja_005171,11029715,1.1235983665873668,1.0599992295220628
zh_ja_024,language_specific_ja,language_specific_ja_005700,137846,1.1235983665873668,1.0599992295220628
zh_ja_024,language_specific_ja,language_specific_ja_006138,149751,1.1235983665873668,1.0599992295220628
zh_ja_024,language_specific_ja,language_specific_ja_000395,10899823,1.1529722486620935,1.0737654532820906
zh_ja_024,language_specific_ja,language_specific_ja_000784,153808,1.1827251485700396,1.087531677042117
zh_ja_024,language_specific_ja,language_specific_ja_000884,204909,1.1827251485700396,1.087531677042117
zh_ja_024,language_specific_ja,language_specific_ja_005284,204899,1.1827251485700396,1.087531677042117
zh_ja_024,language_specific_ja,language_specific_ja_006121,218480,1.1827251485700396,1.087531677042117
zh_ja_024,language_specific_ja,language_specific_ja_003922,197600,1.2742579552932143,1.1288303483221978
zh_ja_024,language_specific_ja,language_specific_ja_002411,102510,1.30552692653405,1.1425965720822244
zh_ja_024,language_specific_ja,language_specific_ja_004927,13479139,1.30552692653405,1.1425965720822244
zh_ja_024,language_specific_ja,language_specific_ja_004968,146891,1.30552692653405,1.1425965720822244
zh_ja_024,language_specific_ja,language_specific_ja_005054,212597,1.30552692653405,1.1425965720822244
zh_ja_024,language_specific_ja,language_specific_ja_005653,219826,1.30552692653405,1.1425965720822244
zh_ja_024,language_specific_ja,language_specific_ja_003352,172150,1.3371749156081072,1.1563627958422509
zh_ja_024,language_specific_ja,language_specific_ja_002829,473860,1.3692019225153866,1.1701290196022773
zh_ja_024,language_specific_ja,language_specific_ja_003407,176778,1.3692019225153866,1.1701290196022773
zh_ja_024,language_specific_ja,language_specific_ja_001392,183529,1.4016079472558884,1.1838952433623038
zh_ja_024,language_specific_ja,language_specific_ja_004578,108528,1.4343929898296157,1.1976614671223316
zh_ja_024,language_specific_ja,language_specific_ja_003202,117227,1.467557050236562,1.211427690882358
zh_ja_024,language_specific_ja,language_specific_ja_001296,467661,1.5350222245501217,1.2389601384024111
zh_ja_024,language_specific_ja,language_specific_ja_003873,1627164,1.5350222245501217,1.2389601384024111
zh_ja_024,language_specific_ja,language_specific_ja_004274,231115,1.5350222245501217,1.2389601384024111
zh_ja_024,language_specific_ja,language_specific_ja_005631,11571578,1.5693233384567382,1.252726362162439
zh_ja_024,language_specific_ja,language_specific_ja_005505,11013974,1.710317972415416,1.307791257202546
zh_ja_024,language_specific_ja,language_specific_ja_002120,175394,1.7465141754881401,1.3215574809625725
zh_ja_024,language_specific_ja,language_specific_ja_002121,175399,1.7830893963940868,1.335323704722599
zh_ja_024,language_specific_ja,language_specific_ja_003280,82214,1.7830893963940868,1.335323704722599
zh_ja_024,language_specific_ja,language_specific_ja_003840,107724,1.7830893963940868,1.335323704722599
zh_ja_024,language_specific_ja,language_specific_ja_005048,145110,1.7830893963940868,1.335323704722599
zh_ja_024,language_specific_ja,language_specific_ja_005163,113903,1.7830893963940868,1.335323704722599
zh_ja_024,language_specific_ja,language_specific_ja_002724,1048283,1.8950891661112639,1.37662237600268
zh_ja_024,language_specific_ja,language_specific_ja_004191,175605,1.8950891661112639,1.37662237600268
zh_ja_024,language_specific_ja,language_specific_ja_004294,189874,1.8950891661112639,1.37662237600268
zh_ja_024,language_specific_ja,language_specific_ja_002550,2325060,1.933180458350099,1.3903885997627063
zh_ja_024,language_specific_ja,language_specific_ja_002957,231211,1.933180458350099,1.3903885997627063
zh_ja_024,language_specific_ja,language_specific_ja_005035,107958,1.933180458350099,1.3903885997627063
zh_ja_024,language_specific_ja,language_specific_ja_005040,170314,1.933180458350099,1.3903885997627063
zh_ja_024,language_specific_ja,language_specific_ja_005289,11283940,1.933180458350099,1.3903885997627063
zh_ja_024,language_specific_ja,language_specific_ja_007101,2409484,1.9716507684221587,1.4041548235227335
zh_ja_024,language_specific_ja,language_specific_ja_003038,4102611,1.9972533193848505,1.4121689618169182
zh_ja_024,language_specific_ja,language_specific_ja_003341,93687,2.0105000963274406,1.4179210472827606
zh_ja_024,language_specific_ja,language_specific_ja_003762,86889,2.0105000963274406,1.4179210472827606
zh_ja_024,language_specific_ja,language_specific_ja_005296,150997,2.0105000963274406,1.4179210472827606
zh_ja_024,language_specific_ja,language_specific_ja_000330,143919,2.049728442065943,1.431687271042787
zh_ja_024,language_specific_ja,language_specific_ja_004189,1678805,2.049728442065943,1.431687271042787
zh_ja_024,language_specific_ja,language_specific_ja_002489,4794123,2.0556220657010775,1.4121689618169182
zh_ja_024,language_specific_ja,language_specific_ja_003328,2692371,2.089335805637667,1.4454534948028135
zh_ja_024,language_specific_ja,language_specific_ja_001775,186918,2.122329204348194,1.4121689618169182
zh_ja_024,language_specific_ja,language_specific_ja_005110,11044532,2.1293221870426144,1.4592197185628402
zh_ja_027,language_specific_ja,language_specific_ja_000980,123174,0.0,0.0
zh_ja_027,language_specific_ja,language_specific_ja_001671,12113092,0.0,0.0
zh_ja_027,language_specific_ja,language_specific_ja_001714,216220,0.0,0.0
zh_ja_027,language_specific_ja,language_specific_ja_001784,1326602,0.0,0.0
zh_ja_027,language_specific_ja,language_specific_ja_002004,3480700,0.0,0.0
zh_ja_027,language_specific_ja,language_specific_ja_002340,91200,0.0,0.0
zh_ja_027,language_specific_ja,language_specific_ja_002694,11016248,0.0,0.0
zh_ja_027,language_specific_ja,language_specific_ja_002700,1130388,0.0,0.0
zh_ja_027,language_specific_ja,language_specific_ja_002941,221214,0.0,0.0
zh_ja_027,language_specific_ja,language_specific_ja_003094,97453,0.0,0.0
zh_ja_027,language_specific_ja,language_specific_ja_003672,2710598,0.0,0.0
zh_ja_027,language_specific_ja,language_specific_ja_003834,10996836,0.0,0.0
zh_ja_027,language_specific_ja,language_specific_ja_003952,75445,0.0,0.0
zh_ja_027,language_specific_ja,language_specific_ja_004038,152373,0.0,0.0
zh_ja_027,language_specific_ja,language_specific_ja_004815,126453,0.0,0.0
zh_ja_027,language_specific_ja,language_specific_ja_004911,1585025,0.0,0.0
zh_ja_027,language_specific_ja,language_specific_ja_004956,103532,0.0,0.0
zh_ja_027,language_specific_ja,language_specific_ja_005956,108022,0.0,0.0
zh_ja_027,language_specific_ja,language_specific_ja_000636,145978,0.00018950891661111827,0.013766223760026505
zh_ja_027,language_specific_ja,language_specific_ja_001425,141362,0.00018950891661111827,0.013766223760026505
zh_ja_027,language_specific_ja,language_specific_ja_002233,120375,0.00018950891661111827,0.013766223760026505
zh_ja_027,language_specific_ja,language_specific_ja_002355,118692,0.00018950891661111827,0.013766223760026505
zh_ja_027,language_specific_ja,language_specific_ja_003367,78510,0.00018950891661111827,0.013766223760026505
zh_ja_027,language_specific_ja,language_specific_ja_003474,13715820,0.00018950891661111827,0.013766223760026505
zh_ja_027,language_specific_ja,language_specific_ja_003972,190836,0.00018950891661111827,0.013766223760026505
zh_ja_027,language_specific_ja,language_specific_ja_004720,12370689,0.00018950891661111827,0.013766223760026505
zh_ja_027,language_specific_ja,language_specific_ja_005083,75422,0.00018950891661111827,0.013766223760026505
zh_ja_027,language_specific_ja,language_specific_ja_005775,137048,0.00018950891661111827,0.013766223760026505
zh_ja_027,language_specific_ja,language_specific_ja_005865,11724535,0.00018950891661111827,0.013766223760026505
zh_ja_027,language_specific_ja,language_specific_ja_006045,182457,0.00018950891661111827,0.013766223760026505
zh_ja_027,language_specific_ja,language_specific_ja_006143,347574,0.00018950891661111827,0.013766223760026505
zh_ja_027,language_specific_ja,language_specific_ja_006297,13146859,0.00018950891661111827,0.013766223760026505
zh_ja_027,language_specific_ja,language_specific_ja_007255,84374,0.00018950891661111827,0.013766223760026505
zh_ja_027,language_specific_ja,language_specific_ja_000873,227857,0.00018950891661113513,0.013766223760027117
zh_ja_027,language_specific_ja,language_specific_ja_001228,11579311,0.00018950891661113513,0.013766223760027117
zh_ja_027,language_specific_ja,language_specific_ja_001616,173752,0.00018950891661113513,0.013766223760027117
zh_ja_027,language_specific_ja,language_specific_ja_001670,188357,0.00018950891661113513,0.013766223760027117
zh_ja_027,language_specific_ja,language_specific_ja_002875,10901807,0.00018950891661113513,0.013766223760027117
zh_ja_027,language_specific_ja,language_specific_ja_004925,75929,0.00018950891661113513,0.013766223760027117
zh_ja_027,language_specific_ja,language_specific_ja_005734,2281212,0.00018950891661113513,0.013766223760027117
zh_ja_027,language_specific_ja,language_specific_ja_005735,518980,0.00018950891661113513,0.013766223760027117
zh_ja_027,language_specific_ja,language_specific_ja_005839,228351,0.00018950891661113513,0.013766223760027117
zh_ja_027,language_specific_ja,language_specific_ja_006858,170922,0.00018950891661113513,0.013766223760027117
zh_ja_027,language_specific_ja,language_specific_ja_007439,4252752,0.00018950891661113513,0.013766223760027117
zh_ja_027,language_specific_ja,language_specific_ja_007819,227973,0.00018950891661113513,0.013766223760027117
zh_ja_027,language_specific_ja,language_specific_ja_000335,172523,0.0007580356664445067,0.02753244752005362
zh_ja_027,language_specific_ja,language_specific_ja_000448,3052679,0.0007580356664445067,0.02753244752005362
zh_ja_027,language_specific_ja,language_specific_ja_000654,11013981,0.0007580356664445067,0.02753244752005362
zh_ja_027,language_specific_ja,language_specific_ja_001366,8832053,0.0007580356664445067,0.02753244752005362
zh_ja_027,language_specific_ja,language_specific_ja_001931,2706339,0.0007580356664445067,0.02753244752005362
zh_ja_027,language_specific_ja,language_specific_ja_001954,3465001,0.0007580356664445067,0.02753244752005362
zh_ja_027,language_specific_ja,language_specific_ja_002152,180501,0.0007580356664445067,0.02753244752005362
zh_ja_027,language_specific_ja,language_specific_ja_004161,210807,0.0007580356664445067,0.02753244752005362
zh_ja_027,language_specific_ja,language_specific_ja_004397,10125515,0.0007580356664445067,0.02753244752005362
zh_ja_027,language_specific_ja,language_specific_ja_004615,142658,0.0007580356664445067,0.02753244752005362
zh_ja_027,language_specific_ja,language_specific_ja_004719,13065863,0.0007580356664445067,0.02753244752005362
zh_ja_027,language_specific_ja,language_specific_ja_005233,143056,0.0007580356664445067,0.02753244752005362
zh_ja_027,language_specific_ja,language_specific_ja_005862,11212002,0.0007580356664445067,0.02753244752005362
zh_ja_027,language_specific_ja,language_specific_ja_006114,3568553,0.0007580356664445067,0.02753244752005362
zh_ja_027,language_specific_ja,language_specific_ja_006501,1744930,0.0007580356664445067,0.02753244752005362
zh_ja_027,language_specific_ja,language_specific_ja_007262,9665656,0.0007580356664445067,0.02753244752005362
zh_ja_027,language_specific_ja,language_specific_ja_007363,9974580,0.0007580356664445067,0.02753244752005362
zh_ja_027,language_specific_ja,language_specific_ja_000332,125338,0.0017055802495001152,0.04129867128008013
zh_ja_027,language_specific_ja,language_specific_ja_001172,154313,0.0017055802495001152,0.04129867128008013
zh_ja_027,language_specific_ja,language_specific_ja_001487,11327637,0.0017055802495001152,0.04129867128008013
zh_ja_027,language_specific_ja,language_specific_ja_001535,192025,0.0017055802495001152,0.04129867128008013
zh_ja_027,language_specific_ja,language_specific_ja_001706,1114330,0.0017055802495001152,0.04129867128008013
zh_ja_027,language_specific_ja,language_specific_ja_001961,76589,0.0017055802495001152,0.04129867128008013
zh_ja_027,language_specific_ja,language_specific_ja_002303,228115,0.0017055802495001152,0.04129867128008013
zh_ja_027,language_specific_ja,language_specific_ja_002718,175803,0.0017055802495001152,0.04129867128008013
zh_ja_027,language_specific_ja,language_specific_ja_003409,2518672,0.0017055802495001152,0.04129867128008013
zh_ja_027,language_specific_ja,language_specific_ja_003411,109551,0.0017055802495001152,0.04129867128008013
zh_ja_027,language_specific_ja,language_specific_ja_003632,175962,0.0017055802495001152,0.04129867128008013
zh_ja_027,language_specific_ja,language_specific_ja_004194,184552,0.0017055802495001152,0.04129867128008013
zh_ja_027,language_specific_ja,language_specific_ja_005370,10172633,0.0017055802495001152,0.04129867128008013
zh_ja_027,language_specific_ja,language_specific_ja_006594,4757215,0.0017055802495001152,0.04129867128008013
zh_ja_027,language_specific_ja,language_specific_ja_001782,109258,0.0017055802495001657,0.04129867128008074
zh_ja_027,language_specific_ja,language_specific_ja_003869,162140,0.0017055802495001657,0.04129867128008074
zh_ja_027,language_specific_ja,language_specific_ja_000821,147498,0.0030321426657780267,0.05506489504010724
zh_ja_027,language_specific_ja,language_specific_ja_001031,12462290,0.0030321426657780267,0.05506489504010724
zh_ja_027,language_specific_ja,language_specific_ja_001130,162683,0.0030321426657780267,0.05506489504010724
zh_ja_027,language_specific_ja,language_specific_ja_001146,76180,0.0030321426657780267,0.05506489504010724
zh_ja_027,language_specific_ja,language_specific_ja_001553,228579,0.0030321426657780267,0.05506489504010724
zh_ja_027,language_specific_ja,language_specific_ja_001571,126868,0.0030321426657780267,0.05506489504010724
zh_ja_027,language_specific_ja,language_specific_ja_001797,755622,0.0030321426657780267,0.05506489504010724
zh_ja_027,language_specific_ja,language_specific_ja_002629,85342,0.0030321426657780267,0.05506489504010724
zh_ja_027,language_specific_ja,language_specific_ja_002729,108319,0.0030321426657780267,0.05506489504010724
zh_ja_027,language_specific_ja,language_specific_ja_002912,229068,0.0030321426657780267,0.05506489504010724
zh_ja_027,language_specific_ja,language_specific_ja_003213,76152,0.0030321426657780267,0.05506489504010724
zh_ja_027,language_specific_ja,language_specific_ja_003740,13065995,0.0030321426657780267,0.05506489504010724
zh_ja_027,language_specific_ja,language_specific_ja_003810,11056546,0.0030321426657780267,0.05506489504010724
zh_ja_027,language_specific_ja,language_specific_ja_004065,10125518,0.0030321426657780267,0.05506489504010724
zh_ja_027,language_specific_ja,language_specific_ja_004133,212694,0.0030321426657780267,0.05506489504010724
zh_ja_027,language_specific_ja,language_specific_ja_004343,10022329,0.0030321426657780267,0.05506489504010724
zh_ja_027,language_specific_ja,language_specific_ja_005690,10526953,0.0030321426657780267,0.05506489504010724
zh_ja_027,language_specific_ja,language_specific_ja_005980,13492158,0.0030321426657780267,0.05506489504010724
zh_ja_027,language_specific_ja,language_specific_ja_006036,11041395,0.0030321426657780267,0.05506489504010724
zh_ja_027,language_specific_ja,language_specific_ja_006488,9851628,0.0030321426657780267,0.05506489504010724
zh_ja_027,language_specific_ja,language_specific_ja_007008,214669,0.0030321426657780267,0.05506489504010724
zh_ja_027,language_specific_ja,language_specific_ja_007158,233031,0.0030321426657780267,0.05506489504010724
zh_ja_028,language_specific_ja,language_specific_ja_001236,2481151,0.0,0.0
zh_ja_028,language_specific_ja,language_specific_ja_001323,3246941,0.0,0.0
zh_ja_028,language_specific_ja,language_specific_ja_001618,115353,0.0,0.0
zh_ja_028,language_specific_ja,language_specific_ja_002103,88736,0.0,0.0
zh_ja_028,language_specific_ja,language_specific_ja_002442,9279935,0.0,0.0
zh_ja_028,language_specific_ja,language_specific_ja_003459,180214,0.0,0.0
zh_ja_028,language_specific_ja,language_specific_ja_004042,203412,0.0,0.0
zh_ja_028,language_specific_ja,language_specific_ja_005282,212066,0.0,0.0
zh_ja_028,language_specific_ja,language_specific_ja_005890,82676,0.0,0.0
zh_ja_028,language_specific_ja,language_specific_ja_006029,220245,0.0,0.0
zh_ja_028,language_specific_ja,language_specific_ja_006749,93595,0.0,0.0
zh_ja_028,language_specific_ja,language_specific_ja_006977,76149,0.0,0.0
zh_ja_028,language_specific_ja,language_specific_ja_007583,154620,0.0,0.0
zh_ja_028,language_specific_ja,language_specific_ja_002014,173330,0.00018950891661113513,0.013766223760027117
zh_ja_028,language_specific_ja,language_specific_ja_003517,137924,0.00018950891661113513,0.013766223760027117
zh_ja_028,language_specific_ja,language_specific_ja_003617,13714024,0.00018950891661113513,0.013766223760027117
zh_ja_028,language_specific_ja,language_specific_ja_003927,2869728,0.00018950891661113513,0.013766223760027117
zh_ja_028,language_specific_ja,language_specific_ja_004328,92447,0.00018950891661113513,0.013766223760027117
zh_ja_028,language_specific_ja,language_specific_ja_004795,153159,0.00018950891661113513,0.013766223760027117
zh_ja_028,language_specific_ja,language_specific_ja_005652,74387,0.00018950891661113513,0.013766223760027117
zh_ja_028,language_specific_ja,language_specific_ja_007681,183017,0.00018950891661113513,0.013766223760027117
zh_ja_028,language_specific_ja,language_specific_ja_000673,141281,0.0007580356664445067,0.02753244752005362
zh_ja_028,language_specific_ja,language_specific_ja_000782,141564,0.0007580356664445067,0.02753244752005362
zh_ja_028,language_specific_ja,language_specific_ja_001522,96904,0.0007580356664445067,0.02753244752005362
zh_ja_028,language_specific_ja,language_specific_ja_001623,208390,0.0007580356664445067,0.02753244752005362
zh_ja_028,language_specific_ja,language_specific_ja_001924,11023091,0.0007580356664445067,0.02753244752005362
zh_ja_028,language_specific_ja,language_specific_ja_002056,2115529,0.0007580356664445067,0.02753244752005362
zh_ja_028,language_specific_ja,language_specific_ja_002351,594047,0.0007580356664445067,0.02753244752005362
zh_ja_028,language_specific_ja,language_specific_ja_002352,191409,0.0007580356664445067,0.02753244752005362
zh_ja_028,language_specific_ja,language_specific_ja_004171,178402,0.0007580356664445067,0.02753244752005362
zh_ja_028,language_specific_ja,language_specific_ja_005208,125578,0.0007580356664445067,0.02753244752005362
zh_ja_028,language_specific_ja,language_specific_ja_005629,8642460,0.0007580356664445067,0.02753244752005362
zh_ja_028,language_specific_ja,language_specific_ja_006012,142995,0.0007580356664445067,0.02753244752005362
zh_ja_028,language_specific_ja,language_specific_ja_006933,233459,0.0007580356664445067,0.02753244752005362
zh_ja_028,language_specific_ja,language_specific_ja_006945,11056573,0.0007580356664445067,0.02753244752005362
zh_ja_028,language_specific_ja,language_specific_ja_007853,1752745,0.0007580356664445067,0.02753244752005362
zh_ja_028,language_specific_ja,language_specific_ja_001241,147110,0.0017055802495001152,0.04129867128008013
zh_ja_028,language_specific_ja,language_specific_ja_001617,173749,0.0017055802495001152,0.04129867128008013
zh_ja_028,language_specific_ja,language_specific_ja_004291,9699118,0.0017055802495001152,0.04129867128008013
zh_ja_028,language_specific_ja,language_specific_ja_006394,10990290,0.0017055802495001152,0.04129867128008013
zh_ja_028,language_specific_ja,language_specific_ja_006680,234680,0.0017055802495001152,0.04129867128008013
zh_ja_028,language_specific_ja,language_specific_ja_007237,1509091,0.0017055802495001152,0.04129867128008013
zh_ja_028,language_specific_ja,language_specific_ja_007566,13492046,0.0017055802495001152,0.04129867128008013
zh_ja_028,language_specific_ja,language_specific_ja_000262,11078316,0.0017055802495001657,0.04129867128008074
zh_ja_028,language_specific_ja,language_specific_ja_001615,173746,0.0017055802495001657,0.04129867128008074
zh_ja_028,language_specific_ja,language_specific_ja_001799,171090,0.0017055802495001657,0.04129867128008074
zh_ja_028,language_specific_ja,language_specific_ja_006363,146201,0.0017055802495001657,0.04129867128008074
zh_ja_028,language_specific_ja,language_specific_ja_006493,164567,0.0017055802495001657,0.04129867128008074
zh_ja_028,language_specific_ja,language_specific_ja_006580,86979,0.0017055802495001657,0.04129867128008074
zh_ja_028,language_specific_ja,language_specific_ja_007632,178246,0.0017055802495001657,0.04129867128008074
zh_ja_028,language_specific_ja,language_specific_ja_007741,179071,0.0017055802495001657,0.04129867128008074
zh_ja_028,language_specific_ja,language_specific_ja_000322,9993268,0.0030321426657780267,0.05506489504010724
zh_ja_028,language_specific_ja,language_specific_ja_000532,160191,0.0030321426657780267,0.05506489504010724
zh_ja_028,language_specific_ja,language_specific_ja_002348,97985,0.0030321426657780267,0.05506489504010724
zh_ja_028,language_specific_ja,language_specific_ja_004220,77012,0.0030321426657780267,0.05506489504010724
zh_ja_028,language_specific_ja,language_specific_ja_004363,9868271,0.0030321426657780267,0.05506489504010724
zh_ja_028,language_specific_ja,language_specific_ja_004407,76755,0.0030321426657780267,0.05506489504010724
zh_ja_028,language_specific_ja,language_specific_ja_005017,1132510,0.0030321426657780267,0.05506489504010724
zh_ja_028,language_specific_ja,language_specific_ja_005878,148238,0.0030321426657780267,0.05506489504010724
zh_ja_028,language_specific_ja,language_specific_ja_006353,207422,0.0030321426657780267,0.05506489504010724
zh_ja_028,language_specific_ja,language_specific_ja_006361,8225007,0.0030321426657780267,0.05506489504010724
zh_ja_028,language_specific_ja,language_specific_ja_006533,141145,0.0030321426657780267,0.05506489504010724
zh_ja_028,language_specific_ja,language_specific_ja_006872,10194975,0.0030321426657780267,0.05506489504010724
zh_ja_028,language_specific_ja,language_specific_ja_007240,75914,0.0030321426657780267,0.05506489504010724
zh_ja_028,language_specific_ja,language_specific_ja_000333,76262,0.004737722915278126,0.06883111880013375
zh_ja_028,language_specific_ja,language_specific_ja_001903,10335374,0.004737722915278126,0.06883111880013375
zh_ja_028,language_specific_ja,language_specific_ja_003109,206822,0.004737722915278126,0.06883111880013375
zh_ja_028,language_specific_ja,language_specific_ja_003175,2287141,0.004737722915278126,0.06883111880013375
zh_ja_028,language_specific_ja,language_specific_ja_004238,401975,0.004737722915278126,0.06883111880013375
zh_ja_028,language_specific_ja,language_specific_ja_006778,1627632,0.004737722915278126,0.06883111880013375
zh_ja_028,language_specific_ja,language_specific_ja_006806,518152,0.004737722915278126,0.06883111880013375
zh_ja_028,language_specific_ja,language_specific_ja_006935,150040,0.004737722915278126,0.06883111880013375
zh_ja_028,language_specific_ja,language_specific_ja_007207,115986,0.004737722915278126,0.06883111880013375
zh_ja_028,language_specific_ja,language_specific_ja_000710,2619730,0.00473772291527821,0.06883111880013436
zh_ja_028,language_specific_ja,language_specific_ja_001858,11700281,0.00473772291527821,0.06883111880013436
zh_ja_028,language_specific_ja,language_specific_ja_004223,106047,0.00473772291527821,0.06883111880013436
zh_ja_028,language_specific_ja,language_specific_ja_004758,77827,0.00473772291527821,0.06883111880013436
zh_ja_028,language_specific_ja,language_specific_ja_007429,8612386,0.00473772291527821,0.06883111880013436
zh_ja_028,language_specific_ja,language_specific_ja_007530,77006,0.00473772291527821,0.06883111880013436
zh_ja_028,language_specific_ja,language_specific_ja_000744,155415,0.006822320998000561,0.08259734256016087
zh_ja_028,language_specific_ja,language_specific_ja_001778,74559,0.006822320998000561,0.08259734256016087
zh_ja_028,language_specific_ja,language_specific_ja_002009,183076,0.006822320998000561,0.08259734256016087
zh_ja_028,language_specific_ja,language_specific_ja_002102,101983,0.006822320998000561,0.08259734256016087
zh_ja_028,language_specific_ja,language_specific_ja_002772,13056504,0.006822320998000561,0.08259734256016087
zh_ja_028,language_specific_ja,language_specific_ja_002839,13176156,0.006822320998000561,0.08259734256016087
zh_ja_028,language_specific_ja,language_specific_ja_003949,83831,0.006822320998000561,0.08259734256016087
zh_ja_028,language_specific_ja,language_specific_ja_004097,10738739,0.006822320998000561,0.08259734256016087
zh_ja_028,language_specific_ja,language_specific_ja_004944,82174,0.006822320998000561,0.08259734256016087
zh_ja_028,language_specific_ja,language_specific_ja_005861,116504,0.006822320998000561,0.08259734256016087
zh_ja_028,language_specific_ja,language_specific_ja_006041,189527,0.006822320998000561,0.08259734256016087
zh_ja_028,language_specific_ja,language_specific_ja_006354,147284,0.006822320998000561,0.08259734256016087
zh_ja_028,language_specific_ja,language_specific_ja_006486,207656,0.006822320998000561,0.08259734256016087
zh_ja_028,language_specific_ja,language_specific_ja_006958,3485202,0.006822320998000561,0.08259734256016087
zh_ja_028,language_specific_ja,language_specific_ja_007229,116356,0.006822320998000561,0.08259734256016087
zh_ja_028,language_specific_ja,language_specific_ja_007376,13146769,0.006822320998000561,0.08259734256016087
zh_ja_028,language_specific_ja,language_specific_ja_007708,163855,0.006822320998000561,0.08259734256016087
zh_ja_028,language_specific_ja,language_specific_ja_007744,1585428,0.006822320998000561,0.08259734256016087
zh_ja_028,language_specific_ja,language_specific_ja_007746,635428,0.006822320998000561,0.08259734256016087
zh_ja_028,language_specific_ja,language_specific_ja_007765,3569866,0.006822320998000561,0.08259734256016087
zh_ja_028,language_specific_ja,language_specific_ja_003260,1484787,0.009285936913945149,0.09636356632018736
zh_ja_029,language_specific_ja,language_specific_ja_002645,11021660,0.0,0.0
zh_ja_029,language_specific_ja,language_specific_ja_000064,77327,0.0030321426657780267,0.05506489504010724
zh_ja_029,language_specific_ja,language_specific_ja_002376,137649,0.00928593691394503,0.09636356632018675
zh_ja_029,language_specific_ja,language_specific_ja_004377,124837,0.00928593691394503,0.09636356632018675
zh_ja_029,language_specific_ja,language_specific_ja_005549,208016,0.00928593691394503,0.09636356632018675
zh_ja_029,language_specific_ja,language_specific_ja_001237,220094,0.009285936913945268,0.09636356632018798
zh_ja_029,language_specific_ja,language_specific_ja_001565,143450,0.012128570663112107,0.11012979008021448
zh_ja_029,language_specific_ja,language_specific_ja_001243,104198,0.027289283992002245,0.16519468512032173
zh_ja_029,language_specific_ja,language_specific_ja_002387,191525,0.027289283992002245,0.16519468512032173
zh_ja_029,language_specific_ja,language_specific_ja_004455,143668,0.037143747655780594,0.19272713264037472
zh_ja_029,language_specific_ja,language_specific_ja_001976,122473,0.03714374765578107,0.19272713264037597
zh_ja_029,language_specific_ja,language_specific_ja_000890,11049590,0.04263950623750363,0.20649335640040245
zh_ja_029,language_specific_ja,language_specific_ja_004593,10668559,0.04851428265244843,0.22025958016042896
zh_ja_029,language_specific_ja,language_specific_ja_001387,170250,0.0684127188966169,0.2615582514405097
zh_ja_029,language_specific_ja,language_specific_ja_003241,201011,0.0684127188966169,0.2615582514405097
zh_ja_029,language_specific_ja,language_specific_ja_005315,13056056,0.07580356664445034,0.2753244752005356
zh_ja_029,language_specific_ja,language_specific_ja_001046,11685626,0.0835734322255067,0.2890906989605627
zh_ja_029,language_specific_ja,language_specific_ja_005293,122414,0.10025021688728622,0.31662314648061696
zh_ja_029,language_specific_ja,language_specific_ja_002622,11965943,0.10915713596800858,0.33038937024064285
zh_ja_029,language_specific_ja,language_specific_ja_005614,705390,0.10915713596800898,0.33038937024064347
zh_ja_029,language_specific_ja,language_specific_ja_005893,84970,0.10915713596800898,0.33038937024064347
zh_ja_029,language_specific_ja,language_specific_ja_007449,123920,0.11844307288195356,0.34415559400066936
zh_ja_029,language_specific_ja,language_specific_ja_003379,143660,0.1281080276291212,0.3579218177606965
zh_ja_029,language_specific_ja,language_specific_ja_002269,183969,0.1281080276291221,0.3579218177606977
zh_ja_029,language_specific_ja,language_specific_ja_005986,184907,0.1281080276291221,0.3579218177606977
zh_ja_029,language_specific_ja,language_specific_ja_000020,169395,0.13815200020951068,0.371688041520723
zh_ja_029,language_specific_ja,language_specific_ja_000893,5164,0.14857499062312335,0.3854542652807507
zh_ja_029,language_specific_ja,language_specific_ja_003891,170867,0.1593769988699568,0.39922048904077656
zh_ja_029,language_specific_ja,language_specific_ja_005647,154899,0.1593769988699568,0.39922048904077656
zh_ja_029,language_specific_ja,language_specific_ja_002961,10212587,0.17055802495001351,0.4129867128008037
zh_ja_029,language_specific_ja,language_specific_ja_005037,123898,0.17055802495001351,0.4129867128008037
zh_ja_029,language_specific_ja,language_specific_ja_000930,101658,0.17055802495001451,0.4129867128008049
zh_ja_029,language_specific_ja,language_specific_ja_004604,116474,0.182118068863293,0.4267529365608314
zh_ja_029,language_specific_ja,language_specific_ja_005148,157106,0.20637521018951613,0.4542853840808838
zh_ja_029,language_specific_ja,language_specific_ja_003549,140240,0.20637521018951668,0.4542853840808844
zh_ja_029,language_specific_ja,language_specific_ja_005171,11029715,0.20637521018951668,0.4542853840808844
zh_ja_029,language_specific_ja,language_specific_ja_005700,137846,0.20637521018951668,0.4542853840808844
zh_ja_029,language_specific_ja,language_specific_ja_006138,149751,0.20637521018951668,0.4542853840808844
zh_ja_029,language_specific_ja,language_specific_ja_000395,10899823,0.21907230760246302,0.46805160784091215
zh_ja_029,language_specific_ja,language_specific_ja_000784,153808,0.2321484228486305,0.48181783160093866
zh_ja_029,language_specific_ja,language_specific_ja_000884,204909,0.2321484228486305,0.48181783160093866
zh_ja_029,language_specific_ja,language_specific_ja_005284,204899,0.2321484228486305,0.48181783160093866
zh_ja_029,language_specific_ja,language_specific_ja_006121,218480,0.2321484228486305,0.48181783160093866
zh_ja_029,language_specific_ja,language_specific_ja_003922,197600,0.2736508755864676,0.5231165028810194
zh_ja_029,language_specific_ja,language_specific_ja_002411,102510,0.288243062165524,0.5368827266410459
zh_ja_029,language_specific_ja,language_specific_ja_004927,13479139,0.288243062165524,0.5368827266410459
zh_ja_029,language_specific_ja,language_specific_ja_004968,146891,0.288243062165524,0.5368827266410459
zh_ja_029,language_specific_ja,language_specific_ja_005054,212597,0.288243062165524,0.5368827266410459
zh_ja_029,language_specific_ja,language_specific_ja_005653,219826,0.288243062165524,0.5368827266410459
zh_ja_029,language_specific_ja,language_specific_ja_003352,172150,0.3032142665778027,0.5506489504010724
zh_ja_029,language_specific_ja,language_specific_ja_002829,473860,0.31856448882330357,0.5644151741610989
zh_ja_029,language_specific_ja,language_specific_ja_003407,176778,0.31856448882330357,0.5644151741610989
zh_ja_029,language_specific_ja,language_specific_ja_001392,183529,0.3342937289020268,0.5781813979211254
zh_ja_029,language_specific_ja,language_specific_ja_005319,173286,0.3504019868139721,0.5919476216811519
zh_ja_029,language_specific_ja,language_specific_ja_004578,108528,0.35040198681397355,0.5919476216811531
zh_ja_029,language_specific_ja,language_specific_ja_003202,117227,0.3668892625591413,0.6057138454411797
zh_ja_029,language_specific_ja,language_specific_ja_002370,191018,0.38375555613753043,0.6194800692012056
zh_ja_029,language_specific_ja,language_specific_ja_005562,1627090,0.4010008675491425,0.633246292961232
zh_ja_029,language_specific_ja,language_specific_ja_001296,467661,0.4010008675491433,0.6332462929612327
zh_ja_029,language_specific_ja,language_specific_ja_003873,1627164,0.4010008675491433,0.6332462929612327
zh_ja_029,language_specific_ja,language_specific_ja_004274,231115,0.4010008675491433,0.6332462929612327
zh_ja_029,language_specific_ja,language_specific_ja_005631,11571578,0.41862519679397925,0.6470125167212604
zh_ja_029,language_specific_ja,language_specific_ja_000802,100205,0.473772291527815,0.6883111880013393
zh_ja_029,language_specific_ja,language_specific_ja_005505,11013974,0.49291269210554095,0.7020774117613676
zh_ja_029,language_specific_ja,language_specific_ja_001210,226921,0.5124321105164849,0.715843635521393
zh_ja_029,language_specific_ja,language_specific_ja_002120,175394,0.5124321105164866,0.7158436355213942
zh_ja_029,language_specific_ja,language_specific_ja_002121,175399,0.5323305467606544,0.7296098592814206
zh_ja_029,language_specific_ja,language_specific_ja_003280,82214,0.5323305467606544,0.7296098592814206
zh_ja_029,language_specific_ja,language_specific_ja_003840,107724,0.5323305467606544,0.7296098592814206
zh_ja_029,language_specific_ja,language_specific_ja_005048,145110,0.5323305467606544,0.7296098592814206
zh_ja_029,language_specific_ja,language_specific_ja_005163,113903,0.5323305467606544,0.7296098592814206
zh_ja_029,language_specific_ja,language_specific_ja_002724,1048283,0.5942999624924934,0.7709085305615014
zh_ja_029,language_specific_ja,language_specific_ja_004191,175605,0.5942999624924934,0.7709085305615014
zh_ja_029,language_specific_ja,language_specific_ja_004294,189874,0.5942999624924934,0.7709085305615014
zh_ja_029,language_specific_ja,language_specific_ja_002550,2325060,0.6157144700695502,0.7846747543215279
zh_ja_029,language_specific_ja,language_specific_ja_002957,231211,0.6157144700695502,0.7846747543215279
zh_ja_029,language_specific_ja,language_specific_ja_005035,107958,0.6157144700695502,0.7846747543215279
zh_ja_029,language_specific_ja,language_specific_ja_005040,170314,0.6157144700695502,0.7846747543215279
zh_ja_029,language_specific_ja,language_specific_ja_005289,11283940,0.6157144700695502,0.7846747543215279
zh_ja_029,language_specific_ja,language_specific_ja_005339,148278,0.6596805387233305,0.8122072018415809
zh_ja_029,language_specific_ja,language_specific_ja_003341,93687,0.6596805387233325,0.8122072018415821
zh_ja_029,language_specific_ja,language_specific_ja_003762,86889,0.6596805387233325,0.8122072018415821
zh_ja_029,language_specific_ja,language_specific_ja_005296,150997,0.6596805387233325,0.8122072018415821
zh_ja_029,language_specific_ja,language_specific_ja_000244,9700935,0.6822320998000541,0.8259734256016074
zh_ja_029,language_specific_ja,language_specific_ja_000330,143919,0.6822320998000561,0.8259734256016086
zh_ja_029,language_specific_ja,language_specific_ja_004189,1678805,0.6822320998000561,0.8259734256016086
zh_ja_029,language_specific_ja,language_specific_ja_003328,2692371,0.7051626787100019,0.8397396493616351
zh_ja_029,language_specific_ja,language_specific_ja_005110,11044532,0.72847227545317,0.8535058731216616
zh_ja_029,language_specific_ja,language_specific_ja_004970,137577,0.8006751726820098,0.8948045444017424
zh_ja_029,language_specific_ja,language_specific_ja_004071,10008430,0.8255008407580667,0.9085707681617688
zh_ja_029,language_specific_ja,language_specific_ja_004155,102243,0.8255008407580667,0.9085707681617688
zh_ja_029,language_specific_ja,language_specific_ja_000048,189359,0.8507055266673461,0.9223369919217954
zh_ja_029,language_specific_ja,language_specific_ja_000677,157178,0.8507055266673461,0.9223369919217954
zh_ja_029,language_specific_ja,language_specific_ja_005829,1130778,0.8762892304098475,0.9361032156818219
zh_ja_029,language_specific_ja,language_specific_ja_003157,13479214,0.8762892304098497,0.9361032156818231
zh_ja_029,language_specific_ja,language_specific_ja_005059,120893,0.8762892304098497,0.9361032156818231
zh_ja_029,language_specific_ja,language_specific_ja_005350,125783,0.8762892304098497,0.9361032156818231
zh_ja_029,language_specific_ja,language_specific_ja_002588,106482,0.9285936913945196,0.9636356632018761
zh_ja_029,language_specific_ja,language_specific_ja_000474,85830,0.9553144486366867,0.977401886961902
zh_ja_029,language_specific_ja,language_specific_ja_003698,143066,0.9553144486366867,0.977401886961902
zh_ja_047,language_specific_ja,language_specific_ja_001750,220691,0.0,0.0
zh_ja_047,language_specific_ja,language_specific_ja_002059,173662,0.0,0.0
zh_ja_047,language_specific_ja,language_specific_ja_002788,12897232,0.0,0.0
zh_ja_047,language_specific_ja,language_specific_ja_003239,11273600,0.0,0.0
zh_ja_047,language_specific_ja,language_specific_ja_004414,76281,0.0,0.0
zh_ja_047,language_specific_ja,language_specific_ja_005150,109179,0.0,0.0
zh_ja_047,language_specific_ja,language_specific_ja_005939,11003514,0.0,0.0
zh_ja_047,language_specific_ja,language_specific_ja_006133,96790,0.0,0.0
zh_ja_047,language_specific_ja,language_specific_ja_006668,11027903,0.0,0.0
zh_ja_047,language_specific_ja,language_specific_ja_006772,9344254,0.0,0.0
zh_ja_047,language_specific_ja,language_specific_ja_007292,127411,0.0,0.0
zh_ja_047,language_specific_ja,language_specific_ja_000423,184227,0.00018950891661111827,0.013766223760026505
zh_ja_047,language_specific_ja,language_specific_ja_000644,10990454,0.00018950891661111827,0.013766223760026505
zh_ja_047,language_specific_ja,language_specific_ja_001872,115485,0.00018950891661111827,0.013766223760026505
zh_ja_047,language_specific_ja,language_specific_ja_001886,186233,0.00018950891661111827,0.013766223760026505
zh_ja_047,language_specific_ja,language_specific_ja_004976,77572,0.00018950891661111827,0.013766223760026505
zh_ja_047,language_specific_ja,language_specific_ja_005527,11831477,0.00018950891661111827,0.013766223760026505
zh_ja_047,language_specific_ja,language_specific_ja_006209,189944,0.00018950891661111827,0.013766223760026505
zh_ja_047,language_specific_ja,language_specific_ja_007251,10079773,0.00018950891661111827,0.013766223760026505
zh_ja_047,language_specific_ja,language_specific_ja_000141,78863,0.00018950891661113513,0.013766223760027117
zh_ja_047,language_specific_ja,language_specific_ja_001962,201199,0.00018950891661113513,0.013766223760027117
zh_ja_047,language_specific_ja,language_specific_ja_002032,11038462,0.00018950891661113513,0.013766223760027117
zh_ja_047,language_specific_ja,language_specific_ja_002366,143171,0.00018950891661113513,0.013766223760027117
zh_ja_047,language_specific_ja,language_specific_ja_005202,1734118,0.00018950891661113513,0.013766223760027117
zh_ja_047,language_specific_ja,language_specific_ja_007441,11004981,0.00018950891661113513,0.013766223760027117
zh_ja_047,language_specific_ja,language_specific_ja_007493,10055021,0.00018950891661113513,0.013766223760027117
zh_ja_047,language_specific_ja,language_specific_ja_007650,402577,0.00018950891661113513,0.013766223760027117
zh_ja_047,language_specific_ja,language_specific_ja_000120,79020,0.0007580356664445067,0.02753244752005362
zh_ja_047,language_specific_ja,language_specific_ja_000476,11724530,0.0007580356664445067,0.02753244752005362
zh_ja_047,language_specific_ja,language_specific_ja_001158,225553,0.0007580356664445067,0.02753244752005362
zh_ja_047,language_specific_ja,language_specific_ja_001197,220429,0.0007580356664445067,0.02753244752005362
zh_ja_047,language_specific_ja,language_specific_ja_001807,206442,0.0007580356664445067,0.02753244752005362
zh_ja_047,language_specific_ja,language_specific_ja_002326,13146998,0.0007580356664445067,0.02753244752005362
zh_ja_047,language_specific_ja,language_specific_ja_003884,82904,0.0007580356664445067,0.02753244752005362
zh_ja_047,language_specific_ja,language_specific_ja_004118,888506,0.0007580356664445067,0.02753244752005362
zh_ja_047,language_specific_ja,language_specific_ja_005318,221026,0.0007580356664445067,0.02753244752005362
zh_ja_047,language_specific_ja,language_specific_ja_006087,142576,0.0007580356664445067,0.02753244752005362
zh_ja_047,language_specific_ja,language_specific_ja_006805,518608,0.0007580356664445067,0.02753244752005362
zh_ja_047,language_specific_ja,language_specific_ja_007094,10156086,0.0007580356664445067,0.02753244752005362
zh_ja_047,language_specific_ja,language_specific_ja_007496,77325,0.0007580356664445067,0.02753244752005362
zh_ja_047,language_specific_ja,language_specific_ja_007524,515043,0.0007580356664445067,0.02753244752005362
zh_ja_047,language_specific_ja,language_specific_ja_000637,10615962,0.0017055802495001152,0.04129867128008013
zh_ja_047,language_specific_ja,language_specific_ja_000670,11572887,0.0017055802495001152,0.04129867128008013
zh_ja_047,language_specific_ja,language_specific_ja_002343,191433,0.0017055802495001152,0.04129867128008013
zh_ja_047,language_specific_ja,language_specific_ja_002869,75396,0.0017055802495001152,0.04129867128008013
zh_ja_047,language_specific_ja,language_specific_ja_005674,118132,0.0017055802495001152,0.04129867128008013
zh_ja_047,language_specific_ja,language_specific_ja_005990,143589,0.0017055802495001152,0.04129867128008013
zh_ja_047,language_specific_ja,language_specific_ja_006825,82815,0.0017055802495001152,0.04129867128008013
zh_ja_047,language_specific_ja,language_specific_ja_006844,13056011,0.0017055802495001152,0.04129867128008013
zh_ja_047,language_specific_ja,language_specific_ja_007801,156448,0.0017055802495001152,0.04129867128008013
zh_ja_047,language_specific_ja,language_specific_ja_001544,115000,0.0017055802495001657,0.04129867128008074
zh_ja_047,language_specific_ja,language_specific_ja_001912,11563523,0.0017055802495001657,0.04129867128008074
zh_ja_047,language_specific_ja,language_specific_ja_002914,176514,0.0017055802495001657,0.04129867128008074
zh_ja_047,language_specific_ja,language_specific_ja_004306,11724602,0.0017055802495001657,0.04129867128008074
zh_ja_047,language_specific_ja,language_specific_ja_005713,112664,0.0017055802495001657,0.04129867128008074
zh_ja_047,language_specific_ja,language_specific_ja_005981,207486,0.0017055802495001657,0.04129867128008074
zh_ja_047,language_specific_ja,language_specific_ja_000968,96274,0.0030321426657780267,0.05506489504010724
zh_ja_047,language_specific_ja,language_specific_ja_001049,174989,0.0030321426657780267,0.05506489504010724
zh_ja_047,language_specific_ja,language_specific_ja_003945,5185669,0.0030321426657780267,0.05506489504010724
zh_ja_047,language_specific_ja,language_specific_ja_004475,12056073,0.0030321426657780267,0.05506489504010724
zh_ja_047,language_specific_ja,language_specific_ja_004824,106277,0.0030321426657780267,0.05506489504010724
zh_ja_047,language_specific_ja,language_specific_ja_005217,107260,0.0030321426657780267,0.05506489504010724
zh_ja_047,language_specific_ja,language_specific_ja_005337,9020808,0.0030321426657780267,0.05506489504010724
zh_ja_047,language_specific_ja,language_specific_ja_006925,4292011,0.0030321426657780267,0.05506489504010724
zh_ja_047,language_specific_ja,language_specific_ja_007097,1018170,0.0030321426657780267,0.05506489504010724
zh_ja_047,language_specific_ja,language_specific_ja_007348,75048,0.0030321426657780267,0.05506489504010724
zh_ja_047,language_specific_ja,language_specific_ja_000176,1072304,0.004737722915278126,0.06883111880013375
zh_ja_047,language_specific_ja,language_specific_ja_000961,10735913,0.004737722915278126,0.06883111880013375
zh_ja_047,language_specific_ja,language_specific_ja_002191,229768,0.004737722915278126,0.06883111880013375
zh_ja_047,language_specific_ja,language_specific_ja_002985,74777,0.004737722915278126,0.06883111880013375
zh_ja_047,language_specific_ja,language_specific_ja_003712,12723938,0.004737722915278126,0.06883111880013375
zh_ja_047,language_specific_ja,language_specific_ja_003905,13714013,0.004737722915278126,0.06883111880013375
zh_ja_047,language_specific_ja,language_specific_ja_004292,157533,0.004737722915278126,0.06883111880013375
zh_ja_047,language_specific_ja,language_specific_ja_004537,382374,0.004737722915278126,0.06883111880013375
zh_ja_047,language_specific_ja,language_specific_ja_004611,74446,0.004737722915278126,0.06883111880013375
zh_ja_047,language_specific_ja,language_specific_ja_006948,826873,0.004737722915278126,0.06883111880013375
zh_ja_047,language_specific_ja,language_specific_ja_007860,213756,0.004737722915278126,0.06883111880013375
zh_ja_047,language_specific_ja,language_specific_ja_000548,78431,0.00473772291527821,0.06883111880013436
zh_ja_047,language_specific_ja,language_specific_ja_001518,12221144,0.00473772291527821,0.06883111880013436
zh_ja_047,language_specific_ja,language_specific_ja_001715,10917197,0.00473772291527821,0.06883111880013436
zh_ja_047,language_specific_ja,language_specific_ja_005773,173216,0.00473772291527821,0.06883111880013436
zh_ja_047,language_specific_ja,language_specific_ja_006648,10987726,0.00473772291527821,0.06883111880013436
zh_ja_047,language_specific_ja,language_specific_ja_000604,141801,0.006822320998000561,0.08259734256016087
zh_ja_047,language_specific_ja,language_specific_ja_001198,12074968,0.006822320998000561,0.08259734256016087
zh_ja_047,language_specific_ja,language_specific_ja_001322,9152939,0.006822320998000561,0.08259734256016087
zh_ja_047,language_specific_ja,language_specific_ja_002498,9824258,0.006822320998000561,0.08259734256016087
zh_ja_047,language_specific_ja,language_specific_ja_002838,12164696,0.006822320998000561,0.08259734256016087
zh_ja_047,language_specific_ja,language_specific_ja_003070,78674,0.006822320998000561,0.08259734256016087
zh_ja_047,language_specific_ja,language_specific_ja_003668,191021,0.006822320998000561,0.08259734256016087
zh_ja_047,language_specific_ja,language_specific_ja_003726,9634967,0.006822320998000561,0.08259734256016087
zh_ja_047,language_specific_ja,language_specific_ja_005251,2182839,0.006822320998000561,0.08259734256016087
zh_ja_047,language_specific_ja,language_specific_ja_005538,151047,0.006822320998000561,0.08259734256016087
zh_ja_047,language_specific_ja,language_specific_ja_007140,150191,0.006822320998000561,0.08259734256016087
zh_ja_047,language_specific_ja,language_specific_ja_007308,4897871,0.006822320998000561,0.08259734256016087
zh_ja_047,language_specific_ja,language_specific_ja_000171,78931,0.009285936913945149,0.09636356632018736
zh_ja_047,language_specific_ja,language_specific_ja_002380,179498,0.009285936913945149,0.09636356632018736
zh_ja_047,language_specific_ja,language_specific_ja_003755,11637393,0.009285936913945149,0.09636356632018736
zh_ja_047,language_specific_ja,language_specific_ja_005484,7465286,0.009285936913945149,0.09636356632018736
zh_ja_047,language_specific_ja,language_specific_ja_006790,76827,0.009285936913945149,0.09636356632018736
zh_ja_047,language_specific_ja,language_specific_ja_000991,10901652,0.009285936913945268,0.09636356632018798
zh_ja_048,language_specific_ja,language_specific_ja_000784,153808,0.0,0.0
zh_ja_048,language_specific_ja,language_specific_ja_000884,204909,0.0,0.0
zh_ja_048,language_specific_ja,language_specific_ja_005284,204899,0.0,0.0
zh_ja_048,language_specific_ja,language_specific_ja_006121,218480,0.0,0.0
zh_ja_048,language_specific_ja,language_specific_ja_000395,10899823,0.00018950891661111827,0.013766223760026505
zh_ja_048,language_specific_ja,language_specific_ja_003549,140240,0.0007580356664445405,0.027532447520054234
zh_ja_048,language_specific_ja,language_specific_ja_005171,11029715,0.0007580356664445405,0.027532447520054234
zh_ja_048,language_specific_ja,language_specific_ja_005700,137846,0.0007580356664445405,0.027532447520054234
zh_ja_048,language_specific_ja,language_specific_ja_006138,149751,0.0007580356664445405,0.027532447520054234
zh_ja_048,language_specific_ja,language_specific_ja_003922,197600,0.0017055802495001657,0.04129867128008074
zh_ja_048,language_specific_ja,language_specific_ja_002411,102510,0.0030321426657780267,0.05506489504010724
zh_ja_048,language_specific_ja,language_specific_ja_004604,116474,0.0030321426657780267,0.05506489504010724
zh_ja_048,language_specific_ja,language_specific_ja_004927,13479139,0.0030321426657780267,0.05506489504010724
zh_ja_048,language_specific_ja,language_specific_ja_004968,146891,0.0030321426657780267,0.05506489504010724
zh_ja_048,language_specific_ja,language_specific_ja_005054,212597,0.0030321426657780267,0.05506489504010724
zh_ja_048,language_specific_ja,language_specific_ja_005653,219826,0.0030321426657780267,0.05506489504010724
zh_ja_048,language_specific_ja,language_specific_ja_000930,101658,0.004737722915278126,0.06883111880013375
zh_ja_048,language_specific_ja,language_specific_ja_003352,172150,0.004737722915278126,0.06883111880013375
zh_ja_048,language_specific_ja,language_specific_ja_002829,473860,0.006822320998000461,0.08259734256016026
zh_ja_048,language_specific_ja,language_specific_ja_003407,176778,0.006822320998000461,0.08259734256016026
zh_ja_048,language_specific_ja,language_specific_ja_001392,183529,0.00928593691394503,0.09636356632018675
zh_ja_048,language_specific_ja,language_specific_ja_000893,5164,0.009285936913945268,0.09636356632018798
zh_ja_048,language_specific_ja,language_specific_ja_004578,108528,0.012128570663112107,0.11012979008021448
zh_ja_048,language_specific_ja,language_specific_ja_002269,183969,0.015350222245501186,0.12389601384024099
zh_ja_048,language_specific_ja,language_specific_ja_003202,117227,0.015350222245501186,0.12389601384024099
zh_ja_048,language_specific_ja,language_specific_ja_005986,184907,0.015350222245501186,0.12389601384024099
zh_ja_048,language_specific_ja,language_specific_ja_001296,467661,0.022930578909946053,0.151428461360294
zh_ja_048,language_specific_ja,language_specific_ja_003873,1627164,0.022930578909946053,0.151428461360294
zh_ja_048,language_specific_ja,language_specific_ja_004274,231115,0.022930578909946053,0.151428461360294
zh_ja_048,language_specific_ja,language_specific_ja_005614,705390,0.022930578909946424,0.15142846136029522
zh_ja_048,language_specific_ja,language_specific_ja_005893,84970,0.022930578909946424,0.15142846136029522
zh_ja_048,language_specific_ja,language_specific_ja_005293,122414,0.027289283992002245,0.16519468512032173
zh_ja_048,language_specific_ja,language_specific_ja_005631,11571578,0.027289283992002245,0.16519468512032173
zh_ja_048,language_specific_ja,language_specific_ja_001046,11685626,0.03714374765578107,0.19272713264037597
zh_ja_048,language_specific_ja,language_specific_ja_001387,170250,0.04851428265244843,0.22025958016042896
zh_ja_048,language_specific_ja,language_specific_ja_003241,201011,0.04851428265244843,0.22025958016042896
zh_ja_048,language_specific_ja,language_specific_ja_005505,11013974,0.04851428265244843,0.22025958016042896
zh_ja_048,language_specific_ja,language_specific_ja_002120,175394,0.05476807690061547,0.23402580392045547
zh_ja_048,language_specific_ja,language_specific_ja_002121,175399,0.06140088898200474,0.24779202768048197
zh_ja_048,language_specific_ja,language_specific_ja_003280,82214,0.06140088898200474,0.24779202768048197
zh_ja_048,language_specific_ja,language_specific_ja_003840,107724,0.06140088898200474,0.24779202768048197
zh_ja_048,language_specific_ja,language_specific_ja_005048,145110,0.06140088898200474,0.24779202768048197
zh_ja_048,language_specific_ja,language_specific_ja_005163,113903,0.06140088898200474,0.24779202768048197
zh_ja_048,language_specific_ja,language_specific_ja_004593,10668559,0.0684127188966169,0.2615582514405097
zh_ja_048,language_specific_ja,language_specific_ja_000890,11049590,0.07580356664445068,0.2753244752005362
zh_ja_048,language_specific_ja,language_specific_ja_001976,122473,0.0835734322255067,0.2890906989605627
zh_ja_048,language_specific_ja,language_specific_ja_002724,1048283,0.0835734322255067,0.2890906989605627
zh_ja_048,language_specific_ja,language_specific_ja_004191,175605,0.0835734322255067,0.2890906989605627
zh_ja_048,language_specific_ja,language_specific_ja_004294,189874,0.0835734322255067,0.2890906989605627
zh_ja_048,language_specific_ja,language_specific_ja_002550,2325060,0.09172231563978496,0.30285692272058923
zh_ja_048,language_specific_ja,language_specific_ja_002957,231211,0.09172231563978496,0.30285692272058923
zh_ja_048,language_specific_ja,language_specific_ja_005035,107958,0.09172231563978496,0.30285692272058923
zh_ja_048,language_specific_ja,language_specific_ja_005040,170314,0.09172231563978496,0.30285692272058923
zh_ja_048,language_specific_ja,language_specific_ja_005289,11283940,0.09172231563978496,0.30285692272058923
zh_ja_048,language_specific_ja,language_specific_ja_001243,104198,0.10025021688728622,0.31662314648061696
zh_ja_048,language_specific_ja,language_specific_ja_002387,191525,0.10025021688728622,0.31662314648061696
zh_ja_048,language_specific_ja,language_specific_ja_003341,93687,0.10915713596800898,0.33038937024064347
zh_ja_048,language_specific_ja,language_specific_ja_003762,86889,0.10915713596800898,0.33038937024064347
zh_ja_048,language_specific_ja,language_specific_ja_005296,150997,0.10915713596800898,0.33038937024064347
zh_ja_048,language_specific_ja,language_specific_ja_000330,143919,0.11844307288195399,0.34415559400067
zh_ja_048,language_specific_ja,language_specific_ja_004189,1678805,0.11844307288195399,0.34415559400067
zh_ja_048,language_specific_ja,language_specific_ja_003328,2692371,0.1281080276291212,0.3579218177606965
zh_ja_048,language_specific_ja,language_specific_ja_005110,11044532,0.13815200020951068,0.371688041520723
zh_ja_048,language_specific_ja,language_specific_ja_001565,143450,0.1381520002095116,0.3716880415207242
zh_ja_048,language_specific_ja,language_specific_ja_001237,220094,0.14857499062312335,0.3854542652807507
zh_ja_048,language_specific_ja,language_specific_ja_004970,137577,0.17055802495001351,0.4129867128008037
zh_ja_048,language_specific_ja,language_specific_ja_004071,10008430,0.18211806886329196,0.4267529365608302
zh_ja_048,language_specific_ja,language_specific_ja_004155,102243,0.18211806886329196,0.4267529365608302
zh_ja_048,language_specific_ja,language_specific_ja_000064,77327,0.182118068863293,0.4267529365608314
zh_ja_048,language_specific_ja,language_specific_ja_000048,189359,0.19405713060979266,0.4405191603208567
zh_ja_048,language_specific_ja,language_specific_ja_000677,157178,0.19405713060979266,0.4405191603208567
zh_ja_048,language_specific_ja,language_specific_ja_003157,13479214,0.20637521018951668,0.4542853840808844
zh_ja_048,language_specific_ja,language_specific_ja_005059,120893,0.20637521018951668,0.4542853840808844
zh_ja_048,language_specific_ja,language_specific_ja_005350,125783,0.20637521018951668,0.4542853840808844
zh_ja_048,language_specific_ja,language_specific_ja_002588,106482,0.2321484228486293,0.48181783160093744
zh_ja_048,language_specific_ja,language_specific_ja_002645,11021660,0.2321484228486305,0.48181783160093866
zh_ja_048,language_specific_ja,language_specific_ja_001992,6828223,0.24560355592801897,0.49558405536096395
zh_ja_048,language_specific_ja,language_specific_ja_006060,11875920,0.24560355592801897,0.49558405536096395
zh_ja_048,language_specific_ja,language_specific_ja_003448,126310,0.3032142665778014,0.5506489504010712
zh_ja_048,language_specific_ja,language_specific_ja_002376,137649,0.3342937289020268,0.5781813979211254
zh_ja_048,language_specific_ja,language_specific_ja_002799,2975954,0.3342937289020268,0.5781813979211254
zh_ja_048,language_specific_ja,language_specific_ja_004377,124837,0.3342937289020268,0.5781813979211254
zh_ja_048,language_specific_ja,language_specific_ja_005549,208016,0.3342937289020268,0.5781813979211254
zh_ja_048,language_specific_ja,language_specific_ja_002378,3559194,0.3504019868139721,0.5919476216811519
zh_ja_048,language_specific_ja,language_specific_ja_002441,168525,0.3504019868139721,0.5919476216811519
zh_ja_048,language_specific_ja,language_specific_ja_004875,204948,0.4010008675491433,0.6332462929612327
zh_ja_048,language_specific_ja,language_specific_ja_003527,11064165,0.41862519679397764,0.6470125167212591
zh_ja_048,language_specific_ja,language_specific_ja_000314,12962641,0.4366285438720343,0.6607787404812857
zh_ja_048,language_specific_ja,language_specific_ja_004455,143668,0.45501090878331474,0.6745449642413134
zh_ja_048,language_specific_ja,language_specific_ja_005809,108127,0.47377229152781597,0.68831118800134
zh_ja_048,language_specific_ja,language_specific_ja_000935,121617,0.5124321105164849,0.715843635521393
zh_ja_048,language_specific_ja,language_specific_ja_003590,214362,0.5124321105164849,0.715843635521393
zh_ja_048,language_specific_ja,language_specific_ja_004701,150036,0.5124321105164849,0.715843635521393
zh_ja_048,language_specific_ja,language_specific_ja_002406,10495637,0.5323305467606544,0.7296098592814206
zh_ja_048,language_specific_ja,language_specific_ja_004891,11358786,0.5526080008380446,0.7433760830414472
zh_ja_048,language_specific_ja,language_specific_ja_005015,185197,0.5526080008380446,0.7433760830414472
zh_ja_048,language_specific_ja,language_specific_ja_002896,215010,0.5732644727486569,0.7571423068014737
zh_ja_048,language_specific_ja,language_specific_ja_004440,176408,0.5732644727486569,0.7571423068014737
zh_ja_048,language_specific_ja,language_specific_ja_005315,13056056,0.5732644727486579,0.7571423068014743
zh_ja_048,language_specific_ja,language_specific_ja_000507,144814,0.5942999624924914,0.7709085305615001
zh_ja_049,language_specific_ja,language_specific_ja_007613,142067,0.009285936913945149,0.09636356632018736
zh_ja_049,language_specific_ja,language_specific_ja_001633,13714051,0.012128570663112107,0.11012979008021448
zh_ja_049,language_specific_ja,language_specific_ja_006176,94971,0.015350222245501186,0.12389601384024099
zh_ja_049,language_specific_ja,language_specific_ja_003913,145245,0.1281080276291212,0.3579218177606965
zh_ja_049,language_specific_ja,language_specific_ja_006743,13908962,0.19405713060979318,0.4405191603208573
zh_ja_049,language_specific_ja,language_specific_ja_007101,2409484,0.24560355592801958,0.49558405536096456
zh_ja_049,language_specific_ja,language_specific_ja_000474,85830,0.28824306216552337,0.5368827266410453
zh_ja_049,language_specific_ja,language_specific_ja_003698,143066,0.28824306216552337,0.5368827266410453
zh_ja_049,language_specific_ja,language_specific_ja_005829,1130778,0.3342937289020268,0.5781813979211254
zh_ja_049,language_specific_ja,language_specific_ja_000244,9700935,0.47377229152781597,0.68831118800134
zh_ja_049,language_specific_ja,language_specific_ja_005339,148278,0.49291269210553923,0.7020774117613664
zh_ja_049,language_specific_ja,language_specific_ja_001210,226921,0.6375079954798292,0.7984409780815543
zh_ja_049,language_specific_ja,language_specific_ja_000802,100205,0.6822320998000551,0.825973425601608
zh_ja_049,language_specific_ja,language_specific_ja_000066,92159,0.7051626787100008,0.8397396493616345
zh_ja_049,language_specific_ja,language_specific_ja_005562,1627090,0.776228522439174,0.8810383206417153
zh_ja_049,language_specific_ja,language_specific_ja_002370,191018,0.8006751726820086,0.8948045444017417
zh_ja_049,language_specific_ja,language_specific_ja_005319,173286,0.8507055266673461,0.9223369919217954
zh_ja_049,language_specific_ja,language_specific_ja_005148,157106,1.1235983665873683,1.0599992295220635
zh_ja_049,language_specific_ja,language_specific_ja_002961,10212587,1.212857066311208,1.1012979008021435
zh_ja_049,language_specific_ja,language_specific_ja_005037,123898,1.212857066311208,1.1012979008021435
zh_ja_049,language_specific_ja,language_specific_ja_003891,170867,1.2433680018856,1.1150641245621706
zh_ja_049,language_specific_ja,language_specific_ja_005647,154899,1.2433680018856,1.1150641245621706
zh_ja_049,language_specific_ja,language_specific_ja_000020,169395,1.30552692653405,1.1425965720822244
zh_ja_049,language_specific_ja,language_specific_ja_003379,143660,1.3371749156081072,1.1563627958422509
zh_ja_049,language_specific_ja,language_specific_ja_007449,123920,1.3692019225153882,1.170129019602278
zh_ja_049,language_specific_ja,language_specific_ja_002622,11965943,1.40160794725589,1.1838952433623045
zh_ja_049,language_specific_ja,language_specific_ja_005315,13056056,1.5350222245501235,1.2389601384024118
zh_ja_049,language_specific_ja,language_specific_ja_004455,143668,1.7465141754881401,1.3215574809625725
zh_ja_049,language_specific_ja,language_specific_ja_002376,137649,2.0105000963274406,1.4179210472827606
zh_ja_049,language_specific_ja,language_specific_ja_004377,124837,2.0105000963274406,1.4179210472827606
zh_ja_049,language_specific_ja,language_specific_ja_005549,208016,2.0105000963274406,1.4179210472827606
zh_ja_049,language_specific_ja,language_specific_ja_000028,230868,2.0171517556290186,1.4121689618169182
zh_ja_049,language_specific_ja,language_specific_ja_006205,1016659,2.0215104607110748,1.4121689618169182
zh_ja_049,language_specific_ja,language_specific_ja_000052,225285,2.077794608944579,1.4121689618169182
zh_ja_049,language_specific_ja,language_specific_ja_006955,176472,2.077794608944579,1.4121689618169182
zh_ja_049,language_specific_ja,language_specific_ja_003432,183146,2.2824642388845957,1.4121689618169182
zh_ja_049,language_specific_ja,language_specific_ja_002645,11021660,2.2930578909946275,1.5142846136029473
zh_ja_049,language_specific_ja,language_specific_ja_001775,186918,2.2974354432968744,1.4121689618169182
zh_ja_049,language_specific_ja,language_specific_ja_002489,4794123,2.4308497205911075,1.4121689618169182
zh_ja_049,language_specific_ja,language_specific_ja_000064,77327,2.4628578802781966,1.5693495086430544
zh_ja_049,language_specific_ja,language_specific_ja_001237,220094,2.5941875594897086,1.6106481799231354
zh_ja_049,language_specific_ja,language_specific_ja_001565,143450,2.638722154893322,1.6244144036831618
zh_ja_049,language_specific_ja,language_specific_ja_003038,4102611,2.7226934521722423,1.4121689618169182
zh_ja_049,language_specific_ja,language_specific_ja_001243,104198,2.8206507148400033,1.679479298723269
zh_ja_049,language_specific_ja,language_specific_ja_002387,191525,2.8206507148400033,1.679479298723269
zh_ja_049,language_specific_ja,language_specific_ja_001976,122473,2.91388910181268,1.7070117462433232
zh_ja_049,language_specific_ja,language_specific_ja_000890,11049590,2.9610768220488497,1.7207779700033499
zh_ja_049,language_specific_ja,language_specific_ja_004593,10668559,3.0086435601182413,1.7345441937633763
zh_ja_049,language_specific_ja,language_specific_ja_001387,170250,3.153617881325754,1.775842865043457
zh_ja_049,language_specific_ja,language_specific_ja_003241,201011,3.153617881325754,1.775842865043457
zh_ja_049,language_specific_ja,language_specific_ja_001046,11685626,3.252162517963537,1.80337531256351
zh_ja_049,language_specific_ja,language_specific_ja_005293,122414,3.352223225934214,1.8309077600835642
zh_ja_049,language_specific_ja,language_specific_ja_005614,705390,3.4028221066693844,1.8446739838435908
zh_ja_049,language_specific_ja,language_specific_ja_005893,84970,3.4028221066693844,1.8446739838435908
zh_ja_049,language_specific_ja,language_specific_ja_002269,183969,3.505156921639395,1.872206431363645
zh_ja_049,language_specific_ja,language_specific_ja_005986,184907,3.505156921639395,1.872206431363645
zh_ja_049,language_specific_ja,language_specific_ja_000893,5164,3.6090078079422896,1.899738878883698
zh_ja_049,language_specific_ja,language_specific_ja_000836,10165674,3.668721963894985,1.4121689618169182
zh_ja_049,language_specific_ja,language_specific_ja_000930,101658,3.7143747655780786,1.9272713264037522
zh_ja_049,language_specific_ja,language_specific_ja_004604,116474,3.7676267711458036,1.9410375501637787
zh_ja_049,language_specific_ja,language_specific_ja_002505,148529,3.7678521329558397,1.9410467856389315
zh_ja_049,language_specific_ja,language_specific_ja_006154,10483247,3.768420659705673,1.9410467856389315
zh_ja_049,language_specific_ja,language_specific_ja_006163,184623,3.7724003469545067,1.9410467856389315
zh_ja_049,language_specific_ja,language_specific_ja_000317,13056009,3.7773105731131613,1.4121689618169182
zh_ja_049,language_specific_ja,language_specific_ja_007405,10760327,3.7797911947023404,1.9410467856389315
zh_ja_049,language_specific_ja,language_specific_ja_000888,75300,3.7830128462847297,1.9410467856389315
zh_ja_049,language_specific_ja,language_specific_ja_001601,162625,3.804806371695009,1.9410467856389315
zh_ja_049,language_specific_ja,language_specific_ja_000385,229631,3.8515980684247224,1.4121689618169182
zh_ja_049,language_specific_ja,language_specific_ja_007463,8882135,3.8593849396790136,1.9410467856389315
zh_ja_049,language_specific_ja,language_specific_ja_003549,140240,3.8752678357809214,1.9685699976838318
zh_ja_049,language_specific_ja,language_specific_ja_005171,11029715,3.8752678357809214,1.9685699976838318
zh_ja_049,language_specific_ja,language_specific_ja_005700,137846,3.8752678357809214,1.9685699976838318
zh_ja_049,language_specific_ja,language_specific_ja_006138,149751,3.8752678357809214,1.9685699976838318
zh_ja_049,language_specific_ja,language_specific_ja_002088,10790048,3.8893103428303366,1.4121689618169182
zh_ja_049,language_specific_ja,language_specific_ja_003084,218421,3.8893103428303366,1.4121689618169182
zh_ja_049,language_specific_ja,language_specific_ja_004413,230125,3.9058146242487397,1.9410467856389315
zh_ja_049,language_specific_ja,language_specific_ja_000395,10899823,3.9296568948483186,1.9823362214438596
zh_ja_049,language_specific_ja,language_specific_ja_000784,153808,3.9844249717489326,1.996102445203886
zh_ja_049,language_specific_ja,language_specific_ja_000884,204909,3.9844249717489326,1.996102445203886
zh_ja_049,language_specific_ja,language_specific_ja_005284,204899,3.9844249717489326,1.996102445203886
zh_ja_049,language_specific_ja,language_specific_ja_006121,218480,3.9844249717489326,1.996102445203886
zh_ja_049,language_specific_ja,language_specific_ja_006232,121587,3.9998110468878583,1.9410467856389315
zh_ja_049,language_specific_ja,language_specific_ja_006587,1678485,3.9998110468878583,1.9410467856389315
zh_ja_049,language_specific_ja,language_specific_ja_003060,170236,4.07087689061703,1.9410467856389315
zh_ja_049,language_specific_ja,language_specific_ja_005599,216888,4.118064610853201,1.9410467856389315
zh_ja_049,language_specific_ja,language_specific_ja_003922,197600,4.151003309450115,2.037401116483967
zh_ja_049,language_specific_ja,language_specific_ja_002411,102510,4.207287457683618,2.0511673402439934
zh_ja_049,language_specific_ja,language_specific_ja_004927,13479139,4.207287457683618,2.0511673402439934
zh_ja_049,language_specific_ja,language_specific_ja_004968,146891,4.207287457683618,2.0511673402439934
zh_ja_049,language_specific_ja,language_specific_ja_005054,212597,4.207287457683618,2.0511673402439934
zh_ja_049,language_specific_ja,language_specific_ja_005653,219826,4.207287457683618,2.0511673402439934
zh_ja_049,language_specific_ja,language_specific_ja_005313,11027830,4.222673532822543,1.9410467856389315
zh_ja_049,language_specific_ja,language_specific_ja_003209,81052,4.2605753161447675,1.9410467856389315
zh_ja_049,language_specific_ja,language_specific_ja_004543,11056608,4.2605753161447675,1.9410467856389315
zh_ja_049,language_specific_ja,language_specific_ja_003352,172150,4.263950623750343,2.06493356400402
zh_ja_049,language_specific_ja,language_specific_ja_002829,473860,4.320992807650291,2.0786997877640463
zh_ja_049,language_specific_ja,language_specific_ja_003407,176778,4.320992807650291,2.0786997877640463
zh_ja_049,language_specific_ja,language_specific_ja_001835,137151,4.361962586531721,1.9410467856389315
zh_ja_049,language_specific_ja,language_specific_ja_001392,183529,4.378414009383461,2.0924660115240727
zh_ja_049,language_specific_ja,language_specific_ja_004578,108528,4.436214228949859,2.1062322352841005
zh_ja_052,language_specific_ja,language_specific_ja_004457,175802,0.0,0.0
zh_ja_052,language_specific_ja,language_specific_ja_001634,110122,0.009285936913945268,0.09636356632018798
zh_ja_052,language_specific_ja,language_specific_ja_007087,13479039,0.012128570663112107,0.11012979008021448
zh_ja_052,language_specific_ja,language_specific_ja_000975,190730,0.015350222245501186,0.12389601384024099
zh_ja_052,language_specific_ja,language_specific_ja_005216,108526,0.027289283992002245,0.16519468512032173
zh_ja_052,language_specific_ja,language_specific_ja_004214,149178,0.0320270069072803,0.17896090888034824
zh_ja_052,language_specific_ja,language_specific_ja_000413,166008,0.04263950623750363,0.20649335640040245
zh_ja_052,language_specific_ja,language_specific_ja_001359,126920,0.04851428265244843,0.22025958016042896
zh_ja_052,language_specific_ja,language_specific_ja_003158,1585025,0.06140088898200474,0.24779202768048197
zh_ja_052,language_specific_ja,language_specific_ja_004928,145251,0.0684127188966169,0.2615582514405097
zh_ja_052,language_specific_ja,language_specific_ja_000584,79419,0.0835734322255067,0.2890906989605627
zh_ja_052,language_specific_ja,language_specific_ja_006110,4141505,0.0835734322255067,0.2890906989605627
zh_ja_052,language_specific_ja,language_specific_ja_000651,7562192,0.10915713596800898,0.33038937024064347
zh_ja_052,language_specific_ja,language_specific_ja_006762,102548,0.1281080276291212,0.3579218177606965
zh_ja_052,language_specific_ja,language_specific_ja_004208,87570,0.13815200020951068,0.371688041520723
zh_ja_052,language_specific_ja,language_specific_ja_003815,123195,0.14857499062312335,0.3854542652807507
zh_ja_052,language_specific_ja,language_specific_ja_000866,3697577,0.1593769988699573,0.39922048904077717
zh_ja_052,language_specific_ja,language_specific_ja_004627,10287437,0.17055802495001351,0.4129867128008037
zh_ja_052,language_specific_ja,language_specific_ja_002204,148143,0.18211806886329196,0.4267529365608302
zh_ja_052,language_specific_ja,language_specific_ja_000867,77114,0.2456035559280202,0.49558405536096517
zh_ja_052,language_specific_ja,language_specific_ja_004705,153615,0.2456035559280202,0.49558405536096517
zh_ja_052,language_specific_ja,language_specific_ja_002178,94114,0.27365087558646634,0.5231165028810182
zh_ja_052,language_specific_ja,language_specific_ja_003040,81593,0.27365087558646634,0.5231165028810182
zh_ja_052,language_specific_ja,language_specific_ja_003856,174822,0.27365087558646634,0.5231165028810182
zh_ja_052,language_specific_ja,language_specific_ja_004626,145978,0.27365087558646634,0.5231165028810182
zh_ja_052,language_specific_ja,language_specific_ja_003862,107611,0.3668892625591413,0.6057138454411797
zh_ja_052,language_specific_ja,language_specific_ja_004776,107913,0.3668892625591413,0.6057138454411797
zh_ja_052,language_specific_ja,language_specific_ja_000117,8617728,0.4010008675491433,0.6332462929612327
zh_ja_052,language_specific_ja,language_specific_ja_000286,3366879,0.4010008675491433,0.6332462929612327
zh_ja_052,language_specific_ja,language_specific_ja_006053,84408,0.4010008675491433,0.6332462929612327
zh_ja_052,language_specific_ja,language_specific_ja_006279,90090,0.41862519679397764,0.6470125167212591
zh_ja_052,language_specific_ja,language_specific_ja_000817,11018166,0.4366285438720343,0.6607787404812857
zh_ja_052,language_specific_ja,language_specific_ja_001534,10680327,0.4366285438720343,0.6607787404812857
zh_ja_052,language_specific_ja,language_specific_ja_001579,151293,0.4366285438720343,0.6607787404812857
zh_ja_052,language_specific_ja,language_specific_ja_003270,7462021,0.4366285438720343,0.6607787404812857
zh_ja_052,language_specific_ja,language_specific_ja_001104,9510602,0.47377229152781597,0.68831118800134
zh_ja_052,language_specific_ja,language_specific_ja_001163,173165,0.47377229152781597,0.68831118800134
zh_ja_052,language_specific_ja,language_specific_ja_007227,3122405,0.47377229152781597,0.68831118800134
zh_ja_052,language_specific_ja,language_specific_ja_000865,2260360,0.49291269210553923,0.7020774117613664
zh_ja_052,language_specific_ja,language_specific_ja_006068,11005190,0.5323305467606544,0.7296098592814206
zh_ja_052,language_specific_ja,language_specific_ja_000095,235240,0.5526080008380446,0.7433760830414472
zh_ja_052,language_specific_ja,language_specific_ja_000609,141448,0.5526080008380446,0.7433760830414472
zh_ja_052,language_specific_ja,language_specific_ja_003261,8975331,0.5732644727486569,0.7571423068014737
zh_ja_052,language_specific_ja,language_specific_ja_000329,115462,0.6157144700695502,0.7846747543215279
zh_ja_052,language_specific_ja,language_specific_ja_004324,102878,0.6157144700695502,0.7846747543215279
zh_ja_052,language_specific_ja,language_specific_ja_003078,113790,0.6596805387233305,0.8122072018415809
zh_ja_052,language_specific_ja,language_specific_ja_003419,151904,0.6596805387233305,0.8122072018415809
zh_ja_052,language_specific_ja,language_specific_ja_005758,95862,0.6596805387233305,0.8122072018415809
zh_ja_052,language_specific_ja,language_specific_ja_005784,160230,0.6822320998000541,0.8259734256016074
zh_ja_052,language_specific_ja,language_specific_ja_000318,109063,0.7051626787100019,0.8397396493616351
zh_ja_052,language_specific_ja,language_specific_ja_001740,1272395,0.7051626787100019,0.8397396493616351
zh_ja_052,language_specific_ja,language_specific_ja_003184,11605113,0.72847227545317,0.8535058731216616
zh_ja_052,language_specific_ja,language_specific_ja_000367,226209,0.7521608900295603,0.8672720968816882
zh_ja_052,language_specific_ja,language_specific_ja_002877,106755,0.8255008407580667,0.9085707681617688
zh_ja_052,language_specific_ja,language_specific_ja_003179,10612324,0.8255008407580667,0.9085707681617688
zh_ja_052,language_specific_ja,language_specific_ja_005703,8771777,0.8255008407580667,0.9085707681617688
zh_ja_052,language_specific_ja,language_specific_ja_001619,211161,0.8507055266673461,0.9223369919217954
zh_ja_052,language_specific_ja,language_specific_ja_003046,209602,0.8507055266673461,0.9223369919217954
zh_ja_052,language_specific_ja,language_specific_ja_002836,151498,0.9022519519855737,0.9498694394418497
zh_ja_052,language_specific_ja,language_specific_ja_004989,144798,0.9022519519855737,0.9498694394418497
zh_ja_052,language_specific_ja,language_specific_ja_005888,227770,0.9553144486366879,0.9774018869619027
zh_ja_052,language_specific_ja,language_specific_ja_000643,85222,1.0098930166206912,1.0049343344819557
zh_ja_052,language_specific_ja,language_specific_ja_004947,175476,1.0098930166206912,1.0049343344819557
zh_ja_052,language_specific_ja,language_specific_ja_000816,12574517,1.0377508273625287,1.0187005582419835
zh_ja_052,language_specific_ja,language_specific_ja_001788,11030912,1.0659876559375858,1.03246678200201
zh_ja_052,language_specific_ja,language_specific_ja_006054,3589958,1.0946035023458653,1.0462330057620364
zh_ja_052,language_specific_ja,language_specific_ja_006210,11571126,1.0946035023458653,1.0462330057620364
zh_ja_052,language_specific_ja,language_specific_ja_001717,11056535,1.30552692653405,1.1425965720822244
zh_ja_052,language_specific_ja,language_specific_ja_005068,144756,1.3692019225153866,1.1701290196022773
zh_ja_052,language_specific_ja,language_specific_ja_003033,81572,1.4343929898296157,1.1976614671223316
zh_ja_052,language_specific_ja,language_specific_ja_001321,11001296,1.467557050236562,1.211427690882358
zh_ja_052,language_specific_ja,language_specific_ja_005938,10588079,1.467557050236562,1.211427690882358
zh_ja_052,language_specific_ja,language_specific_ja_000649,91004,1.5350222245501246,1.2389601384024123
zh_ja_052,language_specific_ja,language_specific_ja_004383,8576120,1.5350222245501246,1.2389601384024123
zh_ja_052,language_specific_ja,language_specific_ja_003068,78636,1.6040034701965733,1.2664925859224654
zh_ja_052,language_specific_ja,language_specific_ja_005895,101507,1.639062619769631,1.2802588096824918
zh_ja_052,language_specific_ja,language_specific_ja_002213,9054771,1.710317972415416,1.307791257202546
zh_ja_052,language_specific_ja,language_specific_ja_002988,74335,1.710317972415416,1.307791257202546
zh_ja_052,language_specific_ja,language_specific_ja_005241,11014013,1.8200436351332572,1.349089928482626
zh_ja_052,language_specific_ja,language_specific_ja_005376,74017,1.8200436351332572,1.349089928482626
zh_ja_052,language_specific_ja,language_specific_ja_000616,88234,1.933180458350099,1.3903885997627063
zh_ja_052,language_specific_ja,language_specific_ja_004392,121736,1.933180458350099,1.3903885997627063
zh_ja_052,language_specific_ja,language_specific_ja_004980,78154,1.933180458350099,1.3903885997627063
zh_ja_052,language_specific_ja,language_specific_ja_003859,3225625,1.9942211767190725,1.4121689618169182
zh_ja_052,language_specific_ja,language_specific_ja_000277,9752668,1.9944106856356836,1.4121689618169182
zh_ja_052,language_specific_ja,language_specific_ja_000287,1676744,1.9944106856356836,1.4121689618169182
zh_ja_052,language_specific_ja,language_specific_ja_000394,85093,1.9944106856356836,1.4121689618169182
zh_ja_052,language_specific_ja,language_specific_ja_005047,108551,1.9944106856356836,1.4121689618169182
zh_ja_052,language_specific_ja,language_specific_ja_005086,9183237,1.9944106856356836,1.4121689618169182
zh_ja_052,language_specific_ja,language_specific_ja_001744,211243,1.994979212385517,1.4121689618169182
zh_ja_052,language_specific_ja,language_specific_ja_002173,2228514,1.994979212385517,1.4121689618169182
zh_ja_052,language_specific_ja,language_specific_ja_005317,8728759,1.994979212385517,1.4121689618169182
zh_ja_052,language_specific_ja,language_specific_ja_000308,2141457,1.9959267569685726,1.4121689618169182
zh_ja_052,language_specific_ja,language_specific_ja_000993,184351,1.9959267569685726,1.4121689618169182
zh_ja_052,language_specific_ja,language_specific_ja_000492,11065659,1.9972533193848505,1.4121689618169182
zh_ja_052,language_specific_ja,language_specific_ja_001582,149586,1.9972533193848505,1.4121689618169182
zh_ja_052,language_specific_ja,language_specific_ja_001933,2531360,1.9972533193848505,1.4121689618169182
zh_ja_052,language_specific_ja,language_specific_ja_002332,935927,1.9972533193848505,1.4121689618169182
zh_ja_052,language_specific_ja,language_specific_ja_003356,82128,1.9972533193848505,1.4121689618169182
zh_ja_052,language_specific_ja,language_specific_ja_004062,11015455,1.9972533193848505,1.4121689618169182
zh_ja_054,language_specific_ja,language_specific_ja_000280,147066,0.0,0.0
zh_ja_054,language_specific_ja,language_specific_ja_000678,165825,0.0,0.0
zh_ja_054,language_specific_ja,language_specific_ja_000903,75525,0.0,0.0
zh_ja_054,language_specific_ja,language_specific_ja_001332,186590,0.0,0.0
zh_ja_054,language_specific_ja,language_specific_ja_001516,2354256,0.0,0.0
zh_ja_054,language_specific_ja,language_specific_ja_002320,370835,0.0,0.0
zh_ja_054,language_specific_ja,language_specific_ja_002728,10910775,0.0,0.0
zh_ja_054,language_specific_ja,language_specific_ja_002871,3960202,0.0,0.0
zh_ja_054,language_specific_ja,language_specific_ja_003208,113819,0.0,0.0
zh_ja_054,language_specific_ja,language_specific_ja_003257,10025733,0.0,0.0
zh_ja_054,language_specific_ja,language_specific_ja_004172,170864,0.0,0.0
zh_ja_054,language_specific_ja,language_specific_ja_004248,12146756,0.0,0.0
zh_ja_054,language_specific_ja,language_specific_ja_004853,118832,0.0,0.0
zh_ja_054,language_specific_ja,language_specific_ja_005036,176400,0.0,0.0
zh_ja_054,language_specific_ja,language_specific_ja_005156,145961,0.0,0.0
zh_ja_054,language_specific_ja,language_specific_ja_005219,76200,0.0,0.0
zh_ja_054,language_specific_ja,language_specific_ja_005873,173082,0.0,0.0
zh_ja_054,language_specific_ja,language_specific_ja_006141,108128,0.0,0.0
zh_ja_054,language_specific_ja,language_specific_ja_007445,74090,0.0,0.0
zh_ja_054,language_specific_ja,language_specific_ja_000089,1415614,0.00018950891661111827,0.013766223760026505
zh_ja_054,language_specific_ja,language_specific_ja_000743,11754965,0.00018950891661111827,0.013766223760026505
zh_ja_054,language_specific_ja,language_specific_ja_001587,183518,0.00018950891661111827,0.013766223760026505
zh_ja_054,language_specific_ja,language_specific_ja_001805,1418210,0.00018950891661111827,0.013766223760026505
zh_ja_054,language_specific_ja,language_specific_ja_002083,146458,0.00018950891661111827,0.013766223760026505
zh_ja_054,language_specific_ja,language_specific_ja_002531,100425,0.00018950891661111827,0.013766223760026505
zh_ja_054,language_specific_ja,language_specific_ja_002790,138861,0.00018950891661111827,0.013766223760026505
zh_ja_054,language_specific_ja,language_specific_ja_003121,2901184,0.00018950891661111827,0.013766223760026505
zh_ja_054,language_specific_ja,language_specific_ja_003506,8670231,0.00018950891661111827,0.013766223760026505
zh_ja_054,language_specific_ja,language_specific_ja_003735,10990360,0.00018950891661111827,0.013766223760026505
zh_ja_054,language_specific_ja,language_specific_ja_005400,224347,0.00018950891661111827,0.013766223760026505
zh_ja_054,language_specific_ja,language_specific_ja_007224,2406954,0.00018950891661111827,0.013766223760026505
zh_ja_054,language_specific_ja,language_specific_ja_001204,182904,0.00018950891661113513,0.013766223760027117
zh_ja_054,language_specific_ja,language_specific_ja_001418,8224987,0.00018950891661113513,0.013766223760027117
zh_ja_054,language_specific_ja,language_specific_ja_001434,146965,0.00018950891661113513,0.013766223760027117
zh_ja_054,language_specific_ja,language_specific_ja_001659,217155,0.00018950891661113513,0.013766223760027117
zh_ja_054,language_specific_ja,language_specific_ja_001687,11859280,0.00018950891661113513,0.013766223760027117
zh_ja_054,language_specific_ja,language_specific_ja_002119,9353959,0.00018950891661113513,0.013766223760027117
zh_ja_054,language_specific_ja,language_specific_ja_002205,12344446,0.00018950891661113513,0.013766223760027117
zh_ja_054,language_specific_ja,language_specific_ja_002297,111580,0.00018950891661113513,0.013766223760027117
zh_ja_054,language_specific_ja,language_specific_ja_002932,82502,0.00018950891661113513,0.013766223760027117
zh_ja_054,language_specific_ja,language_specific_ja_003535,1130782,0.00018950891661113513,0.013766223760027117
zh_ja_054,language_specific_ja,language_specific_ja_003965,9927360,0.00018950891661113513,0.013766223760027117
zh_ja_054,language_specific_ja,language_specific_ja_004672,9681805,0.00018950891661113513,0.013766223760027117
zh_ja_054,language_specific_ja,language_specific_ja_004735,151185,0.00018950891661113513,0.013766223760027117
zh_ja_054,language_specific_ja,language_specific_ja_005243,210529,0.00018950891661113513,0.013766223760027117
zh_ja_054,language_specific_ja,language_specific_ja_005518,1152360,0.00018950891661113513,0.013766223760027117
zh_ja_054,language_specific_ja,language_specific_ja_005912,226790,0.00018950891661113513,0.013766223760027117
zh_ja_054,language_specific_ja,language_specific_ja_007352,75587,0.00018950891661113513,0.013766223760027117
zh_ja_054,language_specific_ja,language_specific_ja_007768,91100,0.00018950891661113513,0.013766223760027117
zh_ja_054,language_specific_ja,language_specific_ja_000149,217559,0.0007580356664445067,0.02753244752005362
zh_ja_054,language_specific_ja,language_specific_ja_000570,147203,0.0007580356664445067,0.02753244752005362
zh_ja_054,language_specific_ja,language_specific_ja_000587,1053424,0.0007580356664445067,0.02753244752005362
zh_ja_054,language_specific_ja,language_specific_ja_000729,206519,0.0007580356664445067,0.02753244752005362
zh_ja_054,language_specific_ja,language_specific_ja_000914,5448883,0.0007580356664445067,0.02753244752005362
zh_ja_054,language_specific_ja,language_specific_ja_001220,831436,0.0007580356664445067,0.02753244752005362
zh_ja_054,language_specific_ja,language_specific_ja_001395,175408,0.0007580356664445067,0.02753244752005362
zh_ja_054,language_specific_ja,language_specific_ja_001432,175475,0.0007580356664445067,0.02753244752005362
zh_ja_054,language_specific_ja,language_specific_ja_001440,83615,0.0007580356664445067,0.02753244752005362
zh_ja_054,language_specific_ja,language_specific_ja_001604,195172,0.0007580356664445067,0.02753244752005362
zh_ja_054,language_specific_ja,language_specific_ja_001817,234415,0.0007580356664445067,0.02753244752005362
zh_ja_054,language_specific_ja,language_specific_ja_001828,221657,0.0007580356664445067,0.02753244752005362
zh_ja_054,language_specific_ja,language_specific_ja_002642,116295,0.0007580356664445067,0.02753244752005362
zh_ja_054,language_specific_ja,language_specific_ja_002781,76740,0.0007580356664445067,0.02753244752005362
zh_ja_054,language_specific_ja,language_specific_ja_002805,12700706,0.0007580356664445067,0.02753244752005362
zh_ja_054,language_specific_ja,language_specific_ja_002828,76253,0.0007580356664445067,0.02753244752005362
zh_ja_054,language_specific_ja,language_specific_ja_003097,11045205,0.0007580356664445067,0.02753244752005362
zh_ja_054,language_specific_ja,language_specific_ja_003306,180373,0.0007580356664445067,0.02753244752005362
zh_ja_054,language_specific_ja,language_specific_ja_003390,9676152,0.0007580356664445067,0.02753244752005362
zh_ja_054,language_specific_ja,language_specific_ja_003434,125732,0.0007580356664445067,0.02753244752005362
zh_ja_054,language_specific_ja,language_specific_ja_003541,412017,0.0007580356664445067,0.02753244752005362
zh_ja_054,language_specific_ja,language_specific_ja_003654,11032266,0.0007580356664445067,0.02753244752005362
zh_ja_054,language_specific_ja,language_specific_ja_003819,127200,0.0007580356664445067,0.02753244752005362
zh_ja_054,language_specific_ja,language_specific_ja_003928,126092,0.0007580356664445067,0.02753244752005362
zh_ja_054,language_specific_ja,language_specific_ja_004299,96170,0.0007580356664445067,0.02753244752005362
zh_ja_054,language_specific_ja,language_specific_ja_004592,142864,0.0007580356664445067,0.02753244752005362
zh_ja_054,language_specific_ja,language_specific_ja_004920,10701349,0.0007580356664445067,0.02753244752005362
zh_ja_054,language_specific_ja,language_specific_ja_005085,170025,0.0007580356664445067,0.02753244752005362
zh_ja_054,language_specific_ja,language_specific_ja_005184,77227,0.0007580356664445067,0.02753244752005362
zh_ja_054,language_specific_ja,language_specific_ja_005340,910584,0.0007580356664445067,0.02753244752005362
zh_ja_054,language_specific_ja,language_specific_ja_005440,9187879,0.0007580356664445067,0.02753244752005362
zh_ja_054,language_specific_ja,language_specific_ja_005516,126279,0.0007580356664445067,0.02753244752005362
zh_ja_054,language_specific_ja,language_specific_ja_005587,3168683,0.0007580356664445067,0.02753244752005362
zh_ja_054,language_specific_ja,language_specific_ja_005595,141108,0.0007580356664445067,0.02753244752005362
zh_ja_054,language_specific_ja,language_specific_ja_005605,13492086,0.0007580356664445067,0.02753244752005362
zh_ja_054,language_specific_ja,language_specific_ja_005905,207240,0.0007580356664445067,0.02753244752005362
zh_ja_054,language_specific_ja,language_specific_ja_005966,125712,0.0007580356664445067,0.02753244752005362
zh_ja_054,language_specific_ja,language_specific_ja_005982,1062036,0.0007580356664445067,0.02753244752005362
zh_ja_054,language_specific_ja,language_specific_ja_006893,76311,0.0007580356664445067,0.02753244752005362
zh_ja_054,language_specific_ja,language_specific_ja_007724,74361,0.0007580356664445067,0.02753244752005362
zh_ja_054,language_specific_ja,language_specific_ja_000436,10758971,0.0017055802495001152,0.04129867128008013
zh_ja_054,language_specific_ja,language_specific_ja_000811,125532,0.0017055802495001152,0.04129867128008013
zh_ja_054,language_specific_ja,language_specific_ja_001546,172492,0.0017055802495001152,0.04129867128008013
zh_ja_054,language_specific_ja,language_specific_ja_001776,404078,0.0017055802495001152,0.04129867128008013
zh_ja_054,language_specific_ja,language_specific_ja_001917,99226,0.0017055802495001152,0.04129867128008013
zh_ja_054,language_specific_ja,language_specific_ja_002538,164690,0.0017055802495001152,0.04129867128008013
zh_ja_054,language_specific_ja,language_specific_ja_003165,180002,0.0017055802495001152,0.04129867128008013
zh_ja_054,language_specific_ja,language_specific_ja_003460,7577171,0.0017055802495001152,0.04129867128008013
zh_ja_054,language_specific_ja,language_specific_ja_003670,1251759,0.0017055802495001152,0.04129867128008013
zh_ja_054,language_specific_ja,language_specific_ja_005331,208028,0.0017055802495001152,0.04129867128008013
zh_ja_054,language_specific_ja,language_specific_ja_006193,173182,0.0017055802495001152,0.04129867128008013
