pair,model,prompt_mode,condition,wrapper,normalization,effect,n,estimate,ci_low,ci_high,positive_rate
id_tl,gemma3_12b,chat,full,bare,mean,semantic,33,4.177974267439409,2.7141856999108285,5.752308202512336,0.8787878787878788
id_tl,gemma3_12b,chat,full,bare,mean,language,33,2.992272897200151,1.8538031202374081,4.143727037762151,0.7878787878787878
id_tl,gemma3_12b,chat,full,bare,mean,interaction,33,1.9463826959783381,-0.5341843872359304,4.072845898975025,0.6666666666666666
id_tl,gemma3_12b,chat,full,bare,mean,diagonal_switch,33,7.17024716463956,5.280094384424615,9.114980442596202,0.9090909090909091
id_tl,gemma3_12b,chat,full,bare,mean,midpoint,33,3.263543071168842,-3.7140809521530613,9.979933854666623,0.42424242424242425
id_tl,gemma3_12b,chat,full,bare,sum,semantic,33,5.286100878860012,3.1723809292822174,7.61144248933503,0.8787878787878788
id_tl,gemma3_12b,chat,full,bare,sum,language,33,4.041095242355809,2.4859474976857503,5.6558817632270575,0.8181818181818182
id_tl,gemma3_12b,chat,full,bare,sum,interaction,33,0.9107151031494141,-3.050006304365216,4.465056865865534,0.6363636363636364
id_tl,gemma3_12b,chat,full,bare,sum,diagonal_switch,33,9.32719612121582,6.731914946527192,11.987265277631353,0.8787878787878788
id_tl,gemma3_12b,chat,full,bare,sum,midpoint,33,-2.8589868545532227,-8.213101946946347,2.9306455294291163,0.30303030303030304
id_tl,gemma3_12b,chat,full,definition,mean,semantic,33,3.16913179917769,2.4581516876365197,3.8944097244378284,0.9696969696969697
id_tl,gemma3_12b,chat,full,definition,mean,language,33,2.05464218602036,1.4549622933069863,2.679061386079499,0.8787878787878788
id_tl,gemma3_12b,chat,full,definition,mean,interaction,33,0.9092219959605824,-0.1569654695915453,2.008795951351973,0.5454545454545454
id_tl,gemma3_12b,chat,full,definition,mean,diagonal_switch,33,5.22377398519805,4.312166429288459,6.1327821363102295,1.0
id_tl,gemma3_12b,chat,full,definition,mean,midpoint,33,0.32566407232573535,-0.6507515481024078,1.3464378248561513,0.5151515151515151
id_tl,gemma3_12b,chat,full,definition,sum,semantic,33,13.042345335989287,10.060417877544056,16.081392525181624,0.9393939393939394
id_tl,gemma3_12b,chat,full,definition,sum,language,33,8.601691852916371,6.1547940716598974,11.140225436470722,0.8787878787878788
id_tl,gemma3_12b,chat,full,definition,sum,interaction,33,4.073952183578953,-0.3488731731068004,8.576723451325387,0.6060606060606061
id_tl,gemma3_12b,chat,full,definition,sum,diagonal_switch,33,21.644037188905656,17.89013448195024,25.202220569957383,0.9696969696969697
id_tl,gemma3_12b,chat,full,definition,sum,midpoint,33,0.6232532154430043,-2.8508779670252946,5.017451225627545,0.45454545454545453
id_tl,gemma3_12b,chat,full,refers,mean,semantic,33,2.6758054675477925,2.07209862687371,3.2874914302970417,0.9696969696969697
id_tl,gemma3_12b,chat,full,refers,mean,language,33,1.5520188302704783,1.1388902891765942,1.9848782326235914,0.8787878787878788
id_tl,gemma3_12b,chat,full,refers,mean,interaction,33,-0.13849605213512073,-1.0010366201400756,0.6435672405994295,0.48484848484848486
id_tl,gemma3_12b,chat,full,refers,mean,diagonal_switch,33,4.2278242978182705,3.5548593593366222,4.922315460262876,0.9696969696969697
id_tl,gemma3_12b,chat,full,refers,mean,midpoint,33,-0.09020626183712122,-0.9515653483795397,0.8237644545959697,0.48484848484848486
id_tl,gemma3_12b,chat,full,refers,sum,semantic,33,13.979554956609553,11.002331086361048,16.956597490021675,0.9696969696969697
id_tl,gemma3_12b,chat,full,refers,sum,language,33,8.149075016830906,6.1621687715703795,10.254345662666088,0.9090909090909091
id_tl,gemma3_12b,chat,full,refers,sum,interaction,33,-0.3639311356977983,-4.871020762125651,4.105095759305081,0.48484848484848486
id_tl,gemma3_12b,chat,full,refers,sum,diagonal_switch,33,22.12862997344046,18.970892010313094,25.31891523996989,1.0
id_tl,gemma3_12b,chat,full,refers,sum,midpoint,33,-1.268754785711115,-4.826368693149451,2.919880664709833,0.45454545454545453
id_tl,gemma3_12b,chat,language_only,bare,mean,semantic,33,0.0018405625314423532,-0.038732110370289195,0.03677104819904674,0.21212121212121213
id_tl,gemma3_12b,chat,language_only,bare,mean,language,33,3.1887248646129263,1.7714181957822859,4.677622010491111,0.8484848484848485
id_tl,gemma3_12b,chat,language_only,bare,mean,interaction,33,0.0036811250628847065,-0.07302340305212772,0.07651966846350461,0.21212121212121213
id_tl,gemma3_12b,chat,language_only,bare,mean,diagonal_switch,33,3.1905654271443686,1.7840048789978027,4.71092864889087,0.8484848484848485
id_tl,gemma3_12b,chat,language_only,bare,mean,midpoint,33,1.3728511839201956,-5.809747264240727,8.3021239175941,0.5151515151515151
id_tl,gemma3_12b,chat,language_only,bare,sum,semantic,33,-0.03008183566006747,-0.06691594990816983,0.005374578996138128,0.12121212121212122
id_tl,gemma3_12b,chat,language_only,bare,sum,language,33,3.8803439862800366,0.5224989341967035,7.042374412941208,0.8181818181818182
id_tl,gemma3_12b,chat,language_only,bare,sum,interaction,33,-0.06016367132013494,-0.1357903682824337,0.00886725223425661,0.12121212121212122
id_tl,gemma3_12b,chat,language_only,bare,sum,diagonal_switch,33,3.8502621506199692,0.39039310397523835,7.09392410625111,0.8181818181818182
id_tl,gemma3_12b,chat,language_only,bare,sum,midpoint,33,-5.355076240770744,-10.327433175751658,0.03327840602759028,0.36363636363636365
id_tl,gemma3_12b,chat,language_only,definition,mean,semantic,33,0.0025177001953125,-0.0019702131097966975,0.0074197350126324274,0.2727272727272727
id_tl,gemma3_12b,chat,language_only,definition,mean,language,33,2.70891758889863,2.08248322949265,3.3738480972521225,0.9393939393939394
id_tl,gemma3_12b,chat,language_only,definition,mean,interaction,33,0.005035400390625,-0.003657452265421549,0.015063662962480025,0.2727272727272727
id_tl,gemma3_12b,chat,language_only,definition,mean,diagonal_switch,33,2.7114352890939424,2.098229912555579,3.3442585128726376,0.9393939393939394
id_tl,gemma3_12b,chat,language_only,definition,mean,midpoint,33,-0.18035234104503284,-1.1042481830625823,0.8783462806181463,0.3333333333333333
id_tl,gemma3_12b,chat,language_only,definition,sum,semantic,33,0.010342569062204071,-0.0054549188324899385,0.027735773722330697,0.30303030303030304
id_tl,gemma3_12b,chat,language_only,definition,sum,language,33,11.44640639334014,8.716256835243918,14.18895589944088,0.9393939393939394
id_tl,gemma3_12b,chat,language_only,definition,sum,interaction,33,0.020685138124408142,-0.012241831692782314,0.05654573151559538,0.30303030303030304
id_tl,gemma3_12b,chat,language_only,definition,sum,diagonal_switch,33,11.456748962402344,8.744036946152196,14.32622170303807,0.9393939393939394
id_tl,gemma3_12b,chat,language_only,definition,sum,midpoint,33,-1.9401463595303623,-5.406297279126716,1.8343001307863118,0.3333333333333333
id_tl,gemma3_12b,chat,language_only,refers,mean,semantic,33,0.0,0.0,0.0,0.0
id_tl,gemma3_12b,chat,language_only,refers,mean,language,33,2.658729755517208,2.1246333693013044,3.2080049247452704,0.9393939393939394
id_tl,gemma3_12b,chat,language_only,refers,mean,interaction,33,0.0,0.0,0.0,0.0
id_tl,gemma3_12b,chat,language_only,refers,mean,diagonal_switch,33,2.658729755517208,2.11695371613358,3.1941222768841366,0.9393939393939394
id_tl,gemma3_12b,chat,language_only,refers,mean,midpoint,33,-0.09410194917158647,-0.8756186033740189,0.7328906890117755,0.45454545454545453
id_tl,gemma3_12b,chat,language_only,refers,sum,semantic,33,0.0,0.0,0.0,0.0
id_tl,gemma3_12b,chat,language_only,refers,sum,language,33,13.770302281235203,11.121435876326126,16.523332104538426,0.9393939393939394
id_tl,gemma3_12b,chat,language_only,refers,sum,interaction,33,0.0,0.0,0.0,0.0
id_tl,gemma3_12b,chat,language_only,refers,sum,diagonal_switch,33,13.770302281235203,11.056850375551166,16.36637914253004,0.9393939393939394
id_tl,gemma3_12b,chat,language_only,refers,sum,midpoint,33,-1.6305455294522373,-4.790417965975674,1.616762146805272,0.45454545454545453
id_tl,gemma3_12b,chat,masked,bare,mean,semantic,33,3.3263599655844946,2.018862932739836,4.771540165669986,0.8484848484848485
id_tl,gemma3_12b,chat,masked,bare,mean,language,33,-0.34161939042987244,-1.533360148198677,0.885121832471905,0.45454545454545453
id_tl,gemma3_12b,chat,masked,bare,mean,interaction,33,1.629742564577045,0.07107511216943914,3.0881748864144956,0.696969696969697
id_tl,gemma3_12b,chat,masked,bare,mean,diagonal_switch,33,2.9847405751546225,1.4443701744079591,4.521681689493584,0.7575757575757576
id_tl,gemma3_12b,chat,masked,bare,mean,midpoint,33,4.430790063106652,-2.635158861767162,11.265106197559469,0.5757575757575758
id_tl,gemma3_12b,chat,masked,bare,sum,semantic,33,4.720796122695461,2.649018705252445,6.904906606674193,0.8787878787878788
id_tl,gemma3_12b,chat,masked,bare,sum,language,33,-0.9199810028076172,-2.511314889156457,0.6897334178288778,0.42424242424242425
id_tl,gemma3_12b,chat,masked,bare,sum,interaction,33,1.7056869738029712,-0.4574881972688616,3.8545511130130636,0.6666666666666666
id_tl,gemma3_12b,chat,masked,bare,sum,diagonal_switch,33,3.8008151198878433,1.513893630287864,6.2608210621458085,0.696969696969697
id_tl,gemma3_12b,chat,masked,bare,sum,midpoint,33,-1.384652397849343,-6.4392003420627475,3.998023637135823,0.45454545454545453
id_tl,gemma3_12b,chat,masked,definition,mean,semantic,33,2.8335945822975854,2.2141704299233176,3.4812069488294193,0.9696969696969697
id_tl,gemma3_12b,chat,masked,definition,mean,language,33,0.020046176332415955,-0.3091316483237527,0.3581053946957444,0.48484848484848486
id_tl,gemma3_12b,chat,masked,definition,mean,interaction,33,0.6764367421468099,0.13736618504379736,1.2425867376905497,0.6363636363636364
id_tl,gemma3_12b,chat,masked,definition,mean,diagonal_switch,33,2.853640758630001,2.0795275803768276,3.5771992827906747,0.8787878787878788
id_tl,gemma3_12b,chat,masked,definition,mean,midpoint,33,0.8871266336152048,-0.0952780398455533,1.9238116864002104,0.6060606060606061
id_tl,gemma3_12b,chat,masked,definition,sum,semantic,33,11.705201466878256,9.081578581260912,14.135131295522052,0.9090909090909091
id_tl,gemma3_12b,chat,masked,definition,sum,language,33,-0.05132397738370029,-1.4925090385205817,1.5150025165442262,0.48484848484848486
id_tl,gemma3_12b,chat,masked,definition,sum,interaction,33,2.4722500425396543,0.3817767345544064,4.671034888065219,0.6666666666666666
id_tl,gemma3_12b,chat,masked,definition,sum,diagonal_switch,33,11.653877489494555,8.488559699781014,14.738171334700152,0.8787878787878788
id_tl,gemma3_12b,chat,masked,definition,sum,midpoint,33,2.476919000799006,-0.7103287032156279,6.193213422370675,0.5757575757575758
id_tl,gemma3_12b,chat,masked,refers,mean,semantic,33,2.7014048460758096,2.139033689282157,3.2847397027593663,0.9696969696969697
id_tl,gemma3_12b,chat,masked,refers,mean,language,33,0.16177962043068625,-0.05618945974292176,0.37257356210188414,0.6666666666666666
id_tl,gemma3_12b,chat,masked,refers,mean,interaction,33,0.3421014438975941,-0.1467522823449337,0.884305878119035,0.6060606060606061
id_tl,gemma3_12b,chat,masked,refers,mean,diagonal_switch,33,2.8631844665064956,2.2925457441445554,3.4502785494833277,0.9696969696969697
id_tl,gemma3_12b,chat,masked,refers,mean,midpoint,33,0.3785996148080537,-0.3804027167233554,1.132572435971462,0.6363636363636364
id_tl,gemma3_12b,chat,masked,refers,sum,semantic,33,13.705645474520596,10.908961692000881,16.63378902204109,0.9696969696969697
id_tl,gemma3_12b,chat,masked,refers,sum,language,33,0.7101528283321497,-0.5336329864733147,1.9284358718178476,0.6363636363636364
id_tl,gemma3_12b,chat,masked,refers,sum,interaction,33,2.051488240559896,-0.5639739643443714,4.92434225949374,0.6666666666666666
id_tl,gemma3_12b,chat,masked,refers,sum,diagonal_switch,33,14.415798302852746,11.378617853106874,17.385033237572866,0.9393939393939394
id_tl,gemma3_12b,chat,masked,refers,sum,midpoint,33,0.7438238895300663,-2.6914860609805946,4.623680626262316,0.5757575757575758
id_tl,gemma3_12b,chat,shuffled,bare,mean,semantic,33,-0.11661270892981326,-1.168720132293123,1.0095983104272315,0.36363636363636365
id_tl,gemma3_12b,chat,shuffled,bare,mean,language,33,-0.02854253306533351,-0.7051032973058295,0.6569173278230608,0.5151515151515151
id_tl,gemma3_12b,chat,shuffled,bare,mean,interaction,33,1.1009286533702503,-0.3540430213465835,2.5967074372551546,0.6666666666666666
id_tl,gemma3_12b,chat,shuffled,bare,mean,diagonal_switch,33,-0.1451552419951468,-1.548344544208411,1.2735874920180348,0.42424242424242425
id_tl,gemma3_12b,chat,shuffled,bare,mean,midpoint,33,2.0549755963412197,-4.6880306937477805,8.813729455254293,0.5151515151515151
id_tl,gemma3_12b,chat,shuffled,bare,sum,semantic,33,-0.6700792601614287,-2.484221352952899,1.2510869488571612,0.36363636363636365
id_tl,gemma3_12b,chat,shuffled,bare,sum,language,33,0.4435269326874704,-0.5907149531624534,1.4652211940649784,0.6060606060606061
id_tl,gemma3_12b,chat,shuffled,bare,sum,interaction,33,1.9338344227183948,-0.49198430668223986,4.549734705144708,0.6666666666666666
id_tl,gemma3_12b,chat,shuffled,bare,sum,diagonal_switch,33,-0.22655232747395834,-2.327488318356601,2.035600153605143,0.42424242424242425
id_tl,gemma3_12b,chat,shuffled,bare,sum,midpoint,33,-3.526229511607777,-8.87460414279591,2.0073738777276118,0.36363636363636365
id_tl,gemma3_12b,chat,shuffled,definition,mean,semantic,33,-0.25705133784901013,-0.6456404129664103,0.09858131300319305,0.42424242424242425
id_tl,gemma3_12b,chat,shuffled,definition,mean,language,33,0.03339661973895448,-0.18184045589331424,0.24833093484242733,0.5454545454545454
id_tl,gemma3_12b,chat,shuffled,definition,mean,interaction,33,0.36316082694313745,-0.03933615756757331,0.8035596283999351,0.5151515151515151
id_tl,gemma3_12b,chat,shuffled,definition,mean,diagonal_switch,33,-0.22365471811005563,-0.609677031545928,0.12287158893816391,0.42424242424242425
id_tl,gemma3_12b,chat,shuffled,definition,mean,midpoint,33,0.03461225105054451,-1.0583359656911906,1.2189403067935596,0.36363636363636365
id_tl,gemma3_12b,chat,shuffled,definition,sum,semantic,33,-1.5054346720377605,-3.4434522050799745,0.16678719231576447,0.42424242424242425
id_tl,gemma3_12b,chat,shuffled,definition,sum,language,33,0.3509486805308949,-0.6003765366294167,1.2937899603988183,0.5757575757575758
id_tl,gemma3_12b,chat,shuffled,definition,sum,interaction,33,1.7173522024443655,0.00590250708840117,3.645224192648223,0.5454545454545454
id_tl,gemma3_12b,chat,shuffled,definition,sum,diagonal_switch,33,-1.1544859915068655,-2.9330658594767254,0.4813225717255559,0.48484848484848486
id_tl,gemma3_12b,chat,shuffled,definition,sum,midpoint,33,-0.7518675833037405,-4.369333544644442,3.299221940474074,0.36363636363636365
id_tl,gemma3_12b,chat,shuffled,refers,mean,semantic,33,0.046364842039166076,-0.3262326009345777,0.3620403687159218,0.5151515151515151
id_tl,gemma3_12b,chat,shuffled,refers,mean,language,33,0.0433010332512133,-0.1744936632387566,0.25836770751259525,0.5454545454545454
id_tl,gemma3_12b,chat,shuffled,refers,mean,interaction,33,-0.0024062069979580965,-0.30909160483967174,0.2467083743124297,0.6363636363636364
id_tl,gemma3_12b,chat,shuffled,refers,mean,diagonal_switch,33,0.08966587529037938,-0.25983184539910514,0.45262391278238007,0.42424242424242425
id_tl,gemma3_12b,chat,shuffled,refers,mean,midpoint,33,-0.15647823160344904,-1.0206769946849708,0.7536532633232346,0.45454545454545453
id_tl,gemma3_12b,chat,shuffled,refers,sum,semantic,33,-0.2335694052956321,-2.2550236008384013,1.454369680809252,0.48484848484848486
id_tl,gemma3_12b,chat,shuffled,refers,sum,language,33,0.43709252097389917,-0.7633004708723589,1.651450246753111,0.5454545454545454
id_tl,gemma3_12b,chat,shuffled,refers,sum,interaction,33,0.046033685857599434,-1.4933215285792496,1.3104590676047576,0.6060606060606061
id_tl,gemma3_12b,chat,shuffled,refers,sum,diagonal_switch,33,0.20352311567826706,-1.771481097828258,2.1478838140314274,0.3939393939393939
id_tl,gemma3_12b,chat,shuffled,refers,sum,midpoint,33,-1.830501209605824,-5.486795636379357,1.834460694862134,0.3939393939393939
id_tl,gemma3_12b,plain,full,bare,mean,semantic,33,0.12587074799971146,-0.20392567858551489,0.4752892956589207,0.48484848484848486
id_tl,gemma3_12b,plain,full,bare,mean,language,33,0.9024848793492173,0.5260213761618644,1.3000854671001427,0.8181818181818182
id_tl,gemma3_12b,plain,full,bare,mean,interaction,33,-0.5547591411706173,-1.3809120882641186,0.20568012613238695,0.3939393939393939
id_tl,gemma3_12b,plain,full,bare,mean,diagonal_switch,33,1.0283556273489287,0.5370227943767201,1.5401572357524524,0.7272727272727273
id_tl,gemma3_12b,plain,full,bare,mean,midpoint,33,-0.23480109012488162,-2.107782052502488,1.480371111450773,0.5151515151515151
id_tl,gemma3_12b,plain,full,bare,sum,semantic,33,0.7537450429165002,-0.21726959130980752,2.18042456832799,0.5151515151515151
id_tl,gemma3_12b,plain,full,bare,sum,language,33,1.1556760397824375,0.5710834891507119,1.7506195772777895,0.8484848484848485
id_tl,gemma3_12b,plain,full,bare,sum,interaction,33,-1.0391953641718084,-2.342614273591475,0.13092717907645313,0.3333333333333333
id_tl,gemma3_12b,plain,full,bare,sum,diagonal_switch,33,1.9094210826989375,0.5962792093103583,3.6883562716570757,0.7575757575757576
id_tl,gemma3_12b,plain,full,bare,sum,midpoint,33,-1.0886442733533455,-5.668314331589323,4.164194491415306,0.3939393939393939
id_tl,gemma3_12b,plain,full,definition,mean,semantic,33,0.05579427516821659,-0.07911703731074478,0.18020759279077686,0.6060606060606061
id_tl,gemma3_12b,plain,full,definition,mean,language,33,0.24264287226127856,0.09652129339449333,0.386254495382309,0.7878787878787878
id_tl,gemma3_12b,plain,full,definition,mean,interaction,33,-0.11869157444347035,-0.35737411072759917,0.1216842929522196,0.3939393939393939
id_tl,gemma3_12b,plain,full,definition,mean,diagonal_switch,33,0.2984371474294951,0.06456953937357124,0.5253676985249375,0.8484848484848485
id_tl,gemma3_12b,plain,full,definition,mean,midpoint,33,0.15584633567116477,-0.35153814554214474,0.6697808836445661,0.5151515151515151
id_tl,gemma3_12b,plain,full,definition,sum,semantic,33,0.8953124248620236,0.034009014476429365,2.1414130116953976,0.6666666666666666
id_tl,gemma3_12b,plain,full,definition,sum,language,33,0.9596445777199485,0.020402391029126728,1.9405840779795784,0.7272727272727273
id_tl,gemma3_12b,plain,full,definition,sum,interaction,33,-1.211147134954279,-2.8239924531994443,0.14682688135089025,0.36363636363636365
id_tl,gemma3_12b,plain,full,definition,sum,diagonal_switch,33,1.8549570025819722,0.17389848160021235,3.8734380693146675,0.8181818181818182
id_tl,gemma3_12b,plain,full,definition,sum,midpoint,33,-0.3534985166607481,-4.651292631120393,4.6522724577874754,0.3939393939393939
id_tl,gemma3_12b,plain,full,refers,mean,semantic,33,0.19519379644682913,0.06494766726638332,0.3405270426562336,0.696969696969697
id_tl,gemma3_12b,plain,full,refers,mean,language,33,0.29108400055856415,0.14963783946904272,0.44348252036354746,0.7272727272727273
id_tl,gemma3_12b,plain,full,refers,mean,interaction,33,0.07828417691317471,-0.1698932076945449,0.34908604369018986,0.5151515151515151
id_tl,gemma3_12b,plain,full,refers,mean,diagonal_switch,33,0.4862777970053933,0.2555922497402538,0.7259979551488701,0.7878787878787878
id_tl,gemma3_12b,plain,full,refers,mean,midpoint,33,-0.12097658533038515,-0.47178742199233087,0.23226831049630123,0.3939393939393939
id_tl,gemma3_12b,plain,full,refers,sum,semantic,33,1.7003020662249941,0.5403136990287087,3.1356488328991485,0.7272727272727273
id_tl,gemma3_12b,plain,full,refers,sum,language,33,1.44597018848766,0.5222459561897047,2.3540622985724236,0.7575757575757576
id_tl,gemma3_12b,plain,full,refers,sum,interaction,33,0.3667728539669152,-0.9418742208769827,1.8254373868306477,0.5151515151515151
id_tl,gemma3_12b,plain,full,refers,sum,diagonal_switch,33,3.146272254712654,1.4025710221492884,5.151365181894013,0.7878787878787878
id_tl,gemma3_12b,plain,full,refers,sum,midpoint,33,-1.8717488953561494,-6.450762006008263,3.145461842508025,0.3333333333333333
id_tl,gemma3_12b,plain,language_only,bare,mean,semantic,33,-0.010939872626102331,-0.03722356196605798,0.014419970729134283,0.09090909090909091
id_tl,gemma3_12b,plain,language_only,bare,mean,language,33,2.987608692862771,2.239564989913594,3.7486128225471034,0.9393939393939394
id_tl,gemma3_12b,plain,language_only,bare,mean,interaction,33,-0.021879745252204662,-0.07372464122194232,0.027270364761352507,0.09090909090909091
id_tl,gemma3_12b,plain,language_only,bare,mean,diagonal_switch,33,2.9766688202366685,2.26145353606253,3.7323534019065625,0.9090909090909091
id_tl,gemma3_12b,plain,language_only,bare,mean,midpoint,33,-0.5724283709670558,-2.5068918296785068,1.2556857715953476,0.48484848484848486
id_tl,gemma3_12b,plain,language_only,bare,sum,semantic,33,0.00241973183371804,-0.04359633778080796,0.04903878081928597,0.12121212121212122
id_tl,gemma3_12b,plain,language_only,bare,sum,language,33,3.199090321858724,2.1593877250497995,4.260906598062226,0.8484848484848485
id_tl,gemma3_12b,plain,language_only,bare,sum,interaction,33,0.00483946366743608,-0.08758799235026042,0.0903978867964311,0.12121212121212122
id_tl,gemma3_12b,plain,language_only,bare,sum,diagonal_switch,33,3.201510053692442,2.1902507037827466,4.24461567474134,0.8181818181818182
id_tl,gemma3_12b,plain,language_only,bare,sum,midpoint,33,-1.332197651718602,-6.409541058179104,5.300012394514946,0.36363636363636365
id_tl,gemma3_12b,plain,language_only,definition,mean,semantic,33,-0.0012533086718934956,-0.007533834739164872,0.004950583342349884,0.09090909090909091
id_tl,gemma3_12b,plain,language_only,definition,mean,language,33,1.067437641548388,0.8079264425870144,1.3689377768473192,1.0
id_tl,gemma3_12b,plain,language_only,definition,mean,interaction,33,-0.002506617343786991,-0.01526939616058812,0.009270812887133974,0.09090909090909091
id_tl,gemma3_12b,plain,language_only,definition,mean,diagonal_switch,33,1.0661843328764944,0.8137311082897765,1.3699852202877854,1.0
id_tl,gemma3_12b,plain,language_only,definition,mean,midpoint,33,-0.10238018902865323,-0.6492485889882752,0.44754773938294584,0.42424242424242425
id_tl,gemma3_12b,plain,language_only,definition,sum,semantic,33,0.0058291464140920925,-0.03226696216698849,0.04690898548473011,0.12121212121212122
id_tl,gemma3_12b,plain,language_only,definition,sum,language,33,4.49689159971295,3.2983131408691406,5.840523365772132,0.9696969696969697
id_tl,gemma3_12b,plain,language_only,definition,sum,interaction,33,0.011658292828184185,-0.06787386229543975,0.0914849483605587,0.12121212121212122
id_tl,gemma3_12b,plain,language_only,definition,sum,diagonal_switch,33,4.502720746127042,3.3631625233274516,5.810209583513663,0.9696969696969697
id_tl,gemma3_12b,plain,language_only,definition,sum,midpoint,33,-1.3108803431193035,-6.0168768174720535,4.214657487291275,0.30303030303030304
id_tl,gemma3_12b,plain,language_only,refers,mean,semantic,33,0.0,0.0,0.0,0.0
id_tl,gemma3_12b,plain,language_only,refers,mean,language,33,1.2506541483330005,0.9249299385330895,1.602353450385007,0.9393939393939394
id_tl,gemma3_12b,plain,language_only,refers,mean,interaction,33,0.0,0.0,0.0,0.0
id_tl,gemma3_12b,plain,language_only,refers,mean,diagonal_switch,33,1.2506541483330005,0.9075511860124993,1.6012639258847092,0.9393939393939394
id_tl,gemma3_12b,plain,language_only,refers,mean,midpoint,33,-0.35306454427314526,-0.824925505211859,0.11187615575212394,0.3939393939393939
id_tl,gemma3_12b,plain,language_only,refers,sum,semantic,33,0.0,0.0,0.0,0.0
id_tl,gemma3_12b,plain,language_only,refers,sum,language,33,6.425443822687322,4.674837493896485,8.309968803868147,0.9393939393939394
id_tl,gemma3_12b,plain,language_only,refers,sum,interaction,33,0.0,0.0,0.0,0.0
id_tl,gemma3_12b,plain,language_only,refers,sum,diagonal_switch,33,6.425443822687322,4.663967762571392,8.270754288182113,0.9393939393939394
id_tl,gemma3_12b,plain,language_only,refers,sum,midpoint,33,-3.121493657430013,-8.37033703399427,2.9139376972660864,0.30303030303030304
id_tl,gemma3_12b,plain,masked,bare,mean,semantic,33,0.11414737412423799,-0.24897930585976805,0.48986497792330647,0.5151515151515151
id_tl,gemma3_12b,plain,masked,bare,mean,language,33,0.025707317121101147,-0.2703797990625555,0.34224513082793245,0.45454545454545453
id_tl,gemma3_12b,plain,masked,bare,mean,interaction,33,-0.7953876437562885,-1.4180102304978803,-0.14832596128637157,0.3333333333333333
id_tl,gemma3_12b,plain,masked,bare,mean,diagonal_switch,33,0.13985469124533914,-0.3904473991105051,0.6692398309707641,0.5454545454545454
id_tl,gemma3_12b,plain,masked,bare,mean,midpoint,33,0.31438366572062176,-1.4563115405313896,2.1483909870638946,0.5757575757575758
id_tl,gemma3_12b,plain,masked,bare,sum,semantic,33,0.5856400403109464,-0.23251813541759142,1.7609519366062039,0.5454545454545454
id_tl,gemma3_12b,plain,masked,bare,sum,language,33,-0.1389094266024503,-0.8016252062537453,0.4109284776629823,0.5151515151515151
id_tl,gemma3_12b,plain,masked,bare,sum,interaction,33,-0.25805999293471826,-1.458536596731706,1.2653916163877987,0.3939393939393939
id_tl,gemma3_12b,plain,masked,bare,sum,diagonal_switch,33,0.4467306137084961,-0.3548648046724724,1.297317926088967,0.5151515151515151
id_tl,gemma3_12b,plain,masked,bare,sum,midpoint,33,-0.11322852336999142,-4.533967274246794,5.671456577922349,0.45454545454545453
id_tl,gemma3_12b,plain,masked,definition,mean,semantic,33,0.043728727282899796,-0.06323312304236672,0.16612720363067854,0.5454545454545454
id_tl,gemma3_12b,plain,masked,definition,mean,language,33,-0.040094577904903526,-0.1749579998579892,0.07374986103086748,0.45454545454545453
id_tl,gemma3_12b,plain,masked,definition,mean,interaction,33,-0.01147299101858428,-0.15426562374288386,0.1459789323084282,0.36363636363636365
id_tl,gemma3_12b,plain,masked,definition,mean,diagonal_switch,33,0.003634149377996271,-0.12644391348867706,0.12583417169975505,0.5454545454545454
id_tl,gemma3_12b,plain,masked,definition,mean,midpoint,33,0.24023545149600867,-0.27816098205970996,0.7365649857304312,0.48484848484848486
id_tl,gemma3_12b,plain,masked,definition,sum,semantic,33,0.5111665436715791,-0.1982045823877508,1.5371092868573721,0.6363636363636364
id_tl,gemma3_12b,plain,masked,definition,sum,language,33,-0.35722738323789655,-1.5432389627803456,0.42353320338509265,0.45454545454545453
id_tl,gemma3_12b,plain,masked,definition,sum,interaction,33,0.6835023128625118,-0.3633288340135054,2.1028430086193652,0.3939393939393939
id_tl,gemma3_12b,plain,masked,definition,sum,diagonal_switch,33,0.15393916043368253,-0.46932623892119435,0.7880417563698506,0.5757575757575758
id_tl,gemma3_12b,plain,masked,definition,sum,midpoint,33,0.6117278301354611,-3.817933768937082,6.131192913922393,0.36363636363636365
id_tl,gemma3_12b,plain,masked,refers,mean,semantic,33,0.11676177111538974,0.03956508600350583,0.19068023652741403,0.7878787878787878
id_tl,gemma3_12b,plain,masked,refers,mean,language,33,0.029184630422881157,-0.051547776930259935,0.11188161391200437,0.6060606060606061
id_tl,gemma3_12b,plain,masked,refers,mean,interaction,33,0.08227406126080138,-0.09283072731711649,0.26795487403869617,0.48484848484848486
id_tl,gemma3_12b,plain,masked,refers,mean,diagonal_switch,33,0.1459464015382709,0.05697204994432854,0.24131065173582592,0.7575757575757576
id_tl,gemma3_12b,plain,masked,refers,mean,midpoint,33,0.007495829553315134,-0.30781843228773637,0.34415886618874186,0.42424242424242425
id_tl,gemma3_12b,plain,masked,refers,sum,semantic,33,0.8879974827621923,0.23061353943564675,1.660109012777155,0.7575757575757576
id_tl,gemma3_12b,plain,masked,refers,sum,language,33,0.0491059043190696,-0.8906454837683475,0.8027052994930383,0.6060606060606061
id_tl,gemma3_12b,plain,masked,refers,sum,interaction,33,0.7056954123757102,-0.42870441494566025,1.979893406954678,0.48484848484848486
id_tl,gemma3_12b,plain,masked,refers,sum,diagonal_switch,33,0.9371033870812618,0.12723583452629322,1.9129153136051014,0.696969696969697
id_tl,gemma3_12b,plain,masked,refers,sum,midpoint,33,-0.7136846022172407,-5.349147274999908,4.646552730329107,0.30303030303030304
id_tl,gemma3_12b,plain,shuffled,bare,mean,semantic,33,0.3409987940932765,-0.08521284966757803,0.7646698787356858,0.6060606060606061
id_tl,gemma3_12b,plain,shuffled,bare,mean,language,33,-0.047143112529407845,-0.41816223335988595,0.3257235014077383,0.45454545454545453
id_tl,gemma3_12b,plain,shuffled,bare,mean,interaction,33,0.15931519595059482,-0.5447681506474812,0.8346050446683708,0.5454545454545454
id_tl,gemma3_12b,plain,shuffled,bare,mean,diagonal_switch,33,0.29385568156386865,-0.2892300197572419,0.908420740474354,0.6363636363636364
id_tl,gemma3_12b,plain,shuffled,bare,mean,midpoint,33,0.3101795008688262,-1.6384316944714747,2.113383098985209,0.6060606060606061
id_tl,gemma3_12b,plain,shuffled,bare,sum,semantic,33,-0.17150498881484522,-0.8648538136120998,0.4335765443064942,0.5454545454545454
id_tl,gemma3_12b,plain,shuffled,bare,sum,language,33,0.0565802256266276,-0.4268555948228547,0.5340734552253361,0.5151515151515151
id_tl,gemma3_12b,plain,shuffled,bare,sum,interaction,33,0.6505510734789299,-0.26919620253823023,1.669546948779713,0.5757575757575758
id_tl,gemma3_12b,plain,shuffled,bare,sum,diagonal_switch,33,-0.11492476318821762,-0.8722742839293047,0.6073437138037242,0.6060606060606061
id_tl,gemma3_12b,plain,shuffled,bare,sum,midpoint,33,-0.14490606568076395,-4.879475955168407,5.6548901034123835,0.45454545454545453
id_tl,gemma3_12b,plain,shuffled,definition,mean,semantic,33,0.04769663377241655,-0.0765213800199104,0.17811766284884814,0.5454545454545454
id_tl,gemma3_12b,plain,shuffled,definition,mean,language,33,0.012601187734892874,-0.06685652227112741,0.09660133015025742,0.42424242424242425
id_tl,gemma3_12b,plain,shuffled,definition,mean,interaction,33,-0.05379139293323864,-0.21347260258414527,0.08847000020923018,0.48484848484848486
id_tl,gemma3_12b,plain,shuffled,definition,mean,diagonal_switch,33,0.060297821507309425,-0.08050809412291556,0.19633147933266368,0.5757575757575758
id_tl,gemma3_12b,plain,shuffled,definition,mean,midpoint,33,0.1250307776711204,-0.4040642861163978,0.6426313999927393,0.5151515151515151
id_tl,gemma3_12b,plain,shuffled,definition,sum,semantic,33,-0.0967818173495206,-0.8940199100609981,0.6638644102847937,0.48484848484848486
id_tl,gemma3_12b,plain,shuffled,definition,sum,language,33,-0.014615318991921165,-0.47127318093270965,0.4566543463504675,0.36363636363636365
id_tl,gemma3_12b,plain,shuffled,definition,sum,interaction,33,-0.1994694796475497,-1.0492805509856253,0.5919291611873729,0.5151515151515151
id_tl,gemma3_12b,plain,shuffled,definition,sum,diagonal_switch,33,-0.11139713634144176,-0.9024714903397993,0.6445416912888023,0.5151515151515151
id_tl,gemma3_12b,plain,shuffled,definition,sum,midpoint,33,-0.25069525747588184,-4.828135399384932,5.4594603235071295,0.42424242424242425
id_tl,gemma3_12b,plain,shuffled,refers,mean,semantic,33,0.13999897783452814,0.038049393531047936,0.24594264969681248,0.7272727272727273
id_tl,gemma3_12b,plain,shuffled,refers,mean,language,33,0.02016001759153424,-0.08915942817023306,0.1347692348740316,0.45454545454545453
id_tl,gemma3_12b,plain,shuffled,refers,mean,interaction,33,-0.013616142850933653,-0.20560977892442184,0.21648021791920508,0.45454545454545453
id_tl,gemma3_12b,plain,shuffled,refers,mean,diagonal_switch,33,0.16015899542606238,0.018942578633626302,0.30017720280271565,0.6666666666666666
id_tl,gemma3_12b,plain,shuffled,refers,mean,midpoint,33,-0.09993122563217625,-0.4520850466959404,0.2563641669172228,0.3333333333333333
id_tl,gemma3_12b,plain,shuffled,refers,sum,semantic,33,0.3512069817745324,-0.45978664340394915,1.1093287439057316,0.6666666666666666
id_tl,gemma3_12b,plain,shuffled,refers,sum,language,33,0.24615611452044864,-0.559841894380974,1.1267223488200793,0.45454545454545453
id_tl,gemma3_12b,plain,shuffled,refers,sum,interaction,33,-0.03724658850467566,-1.4050232887268066,1.4423872745398303,0.45454545454545453
id_tl,gemma3_12b,plain,shuffled,refers,sum,diagonal_switch,33,0.5973630962949811,-0.6172398133711381,1.764184495174523,0.6060606060606061
id_tl,gemma3_12b,plain,shuffled,refers,sum,midpoint,33,-1.595961368445194,-6.7837373719070895,4.298854624141338,0.30303030303030304
id_tl,gemma3_4b,chat,full,bare,mean,semantic,33,9.167575395468509,6.944142119089762,11.37235419298663,0.9090909090909091
id_tl,gemma3_4b,chat,full,bare,mean,language,33,4.907893621560299,2.7324335808103735,7.294931533119894,0.7575757575757576
id_tl,gemma3_4b,chat,full,bare,mean,interaction,33,-1.4208480806061716,-4.78544743494554,1.9117795048337982,0.48484848484848486
id_tl,gemma3_4b,chat,full,bare,mean,diagonal_switch,33,14.075469017028809,10.940512788656987,17.38389240394939,0.9393939393939394
id_tl,gemma3_4b,chat,full,bare,mean,midpoint,33,-0.5852616050026633,-4.548583487489006,3.1756700819188897,0.5151515151515151
id_tl,gemma3_4b,chat,full,bare,sum,semantic,33,10.531414263176195,7.283657988996217,14.12945893677798,0.8787878787878788
id_tl,gemma3_4b,chat,full,bare,sum,language,33,7.563014333898371,4.758565567478989,10.773278180035676,0.8484848484848485
id_tl,gemma3_4b,chat,full,bare,sum,interaction,33,-3.961099711331454,-7.999506416465296,0.35865519769263277,0.45454545454545453
id_tl,gemma3_4b,chat,full,bare,sum,diagonal_switch,33,18.094428597074568,13.453658668200173,23.349531791065676,0.9393939393939394
id_tl,gemma3_4b,chat,full,bare,sum,midpoint,33,-5.701293966986916,-11.669401610439474,1.585570310462604,0.30303030303030304
id_tl,gemma3_4b,chat,full,definition,mean,semantic,33,2.7351925300829336,2.2184285051894914,3.238024527015108,0.9696969696969697
id_tl,gemma3_4b,chat,full,definition,mean,language,33,2.068382725571141,1.4093952229528715,2.769503233649514,0.9090909090909091
id_tl,gemma3_4b,chat,full,definition,mean,interaction,33,-0.7396839604233251,-1.871276687853264,0.3252149935924642,0.45454545454545453
id_tl,gemma3_4b,chat,full,definition,mean,diagonal_switch,33,4.803575255654075,3.928768124002399,5.6816741018584285,0.9696969696969697
id_tl,gemma3_4b,chat,full,definition,mean,midpoint,33,-0.11166834108757251,-1.0257363015955143,0.8092145302078941,0.3939393939393939
id_tl,gemma3_4b,chat,full,definition,sum,semantic,33,11.02434117866285,8.893053077928947,13.19183650883761,0.9696969696969697
id_tl,gemma3_4b,chat,full,definition,sum,language,33,9.022498101899117,6.010175145756114,12.325592750491518,0.8787878787878788
id_tl,gemma3_4b,chat,full,definition,sum,interaction,33,-2.8401414119836055,-7.870638223127885,1.9129808397004073,0.48484848484848486
id_tl,gemma3_4b,chat,full,definition,sum,diagonal_switch,33,20.04683928056197,16.077965302900832,23.91011473337808,0.9696969696969697
id_tl,gemma3_4b,chat,full,definition,sum,midpoint,33,-1.4249021934740471,-6.689438606031013,4.173608723553741,0.36363636363636365
id_tl,gemma3_4b,chat,full,refers,mean,semantic,33,2.9438020388285318,2.239576937574329,3.6851456107515257,0.8484848484848485
id_tl,gemma3_4b,chat,full,refers,mean,language,33,2.6095938393563936,1.9381593097339975,3.329507583199125,0.9393939393939394
id_tl,gemma3_4b,chat,full,refers,mean,interaction,33,-0.43861305352413293,-1.7820015618295382,0.7665359583767974,0.48484848484848486
id_tl,gemma3_4b,chat,full,refers,mean,diagonal_switch,33,5.553395878184926,4.525894709789391,6.553830303567827,0.9393939393939394
id_tl,gemma3_4b,chat,full,refers,mean,midpoint,33,-0.23895026698256983,-0.9433602022402214,0.4749057083418875,0.45454545454545453
id_tl,gemma3_4b,chat,full,refers,sum,semantic,33,14.832107775139086,11.218763981443463,18.639329917503126,0.8787878787878788
id_tl,gemma3_4b,chat,full,refers,sum,language,33,13.960733818285393,10.493355360898104,17.88778633204373,0.9696969696969697
id_tl,gemma3_4b,chat,full,refers,sum,interaction,33,-2.571067116477273,-9.701920856129039,3.802759184981837,0.48484848484848486
id_tl,gemma3_4b,chat,full,refers,sum,diagonal_switch,33,28.79284159342448,24.084008939338453,33.40913542545202,0.9696969696969697
id_tl,gemma3_4b,chat,full,refers,sum,midpoint,33,-2.4717068527684067,-6.647400035280169,2.2077160531824243,0.3939393939393939
id_tl,gemma3_4b,chat,language_only,bare,mean,semantic,33,-0.014431491042628433,-0.05874969092282382,0.025985491637027607,0.18181818181818182
id_tl,gemma3_4b,chat,language_only,bare,mean,language,33,2.4220387718894263,1.1566735708352294,3.909051379290494,0.7878787878787878
id_tl,gemma3_4b,chat,language_only,bare,mean,interaction,33,-0.028862982085256866,-0.11575031714005904,0.05602649341930039,0.18181818181818182
id_tl,gemma3_4b,chat,language_only,bare,mean,diagonal_switch,33,2.407607280846798,1.0895209868748983,3.9850144082849672,0.7878787878787878
id_tl,gemma3_4b,chat,language_only,bare,mean,midpoint,33,2.1786254825014058,-4.205748254241366,8.450802967042623,0.5757575757575758
id_tl,gemma3_4b,chat,language_only,bare,sum,semantic,33,-0.022746375112822563,-0.06297906817811907,0.010723304748535155,0.2727272727272727
id_tl,gemma3_4b,chat,language_only,bare,sum,language,33,3.7500515273123076,0.6687612092856206,7.405376327399043,0.7575757575757576
id_tl,gemma3_4b,chat,language_only,bare,sum,interaction,33,-0.045492750225645126,-0.12419189250830448,0.021297126827817953,0.2727272727272727
id_tl,gemma3_4b,chat,language_only,bare,sum,diagonal_switch,33,3.727305152199485,0.6186993815682151,7.29204447919672,0.7575757575757576
id_tl,gemma3_4b,chat,language_only,bare,sum,midpoint,33,-3.2254624511256362,-8.483000907753453,2.5841645840442475,0.45454545454545453
id_tl,gemma3_4b,chat,language_only,definition,mean,semantic,33,0.009510285926587654,-0.00023633024909279534,0.019942762273730652,0.3333333333333333
id_tl,gemma3_4b,chat,language_only,definition,mean,language,33,2.020135836167769,1.4498427217656915,2.6365804264039703,0.9090909090909091
id_tl,gemma3_4b,chat,language_only,definition,mean,interaction,33,0.019020571853175308,-0.0006408698631055427,0.039102304343021255,0.3333333333333333
id_tl,gemma3_4b,chat,language_only,definition,mean,diagonal_switch,33,2.0296461220943565,1.4622327580596461,2.6532156763654764,0.9090909090909091
id_tl,gemma3_4b,chat,language_only,definition,mean,midpoint,33,-0.1425866358207934,-1.230366595586141,1.0079637447992953,0.3939393939393939
id_tl,gemma3_4b,chat,language_only,definition,sum,semantic,33,0.02694262880267519,-0.011977256428111682,0.06569118499755855,0.3333333333333333
id_tl,gemma3_4b,chat,language_only,definition,sum,language,33,8.94720424305309,6.193189644091057,11.727301872137819,0.9393939393939394
id_tl,gemma3_4b,chat,language_only,definition,sum,interaction,33,0.05388525760535038,-0.024276606241861978,0.1322615883567115,0.3333333333333333
id_tl,gemma3_4b,chat,language_only,definition,sum,diagonal_switch,33,8.974146871855766,6.246689666401256,11.915142183592824,0.9393939393939394
id_tl,gemma3_4b,chat,language_only,definition,sum,midpoint,33,-1.5881881135882754,-5.799836493983413,3.021514418630884,0.36363636363636365
id_tl,gemma3_4b,chat,language_only,refers,mean,semantic,33,0.0,0.0,0.0,0.0
id_tl,gemma3_4b,chat,language_only,refers,mean,language,33,3.7941383015025747,2.9102811163122,4.713989406643491,0.9696969696969697
id_tl,gemma3_4b,chat,language_only,refers,mean,interaction,33,0.0,0.0,0.0,0.0
id_tl,gemma3_4b,chat,language_only,refers,mean,diagonal_switch,33,3.7941383015025747,2.9004325259815564,4.714493290583292,0.9696969696969697
id_tl,gemma3_4b,chat,language_only,refers,mean,midpoint,33,-0.25760188247218274,-1.1117675206877968,0.5984230623100738,0.48484848484848486
id_tl,gemma3_4b,chat,language_only,refers,sum,semantic,33,0.0,0.0,0.0,0.0
id_tl,gemma3_4b,chat,language_only,refers,sum,language,33,20.211298393480707,15.490108943708016,24.973167852921918,0.9696969696969697
id_tl,gemma3_4b,chat,language_only,refers,sum,interaction,33,0.0,0.0,0.0,0.0
id_tl,gemma3_4b,chat,language_only,refers,sum,diagonal_switch,33,20.211298393480707,15.6445475173719,24.80328737316709,0.9696969696969697
id_tl,gemma3_4b,chat,language_only,refers,sum,midpoint,33,-2.5924843296860205,-6.750914057818326,1.745069005272604,0.45454545454545453
id_tl,gemma3_4b,chat,masked,bare,mean,semantic,33,4.039819746306448,2.153102841160514,6.030521233154065,0.7878787878787878
id_tl,gemma3_4b,chat,masked,bare,mean,language,33,0.663949475143895,-0.3998436353423379,1.8166638406840232,0.5454545454545454
id_tl,gemma3_4b,chat,masked,bare,mean,interaction,33,0.4244871428518584,-2.0556704954667526,2.9150593786528614,0.42424242424242425
id_tl,gemma3_4b,chat,masked,bare,mean,diagonal_switch,33,4.703769221450344,2.28331301501303,7.19240023945317,0.7272727272727273
id_tl,gemma3_4b,chat,masked,bare,mean,midpoint,33,1.0008582490863223,-3.851421554522081,6.043140856786205,0.5454545454545454
id_tl,gemma3_4b,chat,masked,bare,sum,semantic,33,5.184611002604167,1.3927838946833755,8.79306849999861,0.7272727272727273
id_tl,gemma3_4b,chat,masked,bare,sum,language,33,1.0528166221849846,-0.8817880738865246,3.0035904197981833,0.5757575757575758
id_tl,gemma3_4b,chat,masked,bare,sum,interaction,33,1.2782353487881748,-2.622162983634255,5.548394505182901,0.3939393939393939
id_tl,gemma3_4b,chat,masked,bare,sum,diagonal_switch,33,6.237427624789151,1.5358958489967114,10.860292989557436,0.696969696969697
id_tl,gemma3_4b,chat,masked,bare,sum,midpoint,33,-4.342397140734123,-9.715743194204387,1.9655954469333934,0.3333333333333333
id_tl,gemma3_4b,chat,masked,definition,mean,semantic,33,1.8254341501178164,1.2986035346984863,2.3486796404376165,0.9393939393939394
id_tl,gemma3_4b,chat,masked,definition,mean,language,33,0.30758232058900775,0.011265281836191814,0.6146455042289957,0.6060606060606061
id_tl,gemma3_4b,chat,masked,definition,mean,interaction,33,-0.4897779117931019,-1.139306540922685,0.14838841394944607,0.3939393939393939
id_tl,gemma3_4b,chat,masked,definition,mean,diagonal_switch,33,2.133016470706824,1.528541105443781,2.7431278373255874,0.9090909090909091
id_tl,gemma3_4b,chat,masked,definition,mean,midpoint,33,0.5372860359423088,-0.3638495044274764,1.502385768023403,0.6363636363636364
id_tl,gemma3_4b,chat,masked,definition,sum,semantic,33,7.742653239857066,5.50926720012318,9.95515763831861,0.9696969696969697
id_tl,gemma3_4b,chat,masked,definition,sum,language,33,1.138890468713009,-0.02017974275531183,2.3446492946509156,0.6363636363636364
id_tl,gemma3_4b,chat,masked,definition,sum,interaction,33,-1.7001631765654592,-4.011115004799582,0.6475841348821442,0.36363636363636365
id_tl,gemma3_4b,chat,masked,definition,sum,diagonal_switch,33,8.881543708570076,6.363678088332668,11.440867528048427,0.9090909090909091
id_tl,gemma3_4b,chat,masked,definition,sum,midpoint,33,1.0691243951970881,-3.209444586435954,6.068918996868705,0.5757575757575758
id_tl,gemma3_4b,chat,masked,refers,mean,semantic,33,2.837858113375577,2.137149841857679,3.560058102824471,0.9090909090909091
id_tl,gemma3_4b,chat,masked,refers,mean,language,33,0.032649878299597535,-0.27672276424639153,0.33083177479830655,0.5454545454545454
id_tl,gemma3_4b,chat,masked,refers,mean,interaction,33,0.1466067343047171,-0.5082637526772239,0.8015529516971456,0.5757575757575758
id_tl,gemma3_4b,chat,masked,refers,mean,diagonal_switch,33,2.870507991675175,1.9713305921265574,3.7242252805016256,0.8787878787878788
id_tl,gemma3_4b,chat,masked,refers,mean,midpoint,33,0.31777487379131897,-0.3603090250130856,1.0331164930806014,0.5454545454545454
id_tl,gemma3_4b,chat,masked,refers,sum,semantic,33,14.13896826541785,10.254407170324614,17.91374758518103,0.8787878787878788
id_tl,gemma3_4b,chat,masked,refers,sum,language,33,0.09857362689393939,-1.6331877809582334,1.7470877083865077,0.5454545454545454
id_tl,gemma3_4b,chat,masked,refers,sum,interaction,33,1.553335478811553,-1.8208181988109242,4.962428081396851,0.6060606060606061
id_tl,gemma3_4b,chat,masked,refers,sum,diagonal_switch,33,14.23754189231179,9.7968192765207,18.658475338328966,0.8787878787878788
id_tl,gemma3_4b,chat,masked,refers,sum,midpoint,33,0.5131093805486505,-3.669360793720592,5.190618356068925,0.48484848484848486
id_tl,gemma3_4b,chat,shuffled,bare,mean,semantic,33,0.02973147594567501,-2.6481543540954586,2.730662069898663,0.45454545454545453
id_tl,gemma3_4b,chat,shuffled,bare,mean,language,33,1.1900557749199145,-0.570479185292215,2.951660829601865,0.6666666666666666
id_tl,gemma3_4b,chat,shuffled,bare,mean,interaction,33,2.396730798663515,-0.5861057953401045,5.847990917437003,0.6060606060606061
id_tl,gemma3_4b,chat,shuffled,bare,mean,diagonal_switch,33,1.2197872508655896,-2.3526145992857037,4.903412772669936,0.5757575757575758
id_tl,gemma3_4b,chat,shuffled,bare,mean,midpoint,33,1.1325322931463069,-3.530412284894423,5.773336387764324,0.5454545454545454
id_tl,gemma3_4b,chat,shuffled,bare,sum,semantic,33,-1.178715792569247,-5.136166226502621,2.366352661450694,0.3939393939393939
id_tl,gemma3_4b,chat,shuffled,bare,sum,language,33,2.6422840465198862,-0.060618561686891455,5.344321123758949,0.696969696969697
id_tl,gemma3_4b,chat,shuffled,bare,sum,interaction,33,2.6418312535141455,-1.5586619463833895,7.26917067585569,0.6060606060606061
id_tl,gemma3_4b,chat,shuffled,bare,sum,diagonal_switch,33,1.4635682539506392,-3.463369813109889,6.362097058151706,0.5151515151515151
id_tl,gemma3_4b,chat,shuffled,bare,sum,midpoint,33,-3.5456020470821494,-9.144284436919472,2.5127693241292732,0.36363636363636365
id_tl,gemma3_4b,chat,shuffled,definition,mean,semantic,33,-0.310249949946548,-0.9439074888373866,0.19105918299068084,0.48484848484848486
id_tl,gemma3_4b,chat,shuffled,definition,mean,language,33,0.17348432540893555,-0.09899457223487622,0.45353621966911073,0.6060606060606061
id_tl,gemma3_4b,chat,shuffled,definition,mean,interaction,33,0.4063023942889589,0.06311834219730261,0.7577179829279581,0.6363636363636364
id_tl,gemma3_4b,chat,shuffled,definition,mean,diagonal_switch,33,-0.13676562453761246,-0.9241241469527736,0.5000721461845165,0.5757575757575758
id_tl,gemma3_4b,chat,shuffled,definition,mean,midpoint,33,0.2967001597086589,-0.6836934801303979,1.4059430281321204,0.45454545454545453
id_tl,gemma3_4b,chat,shuffled,definition,sum,semantic,33,-1.8686848842736445,-4.779588767253991,0.41280741836085405,0.48484848484848486
id_tl,gemma3_4b,chat,shuffled,definition,sum,language,33,0.70098420345422,-0.30656150182088215,1.8301149469433395,0.5757575757575758
id_tl,gemma3_4b,chat,shuffled,definition,sum,interaction,33,1.4277028170498935,-0.1018534053455699,2.9703964291196874,0.5757575757575758
id_tl,gemma3_4b,chat,shuffled,definition,sum,diagonal_switch,33,-1.1677006808194248,-4.525654495123661,1.5174031951210716,0.5757575757575758
id_tl,gemma3_4b,chat,shuffled,definition,sum,midpoint,33,0.35664916760993726,-4.734918542341752,6.157524790908349,0.3939393939393939
id_tl,gemma3_4b,chat,shuffled,refers,mean,semantic,33,-0.13885382449988162,-0.634255393707391,0.3022265585986049,0.5757575757575758
id_tl,gemma3_4b,chat,shuffled,refers,mean,language,33,0.038463476932410035,-0.21094766421751543,0.31615174972649773,0.48484848484848486
id_tl,gemma3_4b,chat,shuffled,refers,mean,interaction,33,0.1184620712742661,-0.3222777915723396,0.5972606673385155,0.5454545454545454
id_tl,gemma3_4b,chat,shuffled,refers,mean,diagonal_switch,33,-0.10039034756747159,-0.6061063239068696,0.3635106245676674,0.5757575757575758
id_tl,gemma3_4b,chat,shuffled,refers,mean,midpoint,33,0.029151685310132576,-0.7362049012473135,0.8431057406194263,0.45454545454545453
id_tl,gemma3_4b,chat,shuffled,refers,sum,semantic,33,-1.3556567683364407,-4.086077350558656,1.148502036296959,0.5757575757575758
id_tl,gemma3_4b,chat,shuffled,refers,sum,language,33,0.5676845781730883,-0.8372462417140151,1.9893881436550256,0.5151515151515151
id_tl,gemma3_4b,chat,shuffled,refers,sum,interaction,33,-0.09454426620945786,-3.1158609216863455,2.6847810716340024,0.5151515151515151
id_tl,gemma3_4b,chat,shuffled,refers,sum,diagonal_switch,33,-0.7879721901633523,-3.5648731260588677,1.7880488915876904,0.5757575757575758
id_tl,gemma3_4b,chat,shuffled,refers,sum,midpoint,33,-1.2421183730616714,-5.664576731306134,3.447406323750813,0.3939393939393939
id_tl,gemma3_4b,plain,full,bare,mean,semantic,33,0.780608928564823,0.1445211907227834,1.4355255957805746,0.6666666666666666
id_tl,gemma3_4b,plain,full,bare,mean,language,33,2.240468892184171,1.4692707605434188,2.9848681426409502,0.8787878787878788
id_tl,gemma3_4b,plain,full,bare,mean,interaction,33,1.0632093313968543,-0.2557146737069794,2.407682910471251,0.6666666666666666
id_tl,gemma3_4b,plain,full,bare,mean,diagonal_switch,33,3.0210778207489937,1.9956432631521515,4.122327453078645,0.8484848484848485
id_tl,gemma3_4b,plain,full,bare,mean,midpoint,33,-0.1388505155389959,-2.0967866252769123,1.7669486602147417,0.48484848484848486
id_tl,gemma3_4b,plain,full,bare,sum,semantic,33,0.9700825358882095,0.16516042821335072,1.75783064401511,0.6363636363636364
id_tl,gemma3_4b,plain,full,bare,sum,language,33,2.5552832213315098,1.6761631089629547,3.3965318372755338,0.8787878787878788
id_tl,gemma3_4b,plain,full,bare,sum,interaction,33,1.0693366166317102,-0.36513063438010934,2.528511201612877,0.6666666666666666
id_tl,gemma3_4b,plain,full,bare,sum,diagonal_switch,33,3.5253657572197192,2.422722071589846,4.709398847276514,0.8484848484848485
id_tl,gemma3_4b,plain,full,bare,sum,midpoint,33,-0.32694210428180115,-3.621086499907754,3.5212476318532757,0.45454545454545453
id_tl,gemma3_4b,plain,full,definition,mean,semantic,33,0.2401400696147572,0.0695512208071622,0.40751211300040724,0.6363636363636364
id_tl,gemma3_4b,plain,full,definition,mean,language,33,0.348343986453432,0.17445638613267378,0.5192657938509275,0.7575757575757576
id_tl,gemma3_4b,plain,full,definition,mean,interaction,33,0.42363778027621185,0.1338262272603584,0.7194911548585602,0.6363636363636364
id_tl,gemma3_4b,plain,full,definition,mean,diagonal_switch,33,0.5884840560681892,0.3657660271182204,0.8178564115004102,0.8181818181818182
id_tl,gemma3_4b,plain,full,definition,mean,midpoint,33,0.30760421897425794,-0.1305327290838415,0.7661513232823574,0.6363636363636364
id_tl,gemma3_4b,plain,full,definition,sum,semantic,33,1.0909332795576616,0.19146595290212923,2.079947934006199,0.5757575757575758
id_tl,gemma3_4b,plain,full,definition,sum,language,33,1.5924760356093899,0.8242423765587085,2.369529473420345,0.7575757575757576
id_tl,gemma3_4b,plain,full,definition,sum,interaction,33,1.4787832895914714,0.020894710945360606,2.8709468668157405,0.5757575757575758
id_tl,gemma3_4b,plain,full,definition,sum,diagonal_switch,33,2.6834093151670513,1.5504229733438202,3.932651482206402,0.7878787878787878
id_tl,gemma3_4b,plain,full,definition,sum,midpoint,33,0.777929855115486,-2.8708749315955417,5.069601863080804,0.5454545454545454
id_tl,gemma3_4b,plain,full,refers,mean,semantic,33,0.41471570188348944,0.21656139276244424,0.6110615607463948,0.7878787878787878
id_tl,gemma3_4b,plain,full,refers,mean,language,33,0.6571999390920004,0.465950432510087,0.8632109947276838,0.9090909090909091
id_tl,gemma3_4b,plain,full,refers,mean,interaction,33,0.2414175813848322,-0.12073386221220998,0.6165923682126131,0.5151515151515151
id_tl,gemma3_4b,plain,full,refers,mean,diagonal_switch,33,1.0719156409754897,0.7862510070656286,1.3584721323215598,0.9090909090909091
id_tl,gemma3_4b,plain,full,refers,mean,midpoint,33,-0.05503403779232141,-0.3717894171223496,0.26160974285819294,0.5151515151515151
id_tl,gemma3_4b,plain,full,refers,sum,semantic,33,2.075693130493164,0.9945567925771077,3.181423713221694,0.7575757575757576
id_tl,gemma3_4b,plain,full,refers,sum,language,33,3.354163487752279,2.358426489974513,4.4417338472424115,0.9090909090909091
id_tl,gemma3_4b,plain,full,refers,sum,interaction,33,0.8500041383685488,-1.1461070696512858,2.8497426813298974,0.5151515151515151
id_tl,gemma3_4b,plain,full,refers,sum,diagonal_switch,33,5.429856618245442,3.8740923245747885,6.997536962682548,0.8787878787878788
id_tl,gemma3_4b,plain,full,refers,sum,midpoint,33,-0.8481510624741063,-4.455662659442786,3.3777500167037497,0.42424242424242425
id_tl,gemma3_4b,plain,language_only,bare,mean,semantic,33,-0.013611511750654741,-0.030255615711212158,0.0036850638461835452,0.18181818181818182
id_tl,gemma3_4b,plain,language_only,bare,mean,language,33,2.3093848156206533,1.6531770297975252,2.978706306760961,0.8484848484848485
id_tl,gemma3_4b,plain,language_only,bare,mean,interaction,33,-0.027223023501309482,-0.061084927212108266,0.00745823600075461,0.18181818181818182
id_tl,gemma3_4b,plain,language_only,bare,mean,diagonal_switch,33,2.295773303869999,1.6576279163360597,2.9978261741724883,0.8484848484848485
id_tl,gemma3_4b,plain,language_only,bare,mean,midpoint,33,-0.5833003015229197,-2.5932136011846136,1.4296495414141412,0.48484848484848486
id_tl,gemma3_4b,plain,language_only,bare,sum,semantic,33,-0.012914397499778053,-0.030194491328615132,0.003986063148036142,0.24242424242424243
id_tl,gemma3_4b,plain,language_only,bare,sum,language,33,2.8259484984657983,2.1101442672989585,3.565570323756247,0.8787878787878788
id_tl,gemma3_4b,plain,language_only,bare,sum,interaction,33,-0.025828794999556107,-0.06047851172360507,0.008554890661528577,0.24242424242424243
id_tl,gemma3_4b,plain,language_only,bare,sum,diagonal_switch,33,2.81303410096602,2.069331064729979,3.572976823647816,0.8787878787878788
id_tl,gemma3_4b,plain,language_only,bare,sum,midpoint,33,-1.2804490219463,-5.209007801792838,2.947300419301675,0.45454545454545453
id_tl,gemma3_4b,plain,language_only,definition,mean,semantic,33,-1.712278886274858e-05,-0.004488634160070708,0.004895552180030123,0.30303030303030304
id_tl,gemma3_4b,plain,language_only,definition,mean,language,33,1.0440941579414136,0.8261892589655789,1.2757108868974627,1.0
id_tl,gemma3_4b,plain,language_only,definition,mean,interaction,33,-3.424557772549716e-05,-0.009187352657318114,0.00949617335290617,0.30303030303030304
id_tl,gemma3_4b,plain,language_only,definition,mean,diagonal_switch,33,1.0440770351525508,0.826214321454366,1.273118971333359,1.0
id_tl,gemma3_4b,plain,language_only,definition,mean,midpoint,33,-0.2439207597212358,-0.8269201125159408,0.3556307554244994,0.45454545454545453
id_tl,gemma3_4b,plain,language_only,definition,sum,semantic,33,-0.002119815710819129,-0.022725475918162954,0.018631154840642733,0.2727272727272727
id_tl,gemma3_4b,plain,language_only,definition,sum,language,33,4.396025802149917,3.5191891381234837,5.325507871309916,1.0
id_tl,gemma3_4b,plain,language_only,definition,sum,interaction,33,-0.004239631421638258,-0.046020432674523555,0.03761387593818422,0.2727272727272727
id_tl,gemma3_4b,plain,language_only,definition,sum,diagonal_switch,33,4.393905986439098,3.5143063761971214,5.29279742674394,1.0
id_tl,gemma3_4b,plain,language_only,definition,sum,midpoint,33,-1.5425511562463008,-6.015897540612655,3.47098117380431,0.36363636363636365
id_tl,gemma3_4b,plain,language_only,refers,mean,semantic,33,0.0,0.0,0.0,0.0
id_tl,gemma3_4b,plain,language_only,refers,mean,language,33,1.0883067159941702,0.8143160043340741,1.3762135913877773,0.9393939393939394
id_tl,gemma3_4b,plain,language_only,refers,mean,interaction,33,0.0,0.0,0.0,0.0
id_tl,gemma3_4b,plain,language_only,refers,mean,diagonal_switch,33,1.0883067159941702,0.8048982497417565,1.374055933229851,0.9393939393939394
id_tl,gemma3_4b,plain,language_only,refers,mean,midpoint,33,-0.3052192890282833,-0.7602933665116628,0.14261224739479286,0.48484848484848486
id_tl,gemma3_4b,plain,language_only,refers,sum,semantic,33,0.0,0.0,0.0,0.0
id_tl,gemma3_4b,plain,language_only,refers,sum,language,33,5.670358600038471,4.2187086798928,7.165504868825274,0.9090909090909091
id_tl,gemma3_4b,plain,language_only,refers,sum,interaction,33,0.0,0.0,0.0,0.0
id_tl,gemma3_4b,plain,language_only,refers,sum,diagonal_switch,33,5.670358600038471,4.214167833328247,7.149857591860221,0.9090909090909091
id_tl,gemma3_4b,plain,language_only,refers,sum,midpoint,33,-1.9556559360388555,-6.101348635644623,2.8040735620440715,0.3939393939393939
id_tl,gemma3_4b,plain,masked,bare,mean,semantic,33,0.6305955106561835,0.08955490227901575,1.145346947511037,0.6666666666666666
id_tl,gemma3_4b,plain,masked,bare,mean,language,33,0.2933614326245857,-0.1565985016750567,0.7292899362968674,0.6363636363636364
id_tl,gemma3_4b,plain,masked,bare,mean,interaction,33,0.32602495135683,-0.5557218598596977,1.173586942932822,0.5757575757575758
id_tl,gemma3_4b,plain,masked,bare,mean,diagonal_switch,33,0.9239569432807692,0.3333383383172931,1.532870377916278,0.7272727272727273
id_tl,gemma3_4b,plain,masked,bare,mean,midpoint,33,0.6507616115338875,-1.225747163729234,2.5348434993714974,0.5454545454545454
id_tl,gemma3_4b,plain,masked,bare,sum,semantic,33,0.760051712845311,0.08769289869250674,1.4463886109265407,0.6060606060606061
id_tl,gemma3_4b,plain,masked,bare,sum,language,33,0.48100834181814484,-0.01601574637673118,0.9556251240499091,0.696969696969697
id_tl,gemma3_4b,plain,masked,bare,sum,interaction,33,0.16471524672074753,-1.073072317874793,1.6645115014278526,0.5151515151515151
id_tl,gemma3_4b,plain,masked,bare,sum,diagonal_switch,33,1.2410600546634558,0.441581984722253,2.047580633741436,0.7575757575757576
id_tl,gemma3_4b,plain,masked,bare,sum,midpoint,33,0.2526767470619895,-2.6503406459634955,3.7584112366040547,0.48484848484848486
id_tl,gemma3_4b,plain,masked,definition,mean,semantic,33,0.294332251404271,0.15158202449480693,0.4387374715371563,0.7878787878787878
id_tl,gemma3_4b,plain,masked,definition,mean,language,33,0.03310685446768096,-0.10147968729337056,0.16758011055715155,0.5454545454545454
id_tl,gemma3_4b,plain,masked,definition,mean,interaction,33,-0.07495656157984878,-0.2788391376986648,0.14824488235242436,0.42424242424242425
id_tl,gemma3_4b,plain,masked,definition,mean,diagonal_switch,33,0.32743910587195196,0.10548192623889809,0.5596208005240467,0.6666666666666666
id_tl,gemma3_4b,plain,masked,definition,mean,midpoint,33,0.30495072856093897,-0.09556119008497758,0.7283567919875634,0.6060606060606061
id_tl,gemma3_4b,plain,masked,definition,sum,semantic,33,1.3896605173746746,0.6197349945704143,2.183051524017795,0.8181818181818182
id_tl,gemma3_4b,plain,masked,definition,sum,language,33,0.21106471437396426,-0.44350732239809904,0.8615965402487552,0.5454545454545454
id_tl,gemma3_4b,plain,masked,definition,sum,interaction,33,-0.6023187348336885,-1.6125244790857487,0.5542796828530044,0.36363636363636365
id_tl,gemma3_4b,plain,masked,definition,sum,diagonal_switch,33,1.6007252317486387,0.5175792881936738,2.828999136433456,0.6666666666666666
id_tl,gemma3_4b,plain,masked,definition,sum,midpoint,33,0.6420197920365767,-2.842630528681206,5.001499929572592,0.5151515151515151
id_tl,gemma3_4b,plain,masked,refers,mean,semantic,33,0.33099546576991223,0.18177544998400139,0.48281021280722186,0.7878787878787878
id_tl,gemma3_4b,plain,masked,refers,mean,language,33,0.041470361478400955,-0.048100780357014046,0.1218468023068977,0.6363636363636364
id_tl,gemma3_4b,plain,masked,refers,mean,interaction,33,-0.06773444378014767,-0.27812480854265614,0.17637149529023602,0.42424242424242425
id_tl,gemma3_4b,plain,masked,refers,mean,diagonal_switch,33,0.37246582724831323,0.19039276585434423,0.5572157140934105,0.8181818181818182
id_tl,gemma3_4b,plain,masked,refers,mean,midpoint,33,0.09136939771247632,-0.137975653554454,0.33763814026659167,0.5454545454545454
id_tl,gemma3_4b,plain,masked,refers,sum,semantic,33,1.7869839523777817,0.9050578088471385,2.7354011029908154,0.7575757575757576
id_tl,gemma3_4b,plain,masked,refers,sum,language,33,0.07106457334576231,-0.3784635543823242,0.5310987660379121,0.5757575757575758
id_tl,gemma3_4b,plain,masked,refers,sum,interaction,33,-0.4089200568921638,-1.5208549210519502,0.9562332557909408,0.36363636363636365
id_tl,gemma3_4b,plain,masked,refers,sum,diagonal_switch,33,1.858048525723544,0.8224117018959739,3.0263033375595545,0.7878787878787878
id_tl,gemma3_4b,plain,masked,refers,sum,midpoint,33,-0.19234402974446616,-3.8186967661886504,4.0757322672641605,0.42424242424242425
id_tl,gemma3_4b,plain,shuffled,bare,mean,semantic,33,-0.3136186563607418,-0.8390183236562844,0.20180262941302562,0.3939393939393939
id_tl,gemma3_4b,plain,shuffled,bare,mean,language,33,-0.18446477615472043,-0.5853834156737183,0.19906682850736523,0.42424242424242425
id_tl,gemma3_4b,plain,shuffled,bare,mean,interaction,33,-0.0799542557109486,-0.9718727279793132,0.898490923823732,0.3939393939393939
id_tl,gemma3_4b,plain,shuffled,bare,mean,diagonal_switch,33,-0.4980834325154622,-1.124612944053881,0.111118709679804,0.42424242424242425
id_tl,gemma3_4b,plain,shuffled,bare,mean,midpoint,33,-0.17527217575998016,-2.065572944193175,1.8314316220355746,0.5151515151515151
id_tl,gemma3_4b,plain,shuffled,bare,sum,semantic,33,-0.4034442070758704,-1.1204119665153098,0.2812177129767157,0.42424242424242425
id_tl,gemma3_4b,plain,shuffled,bare,sum,language,33,-0.18852031230926514,-0.7076040941657442,0.31526484055952547,0.42424242424242425
id_tl,gemma3_4b,plain,shuffled,bare,sum,interaction,33,0.3284991509986646,-0.743713663744204,1.493876887270898,0.3939393939393939
id_tl,gemma3_4b,plain,shuffled,bare,sum,diagonal_switch,33,-0.5919645193851355,-1.3482367732308127,0.11599944866064768,0.3939393939393939
id_tl,gemma3_4b,plain,shuffled,bare,sum,midpoint,33,-0.5172464341828318,-3.659713593396274,2.9521444374864685,0.5454545454545454
id_tl,gemma3_4b,plain,shuffled,definition,mean,semantic,33,-0.06104115283850468,-0.22104289351087628,0.08462646224281985,0.42424242424242425
id_tl,gemma3_4b,plain,shuffled,definition,mean,language,33,-0.017275607947147255,-0.12215125542698485,0.08387337074135279,0.5151515151515151
id_tl,gemma3_4b,plain,shuffled,definition,mean,interaction,33,0.07243246020692767,-0.11532775380394675,0.27915173046516634,0.36363636363636365
id_tl,gemma3_4b,plain,shuffled,definition,mean,diagonal_switch,33,-0.07831676078565193,-0.270609895027045,0.10422611236572264,0.45454545454545453
id_tl,gemma3_4b,plain,shuffled,definition,mean,midpoint,33,0.20922225171869452,-0.243819864952203,0.6652216597036875,0.6060606060606061
id_tl,gemma3_4b,plain,shuffled,definition,sum,semantic,33,-0.16169256152528705,-1.0471852613217902,0.689584285562688,0.45454545454545453
id_tl,gemma3_4b,plain,shuffled,definition,sum,language,33,-0.03274833794796106,-0.49015797701748937,0.47048229665467195,0.48484848484848486
id_tl,gemma3_4b,plain,shuffled,definition,sum,interaction,33,0.3408007188276811,-0.4576041929649584,1.2286840352145096,0.3939393939393939
id_tl,gemma3_4b,plain,shuffled,definition,sum,diagonal_switch,33,-0.1944408994732481,-1.2344343705610794,0.7541996377887141,0.45454545454545453
id_tl,gemma3_4b,plain,shuffled,definition,sum,midpoint,33,0.38389038317131274,-3.245925613605615,4.402059763850588,0.5454545454545454
id_tl,gemma3_4b,plain,shuffled,refers,mean,semantic,33,0.009575005733605587,-0.1458939796144312,0.15516177415847776,0.48484848484848486
id_tl,gemma3_4b,plain,shuffled,refers,mean,language,33,-0.026174010652484314,-0.14158417257395658,0.09243746580499591,0.36363636363636365
id_tl,gemma3_4b,plain,shuffled,refers,mean,interaction,33,0.1496495044592655,-0.05439817941550052,0.39790542667562306,0.48484848484848486
id_tl,gemma3_4b,plain,shuffled,refers,mean,diagonal_switch,33,-0.016599004918878727,-0.17623038183559073,0.1427928433273777,0.42424242424242425
id_tl,gemma3_4b,plain,shuffled,refers,mean,midpoint,33,-0.0014375845591227214,-0.29520221822189563,0.29875276612512985,0.42424242424242425
id_tl,gemma3_4b,plain,shuffled,refers,sum,semantic,33,0.06736477938565341,-0.813575555339004,0.9359295137000805,0.45454545454545453
id_tl,gemma3_4b,plain,shuffled,refers,sum,language,33,-0.04740986679539536,-0.7069700717926025,0.6613626639048257,0.36363636363636365
id_tl,gemma3_4b,plain,shuffled,refers,sum,interaction,33,0.76763916015625,-0.37661831306688714,2.070955788005482,0.45454545454545453
id_tl,gemma3_4b,plain,shuffled,refers,sum,diagonal_switch,33,0.01995491259025805,-0.8971071416681463,0.9141463510917888,0.42424242424242425
id_tl,gemma3_4b,plain,shuffled,refers,sum,midpoint,33,-0.613455512306907,-4.3304294802925805,3.850295324036569,0.3333333333333333
id_tl,qwen25_7b,chat,full,bare,mean,semantic,33,3.094812754428748,2.170140835010644,4.066000190648164,0.8787878787878788
id_tl,qwen25_7b,chat,full,bare,mean,language,33,0.6766458713647091,0.025661545811277452,1.3718994537989297,0.5757575757575758
id_tl,qwen25_7b,chat,full,bare,mean,interaction,33,0.1520117846402255,-1.8966406468189123,1.9634894840645059,0.5757575757575758
id_tl,qwen25_7b,chat,full,bare,mean,diagonal_switch,33,3.771458625793457,2.4225987456061624,5.10960247444384,0.7878787878787878
id_tl,qwen25_7b,chat,full,bare,mean,midpoint,33,1.7523953264409846,-1.120225218931834,4.560376844261632,0.5757575757575758
id_tl,qwen25_7b,chat,full,bare,sum,semantic,33,4.586481701244008,3.4413248708753876,5.848419974789473,0.9090909090909091
id_tl,qwen25_7b,chat,full,bare,sum,language,33,1.2175495552294182,0.28411090554613055,2.1266208312728185,0.6363636363636364
id_tl,qwen25_7b,chat,full,bare,sum,interaction,33,-1.1476943276145242,-4.698219807942708,2.078201259266246,0.5454545454545454
id_tl,qwen25_7b,chat,full,bare,sum,diagonal_switch,33,5.804031256473426,4.142173686894504,7.548224293824398,0.8484848484848485
id_tl,qwen25_7b,chat,full,bare,sum,midpoint,33,-0.8956481471206202,-4.624511480692662,3.5005854790860877,0.42424242424242425
id_tl,qwen25_7b,chat,full,definition,mean,semantic,33,0.939704721624201,0.6267387718865366,1.262376124569864,0.8484848484848485
id_tl,qwen25_7b,chat,full,definition,mean,language,33,0.6166344555941495,0.33534448435812286,0.9208023569800636,0.8181818181818182
id_tl,qwen25_7b,chat,full,definition,mean,interaction,33,-0.05732068148526279,-0.5522716666712906,0.43420948620998256,0.5454545454545454
id_tl,qwen25_7b,chat,full,definition,mean,diagonal_switch,33,1.5563391772183506,1.111163037473505,2.0053195722175365,0.8787878787878788
id_tl,qwen25_7b,chat,full,definition,mean,midpoint,33,0.2267338868343469,-0.4829300215750029,0.9802073619582434,0.45454545454545453
id_tl,qwen25_7b,chat,full,definition,sum,semantic,33,3.964964028560754,2.528556304989439,5.42554235458374,0.8181818181818182
id_tl,qwen25_7b,chat,full,definition,sum,language,33,2.883357712716767,1.4709583643710975,4.431455626632226,0.7878787878787878
id_tl,qwen25_7b,chat,full,definition,sum,interaction,33,-0.46223276311700995,-2.498331809766365,1.5959827076305033,0.5151515151515151
id_tl,qwen25_7b,chat,full,definition,sum,diagonal_switch,33,6.8483217412775215,4.812364555127694,8.852524572430235,0.8484848484848485
id_tl,qwen25_7b,chat,full,definition,sum,midpoint,33,0.2456587011163885,-3.492720010063865,4.971323004635893,0.3939393939393939
id_tl,qwen25_7b,chat,full,refers,mean,semantic,33,1.7434107751557322,1.3111838311860056,2.174561689477977,0.9393939393939394
id_tl,qwen25_7b,chat,full,refers,mean,language,33,0.9347824327873461,0.5777217534455387,1.3069819681572186,0.8181818181818182
id_tl,qwen25_7b,chat,full,refers,mean,interaction,33,-0.2460451993075284,-1.0780487981709566,0.47107625007629395,0.5151515151515151
id_tl,qwen25_7b,chat,full,refers,mean,diagonal_switch,33,2.678193207943078,2.1154361190217914,3.236855832013216,0.9393939393939394
id_tl,qwen25_7b,chat,full,refers,mean,midpoint,33,-0.3251444065209591,-0.8453612293257857,0.2076470062588198,0.3939393939393939
id_tl,qwen25_7b,chat,full,refers,sum,semantic,33,9.43804001085686,7.3390371279283,11.437177926843816,0.9393939393939394
id_tl,qwen25_7b,chat,full,refers,sum,language,33,5.168381951071999,3.2360224203629926,7.226261907635312,0.8484848484848485
id_tl,qwen25_7b,chat,full,refers,sum,interaction,33,-1.181208408240116,-5.260468928019206,2.449193844650731,0.5151515151515151
id_tl,qwen25_7b,chat,full,refers,sum,diagonal_switch,33,14.60642196192886,11.768939885226164,17.55218719424623,1.0
id_tl,qwen25_7b,chat,full,refers,sum,midpoint,33,-2.5815471302379263,-6.424568651661728,1.7877782561562248,0.3939393939393939
id_tl,qwen25_7b,chat,language_only,bare,mean,semantic,33,-0.0016887549198035038,-0.03374611861778028,0.028713843677983127,0.15151515151515152
id_tl,qwen25_7b,chat,language_only,bare,mean,language,33,2.8066002816864937,1.5537857427741542,4.107668947451042,0.8484848484848485
id_tl,qwen25_7b,chat,language_only,bare,mean,interaction,33,-0.0033775098396070075,-0.06609891978177157,0.05682509234457299,0.15151515151515152
id_tl,qwen25_7b,chat,language_only,bare,mean,diagonal_switch,33,2.8049115267666904,1.5449696844274348,4.062186025850699,0.8484848484848485
id_tl,qwen25_7b,chat,language_only,bare,mean,midpoint,33,0.4557856068466649,-2.4992563276579887,3.404947108210938,0.5151515151515151
id_tl,qwen25_7b,chat,language_only,bare,sum,semantic,33,0.005594976020581795,-0.03319250814842455,0.05510526498158771,0.15151515151515152
id_tl,qwen25_7b,chat,language_only,bare,sum,language,33,3.652030684731223,0.30527910463737723,6.8985782984531285,0.7878787878787878
id_tl,qwen25_7b,chat,language_only,bare,sum,interaction,33,0.01118995204116359,-0.06704350673791135,0.10726384394096594,0.15151515151515152
id_tl,qwen25_7b,chat,language_only,bare,sum,diagonal_switch,33,3.657625660751805,0.39374298904881333,6.840192453788988,0.7878787878787878
id_tl,qwen25_7b,chat,language_only,bare,sum,midpoint,33,-2.126340808290424,-6.114244158340223,2.209591691421736,0.3333333333333333
id_tl,qwen25_7b,chat,language_only,definition,mean,semantic,33,-8.873506025834517e-05,-0.005205697363073175,0.00572696237853078,0.12121212121212122
id_tl,qwen25_7b,chat,language_only,definition,mean,language,33,2.3631244428230054,1.6950741482503486,3.024957138841802,0.9393939393939394
id_tl,qwen25_7b,chat,language_only,definition,mean,interaction,33,-0.00017747012051669034,-0.010263460332697087,0.010800472895304362,0.12121212121212122
id_tl,qwen25_7b,chat,language_only,definition,mean,diagonal_switch,33,2.363035707762747,1.7210757342251866,3.051415577801791,0.9393939393939394
id_tl,qwen25_7b,chat,language_only,definition,mean,midpoint,33,-0.5582958351482045,-1.3860842954028736,0.3517978796453183,0.3333333333333333
id_tl,qwen25_7b,chat,language_only,definition,sum,semantic,33,0.0004578792687618371,-0.019668483734130857,0.022740563479336805,0.12121212121212122
id_tl,qwen25_7b,chat,language_only,definition,sum,language,33,10.115734793923117,6.5253343596602935,13.616905277425593,0.9393939393939394
id_tl,qwen25_7b,chat,language_only,definition,sum,interaction,33,0.0009157585375236742,-0.038975701187596176,0.04547324036106918,0.12121212121212122
id_tl,qwen25_7b,chat,language_only,definition,sum,diagonal_switch,33,10.116192673191879,6.503884373289166,13.516017312714547,0.9393939393939394
id_tl,qwen25_7b,chat,language_only,definition,sum,midpoint,33,-2.556001258618904,-7.334910246820161,2.9072784308231236,0.36363636363636365
id_tl,qwen25_7b,chat,language_only,refers,mean,semantic,33,0.0,0.0,0.0,0.0
id_tl,qwen25_7b,chat,language_only,refers,mean,language,33,2.9746811028682822,2.1713324066364406,3.7979582345846925,0.9393939393939394
id_tl,qwen25_7b,chat,language_only,refers,mean,interaction,33,0.0,0.0,0.0,0.0
id_tl,qwen25_7b,chat,language_only,refers,mean,diagonal_switch,33,2.9746811028682822,2.1799547748132184,3.8487080198345756,0.9393939393939394
id_tl,qwen25_7b,chat,language_only,refers,mean,midpoint,33,-0.9214491121696703,-1.5965553720792134,-0.2402396767428432,0.30303030303030304
id_tl,qwen25_7b,chat,language_only,refers,sum,semantic,33,0.0,0.0,0.0,0.0
id_tl,qwen25_7b,chat,language_only,refers,sum,language,33,15.823629090280244,11.158082297354033,20.56701766505386,0.9393939393939394
id_tl,qwen25_7b,chat,language_only,refers,sum,interaction,33,0.0,0.0,0.0,0.0
id_tl,qwen25_7b,chat,language_only,refers,sum,diagonal_switch,33,15.823629090280244,11.13404378601999,20.510509213534263,0.9393939393939394
id_tl,qwen25_7b,chat,language_only,refers,sum,midpoint,33,-5.262457818695993,-9.857102987983009,-0.040300987706040486,0.30303030303030304
id_tl,qwen25_7b,chat,masked,bare,mean,semantic,33,3.1923138734066123,2.3365810580325848,4.177391240091034,0.9696969696969697
id_tl,qwen25_7b,chat,masked,bare,mean,language,33,-0.05937352324977065,-0.691846524585377,0.5998976246877145,0.42424242424242425
id_tl,qwen25_7b,chat,masked,bare,mean,interaction,33,-0.308852802623402,-1.2855001048608259,0.6506755070252839,0.48484848484848486
id_tl,qwen25_7b,chat,masked,bare,mean,diagonal_switch,33,3.132940350156842,2.203958647901362,4.121179402235782,0.9090909090909091
id_tl,qwen25_7b,chat,masked,bare,mean,midpoint,33,1.8985384449814304,-0.606243119095311,4.391104491551717,0.6363636363636364
id_tl,qwen25_7b,chat,masked,bare,sum,semantic,33,5.583721312609586,3.3346310301260518,8.026054147698662,0.9393939393939394
id_tl,qwen25_7b,chat,masked,bare,sum,language,33,0.40207310156388715,-0.7370849603956395,1.5933240476882815,0.5757575757575758
id_tl,qwen25_7b,chat,masked,bare,sum,interaction,33,-0.45507510503133136,-2.3831592436992763,1.3470318927909382,0.48484848484848486
id_tl,qwen25_7b,chat,masked,bare,sum,diagonal_switch,33,5.985794414173473,3.6397840543226763,8.599529020714037,0.9090909090909091
id_tl,qwen25_7b,chat,masked,bare,sum,midpoint,33,-0.5733061414776426,-4.4061500000231195,4.265980893915348,0.45454545454545453
id_tl,qwen25_7b,chat,masked,definition,mean,semantic,33,0.8806576006340258,0.4978184609702139,1.2498972928885257,0.7575757575757576
id_tl,qwen25_7b,chat,masked,definition,mean,language,33,0.021232171492143112,-0.17728231025464605,0.2152994112534955,0.5151515151515151
id_tl,qwen25_7b,chat,masked,definition,mean,interaction,33,-0.3719452944668857,-0.731259949279554,-0.019208574295044273,0.45454545454545453
id_tl,qwen25_7b,chat,masked,definition,mean,diagonal_switch,33,0.9018897721261689,0.5182496251481952,1.3152483969023734,0.8181818181818182
id_tl,qwen25_7b,chat,masked,definition,mean,midpoint,33,0.30214426734230737,-0.382585406664646,1.006271051638054,0.48484848484848486
id_tl,qwen25_7b,chat,masked,definition,sum,semantic,33,3.637274250839696,1.628893025716146,5.51604595184326,0.7575757575757576
id_tl,qwen25_7b,chat,masked,definition,sum,language,33,0.3553958661628492,-0.6458461920420329,1.4286023515643484,0.5151515151515151
id_tl,qwen25_7b,chat,masked,definition,sum,interaction,33,-1.7167248581395005,-3.3068691918344206,-0.1390764091954096,0.45454545454545453
id_tl,qwen25_7b,chat,masked,definition,sum,diagonal_switch,33,3.992670117002545,2.2335720293449635,5.83603450601751,0.8181818181818182
id_tl,qwen25_7b,chat,masked,definition,sum,midpoint,33,0.38393743110425543,-3.144265287572687,4.722070176673655,0.42424242424242425
id_tl,qwen25_7b,chat,masked,refers,mean,semantic,33,1.8111788648547549,1.3968398979215912,2.2610474396835674,1.0
id_tl,qwen25_7b,chat,masked,refers,mean,language,33,0.10317298860260934,-0.12012961181727322,0.35090855685147354,0.45454545454545453
id_tl,qwen25_7b,chat,masked,refers,mean,interaction,33,-0.0891980402397387,-0.6521397919365853,0.424874180013483,0.45454545454545453
id_tl,qwen25_7b,chat,masked,refers,mean,diagonal_switch,33,1.9143518534573642,1.4183188633485275,2.479286584348389,0.9393939393939394
id_tl,qwen25_7b,chat,masked,refers,mean,midpoint,33,0.10380398865902063,-0.33954101421616295,0.5678835258339389,0.5151515151515151
id_tl,qwen25_7b,chat,masked,refers,sum,semantic,33,9.251732392744584,6.838250082189386,11.683701727607032,0.9696969696969697
id_tl,qwen25_7b,chat,masked,refers,sum,language,33,0.543799487027255,-0.6233590126037597,1.7540611180392178,0.45454545454545453
id_tl,qwen25_7b,chat,masked,refers,sum,interaction,33,-0.2855896227287524,-3.126303430037065,2.510158651525323,0.5151515151515151
id_tl,qwen25_7b,chat,masked,refers,sum,diagonal_switch,33,9.79553187977184,7.0273590983766505,12.775862893191249,0.9090909090909091
id_tl,qwen25_7b,chat,masked,refers,sum,midpoint,33,-0.21932156880696616,-4.061289788737442,4.391118871804429,0.48484848484848486
id_tl,qwen25_7b,chat,shuffled,bare,mean,semantic,33,-0.12323162772438744,-0.8596258849808665,0.559315273978493,0.5757575757575758
id_tl,qwen25_7b,chat,shuffled,bare,mean,language,33,0.26962514357133344,-0.3338202837741736,0.8784649950085263,0.6060606060606061
id_tl,qwen25_7b,chat,shuffled,bare,mean,interaction,33,-0.10608366763953006,-1.246113801724983,1.0665381092013704,0.48484848484848486
id_tl,qwen25_7b,chat,shuffled,bare,mean,diagonal_switch,33,0.14639351584694602,-0.6879435539245605,1.0175415176333802,0.48484848484848486
id_tl,qwen25_7b,chat,shuffled,bare,mean,midpoint,33,1.3374479467218572,-1.627270522623351,4.160936375097793,0.48484848484848486
id_tl,qwen25_7b,chat,shuffled,bare,sum,semantic,33,-0.268619002717914,-1.8934825196410672,1.3730059807950787,0.48484848484848486
id_tl,qwen25_7b,chat,shuffled,bare,sum,language,33,0.22524476773811108,-1.0724087570652818,1.4584277203588762,0.5454545454545454
id_tl,qwen25_7b,chat,shuffled,bare,sum,interaction,33,-0.2609022602890477,-2.2999661344470397,1.8912715579524177,0.48484848484848486
id_tl,qwen25_7b,chat,shuffled,bare,sum,diagonal_switch,33,-0.04337423497980291,-1.8075255076090495,1.763504705284581,0.5454545454545454
id_tl,qwen25_7b,chat,shuffled,bare,sum,midpoint,33,-0.9918032125993208,-4.470741545792782,3.2912137934655803,0.3333333333333333
id_tl,qwen25_7b,chat,shuffled,definition,mean,semantic,33,-0.22126207929669003,-0.5140274441603457,0.024447925163037648,0.48484848484848486
id_tl,qwen25_7b,chat,shuffled,definition,mean,language,33,-0.008135260957660097,-0.16797221465544265,0.15408039020769507,0.3939393939393939
id_tl,qwen25_7b,chat,shuffled,definition,mean,interaction,33,-0.027206680991432884,-0.3298019893241651,0.2598773074872564,0.5151515151515151
id_tl,qwen25_7b,chat,shuffled,definition,mean,diagonal_switch,33,-0.22939734025435013,-0.5274203127080743,0.032944987036965086,0.45454545454545453
id_tl,qwen25_7b,chat,shuffled,definition,mean,midpoint,33,0.16065906755851977,-0.48205226768146864,0.8402517593268191,0.42424242424242425
id_tl,qwen25_7b,chat,shuffled,definition,sum,semantic,33,-0.9482235764012192,-2.3439257535067473,0.1849223021304963,0.5151515151515151
id_tl,qwen25_7b,chat,shuffled,definition,sum,language,33,-0.0669263203938802,-0.9150342637842351,0.734700327208547,0.42424242424242425
id_tl,qwen25_7b,chat,shuffled,definition,sum,interaction,33,-0.3888565988251657,-1.9430449225685813,1.1004352396184742,0.48484848484848486
id_tl,qwen25_7b,chat,shuffled,definition,sum,diagonal_switch,33,-1.0151498967950994,-2.4802503325722434,0.27440319350271486,0.48484848484848486
id_tl,qwen25_7b,chat,shuffled,definition,sum,midpoint,33,-0.12037011348839963,-4.045514476660526,4.698006823568632,0.3939393939393939
id_tl,qwen25_7b,chat,shuffled,refers,mean,semantic,33,-0.21966146700309985,-0.6315579360181635,0.13296127210963846,0.48484848484848486
id_tl,qwen25_7b,chat,shuffled,refers,mean,language,33,-0.01593111500595555,-0.20371887611620354,0.17244696617126457,0.5151515151515151
id_tl,qwen25_7b,chat,shuffled,refers,mean,interaction,33,0.06414005973122337,-0.31354042327765264,0.45443797833991767,0.5454545454545454
id_tl,qwen25_7b,chat,shuffled,refers,mean,diagonal_switch,33,-0.2355925820090554,-0.6663528110041763,0.16300158211679158,0.45454545454545453
id_tl,qwen25_7b,chat,shuffled,refers,mean,midpoint,33,-0.27176443735758465,-0.7840169729608478,0.268790319471648,0.30303030303030304
id_tl,qwen25_7b,chat,shuffled,refers,sum,semantic,33,-1.0397655602657434,-3.1694683161648833,0.808338880538939,0.48484848484848486
id_tl,qwen25_7b,chat,shuffled,refers,sum,language,33,-0.30601513024532434,-1.2736590212041683,0.6763364141637617,0.45454545454545453
id_tl,qwen25_7b,chat,shuffled,refers,sum,interaction,33,0.2980991710316051,-1.706515731233539,2.3365495884057244,0.5454545454545454
id_tl,qwen25_7b,chat,shuffled,refers,sum,diagonal_switch,33,-1.3457806905110676,-3.355481170885491,0.5673150380452463,0.42424242424242425
id_tl,qwen25_7b,chat,shuffled,refers,sum,midpoint,33,-2.124293414029208,-5.824805308833267,2.060396107760339,0.2727272727272727
id_tl,qwen25_7b,plain,full,bare,mean,semantic,33,4.6617039080822105,3.5192863954739138,5.844319627321128,0.9090909090909091
id_tl,qwen25_7b,plain,full,bare,mean,language,33,2.7706136667367183,1.8656713774709992,3.6866249952352406,0.8787878787878788
id_tl,qwen25_7b,plain,full,bare,mean,interaction,33,-0.7925636912837173,-3.0383201680400154,1.3135304492531399,0.42424242424242425
id_tl,qwen25_7b,plain,full,bare,mean,diagonal_switch,33,7.432317574818929,5.803757297992706,9.152405490297259,0.9696969696969697
id_tl,qwen25_7b,plain,full,bare,mean,midpoint,33,-1.1498152920694062,-3.166068484385808,1.0477131935683157,0.3939393939393939
id_tl,qwen25_7b,plain,full,bare,sum,semantic,33,5.4336232922293926,4.040559319655101,7.052851879416089,0.9090909090909091
id_tl,qwen25_7b,plain,full,bare,sum,language,33,3.84490992083694,2.587657529296297,5.319482756383491,0.9090909090909091
id_tl,qwen25_7b,plain,full,bare,sum,interaction,33,-0.816632198564934,-3.7019414244276105,1.880281943624669,0.45454545454545453
id_tl,qwen25_7b,plain,full,bare,sum,diagonal_switch,33,9.278533213066332,7.2843231865853975,11.545370848251112,0.9696969696969697
id_tl,qwen25_7b,plain,full,bare,sum,midpoint,33,-1.4711561925483472,-4.488094599680466,2.174555086367057,0.36363636363636365
id_tl,qwen25_7b,plain,full,definition,mean,semantic,33,1.5286156264218418,1.1811505660866246,1.873021878076322,0.9696969696969697
id_tl,qwen25_7b,plain,full,definition,mean,language,33,1.0678818081364487,0.7304069067492629,1.427645342277758,0.8484848484848485
id_tl,qwen25_7b,plain,full,definition,mean,interaction,33,-0.24724008097793115,-1.0264627846804533,0.45981784661610897,0.48484848484848486
id_tl,qwen25_7b,plain,full,definition,mean,diagonal_switch,33,2.5964974345582905,2.0501412944360213,3.14568581942356,0.9393939393939394
id_tl,qwen25_7b,plain,full,definition,mean,midpoint,33,-0.2719469287178733,-0.8775990605354309,0.33209594524267944,0.42424242424242425
id_tl,qwen25_7b,plain,full,definition,sum,semantic,33,6.587667580806848,5.177493182818095,8.087027656670772,0.9393939393939394
id_tl,qwen25_7b,plain,full,definition,sum,language,33,4.701117371067856,3.258741417798129,6.228815430583374,0.8787878787878788
id_tl,qwen25_7b,plain,full,definition,sum,interaction,33,-0.9443439136851918,-4.251978005784931,2.124940203175395,0.5151515151515151
id_tl,qwen25_7b,plain,full,definition,sum,diagonal_switch,33,11.288784951874703,8.869459238919344,13.621740806463993,0.9696969696969697
id_tl,qwen25_7b,plain,full,definition,sum,midpoint,33,-1.3188964959346887,-4.757737959514965,3.0067403973955065,0.36363636363636365
id_tl,qwen25_7b,plain,full,refers,mean,semantic,33,1.3480627103285356,1.0476067131215876,1.6602876408533613,0.9696969696969697
id_tl,qwen25_7b,plain,full,refers,mean,language,33,0.8427934863350608,0.5989590811006951,1.08702435222539,0.8787878787878788
id_tl,qwen25_7b,plain,full,refers,mean,interaction,33,-0.2310201038013805,-0.7771934036052589,0.286550684408708,0.48484848484848486
id_tl,qwen25_7b,plain,full,refers,mean,diagonal_switch,33,2.190856196663596,1.7733853831435695,2.615655437744025,0.9393939393939394
id_tl,qwen25_7b,plain,full,refers,mean,midpoint,33,-0.3076205470345237,-0.6871717489126957,0.08998170043482902,0.42424242424242425
id_tl,qwen25_7b,plain,full,refers,sum,semantic,33,7.410786426428593,5.931223737109791,8.987313053102204,0.9696969696969697
id_tl,qwen25_7b,plain,full,refers,sum,language,33,4.599205999663382,3.355141114466118,5.81931698250048,0.9090909090909091
id_tl,qwen25_7b,plain,full,refers,sum,interaction,33,-0.7525168910171046,-3.739919171188817,1.9631460637757236,0.5454545454545454
id_tl,qwen25_7b,plain,full,refers,sum,diagonal_switch,33,12.009992426091975,9.99134953961228,14.122278820384633,0.9696969696969697
id_tl,qwen25_7b,plain,full,refers,sum,midpoint,33,-1.7930548118822502,-4.88434774947889,1.6257855386444995,0.42424242424242425
id_tl,qwen25_7b,plain,language_only,bare,mean,semantic,33,0.017945842309431595,0.002321767626386701,0.04070705879818309,0.18181818181818182
id_tl,qwen25_7b,plain,language_only,bare,mean,language,33,11.267386862725923,8.558848504406033,13.950304759361526,0.9393939393939394
id_tl,qwen25_7b,plain,language_only,bare,mean,interaction,33,0.03589168461886319,0.004908836429769344,0.08258529991814582,0.18181818181818182
id_tl,qwen25_7b,plain,language_only,bare,mean,diagonal_switch,33,11.285332705035355,8.645478437976404,14.061117142438883,0.9393939393939394
id_tl,qwen25_7b,plain,language_only,bare,mean,midpoint,33,-3.8036558032035828,-5.9730235942385415,-1.6838809995037167,0.30303030303030304
id_tl,qwen25_7b,plain,language_only,bare,sum,semantic,33,0.025454882419470585,0.004206917502663352,0.05547712716189294,0.18181818181818182
id_tl,qwen25_7b,plain,language_only,bare,sum,language,33,13.309913194540774,10.318508691859968,16.278606471419334,0.9393939393939394
id_tl,qwen25_7b,plain,language_only,bare,sum,interaction,33,0.05090976483894117,0.007546164772727273,0.11234050591786698,0.18181818181818182
id_tl,qwen25_7b,plain,language_only,bare,sum,diagonal_switch,33,13.335368076960245,10.31963379175374,16.482250531695104,0.9393939393939394
id_tl,qwen25_7b,plain,language_only,bare,sum,midpoint,33,-4.252763303843412,-7.869993604539019,-0.03388782540957247,0.2727272727272727
id_tl,qwen25_7b,plain,language_only,definition,mean,semantic,33,0.003288630283240116,0.0007377176573782256,0.0066335439682006815,0.21212121212121213
id_tl,qwen25_7b,plain,language_only,definition,mean,language,33,2.991586584033388,2.2909278369311132,3.7096171664469164,0.8787878787878788
id_tl,qwen25_7b,plain,language_only,definition,mean,interaction,33,0.006577260566480232,0.0015699646689675071,0.013151386651125821,0.21212121212121213
id_tl,qwen25_7b,plain,language_only,definition,mean,diagonal_switch,33,2.9948752143166284,2.2804048986145946,3.712898328810026,0.8787878787878788
id_tl,qwen25_7b,plain,language_only,definition,mean,midpoint,33,-0.7758898012565844,-1.381822738683585,-0.16854900428743103,0.30303030303030304
id_tl,qwen25_7b,plain,language_only,definition,sum,semantic,33,0.014203707377115885,0.00242655205004143,0.02913876157818418,0.18181818181818182
id_tl,qwen25_7b,plain,language_only,definition,sum,language,33,12.913316697785348,9.917596744046067,15.897619987256597,0.9090909090909091
id_tl,qwen25_7b,plain,language_only,definition,sum,interaction,33,0.02840741475423177,0.004853017402417732,0.058487000609889164,0.18181818181818182
id_tl,qwen25_7b,plain,language_only,definition,sum,diagonal_switch,33,12.927520405162465,9.98931103475166,15.993507123715945,0.9090909090909091
id_tl,qwen25_7b,plain,language_only,definition,sum,midpoint,33,-3.4987448490027226,-7.271475786151307,0.6290710861032656,0.30303030303030304
id_tl,qwen25_7b,plain,language_only,refers,mean,semantic,33,0.0,0.0,0.0,0.0
id_tl,qwen25_7b,plain,language_only,refers,mean,language,33,2.226265054760557,1.6702001522887835,2.783165873541976,0.9090909090909091
id_tl,qwen25_7b,plain,language_only,refers,mean,interaction,33,0.0,0.0,0.0,0.0
id_tl,qwen25_7b,plain,language_only,refers,mean,diagonal_switch,33,2.226265054760557,1.6759207266749758,2.776573025457787,0.9090909090909091
id_tl,qwen25_7b,plain,language_only,refers,mean,midpoint,33,-0.6601640094410289,-1.1453388680111278,-0.17043012461879095,0.36363636363636365
id_tl,qwen25_7b,plain,language_only,refers,sum,semantic,33,0.0,0.0,0.0,0.0
id_tl,qwen25_7b,plain,language_only,refers,sum,language,33,12.117861718842477,9.183338712923454,15.138339507941042,0.9090909090909091
id_tl,qwen25_7b,plain,language_only,refers,sum,interaction,33,0.0,0.0,0.0,0.0
id_tl,qwen25_7b,plain,language_only,refers,sum,diagonal_switch,33,12.117861718842477,9.150868253996878,15.10257833798726,0.9090909090909091
id_tl,qwen25_7b,plain,language_only,refers,sum,midpoint,33,-3.610655842405377,-7.040757528218356,0.20265916188557834,0.3333333333333333
id_tl,qwen25_7b,plain,masked,bare,mean,semantic,33,4.536612666014469,3.3039109275196537,5.729781349319397,0.9393939393939394
id_tl,qwen25_7b,plain,masked,bare,mean,language,33,0.7598175605138143,-0.20066576997439065,1.751523911501422,0.5757575757575758
id_tl,qwen25_7b,plain,masked,bare,mean,interaction,33,-1.0244931813442346,-3.0468540113983735,1.0003903687000266,0.45454545454545453
id_tl,qwen25_7b,plain,masked,bare,mean,diagonal_switch,33,5.296430226528283,3.81023674733711,6.848786595734678,0.9090909090909091
id_tl,qwen25_7b,plain,masked,bare,mean,midpoint,33,-0.2699820272850268,-2.180075402873935,1.6577553069952746,0.45454545454545453
id_tl,qwen25_7b,plain,masked,bare,sum,semantic,33,5.490212082862854,4.016216407671119,7.215229917656291,0.9393939393939394
id_tl,qwen25_7b,plain,masked,bare,sum,language,33,0.641881014361526,-0.30136961340904234,1.6549344270518331,0.5151515151515151
id_tl,qwen25_7b,plain,masked,bare,sum,interaction,33,-1.157238245010376,-4.051457599437598,1.5131614473733002,0.48484848484848486
id_tl,qwen25_7b,plain,masked,bare,sum,diagonal_switch,33,6.13209309722438,4.370698294495091,8.055442869301997,0.9090909090909091
id_tl,qwen25_7b,plain,masked,bare,sum,midpoint,33,-0.761235591137048,-3.5058184882005055,2.3620343697793524,0.3939393939393939
id_tl,qwen25_7b,plain,masked,definition,mean,semantic,33,1.5037125312920772,1.0974726680553322,1.9184736291567481,0.9696969696969697
id_tl,qwen25_7b,plain,masked,definition,mean,language,33,0.15079899267716843,-0.041661448009086374,0.3423490470105951,0.696969696969697
id_tl,qwen25_7b,plain,masked,definition,mean,interaction,33,-0.2737325466040409,-0.6968909444230976,0.14673809752319794,0.3939393939393939
id_tl,qwen25_7b,plain,masked,definition,mean,diagonal_switch,33,1.6545115239692456,1.2200373530387878,2.1221341454621516,0.9393939393939394
id_tl,qwen25_7b,plain,masked,definition,mean,midpoint,33,0.2562889402562922,-0.21519209850918164,0.7778641633915179,0.42424242424242425
id_tl,qwen25_7b,plain,masked,definition,sum,semantic,33,6.5838298508615205,4.847670889623237,8.313782947713678,0.9393939393939394
id_tl,qwen25_7b,plain,masked,definition,sum,language,33,0.5078394629738547,-0.3351708982930039,1.3502754218650583,0.5757575757575758
id_tl,qwen25_7b,plain,masked,definition,sum,interaction,33,-0.9199310649525035,-2.9277530901359787,1.0111983010263137,0.42424242424242425
id_tl,qwen25_7b,plain,masked,definition,sum,diagonal_switch,33,7.091669313835375,5.212592139388576,9.06395435477748,0.9090909090909091
id_tl,qwen25_7b,plain,masked,definition,sum,midpoint,33,0.8148917862863252,-2.208656606529698,4.563638795505863,0.42424242424242425
id_tl,qwen25_7b,plain,masked,refers,mean,semantic,33,1.7569748488339512,1.375194086269899,2.175796887188246,1.0
id_tl,qwen25_7b,plain,masked,refers,mean,language,33,0.0517205252791896,-0.13339566100727426,0.24875058080210827,0.48484848484848486
id_tl,qwen25_7b,plain,masked,refers,mean,interaction,33,-0.2693638223590273,-0.6585185011227925,0.1307890382680026,0.30303030303030304
id_tl,qwen25_7b,plain,masked,refers,mean,diagonal_switch,33,1.8086953741131406,1.3515560673944877,2.292673473647146,0.9393939393939394
id_tl,qwen25_7b,plain,masked,refers,mean,midpoint,33,0.04423410964734627,-0.2714918701937704,0.37984592806209166,0.45454545454545453
id_tl,qwen25_7b,plain,masked,refers,sum,semantic,33,9.404620228391705,7.473194406971787,11.552591478463375,1.0
id_tl,qwen25_7b,plain,masked,refers,sum,language,33,0.23501901915579132,-0.7647142887115479,1.2647494951883953,0.48484848484848486
id_tl,qwen25_7b,plain,masked,refers,sum,interaction,33,-1.1902019038344875,-3.2622996633703054,0.8346639055194249,0.42424242424242425
id_tl,qwen25_7b,plain,masked,refers,sum,diagonal_switch,33,9.639639247547496,7.275417810497862,12.05707583427429,0.9393939393939394
id_tl,qwen25_7b,plain,masked,refers,sum,midpoint,33,-0.1011203130086263,-2.996204795259418,3.2575847329515324,0.45454545454545453
id_tl,qwen25_7b,plain,shuffled,bare,mean,semantic,33,0.00016015948671283144,-1.1214136455998276,1.1224120705416705,0.45454545454545453
id_tl,qwen25_7b,plain,shuffled,bare,mean,language,33,0.15491819381713867,-0.8963695506254832,1.1689872819365872,0.5454545454545454
id_tl,qwen25_7b,plain,shuffled,bare,mean,interaction,33,0.32296807838208746,-0.9318193273110823,1.5003324136589493,0.5151515151515151
id_tl,qwen25_7b,plain,shuffled,bare,mean,diagonal_switch,33,0.1550783533038515,-1.3936529166770704,1.6230869499119842,0.5757575757575758
id_tl,qwen25_7b,plain,shuffled,bare,mean,midpoint,33,-0.7486716111501058,-2.6485053884260585,1.290581531235665,0.36363636363636365
id_tl,qwen25_7b,plain,shuffled,bare,sum,semantic,33,-0.05986465107310902,-1.4454886306415906,1.364257235960525,0.45454545454545453
id_tl,qwen25_7b,plain,shuffled,bare,sum,language,33,0.4580858692978368,-0.8328945788470181,1.7786923372384271,0.5454545454545454
id_tl,qwen25_7b,plain,shuffled,bare,sum,interaction,33,0.4557096885912346,-1.27627529519977,2.101046968951369,0.5757575757575758
id_tl,qwen25_7b,plain,shuffled,bare,sum,diagonal_switch,33,0.3982212182247277,-1.384659678285772,2.1430438236756735,0.5454545454545454
id_tl,qwen25_7b,plain,shuffled,bare,sum,midpoint,33,-1.238194971373587,-4.490168243827242,2.6242804028771127,0.3333333333333333
id_tl,qwen25_7b,plain,shuffled,definition,mean,semantic,33,-0.14945873347195712,-0.4797061791925719,0.14797990033120798,0.42424242424242425
id_tl,qwen25_7b,plain,shuffled,definition,mean,language,33,0.09918898524660053,-0.13688645453164072,0.3324930218133059,0.5757575757575758
id_tl,qwen25_7b,plain,shuffled,definition,mean,interaction,33,-0.10460372404618697,-0.43678738709652065,0.2131879806518552,0.5454545454545454
id_tl,qwen25_7b,plain,shuffled,definition,mean,diagonal_switch,33,-0.05026974822535659,-0.4179184989495711,0.29852361498457,0.5454545454545454
id_tl,qwen25_7b,plain,shuffled,definition,mean,midpoint,33,-0.38457414598175976,-0.9720147653059527,0.2630275200713764,0.30303030303030304
id_tl,qwen25_7b,plain,shuffled,definition,sum,semantic,33,-0.4948102488662257,-1.9012648806427463,0.7241001707134818,0.45454545454545453
id_tl,qwen25_7b,plain,shuffled,definition,sum,language,33,0.3811127344767253,-0.6998604774475097,1.5195039120587432,0.5757575757575758
id_tl,qwen25_7b,plain,shuffled,definition,sum,interaction,33,-0.4219288103508227,-1.936781952597878,0.935121674971147,0.5454545454545454
id_tl,qwen25_7b,plain,shuffled,definition,sum,diagonal_switch,33,-0.11369751438950047,-1.672792387008667,1.5106517950693765,0.5454545454545454
id_tl,qwen25_7b,plain,shuffled,definition,sum,midpoint,33,-1.870200301661636,-5.426644299969529,2.098430762868937,0.30303030303030304
id_tl,qwen25_7b,plain,shuffled,refers,mean,semantic,33,-0.08387182698105321,-0.42370312882192207,0.21360647551941125,0.5757575757575758
id_tl,qwen25_7b,plain,shuffled,refers,mean,language,33,0.00015091173576586175,-0.16545457930275886,0.15408299167950945,0.5454545454545454
id_tl,qwen25_7b,plain,shuffled,refers,mean,interaction,33,0.09457882967862216,-0.13506421970598625,0.33578245314684746,0.5151515151515151
id_tl,qwen25_7b,plain,shuffled,refers,mean,diagonal_switch,33,-0.08372091524528735,-0.44672957658767704,0.22641461798638973,0.5454545454545454
id_tl,qwen25_7b,plain,shuffled,refers,mean,midpoint,33,-0.3586238008556944,-0.7791205698793584,0.08402671254042415,0.36363636363636365
id_tl,qwen25_7b,plain,shuffled,refers,sum,semantic,33,-0.6723186319524591,-2.2974994551051746,0.8377285466049655,0.42424242424242425
id_tl,qwen25_7b,plain,shuffled,refers,sum,language,33,0.04903836683793501,-0.8926703453063964,0.9774479735981334,0.5454545454545454
id_tl,qwen25_7b,plain,shuffled,refers,sum,interaction,33,0.49499205386999884,-0.6539374105858081,1.696613986564405,0.5151515151515151
id_tl,qwen25_7b,plain,shuffled,refers,sum,diagonal_switch,33,-0.6232802651145242,-2.3497002225933654,0.9574903993895555,0.48484848484848486
id_tl,qwen25_7b,plain,shuffled,refers,sum,midpoint,33,-2.3187373768199575,-5.616076927474051,1.285727667086052,0.3333333333333333
id_tl,qwen3_8b,chat,full,bare,mean,semantic,33,0.5859583507884633,0.35234400539687183,0.8404778057878666,0.8181818181818182
id_tl,qwen3_8b,chat,full,bare,mean,language,33,0.24166695276896158,-0.27744143695542306,0.87964090975848,0.5151515151515151
id_tl,qwen3_8b,chat,full,bare,mean,interaction,33,-0.2922039898959073,-0.8901384700428356,0.31426845897327743,0.48484848484848486
id_tl,qwen3_8b,chat,full,bare,mean,diagonal_switch,33,0.8276253035574248,0.2387297666434086,1.5279219742977248,0.7272727272727273
id_tl,qwen3_8b,chat,full,bare,mean,midpoint,33,3.464224020640055,-0.5860186020533245,7.429336166381832,0.5757575757575758
id_tl,qwen3_8b,chat,full,bare,sum,semantic,33,1.4654056375676936,0.8717856544436831,2.084668090849211,0.8181818181818182
id_tl,qwen3_8b,chat,full,bare,sum,language,33,0.6942615220040986,-0.4325377030806108,2.002870655782295,0.5757575757575758
id_tl,qwen3_8b,chat,full,bare,sum,interaction,33,-0.3855652664646958,-1.65714072747664,0.8142772082126498,0.42424242424242425
id_tl,qwen3_8b,chat,full,bare,sum,diagonal_switch,33,2.159667159571792,0.860316361802997,3.7058716239351215,0.696969696969697
id_tl,qwen3_8b,chat,full,bare,sum,midpoint,33,-0.2706635215065696,-4.467581863836808,4.470382899226556,0.42424242424242425
id_tl,qwen3_8b,chat,full,definition,mean,semantic,33,0.8323664665222168,0.6094795906182491,1.0428063793615858,0.9090909090909091
id_tl,qwen3_8b,chat,full,definition,mean,language,33,0.7699715729915735,0.452002295219537,1.0964326800722064,0.8181818181818182
id_tl,qwen3_8b,chat,full,definition,mean,interaction,33,-0.10649354530103279,-0.516126409443942,0.2720900340513748,0.5454545454545454
id_tl,qwen3_8b,chat,full,definition,mean,diagonal_switch,33,1.6023380395137903,1.1953486760457357,2.0262718337954895,0.9696969696969697
id_tl,qwen3_8b,chat,full,definition,mean,midpoint,33,0.01407903613466205,-0.7671744306882222,0.8683262781663367,0.3939393939393939
id_tl,qwen3_8b,chat,full,definition,sum,semantic,33,3.640577778671727,2.7381975564089687,4.578390911853674,0.9393939393939394
id_tl,qwen3_8b,chat,full,definition,sum,language,33,3.271107933738015,1.9068274729179615,4.578945460464015,0.8484848484848485
id_tl,qwen3_8b,chat,full,definition,sum,interaction,33,-0.40337498982747394,-2.198482848658706,1.200719090664025,0.5454545454545454
id_tl,qwen3_8b,chat,full,definition,sum,diagonal_switch,33,6.911685712409742,5.312820931636926,8.593855337663129,0.9393939393939394
id_tl,qwen3_8b,chat,full,definition,sum,midpoint,33,-0.6965290994355173,-3.3466712575970274,2.357126110250297,0.36363636363636365
id_tl,qwen3_8b,chat,full,refers,mean,semantic,33,0.9079087936516964,0.6711705047072787,1.1800953155214133,0.9696969696969697
id_tl,qwen3_8b,chat,full,refers,mean,language,33,0.8613598346710205,0.6191375492197094,1.1176709095637,0.9393939393939394
id_tl,qwen3_8b,chat,full,refers,mean,interaction,33,-0.10212281256011038,-0.515733645179055,0.2708737839351999,0.5151515151515151
id_tl,qwen3_8b,chat,full,refers,mean,diagonal_switch,33,1.7692686283227168,1.4514311479799675,2.1027642260898243,1.0
id_tl,qwen3_8b,chat,full,refers,mean,midpoint,33,-0.19099083091273453,-0.7285651459838404,0.40790491862730544,0.45454545454545453
id_tl,qwen3_8b,chat,full,refers,sum,semantic,33,4.908036318692294,3.7212148131746234,6.160955965157707,0.9696969696969697
id_tl,qwen3_8b,chat,full,refers,sum,language,33,4.634716611919981,3.4146055496100223,5.938964325008968,0.9090909090909091
id_tl,qwen3_8b,chat,full,refers,sum,interaction,33,-0.5500307950106534,-2.890430063189882,1.5260914080070722,0.5151515151515151
id_tl,qwen3_8b,chat,full,refers,sum,diagonal_switch,33,9.542752930612275,8.016837140285608,11.125330875859117,1.0
id_tl,qwen3_8b,chat,full,refers,sum,midpoint,33,-1.849731156320283,-4.113325488928593,0.7816494089184357,0.36363636363636365
id_tl,qwen3_8b,chat,language_only,bare,mean,semantic,33,-0.005795348774303089,-0.02630293947277647,0.014244379780509256,0.2727272727272727
id_tl,qwen3_8b,chat,language_only,bare,mean,language,33,0.61163837259466,0.11250530409090448,1.1760951786330245,0.696969696969697
id_tl,qwen3_8b,chat,language_only,bare,mean,interaction,33,-0.011590697548606178,-0.05495294729868571,0.028793610948504824,0.2727272727272727
id_tl,qwen3_8b,chat,language_only,bare,mean,diagonal_switch,33,0.6058430238203569,0.10708893934885662,1.1764340429595022,0.7272727272727273
id_tl,qwen3_8b,chat,language_only,bare,mean,midpoint,33,3.3675190752202813,-0.5475779565897855,7.090350581299174,0.6363636363636364
id_tl,qwen3_8b,chat,language_only,bare,sum,semantic,33,-0.02168684294729522,-0.06031402241099964,0.016257892232952688,0.30303030303030304
id_tl,qwen3_8b,chat,language_only,bare,sum,language,33,1.4754268761837122,0.31399795575575395,2.8437969243887693,0.696969696969697
id_tl,qwen3_8b,chat,language_only,bare,sum,interaction,33,-0.04337368589459044,-0.11974038355278246,0.032858292261759445,0.30303030303030304
id_tl,qwen3_8b,chat,language_only,bare,sum,diagonal_switch,33,1.453740033236417,0.25886562954295766,2.7456095464301824,0.7272727272727273
id_tl,qwen3_8b,chat,language_only,bare,sum,midpoint,33,-0.9823627182931611,-5.662197922937797,3.966713126500447,0.45454545454545453
id_tl,qwen3_8b,chat,language_only,definition,mean,semantic,33,-0.00018277312770034328,-0.0038744854204582446,0.003708925391688489,0.30303030303030304
id_tl,qwen3_8b,chat,language_only,definition,mean,language,33,2.145294579592618,1.7159477963592067,2.5676712635791663,0.9696969696969697
id_tl,qwen3_8b,chat,language_only,definition,mean,interaction,33,-0.00036554625540068656,-0.007865785829948657,0.007374608877933385,0.30303030303030304
id_tl,qwen3_8b,chat,language_only,definition,mean,diagonal_switch,33,2.145111806464918,1.7182048299095847,2.5915341471180766,0.9696969696969697
id_tl,qwen3_8b,chat,language_only,definition,mean,midpoint,33,-0.07720977609807794,-0.87407447533174,0.7896826722405164,0.36363636363636365
id_tl,qwen3_8b,chat,language_only,definition,sum,semantic,33,0.004002773400508996,-0.010440755612922438,0.01848792018312396,0.36363636363636365
id_tl,qwen3_8b,chat,language_only,definition,sum,language,33,9.085233168168502,7.378581138090654,10.787174039898495,0.9696969696969697
id_tl,qwen3_8b,chat,language_only,definition,sum,interaction,33,0.008005546801017992,-0.021268622080485026,0.03665639125939569,0.36363636363636365
id_tl,qwen3_8b,chat,language_only,definition,sum,diagonal_switch,33,9.08923594156901,7.386066549474543,10.844911910548355,0.9696969696969697
id_tl,qwen3_8b,chat,language_only,definition,sum,midpoint,33,-1.1017877983324456,-3.986567815144857,2.1333325949582127,0.36363636363636365
id_tl,qwen3_8b,chat,language_only,refers,mean,semantic,33,0.0,0.0,0.0,0.0
id_tl,qwen3_8b,chat,language_only,refers,mean,language,33,2.01551239418261,1.6725767309015447,2.353566980723179,1.0
id_tl,qwen3_8b,chat,language_only,refers,mean,interaction,33,0.0,0.0,0.0,0.0
id_tl,qwen3_8b,chat,language_only,refers,mean,diagonal_switch,33,2.01551239418261,1.6774922873034621,2.3523816867308183,1.0
id_tl,qwen3_8b,chat,language_only,refers,mean,midpoint,33,-0.2086459289897572,-0.7577041185263431,0.3896227356159317,0.36363636363636365
id_tl,qwen3_8b,chat,language_only,refers,sum,semantic,33,0.0,0.0,0.0,0.0
id_tl,qwen3_8b,chat,language_only,refers,sum,language,33,10.589614174582742,8.831268151601156,12.44472207734079,1.0
id_tl,qwen3_8b,chat,language_only,refers,sum,interaction,33,0.0,0.0,0.0,0.0
id_tl,qwen3_8b,chat,language_only,refers,sum,diagonal_switch,33,10.589614174582742,8.75777823419282,12.401238698670358,1.0
id_tl,qwen3_8b,chat,language_only,refers,sum,midpoint,33,-1.8588928453850024,-4.223151205525253,0.8518123222119869,0.30303030303030304
id_tl,qwen3_8b,chat,masked,bare,mean,semantic,33,0.9445188551238088,0.4702353459416014,1.4524538708455632,0.6666666666666666
id_tl,qwen3_8b,chat,masked,bare,mean,language,33,0.16745542757438892,-0.346709709817713,0.7063794450326389,0.5454545454545454
id_tl,qwen3_8b,chat,masked,bare,mean,interaction,33,-0.20803789658979935,-0.7564291087063877,0.30893955953193397,0.5151515151515151
id_tl,qwen3_8b,chat,masked,bare,mean,diagonal_switch,33,1.1119742826981978,0.31092798059636895,1.990166099866231,0.6060606060606061
id_tl,qwen3_8b,chat,masked,bare,mean,midpoint,33,3.854586731303822,-0.10202847430200286,7.658978566978906,0.6666666666666666
id_tl,qwen3_8b,chat,masked,bare,sum,semantic,33,2.388211423700506,1.1292994080167829,3.7923791921499967,0.696969696969697
id_tl,qwen3_8b,chat,masked,bare,sum,language,33,0.5514571738965584,-0.44877140449755115,1.6121834740494216,0.6060606060606061
id_tl,qwen3_8b,chat,masked,bare,sum,interaction,33,-0.4413237716212417,-1.741591216578628,0.797322335387721,0.5151515151515151
id_tl,qwen3_8b,chat,masked,bare,sum,diagonal_switch,33,2.9396685975970644,0.9818182482863919,4.99120078231349,0.696969696969697
id_tl,qwen3_8b,chat,masked,bare,sum,midpoint,33,0.2886816082578717,-4.135830633568041,5.316342293132426,0.45454545454545453
id_tl,qwen3_8b,chat,masked,definition,mean,semantic,33,0.7268146601590243,0.5864023139982513,0.8806911385420596,0.9696969696969697
id_tl,qwen3_8b,chat,masked,definition,mean,language,33,0.053038380362770775,-0.06336247812617908,0.17409093235478237,0.5757575757575758
id_tl,qwen3_8b,chat,masked,definition,mean,interaction,33,-0.11591919985684482,-0.312118869116812,0.07486193902564768,0.3939393939393939
id_tl,qwen3_8b,chat,masked,definition,mean,diagonal_switch,33,0.779853040521795,0.5709300359090169,1.001250835620995,0.9090909090909091
id_tl,qwen3_8b,chat,masked,definition,mean,midpoint,33,0.3896633639480128,-0.40395649996670807,1.234906353372514,0.48484848484848486
id_tl,qwen3_8b,chat,masked,definition,sum,semantic,33,3.19112592754942,2.5526836308566008,3.8630592476237897,0.9696969696969697
id_tl,qwen3_8b,chat,masked,definition,sum,language,33,0.24703413067441998,-0.25842768640229197,0.7476847142884225,0.5757575757575758
id_tl,qwen3_8b,chat,masked,definition,sum,interaction,33,-0.488027168042732,-1.354822280190208,0.35124132271968955,0.42424242424242425
id_tl,qwen3_8b,chat,masked,definition,sum,diagonal_switch,33,3.43816005822384,2.5191455089684687,4.417233212788899,0.9393939393939394
id_tl,qwen3_8b,chat,masked,definition,sum,midpoint,33,0.7909223383123224,-1.7719993446812485,3.993090914234966,0.48484848484848486
id_tl,qwen3_8b,chat,masked,refers,mean,semantic,33,1.0100696953860195,0.7921895224036593,1.223910066756335,1.0
id_tl,qwen3_8b,chat,masked,refers,mean,language,33,0.08952057722843054,-0.009989251512469662,0.19190542752092526,0.6060606060606061
id_tl,qwen3_8b,chat,masked,refers,mean,interaction,33,-0.22419341405232748,-0.41825141184257736,-0.02467639482382626,0.42424242424242425
id_tl,qwen3_8b,chat,masked,refers,mean,diagonal_switch,33,1.0995902726144502,0.8416386105797508,1.3655103676246867,0.9696969696969697
id_tl,qwen3_8b,chat,masked,refers,mean,midpoint,33,0.0871761350920706,-0.48394030007449057,0.6477826089570016,0.48484848484848486
id_tl,qwen3_8b,chat,masked,refers,sum,semantic,33,5.2983744650176074,4.215401773741751,6.420646679040157,1.0
id_tl,qwen3_8b,chat,masked,refers,sum,language,33,0.5728758031671698,0.046728782942800806,1.098185618718464,0.6060606060606061
id_tl,qwen3_8b,chat,masked,refers,sum,interaction,33,-1.013349706476385,-2.0782698168899074,0.034503038001782886,0.42424242424242425
id_tl,qwen3_8b,chat,masked,refers,sum,diagonal_switch,33,5.871250268184777,4.550055735038988,7.258370379245642,0.9696969696969697
id_tl,qwen3_8b,chat,masked,refers,sum,midpoint,33,-0.49588833433209045,-2.499440339117339,1.9166262034213892,0.3939393939393939
id_tl,qwen3_8b,chat,shuffled,bare,mean,semantic,33,0.04975196086999142,-0.369292482101556,0.43233429121248634,0.5757575757575758
id_tl,qwen3_8b,chat,shuffled,bare,mean,language,33,0.014965649807091915,-0.440689966172883,0.4692087068702234,0.5757575757575758
id_tl,qwen3_8b,chat,shuffled,bare,mean,interaction,33,0.6765506339795662,0.12576428398941503,1.2290038282221012,0.6060606060606061
id_tl,qwen3_8b,chat,shuffled,bare,mean,diagonal_switch,33,0.06471761067708333,-0.5333021965893832,0.6503863052888339,0.5757575757575758
id_tl,qwen3_8b,chat,shuffled,bare,mean,midpoint,33,3.2926888899369673,-0.1894046245199259,7.001343873775362,0.6060606060606061
id_tl,qwen3_8b,chat,shuffled,bare,sum,semantic,33,0.09740271712794449,-0.6652045690652095,0.8727331291545505,0.5757575757575758
id_tl,qwen3_8b,chat,shuffled,bare,sum,language,33,0.294794631726814,-0.6721317717523286,1.2698136604193475,0.6060606060606061
id_tl,qwen3_8b,chat,shuffled,bare,sum,interaction,33,1.4139664967854817,0.20810700040875063,2.6849527243411893,0.6060606060606061
id_tl,qwen3_8b,chat,shuffled,bare,sum,diagonal_switch,33,0.39219734885475854,-0.7904392285780473,1.5077034401171125,0.6363636363636364
id_tl,qwen3_8b,chat,shuffled,bare,sum,midpoint,33,-0.7127743345318418,-5.465215507420626,4.442091428149829,0.45454545454545453
id_tl,qwen3_8b,chat,shuffled,definition,mean,semantic,33,-0.04741768403486772,-0.20003821633078833,0.08643904382532293,0.5454545454545454
id_tl,qwen3_8b,chat,shuffled,definition,mean,language,33,0.032108032342159386,-0.056140050743565414,0.11662652059034859,0.6666666666666666
id_tl,qwen3_8b,chat,shuffled,definition,mean,interaction,33,-0.034660657246907554,-0.16917735157590924,0.08650181437983652,0.48484848484848486
id_tl,qwen3_8b,chat,shuffled,definition,mean,diagonal_switch,33,-0.015309651692708334,-0.21430873437361284,0.16264660575173112,0.5454545454545454
id_tl,qwen3_8b,chat,shuffled,definition,mean,midpoint,33,0.09047204797918146,-0.7115544738191547,0.9664921511303287,0.3939393939393939
id_tl,qwen3_8b,chat,shuffled,definition,sum,semantic,33,-0.21101547010017163,-0.9194228793635514,0.444875178192601,0.5454545454545454
id_tl,qwen3_8b,chat,shuffled,definition,sum,language,33,0.24245516459147134,-0.2827014330661658,0.6844675309730296,0.696969696969697
id_tl,qwen3_8b,chat,shuffled,definition,sum,interaction,33,-0.01880171804717093,-0.6246921394810532,0.5746527903007738,0.45454545454545453
id_tl,qwen3_8b,chat,shuffled,definition,sum,diagonal_switch,33,0.03143969449129971,-1.0347925850839326,0.9623953674778793,0.6060606060606061
id_tl,qwen3_8b,chat,shuffled,definition,sum,midpoint,33,-0.36820804711544153,-3.109191237073956,3.010944601983733,0.3939393939393939
id_tl,qwen3_8b,chat,shuffled,refers,mean,semantic,33,-0.028040734204378994,-0.20521472096443175,0.13496599558627964,0.42424242424242425
id_tl,qwen3_8b,chat,shuffled,refers,mean,language,33,0.06807760036352908,-0.032421118924112036,0.16261116699738928,0.6060606060606061
id_tl,qwen3_8b,chat,shuffled,refers,mean,interaction,33,-0.07876741524898645,-0.2024959430550084,0.045986719926198315,0.3939393939393939
id_tl,qwen3_8b,chat,shuffled,refers,mean,diagonal_switch,33,0.04003686615915009,-0.1511951598254117,0.22294930111278186,0.5151515151515151
id_tl,qwen3_8b,chat,shuffled,refers,mean,midpoint,33,-0.268718112598766,-0.8720956589236404,0.3448195536931349,0.3939393939393939
id_tl,qwen3_8b,chat,shuffled,refers,sum,semantic,33,-0.11966225595185251,-1.1673051891904889,0.8152472828373762,0.45454545454545453
id_tl,qwen3_8b,chat,shuffled,refers,sum,language,33,0.46035252195416076,-0.07288523298321349,1.035434925194942,0.6060606060606061
id_tl,qwen3_8b,chat,shuffled,refers,sum,interaction,33,-0.31489112160422583,-0.9674490928649903,0.2986688267100933,0.42424242424242425
id_tl,qwen3_8b,chat,shuffled,refers,sum,diagonal_switch,33,0.34069026600230823,-0.7883596015698981,1.3961741389650264,0.5757575757575758
id_tl,qwen3_8b,chat,shuffled,refers,sum,midpoint,33,-2.1357628215443003,-4.618127591682203,0.640485500566886,0.3333333333333333
id_tl,qwen3_8b,plain,full,bare,mean,semantic,33,1.2710707765637022,0.8215466511972023,1.7185653802120313,0.8787878787878788
id_tl,qwen3_8b,plain,full,bare,mean,language,33,1.3991113503774006,0.7838435443964872,2.03700213522622,0.7272727272727273
id_tl,qwen3_8b,plain,full,bare,mean,interaction,33,-1.278325991197066,-2.284573126922954,-0.3457217422398654,0.3333333333333333
id_tl,qwen3_8b,plain,full,bare,mean,diagonal_switch,33,2.670182126941103,1.852478448188666,3.474604884783425,0.8181818181818182
id_tl,qwen3_8b,plain,full,bare,mean,midpoint,33,-1.4291569175142231,-3.24405506903475,0.5104528096589155,0.36363636363636365
id_tl,qwen3_8b,plain,full,bare,sum,semantic,33,1.838134563330448,1.1320906857649486,2.677705284862806,0.9090909090909091
id_tl,qwen3_8b,plain,full,bare,sum,language,33,1.582028071085612,0.8636737902959187,2.2802460493463457,0.7272727272727273
id_tl,qwen3_8b,plain,full,bare,sum,interaction,33,-1.7634782502145478,-3.2628674268722535,-0.5031615520968582,0.36363636363636365
id_tl,qwen3_8b,plain,full,bare,sum,diagonal_switch,33,3.42016263441606,2.2367469325210108,4.531779498042482,0.8181818181818182
id_tl,qwen3_8b,plain,full,bare,sum,midpoint,33,-1.727986870389996,-4.038078698606203,1.1365098006797547,0.36363636363636365
id_tl,qwen3_8b,plain,full,definition,mean,semantic,33,0.8937471346421675,0.6497060015346064,1.1296057592738755,0.9090909090909091
id_tl,qwen3_8b,plain,full,definition,mean,language,33,0.958916526852232,0.6651738791754752,1.2724816454179355,0.8787878787878788
id_tl,qwen3_8b,plain,full,definition,mean,interaction,33,-0.15198810172803473,-0.6334670720678387,0.3167572422461076,0.45454545454545453
id_tl,qwen3_8b,plain,full,definition,mean,diagonal_switch,33,1.8526636614943996,1.4285327560973888,2.285946952935421,0.9393939393939394
id_tl,qwen3_8b,plain,full,definition,mean,midpoint,33,-0.19499133572433935,-0.6396189384388201,0.2780670978806235,0.3939393939393939
id_tl,qwen3_8b,plain,full,definition,sum,semantic,33,4.051029320919152,3.0873755166024877,5.002107702602038,0.9090909090909091
id_tl,qwen3_8b,plain,full,definition,sum,language,33,4.122546513875325,2.845595635067333,5.418280513358838,0.8484848484848485
id_tl,qwen3_8b,plain,full,definition,sum,interaction,33,-0.6099957552823153,-2.6583938309640596,1.2806665420532213,0.48484848484848486
id_tl,qwen3_8b,plain,full,definition,sum,diagonal_switch,33,8.173575834794478,6.541979544090502,9.827632961851176,0.9696969696969697
id_tl,qwen3_8b,plain,full,definition,sum,midpoint,33,-0.9190312298861417,-3.333582886060079,1.825197920654755,0.30303030303030304
id_tl,qwen3_8b,plain,full,refers,mean,semantic,33,0.983050140467557,0.6331857562968225,1.312188911257368,0.9393939393939394
id_tl,qwen3_8b,plain,full,refers,mean,language,33,0.8472557392987338,0.5966949627254948,1.10964126514666,0.9393939393939394
id_tl,qwen3_8b,plain,full,refers,mean,interaction,33,-0.1909393324996486,-0.6867627490650524,0.23774070703622058,0.45454545454545453
id_tl,qwen3_8b,plain,full,refers,mean,diagonal_switch,33,1.8303058797662908,1.3941986593333158,2.24249686923894,0.9696969696969697
id_tl,qwen3_8b,plain,full,refers,mean,midpoint,33,-0.3525216218196984,-0.6594980202841036,-0.022527034716173046,0.2727272727272727
id_tl,qwen3_8b,plain,full,refers,sum,semantic,33,5.756622285553903,4.420805578520804,7.126252940929297,0.9696969696969697
id_tl,qwen3_8b,plain,full,refers,sum,language,33,4.64845625559489,3.364621983874928,5.965321756854201,0.9393939393939394
id_tl,qwen3_8b,plain,full,refers,sum,interaction,33,-0.7953518376205907,-3.6569386193246554,1.6207825993046587,0.5151515151515151
id_tl,qwen3_8b,plain,full,refers,sum,diagonal_switch,33,10.405078541148793,8.67090360323588,12.122697126504146,1.0
id_tl,qwen3_8b,plain,full,refers,sum,midpoint,33,-1.7938201788699988,-4.129356799703656,0.9612312902103767,0.30303030303030304
id_tl,qwen3_8b,plain,language_only,bare,mean,semantic,33,-0.0008105003472530481,-0.019016110174583666,0.017514265847928593,0.30303030303030304
id_tl,qwen3_8b,plain,language_only,bare,mean,language,33,7.823487043380737,6.35353466082703,9.262118896751693,1.0
id_tl,qwen3_8b,plain,language_only,bare,mean,interaction,33,-0.0016210006945060961,-0.0403164009253184,0.03486971999659681,0.30303030303030304
id_tl,qwen3_8b,plain,language_only,bare,mean,diagonal_switch,33,7.822676543033484,6.348430273749611,9.277690686240339,1.0
id_tl,qwen3_8b,plain,language_only,bare,mean,midpoint,33,-1.6920151566014145,-3.3000411412932653,-0.1275472818902048,0.3333333333333333
id_tl,qwen3_8b,plain,language_only,bare,sum,semantic,33,0.0035926139715946083,-0.020235712419856677,0.026686518120043173,0.3333333333333333
id_tl,qwen3_8b,plain,language_only,bare,sum,language,33,8.484326673276497,6.897064962531582,10.134861189849447,0.9696969696969697
id_tl,qwen3_8b,plain,language_only,bare,sum,interaction,33,0.007185227943189217,-0.04281869512615782,0.054511487483978216,0.3333333333333333
id_tl,qwen3_8b,plain,language_only,bare,sum,diagonal_switch,33,8.487919287248092,6.870853974241199,10.136994543581295,0.9696969696969697
id_tl,qwen3_8b,plain,language_only,bare,sum,midpoint,33,-1.9570140405134722,-4.73428827181007,1.1156075974305464,0.30303030303030304
id_tl,qwen3_8b,plain,language_only,definition,mean,semantic,33,9.282430013020833e-05,-0.0027208982091961485,0.003181845491582697,0.24242424242424243
id_tl,qwen3_8b,plain,language_only,definition,mean,language,33,2.2236651940779253,1.785428914337447,2.6553561387640054,1.0
id_tl,qwen3_8b,plain,language_only,definition,mean,interaction,33,0.00018564860026041666,-0.005670811913230202,0.006275210597298356,0.24242424242424243
id_tl,qwen3_8b,plain,language_only,definition,mean,diagonal_switch,33,2.2237580183780556,1.7962055867368525,2.654058510968179,1.0
id_tl,qwen3_8b,plain,language_only,definition,mean,midpoint,33,-0.25333461616978503,-0.6804989558277709,0.19469553159944933,0.3939393939393939
id_tl,qwen3_8b,plain,language_only,definition,sum,semantic,33,0.002222003358783144,-0.012295142087069425,0.01928540793332186,0.24242424242424243
id_tl,qwen3_8b,plain,language_only,definition,sum,language,33,9.299378019390684,7.518103030233672,11.087550908146481,1.0
id_tl,qwen3_8b,plain,language_only,definition,sum,interaction,33,0.004444006717566288,-0.025172678629557292,0.038547197977701814,0.24242424242424243
id_tl,qwen3_8b,plain,language_only,definition,sum,diagonal_switch,33,9.301600022749467,7.52237389159925,11.053336904988145,1.0
id_tl,qwen3_8b,plain,language_only,definition,sum,midpoint,33,-1.1900759610262783,-3.8571314240946917,1.6411265871741503,0.36363636363636365
id_tl,qwen3_8b,plain,language_only,refers,mean,semantic,33,0.0,0.0,0.0,0.0
id_tl,qwen3_8b,plain,language_only,refers,mean,language,33,2.126313419053049,1.7236098778970315,2.516815748539838,1.0
id_tl,qwen3_8b,plain,language_only,refers,mean,interaction,33,0.0,0.0,0.0,0.0
id_tl,qwen3_8b,plain,language_only,refers,mean,diagonal_switch,33,2.126313419053049,1.7262521953293772,2.545484445131186,1.0
id_tl,qwen3_8b,plain,language_only,refers,mean,midpoint,33,-0.31936605410142377,-0.6335119805552742,0.0011685302763271334,0.3939393939393939
id_tl,qwen3_8b,plain,language_only,refers,sum,semantic,33,0.0,0.0,0.0,0.0
id_tl,qwen3_8b,plain,language_only,refers,sum,language,33,11.190442114165336,9.108815887480072,13.258473803780294,1.0
id_tl,qwen3_8b,plain,language_only,refers,sum,interaction,33,0.0,0.0,0.0,0.0
id_tl,qwen3_8b,plain,language_only,refers,sum,diagonal_switch,33,11.190442114165336,9.211127015316126,13.295613263592575,1.0
id_tl,qwen3_8b,plain,language_only,refers,sum,midpoint,33,-1.884498625090628,-4.356702743515823,0.7036228165482025,0.3333333333333333
id_tl,qwen3_8b,plain,masked,bare,mean,semantic,33,3.4023235602812334,2.361806997747132,4.5414596582904005,0.9393939393939394
id_tl,qwen3_8b,plain,masked,bare,mean,language,33,-0.23643516410480847,-0.914183268402562,0.4548686638022913,0.42424242424242425
id_tl,qwen3_8b,plain,masked,bare,mean,interaction,33,-3.3275375149466773,-4.873108123288009,-1.8786135680747769,0.24242424242424243
id_tl,qwen3_8b,plain,masked,bare,mean,diagonal_switch,33,3.165888396176425,1.943977089542331,4.482874198574006,0.7878787878787878
id_tl,qwen3_8b,plain,masked,bare,mean,midpoint,33,-0.7044203787138967,-2.478647675568407,1.1444992985689275,0.42424242424242425
id_tl,qwen3_8b,plain,masked,bare,sum,semantic,33,3.9158669529539165,2.671196328871178,5.254264936122025,0.9090909090909091
id_tl,qwen3_8b,plain,masked,bare,sum,language,33,-0.32126954107573535,-1.0952034191651778,0.45055063547510066,0.42424242424242425
id_tl,qwen3_8b,plain,masked,bare,sum,interaction,33,-3.2174549969759854,-4.8803901690425295,-1.58844159046809,0.24242424242424243
id_tl,qwen3_8b,plain,masked,bare,sum,diagonal_switch,33,3.594597411878181,2.1228253425973835,5.153802882902547,0.7575757575757576
id_tl,qwen3_8b,plain,masked,bare,sum,midpoint,33,-0.7573388706554066,-2.921164478497072,2.115751421451566,0.3939393939393939
id_tl,qwen3_8b,plain,masked,definition,mean,semantic,33,1.0104147737676448,0.8102349711186958,1.2381821966532502,0.9393939393939394
id_tl,qwen3_8b,plain,masked,definition,mean,language,33,0.0941571755842729,-0.017992596373413546,0.20754835912675565,0.5151515151515151
id_tl,qwen3_8b,plain,masked,definition,mean,interaction,33,-0.3963572184244792,-0.6578676892049384,-0.13370995557669452,0.21212121212121213
id_tl,qwen3_8b,plain,masked,definition,mean,diagonal_switch,33,1.1045719493519177,0.8351041392846541,1.377363233494036,0.9393939393939394
id_tl,qwen3_8b,plain,masked,definition,mean,midpoint,33,0.22412563092780835,-0.18930186972473606,0.689599697698246,0.5151515151515151
id_tl,qwen3_8b,plain,masked,definition,sum,semantic,33,4.449290737961277,3.525424998456782,5.431622273994214,0.9393939393939394
id_tl,qwen3_8b,plain,masked,definition,sum,language,33,0.30388794523296936,-0.17264281836423007,0.7879527713313246,0.5151515151515151
id_tl,qwen3_8b,plain,masked,definition,sum,interaction,33,-1.5775225668242483,-2.648438316403013,-0.5991804469715473,0.24242424242424243
id_tl,qwen3_8b,plain,masked,definition,sum,diagonal_switch,33,4.753178683194247,3.592962218775894,5.993543309876412,0.9393939393939394
id_tl,qwen3_8b,plain,masked,definition,sum,midpoint,33,0.7513253183075876,-1.504394698865486,3.6104759953238705,0.45454545454545453
id_tl,qwen3_8b,plain,masked,refers,mean,semantic,33,1.068719415953665,0.7752596241055113,1.3655019808899271,0.9393939393939394
id_tl,qwen3_8b,plain,masked,refers,mean,language,33,0.13399696350097656,0.016141358650091923,0.25617483673673674,0.6666666666666666
id_tl,qwen3_8b,plain,masked,refers,mean,interaction,33,-0.24866514494924835,-0.4603248552842574,-0.04146741773142976,0.36363636363636365
id_tl,qwen3_8b,plain,masked,refers,mean,diagonal_switch,33,1.2027163794546416,0.877204142556046,1.547222557212367,0.9393939393939394
id_tl,qwen3_8b,plain,masked,refers,mean,midpoint,33,-0.018282680800466827,-0.2989345434940222,0.27709965019515015,0.45454545454545453
id_tl,qwen3_8b,plain,masked,refers,sum,semantic,33,5.96508078141646,4.668300206010992,7.28369441610394,0.9696969696969697
id_tl,qwen3_8b,plain,masked,refers,sum,language,33,0.643610751990116,0.021516147526827754,1.2925733985322891,0.6363636363636364
id_tl,qwen3_8b,plain,masked,refers,sum,interaction,33,-1.0737746267607717,-2.2789968331654866,0.11902750044157791,0.42424242424242425
id_tl,qwen3_8b,plain,masked,refers,sum,diagonal_switch,33,6.608691533406575,5.044634226596716,8.254708083470662,0.9696969696969697
id_tl,qwen3_8b,plain,masked,refers,sum,midpoint,33,-0.28293953519878967,-2.2784838662003026,2.055209050034029,0.45454545454545453
id_tl,qwen3_8b,plain,shuffled,bare,mean,semantic,33,-0.18133019678520435,-0.7463001946608225,0.37584121462070574,0.5454545454545454
id_tl,qwen3_8b,plain,shuffled,bare,mean,language,33,0.0938466028733687,-0.3104402410261559,0.5023252808686451,0.5454545454545454
id_tl,qwen3_8b,plain,shuffled,bare,mean,interaction,33,0.1051905227429939,-0.2976993539116599,0.5456535180409745,0.48484848484848486
id_tl,qwen3_8b,plain,shuffled,bare,mean,diagonal_switch,33,-0.08748359391183565,-0.6568586696277965,0.5117618611364648,0.3333333333333333
id_tl,qwen3_8b,plain,shuffled,bare,mean,midpoint,33,-1.0249273199023623,-2.8779743873711787,0.9616308387481804,0.42424242424242425
id_tl,qwen3_8b,plain,shuffled,bare,sum,semantic,33,-0.5182149121255586,-1.3230916969703905,0.2172810677326086,0.5151515151515151
id_tl,qwen3_8b,plain,shuffled,bare,sum,language,33,0.29136450362927985,-0.24153612906282598,0.8469055416006023,0.6060606060606061
id_tl,qwen3_8b,plain,shuffled,bare,sum,interaction,33,0.26925571037061286,-0.18822823040413134,0.7626064965219208,0.5151515151515151
id_tl,qwen3_8b,plain,shuffled,bare,sum,diagonal_switch,33,-0.22685040849627872,-0.97229608261224,0.5637612068291853,0.3939393939393939
id_tl,qwen3_8b,plain,shuffled,bare,sum,midpoint,33,-1.0274374774008086,-3.735593202439221,2.137740933895111,0.42424242424242425
id_tl,qwen3_8b,plain,shuffled,definition,mean,semantic,33,-0.034329132600264115,-0.1954442515517726,0.11588714682694633,0.48484848484848486
id_tl,qwen3_8b,plain,shuffled,definition,mean,language,33,0.093472011161573,0.017208432609384712,0.1690492068276261,0.6060606060606061
id_tl,qwen3_8b,plain,shuffled,definition,mean,interaction,33,-0.021863287145441227,-0.18561378356182212,0.1278640031814575,0.5151515151515151
id_tl,qwen3_8b,plain,shuffled,definition,mean,diagonal_switch,33,0.05914287856130889,-0.11049096475947986,0.23714855475859206,0.5151515151515151
id_tl,qwen3_8b,plain,shuffled,definition,mean,midpoint,33,-0.14179538235519873,-0.6048647107500018,0.3629471060001488,0.3939393939393939
id_tl,qwen3_8b,plain,shuffled,definition,sum,semantic,33,-0.19849962176698627,-0.966878047133937,0.47582718892530895,0.5151515151515151
id_tl,qwen3_8b,plain,shuffled,definition,sum,language,33,0.5059682094689572,0.009094904408310412,0.9952327179186271,0.6666666666666666
id_tl,qwen3_8b,plain,shuffled,definition,sum,interaction,33,-0.20282225175337357,-0.8869268691901006,0.4209554412148215,0.48484848484848486
id_tl,qwen3_8b,plain,shuffled,definition,sum,diagonal_switch,33,0.3074685877019709,-0.5781802610917525,1.1742318485722396,0.5454545454545454
id_tl,qwen3_8b,plain,shuffled,definition,sum,midpoint,33,-0.6994932637070165,-3.3327977635643697,2.39798782738772,0.36363636363636365
id_tl,qwen3_8b,plain,shuffled,refers,mean,semantic,33,0.01967623739531546,-0.2117566188176473,0.22862204439712286,0.5757575757575758
id_tl,qwen3_8b,plain,shuffled,refers,mean,language,33,0.04842128175677675,-0.053415733756441056,0.14854572162483676,0.6363636363636364
id_tl,qwen3_8b,plain,shuffled,refers,mean,interaction,33,-0.02930921496766986,-0.1819900292338747,0.12200264894601051,0.3939393939393939
id_tl,qwen3_8b,plain,shuffled,refers,mean,diagonal_switch,33,0.06809751915209221,-0.14378503452647814,0.27484930789831885,0.5454545454545454
id_tl,qwen3_8b,plain,shuffled,refers,mean,midpoint,33,-0.37372993700432056,-0.7576660327839129,0.03869809074835324,0.3939393939393939
id_tl,qwen3_8b,plain,shuffled,refers,sum,semantic,33,0.05429299672444662,-1.0770045930689032,1.0773259993755453,0.5757575757575758
id_tl,qwen3_8b,plain,shuffled,refers,sum,language,33,0.3727038123390891,-0.24312123240846575,0.9623690554589935,0.6060606060606061
id_tl,qwen3_8b,plain,shuffled,refers,sum,interaction,33,-0.14286347591515744,-0.9286326191642068,0.6053356199553511,0.42424242424242425
id_tl,qwen3_8b,plain,shuffled,refers,sum,diagonal_switch,33,0.42699680906353576,-0.6786684643138537,1.4489532340656621,0.5757575757575758
id_tl,qwen3_8b,plain,shuffled,refers,sum,midpoint,33,-2.0993691357699307,-4.752584752169523,0.7842828685587095,0.36363636363636365
zh_ja,gemma3_12b,chat,full,bare,mean,semantic,27,3.450517689740216,1.296189601333053,5.989666463710642,0.7407407407407407
zh_ja,gemma3_12b,chat,full,bare,mean,language,27,1.4951430426703558,0.23500767019059926,2.6875913412482637,0.6296296296296297
zh_ja,gemma3_12b,chat,full,bare,mean,interaction,27,0.8247063954671224,-1.2927811693262172,3.0229612783149435,0.5185185185185185
zh_ja,gemma3_12b,chat,full,bare,mean,diagonal_switch,27,4.945660732410572,2.0372596060788193,8.158218047353955,0.8148148148148148
zh_ja,gemma3_12b,chat,full,bare,mean,midpoint,27,-2.7287017504374185,-9.27989510871746,3.81762490051764,0.4444444444444444
zh_ja,gemma3_12b,chat,full,bare,sum,semantic,27,10.673208201373065,5.068425522910225,17.434467198230596,0.7777777777777778
zh_ja,gemma3_12b,chat,full,bare,sum,language,27,4.707322685806839,1.9002323936533045,7.609941637074501,0.7407407407407407
zh_ja,gemma3_12b,chat,full,bare,sum,interaction,27,2.5847941504584417,-2.5412856525844996,7.551788981755573,0.48148148148148145
zh_ja,gemma3_12b,chat,full,bare,sum,diagonal_switch,27,15.380530887179905,8.122187969419691,23.461641138571267,0.8518518518518519
zh_ja,gemma3_12b,chat,full,bare,sum,midpoint,27,1.2545529118290655,-5.921755237932558,8.860438601175929,0.5555555555555556
zh_ja,gemma3_12b,chat,full,definition,mean,semantic,27,3.180940963603832,2.289458567566342,4.056480390054208,0.9629629629629629
zh_ja,gemma3_12b,chat,full,definition,mean,language,27,1.4022727012634277,0.8773136178652445,1.9337485437039972,0.8888888888888888
zh_ja,gemma3_12b,chat,full,definition,mean,interaction,27,0.007740550571017795,-0.8667176741140861,0.8400301659548723,0.5185185185185185
zh_ja,gemma3_12b,chat,full,definition,mean,diagonal_switch,27,4.58321366486726,3.5938420392848824,5.519390448817501,0.9629629629629629
zh_ja,gemma3_12b,chat,full,definition,mean,midpoint,27,-1.1482567257351346,-2.541814703411526,0.23192412985695593,0.3333333333333333
zh_ja,gemma3_12b,chat,full,definition,sum,semantic,27,16.210539005420827,11.42660344971551,21.402486665160566,0.9629629629629629
zh_ja,gemma3_12b,chat,full,definition,sum,language,27,6.966113125836408,4.384651260022764,9.821680254406397,0.8518518518518519
zh_ja,gemma3_12b,chat,full,definition,sum,interaction,27,0.5027266608344184,-4.386723105112711,5.471851398326729,0.5185185185185185
zh_ja,gemma3_12b,chat,full,definition,sum,diagonal_switch,27,23.176652131257235,17.747327613830567,28.566763107864936,0.9629629629629629
zh_ja,gemma3_12b,chat,full,definition,sum,midpoint,27,0.47065113208912035,-5.872076560832835,6.131097560458711,0.5185185185185185
zh_ja,gemma3_12b,chat,full,refers,mean,semantic,27,3.0995230498137296,2.4795648261352823,3.7491453426855577,1.0
zh_ja,gemma3_12b,chat,full,refers,mean,language,27,1.1113066143459744,0.6882822937435573,1.5304407543606227,0.8148148148148148
zh_ja,gemma3_12b,chat,full,refers,mean,interaction,27,-0.2929869051332827,-0.9254439839610348,0.32387373624024546,0.48148148148148145
zh_ja,gemma3_12b,chat,full,refers,mean,diagonal_switch,27,4.2108296641597045,3.4614418109258014,4.9060416389394685,1.0
zh_ja,gemma3_12b,chat,full,refers,mean,midpoint,27,-0.9619608455234103,-2.20784600575765,0.20781579812367584,0.37037037037037035
zh_ja,gemma3_12b,chat,full,refers,sum,semantic,27,19.073443942599827,15.28140513808639,23.307048606872556,1.0
zh_ja,gemma3_12b,chat,full,refers,sum,language,27,7.048660843460648,4.614689244164361,9.620695294274224,0.8888888888888888
zh_ja,gemma3_12b,chat,full,refers,sum,interaction,27,-1.3859676784939237,-5.723402934604221,2.9708322666309477,0.5185185185185185
zh_ja,gemma3_12b,chat,full,refers,sum,diagonal_switch,27,26.122104786060476,21.66444969177246,30.77039547672978,1.0
zh_ja,gemma3_12b,chat,full,refers,sum,midpoint,27,-0.24524886519820602,-6.511322724377667,5.223530543292001,0.5185185185185185
zh_ja,gemma3_12b,chat,language_only,bare,mean,semantic,27,0.002292262183295356,-0.043549545605977374,0.05785283071023445,0.2962962962962963
zh_ja,gemma3_12b,chat,language_only,bare,mean,language,27,3.366626156700982,1.83930961644208,5.057420048448774,0.8518518518518519
zh_ja,gemma3_12b,chat,language_only,bare,mean,interaction,27,0.004584524366590712,-0.09061681959364148,0.11934761118005824,0.2962962962962963
zh_ja,gemma3_12b,chat,language_only,bare,mean,diagonal_switch,27,3.3689184188842773,1.8741978583512482,5.053568879763283,0.8518518518518519
zh_ja,gemma3_12b,chat,language_only,bare,mean,midpoint,27,-2.2071825486642345,-10.237026885703758,5.814854581709256,0.4074074074074074
zh_ja,gemma3_12b,chat,language_only,bare,sum,semantic,27,-0.004358998051396123,-0.0943679650624593,0.08564163490577979,0.3333333333333333
zh_ja,gemma3_12b,chat,language_only,bare,sum,language,27,8.244741722389504,3.8632855521308054,13.310109399866164,0.8518518518518519
zh_ja,gemma3_12b,chat,language_only,bare,sum,interaction,27,-0.008717996102792246,-0.19445990103262442,0.1787667239153826,0.3333333333333333
zh_ja,gemma3_12b,chat,language_only,bare,sum,diagonal_switch,27,8.240382724338108,3.8510132754290547,13.368959151373968,0.8518518518518519
zh_ja,gemma3_12b,chat,language_only,bare,sum,midpoint,27,0.05461791709617332,-7.430484243675514,6.772368763111254,0.5185185185185185
zh_ja,gemma3_12b,chat,language_only,definition,mean,semantic,27,0.005497879452175564,-0.008926973519501861,0.020146790698722543,0.37037037037037035
zh_ja,gemma3_12b,chat,language_only,definition,mean,language,27,2.1880988544887967,1.457281196558917,2.9779184434148998,0.8888888888888888
zh_ja,gemma3_12b,chat,language_only,definition,mean,interaction,27,0.010995758904351128,-0.018165793242277923,0.039769585927327475,0.37037037037037035
zh_ja,gemma3_12b,chat,language_only,definition,mean,diagonal_switch,27,2.1935967339409723,1.446330264762596,2.965899993755199,0.8888888888888888
zh_ja,gemma3_12b,chat,language_only,definition,mean,midpoint,27,-1.826457800688567,-3.280132794380188,-0.39041774802737905,0.3333333333333333
zh_ja,gemma3_12b,chat,language_only,definition,sum,semantic,27,0.04996349193431713,-0.012950770060221353,0.11558718151516376,0.37037037037037035
zh_ja,gemma3_12b,chat,language_only,definition,sum,language,27,10.86420468930845,7.054243430384883,14.89765102598402,0.8518518518518519
zh_ja,gemma3_12b,chat,language_only,definition,sum,interaction,27,0.09992698386863426,-0.023537105984157983,0.23269218868679456,0.37037037037037035
zh_ja,gemma3_12b,chat,language_only,definition,sum,diagonal_switch,27,10.914168181242767,7.06846071879069,14.84140102245189,0.8518518518518519
zh_ja,gemma3_12b,chat,language_only,definition,sum,midpoint,27,-2.6496621591073497,-8.398416247191252,2.6298971246789993,0.4074074074074074
zh_ja,gemma3_12b,chat,language_only,refers,mean,semantic,27,0.0,0.0,0.0,0.0
zh_ja,gemma3_12b,chat,language_only,refers,mean,language,27,2.194909413655599,1.561216484175788,2.89720711796372,0.9629629629629629
zh_ja,gemma3_12b,chat,language_only,refers,mean,interaction,27,0.0,0.0,0.0,0.0
zh_ja,gemma3_12b,chat,language_only,refers,mean,diagonal_switch,27,2.194909413655599,1.5275894279833193,2.890548415537233,0.9629629629629629
zh_ja,gemma3_12b,chat,language_only,refers,mean,midpoint,27,-1.2097187395449038,-2.3198165063504823,-0.1749481095208075,0.3333333333333333
zh_ja,gemma3_12b,chat,language_only,refers,sum,semantic,27,0.0,0.0,0.0,0.0
zh_ja,gemma3_12b,chat,language_only,refers,sum,language,27,13.601951316550926,9.806106638025355,17.72567919271963,0.9259259259259259
zh_ja,gemma3_12b,chat,language_only,refers,sum,interaction,27,0.0,0.0,0.0,0.0
zh_ja,gemma3_12b,chat,language_only,refers,sum,diagonal_switch,27,13.601951316550926,9.847630578500253,17.74886901290328,0.9259259259259259
zh_ja,gemma3_12b,chat,language_only,refers,sum,midpoint,27,-2.30137210422092,-9.375860839419895,3.5793472431324065,0.4074074074074074
zh_ja,gemma3_12b,chat,masked,bare,mean,semantic,27,6.037993042557328,4.122610645824008,8.147345864331282,0.8888888888888888
zh_ja,gemma3_12b,chat,masked,bare,mean,language,27,0.045302355730975116,-0.9793118949289675,0.9893022546061737,0.5555555555555556
zh_ja,gemma3_12b,chat,masked,bare,mean,interaction,27,-0.9863017046893084,-3.5810291555192735,1.6874540752834741,0.5185185185185185
zh_ja,gemma3_12b,chat,masked,bare,mean,diagonal_switch,27,6.083295398288303,3.8209221283594768,8.394162278705172,0.8148148148148148
zh_ja,gemma3_12b,chat,masked,bare,mean,midpoint,27,-1.4109473758273654,-8.504703510249103,5.681724630020277,0.4444444444444444
zh_ja,gemma3_12b,chat,masked,bare,sum,semantic,27,14.1847472720676,8.835644667236894,19.826401417343703,0.8888888888888888
zh_ja,gemma3_12b,chat,masked,bare,sum,language,27,-0.7321347130669488,-2.668206379148695,1.2264811286219843,0.4444444444444444
zh_ja,gemma3_12b,chat,masked,bare,sum,interaction,27,-2.769494092022931,-8.92888782289293,2.8995920887699644,0.48148148148148145
zh_ja,gemma3_12b,chat,masked,bare,sum,diagonal_switch,27,13.45261255900065,7.161683195608633,19.690249103969993,0.8148148148148148
zh_ja,gemma3_12b,chat,masked,bare,sum,midpoint,27,0.7233541276719835,-6.0009041026786525,7.227123062698928,0.4444444444444444
zh_ja,gemma3_12b,chat,masked,definition,mean,semantic,27,3.306050494865135,2.511493092554587,4.113720172422903,0.9629629629629629
zh_ja,gemma3_12b,chat,masked,definition,mean,language,27,-0.06779810234352394,-0.3717851652039422,0.24947532812754292,0.48148148148148145
zh_ja,gemma3_12b,chat,masked,definition,mean,interaction,27,-0.5677892543651439,-1.2796657526934587,0.12845624287923132,0.4444444444444444
zh_ja,gemma3_12b,chat,masked,definition,mean,diagonal_switch,27,3.238252392521611,2.3240708457099064,4.203260417337771,0.9259259259259259
zh_ja,gemma3_12b,chat,masked,definition,mean,midpoint,27,-1.1917820506625705,-2.6643336402045357,0.13407078186670832,0.4074074074074074
zh_ja,gemma3_12b,chat,masked,definition,sum,semantic,27,16.907191382514107,12.534744121410228,21.093571016523573,0.9259259259259259
zh_ja,gemma3_12b,chat,masked,definition,sum,language,27,-0.3944070604112413,-1.8888061629401312,1.1585946365639006,0.48148148148148145
zh_ja,gemma3_12b,chat,masked,definition,sum,interaction,27,-2.23876303213614,-6.43712153258147,1.7492779555144125,0.4074074074074074
zh_ja,gemma3_12b,chat,masked,definition,sum,diagonal_switch,27,16.512784322102863,11.422788415131745,21.648618429678454,0.9259259259259259
zh_ja,gemma3_12b,chat,masked,definition,sum,midpoint,27,0.5949657581470631,-4.694905934510407,5.599188843479863,0.5185185185185185
zh_ja,gemma3_12b,chat,masked,refers,mean,semantic,27,3.336373452787046,2.733950150454486,3.987488112184736,1.0
zh_ja,gemma3_12b,chat,masked,refers,mean,language,27,0.1172082159254286,-0.08754703159685487,0.3228175388442143,0.5555555555555556
zh_ja,gemma3_12b,chat,masked,refers,mean,interaction,27,-0.07452502074065032,-0.6774081918928357,0.5236241746831823,0.48148148148148145
zh_ja,gemma3_12b,chat,masked,refers,mean,diagonal_switch,27,3.4535816687124745,2.777581233448452,4.178777440388997,1.0
zh_ja,gemma3_12b,chat,masked,refers,mean,midpoint,27,-0.5396381837350351,-1.5937033410425538,0.49899452174151376,0.4444444444444444
zh_ja,gemma3_12b,chat,masked,refers,sum,semantic,27,19.943337475811994,16.055766458864564,23.810851559815582,1.0
zh_ja,gemma3_12b,chat,masked,refers,sum,language,27,0.6122104503490307,-0.5645310931735568,1.8689044705143678,0.5185185185185185
zh_ja,gemma3_12b,chat,masked,refers,sum,interaction,27,-0.5187782005027488,-4.358584644176342,3.1579801842018407,0.4074074074074074
zh_ja,gemma3_12b,chat,masked,refers,sum,diagonal_switch,27,20.555547926161026,16.12801638002749,24.89962943041766,0.9629629629629629
zh_ja,gemma3_12b,chat,masked,refers,sum,midpoint,27,2.806495525218822,-3.224862836908411,8.657619077187997,0.5925925925925926
zh_ja,gemma3_12b,chat,shuffled,bare,mean,semantic,27,-1.4591791541488082,-2.5990440046345746,-0.3399525302427789,0.3333333333333333
zh_ja,gemma3_12b,chat,shuffled,bare,mean,language,27,1.0147532533716273,0.1840515414873759,1.8399426208602054,0.5925925925925926
zh_ja,gemma3_12b,chat,shuffled,bare,mean,interaction,27,0.7068902828075267,-0.6643122522919266,2.167464497354295,0.48148148148148145
zh_ja,gemma3_12b,chat,shuffled,bare,mean,diagonal_switch,27,-0.44442590077718097,-2.0371387243270873,1.0434278664765528,0.4444444444444444
zh_ja,gemma3_12b,chat,shuffled,bare,mean,midpoint,27,-2.614115626723678,-9.481217385662926,4.2417733519165575,0.4444444444444444
zh_ja,gemma3_12b,chat,shuffled,bare,sum,semantic,27,-2.9451190453988536,-4.994228764816567,-0.91087476235849,0.2962962962962963
zh_ja,gemma3_12b,chat,shuffled,bare,sum,language,27,1.777038609540021,0.12005420702475093,3.6989477175253405,0.7037037037037037
zh_ja,gemma3_12b,chat,shuffled,bare,sum,interaction,27,2.0365598466661243,-1.1880292733510334,5.729076062308416,0.5185185185185185
zh_ja,gemma3_12b,chat,shuffled,bare,sum,diagonal_switch,27,-1.1680804358588324,-3.8294684675004746,1.6438432057698562,0.4074074074074074
zh_ja,gemma3_12b,chat,shuffled,bare,sum,midpoint,27,-0.3329131868150499,-8.908284362157186,7.541923845255811,0.5185185185185185
zh_ja,gemma3_12b,chat,shuffled,definition,mean,semantic,27,-0.368927761360451,-0.7406693149496008,-0.03485933542251597,0.4074074074074074
zh_ja,gemma3_12b,chat,shuffled,definition,mean,language,27,-0.026917475241201895,-0.2296135460888898,0.16952762559608162,0.5185185185185185
zh_ja,gemma3_12b,chat,shuffled,definition,mean,interaction,27,0.16494373038963037,-0.27310404071101435,0.7148158488450223,0.5185185185185185
zh_ja,gemma3_12b,chat,shuffled,definition,mean,diagonal_switch,27,-0.39584523660165294,-0.7981083004562943,-0.01113029144428402,0.3333333333333333
zh_ja,gemma3_12b,chat,shuffled,definition,mean,midpoint,27,-1.5369440891124584,-2.975754157702128,-0.13645924815425273,0.3333333333333333
zh_ja,gemma3_12b,chat,shuffled,definition,sum,semantic,27,-1.6853506300184462,-3.7410982167279276,0.18122047141746087,0.37037037037037035
zh_ja,gemma3_12b,chat,shuffled,definition,sum,language,27,0.03494107281720197,-0.9246845951786747,0.906854258643256,0.5185185185185185
zh_ja,gemma3_12b,chat,shuffled,definition,sum,interaction,27,1.6732457478841145,-0.6035690095689562,4.640275397124112,0.4444444444444444
zh_ja,gemma3_12b,chat,shuffled,definition,sum,diagonal_switch,27,-1.6504095572012443,-3.7237429371586552,0.4078445293285229,0.37037037037037035
zh_ja,gemma3_12b,chat,shuffled,definition,sum,midpoint,27,-1.243519111915871,-7.052896757479067,4.892465054547341,0.48148148148148145
zh_ja,gemma3_12b,chat,shuffled,refers,mean,semantic,27,-0.19317791197035047,-0.5698690330540692,0.1980017688539288,0.3333333333333333
zh_ja,gemma3_12b,chat,shuffled,refers,mean,language,27,0.017608236383508752,-0.20388063589731853,0.25838947825961633,0.4444444444444444
zh_ja,gemma3_12b,chat,shuffled,refers,mean,interaction,27,0.15426766430890118,-0.21515724394056532,0.53598114296242,0.5185185185185185
zh_ja,gemma3_12b,chat,shuffled,refers,mean,diagonal_switch,27,-0.17556967558684172,-0.5695584102913185,0.23270260316354233,0.4444444444444444
zh_ja,gemma3_12b,chat,shuffled,refers,mean,midpoint,27,-1.2285225126478407,-2.3469028371351737,-0.14197668278658832,0.37037037037037035
zh_ja,gemma3_12b,chat,shuffled,refers,sum,semantic,27,-0.9843234309443721,-3.540142313639323,1.5251048300001346,0.37037037037037035
zh_ja,gemma3_12b,chat,shuffled,refers,sum,language,27,0.382052810103805,-0.7269862386915419,1.768512362020987,0.5555555555555556
zh_ja,gemma3_12b,chat,shuffled,refers,sum,interaction,27,1.8157407972547743,-0.5072266260782877,4.213881930598501,0.5925925925925926
zh_ja,gemma3_12b,chat,shuffled,refers,sum,diagonal_switch,27,-0.6022706208405672,-3.3201801511976456,2.16860249130814,0.4444444444444444
zh_ja,gemma3_12b,chat,shuffled,refers,sum,midpoint,27,-0.7485504150390625,-7.48989069196913,5.951999085037796,0.4444444444444444
zh_ja,gemma3_12b,plain,full,bare,mean,semantic,27,0.5641924363595469,-0.08953218173097681,1.2962235353611127,0.5925925925925926
zh_ja,gemma3_12b,plain,full,bare,mean,language,27,0.35596450169881183,-0.12704963507475675,0.8378533007921992,0.6666666666666666
zh_ja,gemma3_12b,plain,full,bare,mean,interaction,27,-0.6679728472674334,-1.6401821962109318,0.23609034264529088,0.48148148148148145
zh_ja,gemma3_12b,plain,full,bare,mean,diagonal_switch,27,0.9201569380583586,0.11417307235576489,1.801049100028143,0.7037037037037037
zh_ja,gemma3_12b,plain,full,bare,mean,midpoint,27,-1.2982895462601274,-3.2980644086996715,0.7701666920273391,0.4074074074074074
zh_ja,gemma3_12b,plain,full,bare,sum,semantic,27,1.6347075215092413,0.12799250814649796,3.1687042757316863,0.6296296296296297
zh_ja,gemma3_12b,plain,full,bare,sum,language,27,0.4609353983843768,-0.5038774671377959,1.4750746793217129,0.48148148148148145
zh_ja,gemma3_12b,plain,full,bare,sum,interaction,27,-1.4975339041815863,-3.4788346590819184,0.407694775086862,0.5185185185185185
zh_ja,gemma3_12b,plain,full,bare,sum,diagonal_switch,27,2.095642919893618,0.4890637101950469,3.9621868226263235,0.7777777777777778
zh_ja,gemma3_12b,plain,full,bare,sum,midpoint,27,1.7332499203858551,-4.772323093590913,7.946805887089831,0.5185185185185185
zh_ja,gemma3_12b,plain,full,definition,mean,semantic,27,0.2916531209592466,0.10439272103486238,0.5064924456455088,0.7777777777777778
zh_ja,gemma3_12b,plain,full,definition,mean,language,27,0.1664976367244014,-0.025398649109734415,0.3806884460979038,0.6296296296296297
zh_ja,gemma3_12b,plain,full,definition,mean,interaction,27,-0.22568268246120876,-0.5467682679494221,0.10858173723574023,0.3333333333333333
zh_ja,gemma3_12b,plain,full,definition,mean,diagonal_switch,27,0.458150757683648,0.17906694942050508,0.7637995927422129,0.7037037037037037
zh_ja,gemma3_12b,plain,full,definition,mean,midpoint,27,-0.3902823836715133,-0.9543355835808648,0.14350527723630263,0.4444444444444444
zh_ja,gemma3_12b,plain,full,definition,sum,semantic,27,1.1511588626437717,0.29665955084341544,2.218664028026439,0.7037037037037037
zh_ja,gemma3_12b,plain,full,definition,sum,language,27,0.8536364943892868,-0.1566939177336516,1.9468320793575709,0.6296296296296297
zh_ja,gemma3_12b,plain,full,definition,sum,interaction,27,-1.4489676864058882,-3.472433814296016,0.3755747088679535,0.37037037037037035
zh_ja,gemma3_12b,plain,full,definition,sum,diagonal_switch,27,2.0047953570330583,0.641192411493372,3.4162800117775247,0.6666666666666666
zh_ja,gemma3_12b,plain,full,definition,sum,midpoint,27,1.7303423704924408,-5.027735967989321,8.199818298551772,0.5555555555555556
zh_ja,gemma3_12b,plain,full,refers,mean,semantic,27,0.28475050572995786,0.07286298274993898,0.515303189224667,0.7037037037037037
zh_ja,gemma3_12b,plain,full,refers,mean,language,27,0.07609830962287055,-0.064983453574004,0.2153631285384848,0.5925925925925926
zh_ja,gemma3_12b,plain,full,refers,mean,interaction,27,0.03626846384119104,-0.21454996974379928,0.3402304627277232,0.4074074074074074
zh_ja,gemma3_12b,plain,full,refers,mean,diagonal_switch,27,0.3608488153528284,0.10050269232855905,0.6203880733913846,0.7037037037037037
zh_ja,gemma3_12b,plain,full,refers,mean,midpoint,27,-0.13392759252477576,-0.5451824102136823,0.2782544087480615,0.4074074074074074
zh_ja,gemma3_12b,plain,full,refers,sum,semantic,27,1.6909094210024234,0.27470595041910806,3.172554538868091,0.6296296296296297
zh_ja,gemma3_12b,plain,full,refers,sum,language,27,0.5573030401159216,-0.3873238492895056,1.5035919348398843,0.6296296296296297
zh_ja,gemma3_12b,plain,full,refers,sum,interaction,27,0.016917052092375578,-1.677330564569544,1.8772019633540364,0.4444444444444444
zh_ja,gemma3_12b,plain,full,refers,sum,diagonal_switch,27,2.248212461118345,0.5359573788113065,4.022774625707554,0.6296296296296297
zh_ja,gemma3_12b,plain,full,refers,sum,midpoint,27,2.240939670138889,-5.3191711778993955,8.901706584294633,0.5925925925925926
zh_ja,gemma3_12b,plain,language_only,bare,mean,semantic,27,-0.03790255829139992,-0.07706280129927176,0.001532562352992815,0.14814814814814814
zh_ja,gemma3_12b,plain,language_only,bare,mean,language,27,1.1875644348285816,0.6712998067891156,1.7165918595261032,0.7777777777777778
zh_ja,gemma3_12b,plain,language_only,bare,mean,interaction,27,-0.07580511658279984,-0.15078577906997118,0.004005545156973371,0.14814814814814814
zh_ja,gemma3_12b,plain,language_only,bare,mean,diagonal_switch,27,1.1496618765371818,0.6174316150170785,1.6983306628686403,0.7777777777777778
zh_ja,gemma3_12b,plain,language_only,bare,mean,midpoint,27,-1.652936988406711,-4.184696855368437,0.8676011946466188,0.4444444444444444
zh_ja,gemma3_12b,plain,language_only,bare,sum,semantic,27,-0.008833673265245225,-0.1367913219663832,0.1359411283775612,0.2962962962962963
zh_ja,gemma3_12b,plain,language_only,bare,sum,language,27,2.456986603913484,1.2743453670431066,3.8381993205459026,0.7407407407407407
zh_ja,gemma3_12b,plain,language_only,bare,sum,interaction,27,-0.01766734653049045,-0.27271600122804995,0.2599298954010008,0.2962962962962963
zh_ja,gemma3_12b,plain,language_only,bare,sum,diagonal_switch,27,2.4481529306482384,1.1597029085512516,3.813407516479491,0.7407407407407407
zh_ja,gemma3_12b,plain,language_only,bare,sum,midpoint,27,2.314372256950096,-4.605613026354048,9.184212425461522,0.5185185185185185
zh_ja,gemma3_12b,plain,language_only,definition,mean,semantic,27,-0.0014947785271538629,-0.01621886646306073,0.01307260636930111,0.3333333333333333
zh_ja,gemma3_12b,plain,language_only,definition,mean,language,27,0.45724321294713904,0.2396165856608638,0.6731575484629029,0.8148148148148148
zh_ja,gemma3_12b,plain,language_only,definition,mean,interaction,27,-0.0029895570543077257,-0.031971757058744076,0.027334202218938747,0.3333333333333333
zh_ja,gemma3_12b,plain,language_only,definition,mean,diagonal_switch,27,0.4557484344199852,0.23458325642126576,0.6670491033130219,0.8148148148148148
zh_ja,gemma3_12b,plain,language_only,definition,mean,midpoint,27,-0.5393838794143112,-1.3294448832670849,0.24647448084972481,0.4444444444444444
zh_ja,gemma3_12b,plain,language_only,definition,sum,semantic,27,0.0565065101340965,-0.06660196957764802,0.19788588152991388,0.2962962962962963
zh_ja,gemma3_12b,plain,language_only,definition,sum,language,27,2.550096547162091,1.3671068942105329,3.8213263546978973,0.8148148148148148
zh_ja,gemma3_12b,plain,language_only,definition,sum,interaction,27,0.113013020268193,-0.1311973730723063,0.3889943529058385,0.2962962962962963
zh_ja,gemma3_12b,plain,language_only,definition,sum,diagonal_switch,27,2.6066030572961876,1.3808941240663881,3.8642783041353574,0.8148148148148148
zh_ja,gemma3_12b,plain,language_only,definition,sum,midpoint,27,1.1568862420541268,-5.94450020260281,8.154259198683267,0.5555555555555556
zh_ja,gemma3_12b,plain,language_only,refers,mean,semantic,27,0.0,0.0,0.0,0.0
zh_ja,gemma3_12b,plain,language_only,refers,mean,language,27,0.4268896491439254,0.13970866468217638,0.7165420483659813,0.7037037037037037
zh_ja,gemma3_12b,plain,language_only,refers,mean,interaction,27,0.0,0.0,0.0,0.0
zh_ja,gemma3_12b,plain,language_only,refers,mean,diagonal_switch,27,0.4268896491439254,0.1349842808864735,0.7179769449763826,0.7037037037037037
zh_ja,gemma3_12b,plain,language_only,refers,mean,midpoint,27,-0.4127998440353959,-0.9743095450931125,0.1785282720018314,0.3333333333333333
zh_ja,gemma3_12b,plain,language_only,refers,sum,semantic,27,0.0,0.0,0.0,0.0
zh_ja,gemma3_12b,plain,language_only,refers,sum,language,27,3.053536026566117,0.9989824824863011,5.26049920894481,0.6666666666666666
zh_ja,gemma3_12b,plain,language_only,refers,sum,interaction,27,0.0,0.0,0.0,0.0
zh_ja,gemma3_12b,plain,language_only,refers,sum,diagonal_switch,27,3.053536026566117,1.084749808134856,5.125673181039315,0.6666666666666666
zh_ja,gemma3_12b,plain,language_only,refers,sum,midpoint,27,1.0479602107295283,-6.671752733654446,8.092781886348014,0.5925925925925926
zh_ja,gemma3_12b,plain,masked,bare,mean,semantic,27,0.6044000519646539,-0.036711021926667954,1.3008692929038286,0.7037037037037037
zh_ja,gemma3_12b,plain,masked,bare,mean,language,27,-0.05966880586412218,-0.41712873776753745,0.2766328345846247,0.5185185185185185
zh_ja,gemma3_12b,plain,masked,bare,mean,interaction,27,0.07516211050528067,-0.599958328406016,0.7195435846293414,0.4444444444444444
zh_ja,gemma3_12b,plain,masked,bare,mean,diagonal_switch,27,0.5447312461005317,-0.23154891199535793,1.300647177961137,0.5925925925925926
zh_ja,gemma3_12b,plain,masked,bare,mean,midpoint,27,-0.6896396742926704,-2.6528262016949826,1.2866796859988456,0.4074074074074074
zh_ja,gemma3_12b,plain,masked,bare,sum,semantic,27,1.9865683096426505,0.7965690515659473,3.421347939526593,0.7407407407407407
zh_ja,gemma3_12b,plain,masked,bare,sum,language,27,-0.12957258577700015,-0.8685101447282013,0.6262504670355055,0.4444444444444444
zh_ja,gemma3_12b,plain,masked,bare,sum,interaction,27,0.7957665478741681,-0.7566360632578532,2.559300656671875,0.5925925925925926
zh_ja,gemma3_12b,plain,masked,bare,sum,diagonal_switch,27,1.8569957238656503,0.2705683522754246,3.656677643458049,0.6296296296296297
zh_ja,gemma3_12b,plain,masked,bare,sum,midpoint,27,3.493802618097376,-2.628236162662506,9.705042376341634,0.5185185185185185
zh_ja,gemma3_12b,plain,masked,definition,mean,semantic,27,0.2579370074801975,0.07280693319108751,0.4428854637675813,0.8148148148148148
zh_ja,gemma3_12b,plain,masked,definition,mean,language,27,-0.12159861458672418,-0.2298791437237351,-0.01747693529835458,0.2962962962962963
zh_ja,gemma3_12b,plain,masked,definition,mean,interaction,27,-0.05472193823920356,-0.32556275261773004,0.19011180180090445,0.48148148148148145
zh_ja,gemma3_12b,plain,masked,definition,mean,diagonal_switch,27,0.1363383928934733,-0.04943589369455973,0.32014770110448193,0.6296296296296297
zh_ja,gemma3_12b,plain,masked,definition,mean,midpoint,27,-0.3309770071948016,-0.8313420286885015,0.19283920945944605,0.37037037037037035
zh_ja,gemma3_12b,plain,masked,definition,sum,semantic,27,1.6149734920925565,0.6405536386701797,2.683719857533772,0.7777777777777778
zh_ja,gemma3_12b,plain,masked,definition,sum,language,27,-0.8610922495524088,-1.504795085059272,-0.29639845071015547,0.25925925925925924
zh_ja,gemma3_12b,plain,masked,definition,sum,interaction,27,0.07120386759440105,-1.7496404541863335,1.8154798896224404,0.5185185185185185
zh_ja,gemma3_12b,plain,masked,definition,sum,diagonal_switch,27,0.7538812425401475,-0.312310900511565,1.803383774227566,0.6666666666666666
zh_ja,gemma3_12b,plain,masked,definition,sum,midpoint,27,2.3780740102132163,-3.738186947504679,8.480549312520909,0.48148148148148145
zh_ja,gemma3_12b,plain,masked,refers,mean,semantic,27,0.3336512777540419,0.06747715958842525,0.6349534716871048,0.7777777777777778
zh_ja,gemma3_12b,plain,masked,refers,mean,language,27,-0.14787700441148546,-0.30810766794063427,0.004236372091151945,0.48148148148148145
zh_ja,gemma3_12b,plain,masked,refers,mean,interaction,27,-0.11864407857259114,-0.3067510428252043,0.0820314477991173,0.4074074074074074
zh_ja,gemma3_12b,plain,masked,refers,mean,diagonal_switch,27,0.18577427334255642,-0.1521807149604515,0.5584681471188861,0.6296296296296297
zh_ja,gemma3_12b,plain,masked,refers,mean,midpoint,27,-0.13633955849541557,-0.5169210999100297,0.2403952600779354,0.3333333333333333
zh_ja,gemma3_12b,plain,masked,refers,sum,semantic,27,2.5381606773093894,0.971156461150558,4.4065058849476,0.7777777777777778
zh_ja,gemma3_12b,plain,masked,refers,sum,language,27,-0.8393058776855469,-2.022734048631456,0.2697471071172638,0.4444444444444444
zh_ja,gemma3_12b,plain,masked,refers,sum,interaction,27,-0.3639088383427373,-1.732802634769016,1.2197445127699102,0.37037037037037035
zh_ja,gemma3_12b,plain,masked,refers,sum,diagonal_switch,27,1.6988547996238426,-0.24824848881474246,3.9618369914867255,0.6666666666666666
zh_ja,gemma3_12b,plain,masked,refers,sum,midpoint,27,2.517415505868417,-4.2341309229532875,8.629630751079983,0.5185185185185185
zh_ja,gemma3_12b,plain,shuffled,bare,mean,semantic,27,-0.07340195443895128,-0.4395276676725458,0.30837013699390264,0.37037037037037035
zh_ja,gemma3_12b,plain,shuffled,bare,mean,language,27,0.12220268779330784,-0.1643113836094185,0.40859586221200445,0.6296296296296297
zh_ja,gemma3_12b,plain,shuffled,bare,mean,interaction,27,0.046934286753336586,-0.5368943708914298,0.5929957491380184,0.5555555555555556
zh_ja,gemma3_12b,plain,shuffled,bare,mean,diagonal_switch,27,0.04880073335435656,-0.4805372997566506,0.595640805474034,0.48148148148148145
zh_ja,gemma3_12b,plain,shuffled,bare,mean,midpoint,27,-0.9031211270226372,-2.9960952560106917,1.1947517408264978,0.48148148148148145
zh_ja,gemma3_12b,plain,shuffled,bare,sum,semantic,27,0.12321744141755281,-0.9593228892043785,1.3198382108299802,0.4444444444444444
zh_ja,gemma3_12b,plain,shuffled,bare,sum,language,27,0.2433881053218135,-0.3983229601824725,0.8722234076923793,0.5925925925925926
zh_ja,gemma3_12b,plain,shuffled,bare,sum,interaction,27,0.968992657131619,-0.25095987231643113,2.32990136941274,0.6296296296296297
zh_ja,gemma3_12b,plain,shuffled,bare,sum,diagonal_switch,27,0.3666055467393663,-0.983620285987854,1.7007371725859446,0.5555555555555556
zh_ja,gemma3_12b,plain,shuffled,bare,sum,midpoint,27,2.837967130872938,-3.9533009109673674,9.498849692168045,0.5185185185185185
zh_ja,gemma3_12b,plain,shuffled,definition,mean,semantic,27,-0.014736599392361112,-0.15351265470186867,0.12775446176528912,0.4074074074074074
zh_ja,gemma3_12b,plain,shuffled,definition,mean,language,27,0.030213779873318143,-0.10768388686356721,0.17912328221179816,0.48148148148148145
zh_ja,gemma3_12b,plain,shuffled,definition,mean,interaction,27,0.2421823430944372,0.045297209863309505,0.4567709348819872,0.6666666666666666
zh_ja,gemma3_12b,plain,shuffled,definition,mean,diagonal_switch,27,0.015477180480957031,-0.19394759072197806,0.24238693537535488,0.4444444444444444
zh_ja,gemma3_12b,plain,shuffled,definition,mean,midpoint,27,-0.2617247016341598,-0.7780647666366012,0.257898062688333,0.48148148148148145
zh_ja,gemma3_12b,plain,shuffled,definition,sum,semantic,27,0.1288662663212529,-0.660062728104768,0.9399911562601717,0.4074074074074074
zh_ja,gemma3_12b,plain,shuffled,definition,sum,language,27,-0.15540101793077257,-0.9848151577843559,0.7428781067883525,0.4074074074074074
zh_ja,gemma3_12b,plain,shuffled,definition,sum,interaction,27,1.3162612915039062,0.10483552791454179,2.7183145063894747,0.6666666666666666
zh_ja,gemma3_12b,plain,shuffled,definition,sum,diagonal_switch,27,-0.026534751609519677,-1.1159131473965114,1.1189084900750053,0.4074074074074074
zh_ja,gemma3_12b,plain,shuffled,definition,sum,midpoint,27,2.6119476600929543,-4.475555723684805,9.955116588098031,0.5185185185185185
zh_ja,gemma3_12b,plain,shuffled,refers,mean,semantic,27,0.02467559885095667,-0.19003892695462263,0.2708836703388776,0.48148148148148145
zh_ja,gemma3_12b,plain,shuffled,refers,mean,language,27,-0.04064393926549841,-0.12902449501885307,0.052142532666524195,0.4444444444444444
zh_ja,gemma3_12b,plain,shuffled,refers,mean,interaction,27,0.11233993812843605,-0.10547966029908921,0.3416127399162005,0.5555555555555556
zh_ja,gemma3_12b,plain,shuffled,refers,mean,diagonal_switch,27,-0.01596834041454174,-0.22641228702333238,0.201017015951651,0.5555555555555556
zh_ja,gemma3_12b,plain,shuffled,refers,mean,midpoint,27,-0.0571948422325982,-0.4833413393409164,0.36045990321371274,0.37037037037037035
zh_ja,gemma3_12b,plain,shuffled,refers,sum,semantic,27,0.1970740424262153,-1.2587268670399983,1.7097307505430994,0.5555555555555556
zh_ja,gemma3_12b,plain,shuffled,refers,sum,language,27,-0.3188343754521123,-0.8464803201180917,0.21081893179151734,0.4444444444444444
zh_ja,gemma3_12b,plain,shuffled,refers,sum,interaction,27,0.9286747685185185,-0.61229919857449,2.4102431650514955,0.5925925925925926
zh_ja,gemma3_12b,plain,shuffled,refers,sum,diagonal_switch,27,-0.12176033302589699,-1.4685928238762749,1.1775369114345964,0.5925925925925926
zh_ja,gemma3_12b,plain,shuffled,refers,sum,midpoint,27,3.1563007213451244,-3.995174323187934,10.05871171421474,0.5185185185185185
zh_ja,gemma3_4b,chat,full,bare,mean,semantic,27,5.848601403059782,3.162560958994759,8.611954119249624,0.8148148148148148
zh_ja,gemma3_4b,chat,full,bare,mean,language,27,3.9616362342128046,1.8391668984183558,6.3850774619314405,0.6666666666666666
zh_ja,gemma3_4b,chat,full,bare,mean,interaction,27,-0.7180013126797147,-3.282694940213804,2.166856721153964,0.4074074074074074
zh_ja,gemma3_4b,chat,full,bare,mean,diagonal_switch,27,9.810237637272587,5.8815320765530625,13.812444428602852,0.8148148148148148
zh_ja,gemma3_4b,chat,full,bare,mean,midpoint,27,-1.5081235391122323,-5.3769493975021225,1.931917040436354,0.5185185185185185
zh_ja,gemma3_4b,chat,full,bare,sum,semantic,27,16.06534321219833,7.911830976936553,24.34074164695209,0.9259259259259259
zh_ja,gemma3_4b,chat,full,bare,sum,language,27,9.355424024440625,3.856921015183131,15.708845538783955,0.7407407407407407
zh_ja,gemma3_4b,chat,full,bare,sum,interaction,27,-1.2634495452598289,-8.817544652797556,6.858828337104229,0.4074074074074074
zh_ja,gemma3_4b,chat,full,bare,sum,diagonal_switch,27,25.42076723663895,15.253382591406504,36.624957313802504,0.8888888888888888
zh_ja,gemma3_4b,chat,full,bare,sum,midpoint,27,3.898844091980546,-4.611531570664159,13.126471048814276,0.5185185185185185
zh_ja,gemma3_4b,chat,full,definition,mean,semantic,27,2.7852803424552635,1.935966380878731,3.6447364102911033,0.9259259259259259
zh_ja,gemma3_4b,chat,full,definition,mean,language,27,1.5408484582547788,0.8047661807801988,2.295918705949076,0.7407407407407407
zh_ja,gemma3_4b,chat,full,definition,mean,interaction,27,-0.09047993907222042,-1.136399437321557,0.9071763502226923,0.5185185185185185
zh_ja,gemma3_4b,chat,full,definition,mean,diagonal_switch,27,4.326128800710042,3.170814699596829,5.491856096850501,0.8888888888888888
zh_ja,gemma3_4b,chat,full,definition,mean,midpoint,27,-0.8824001683129205,-2.1423362617139463,0.2838462703757807,0.3333333333333333
zh_ja,gemma3_4b,chat,full,definition,sum,semantic,27,13.21159553527832,8.27149856708668,18.58922775586446,0.9259259259259259
zh_ja,gemma3_4b,chat,full,definition,sum,language,27,7.805587415341978,4.168213363930032,11.615151735588356,0.7407407407407407
zh_ja,gemma3_4b,chat,full,definition,sum,interaction,27,-1.0094066196017795,-7.3347314728630915,5.460787190331351,0.4444444444444444
zh_ja,gemma3_4b,chat,full,definition,sum,diagonal_switch,27,21.0171829506203,14.044888588234231,27.488415763996258,0.8888888888888888
zh_ja,gemma3_4b,chat,full,definition,sum,midpoint,27,1.7598996339020905,-5.632038324850576,8.718749947018093,0.48148148148148145
zh_ja,gemma3_4b,chat,full,refers,mean,semantic,27,2.6982132858700223,1.957746782788524,3.475530897467224,0.9259259259259259
zh_ja,gemma3_4b,chat,full,refers,mean,language,27,1.7351283055764657,0.9960018014466321,2.4978212990142676,0.7777777777777778
zh_ja,gemma3_4b,chat,full,refers,mean,interaction,27,-0.31074900097317165,-1.4589753972159492,0.7640033178859282,0.4444444444444444
zh_ja,gemma3_4b,chat,full,refers,mean,diagonal_switch,27,4.433341591446488,3.3375751981028805,5.51270051267412,0.8888888888888888
zh_ja,gemma3_4b,chat,full,refers,mean,midpoint,27,-0.38784606368453417,-1.377035339894118,0.5813676891503509,0.4444444444444444
zh_ja,gemma3_4b,chat,full,refers,sum,semantic,27,16.501862985116464,11.099945372122306,21.833916680018106,0.9259259259259259
zh_ja,gemma3_4b,chat,full,refers,sum,language,27,10.415733478687427,5.797196471249616,15.233964130613526,0.7777777777777778
zh_ja,gemma3_4b,chat,full,refers,sum,interaction,27,-0.8599825258608218,-8.680208626499883,6.688100228486237,0.48148148148148145
zh_ja,gemma3_4b,chat,full,refers,sum,diagonal_switch,27,26.917596463803893,19.276963315186677,34.255675828015356,0.8518518518518519
zh_ja,gemma3_4b,chat,full,refers,sum,midpoint,27,3.3280422775833696,-3.8215403132968477,10.053219558574536,0.5925925925925926
zh_ja,gemma3_4b,chat,language_only,bare,mean,semantic,27,0.012582213790328414,-0.04228786980664288,0.07971330572057651,0.2222222222222222
zh_ja,gemma3_4b,chat,language_only,bare,mean,language,27,1.6238797505696614,-0.24014451150540952,3.887289119649814,0.6666666666666666
zh_ja,gemma3_4b,chat,language_only,bare,mean,interaction,27,0.025164427580656828,-0.08738020084522388,0.15396684010823566,0.2222222222222222
zh_ja,gemma3_4b,chat,language_only,bare,mean,diagonal_switch,27,1.6364619643599898,-0.3555662676140114,3.859483801877056,0.6666666666666666
zh_ja,gemma3_4b,chat,language_only,bare,mean,midpoint,27,-0.5091901355319552,-6.941338210635715,5.552005053449546,0.48148148148148145
zh_ja,gemma3_4b,chat,language_only,bare,sum,semantic,27,0.012929421884042246,-0.07582688154997648,0.10857107904222277,0.14814814814814814
zh_ja,gemma3_4b,chat,language_only,bare,sum,language,27,3.487318674723307,-4.420516542152122,10.799387105305989,0.7037037037037037
zh_ja,gemma3_4b,chat,language_only,bare,sum,interaction,27,0.02585884376808449,-0.1452146706757722,0.21711295445760073,0.14814814814814814
zh_ja,gemma3_4b,chat,language_only,bare,sum,diagonal_switch,27,3.5002480966073497,-4.209123417183205,10.803600088755287,0.7037037037037037
zh_ja,gemma3_4b,chat,language_only,bare,sum,midpoint,27,5.036988717538339,-3.31431792223895,13.709064624927658,0.5185185185185185
zh_ja,gemma3_4b,chat,language_only,definition,mean,semantic,27,-0.00010914272732204861,-0.012118230484150075,0.014170554832175913,0.2222222222222222
zh_ja,gemma3_4b,chat,language_only,definition,mean,language,27,0.9767321480645074,0.2441219515270657,1.8104794939359026,0.7037037037037037
zh_ja,gemma3_4b,chat,language_only,definition,mean,interaction,27,-0.00021828545464409722,-0.02639916296358462,0.028556505839029942,0.2222222222222222
zh_ja,gemma3_4b,chat,language_only,definition,mean,diagonal_switch,27,0.9766230053371854,0.22846909717277245,1.804700935328448,0.7037037037037037
zh_ja,gemma3_4b,chat,language_only,definition,mean,midpoint,27,-1.6311880570870858,-3.1848178130609015,-0.12801019571445613,0.3333333333333333
zh_ja,gemma3_4b,chat,language_only,definition,sum,semantic,27,-0.0087720376473886,-0.06555956734551324,0.048937363094753675,0.2222222222222222
zh_ja,gemma3_4b,chat,language_only,definition,sum,language,27,4.555823361432111,-0.39305509991115994,9.722373803456618,0.7037037037037037
zh_ja,gemma3_4b,chat,language_only,definition,sum,interaction,27,-0.0175440752947772,-0.13066352914880824,0.10035590772275557,0.2222222222222222
zh_ja,gemma3_4b,chat,language_only,definition,sum,diagonal_switch,27,4.547051323784722,-0.5114023985686126,9.448072723106101,0.7037037037037037
zh_ja,gemma3_4b,chat,language_only,definition,sum,midpoint,27,-0.0786250079119647,-5.20601732465956,5.398156226122813,0.4444444444444444
zh_ja,gemma3_4b,chat,language_only,refers,mean,semantic,27,0.0,0.0,0.0,0.0
zh_ja,gemma3_4b,chat,language_only,refers,mean,language,27,1.9681501035337094,1.1022841780274002,2.9600432342953145,0.8888888888888888
zh_ja,gemma3_4b,chat,language_only,refers,mean,interaction,27,0.0,0.0,0.0,0.0
zh_ja,gemma3_4b,chat,language_only,refers,mean,diagonal_switch,27,1.9681501035337094,1.1239067316055298,2.9973478643982485,0.8888888888888888
zh_ja,gemma3_4b,chat,language_only,refers,mean,midpoint,27,-0.8189422466136791,-2.057679174564503,0.3829612286002534,0.2962962962962963
zh_ja,gemma3_4b,chat,language_only,refers,sum,semantic,27,0.0,0.0,0.0,0.0
zh_ja,gemma3_4b,chat,language_only,refers,sum,language,27,11.724655575222439,6.308595886936894,18.06935311070194,0.8888888888888888
zh_ja,gemma3_4b,chat,language_only,refers,sum,interaction,27,0.0,0.0,0.0,0.0
zh_ja,gemma3_4b,chat,language_only,refers,sum,diagonal_switch,27,11.724655575222439,6.294880633884007,18.01472137592456,0.8888888888888888
zh_ja,gemma3_4b,chat,language_only,refers,sum,midpoint,27,1.8517654560230397,-6.009917096738462,9.836832081830057,0.48148148148148145
zh_ja,gemma3_4b,chat,masked,bare,mean,semantic,27,8.399041846946433,5.653331515965638,11.14487892014009,0.8888888888888888
zh_ja,gemma3_4b,chat,masked,bare,mean,language,27,-0.2735411326090495,-1.6614561319351195,1.3352480855252997,0.3333333333333333
zh_ja,gemma3_4b,chat,masked,bare,mean,interaction,27,-1.0952471980342158,-5.017297036117977,3.2428892572720796,0.4444444444444444
zh_ja,gemma3_4b,chat,masked,bare,mean,diagonal_switch,27,8.125500714337385,5.0030153124420735,11.32779542251869,0.8518518518518519
zh_ja,gemma3_4b,chat,masked,bare,mean,midpoint,27,-0.7057036647090206,-4.901344935099284,3.572434190909058,0.4444444444444444
zh_ja,gemma3_4b,chat,masked,bare,sum,semantic,27,17.947589609358047,11.218419834861049,24.562295076582163,0.9259259259259259
zh_ja,gemma3_4b,chat,masked,bare,sum,language,27,-2.0650163756476507,-5.175061294326076,1.0130038552814034,0.3333333333333333
zh_ja,gemma3_4b,chat,masked,bare,sum,interaction,27,1.7198354579784252,-5.9492234106417055,9.573572053732681,0.5555555555555556
zh_ja,gemma3_4b,chat,masked,bare,sum,diagonal_switch,27,15.882573233710396,7.36287142612316,23.526954543149014,0.8888888888888888
zh_ja,gemma3_4b,chat,masked,bare,sum,midpoint,27,4.946754067032425,-4.945380349512454,15.397798696270687,0.5185185185185185
zh_ja,gemma3_4b,chat,masked,definition,mean,semantic,27,2.6662588207810014,1.7543352548722868,3.529068063365088,0.8888888888888888
zh_ja,gemma3_4b,chat,masked,definition,mean,language,27,-0.0751423924057572,-0.5096414859648104,0.3617134008142681,0.4444444444444444
zh_ja,gemma3_4b,chat,masked,definition,mean,interaction,27,0.28094505380701135,-0.8480949397440309,1.43801436335952,0.4444444444444444
zh_ja,gemma3_4b,chat,masked,definition,mean,diagonal_switch,27,2.591116428375244,1.6201345139079624,3.599641184012095,0.8148148148148148
zh_ja,gemma3_4b,chat,masked,definition,mean,midpoint,27,-0.8110686496452049,-1.9499530187359562,0.2579581852312436,0.4074074074074074
zh_ja,gemma3_4b,chat,masked,definition,sum,semantic,27,13.537532523826316,8.719727848194264,18.464455193060413,0.8148148148148148
zh_ja,gemma3_4b,chat,masked,definition,sum,language,27,-0.5606378625940394,-2.703546091362282,1.641377067565914,0.4444444444444444
zh_ja,gemma3_4b,chat,masked,definition,sum,interaction,27,2.52430499041522,-3.65484548498083,8.715175625129982,0.4444444444444444
zh_ja,gemma3_4b,chat,masked,definition,sum,diagonal_switch,27,12.976894661232278,7.768715607678449,18.102049050507723,0.7777777777777778
zh_ja,gemma3_4b,chat,masked,definition,sum,midpoint,27,2.250933399906865,-5.31367526407595,9.033678551073423,0.5925925925925926
zh_ja,gemma3_4b,chat,masked,refers,mean,semantic,27,3.3443082173665366,2.498858172805221,4.2141202692632325,0.9629629629629629
zh_ja,gemma3_4b,chat,masked,refers,mean,language,27,-0.08334633156105324,-0.41588967817801015,0.27199276244198617,0.4074074074074074
zh_ja,gemma3_4b,chat,masked,refers,mean,interaction,27,-0.30718669184932,-0.9717073219793815,0.291251433337176,0.4444444444444444
zh_ja,gemma3_4b,chat,masked,refers,mean,diagonal_switch,27,3.260961885805483,2.228915994255631,4.367982115568937,0.9629629629629629
zh_ja,gemma3_4b,chat,masked,refers,mean,midpoint,27,-0.5148826881691262,-1.2892080293761359,0.27496930978916306,0.4074074074074074
zh_ja,gemma3_4b,chat,masked,refers,sum,semantic,27,20.440406728673864,15.764837830154985,25.16730456175627,0.9629629629629629
zh_ja,gemma3_4b,chat,masked,refers,sum,language,27,-0.39504771762424046,-2.391083275830304,1.714429699933086,0.48148148148148145
zh_ja,gemma3_4b,chat,masked,refers,sum,interaction,27,-0.012937898989076968,-4.445177897700558,4.458926518758135,0.4444444444444444
zh_ja,gemma3_4b,chat,masked,refers,sum,diagonal_switch,27,20.045359011049623,14.482404680605288,25.913675488366017,0.9629629629629629
zh_ja,gemma3_4b,chat,masked,refers,sum,midpoint,27,2.9489162586353443,-5.30679705231278,10.54014879156042,0.6296296296296297
zh_ja,gemma3_4b,chat,shuffled,bare,mean,semantic,27,0.42506880230373806,-1.4529599476743627,2.270465663185826,0.5185185185185185
zh_ja,gemma3_4b,chat,shuffled,bare,mean,language,27,0.6811797000743725,-0.6231410830109206,1.9510089737397651,0.5185185185185185
zh_ja,gemma3_4b,chat,shuffled,bare,mean,interaction,27,0.422013141490795,-2.2515543624206824,2.9839289784431458,0.4444444444444444
zh_ja,gemma3_4b,chat,shuffled,bare,mean,diagonal_switch,27,1.1062485023781106,-0.6927371771247298,3.012134991751776,0.5185185185185185
zh_ja,gemma3_4b,chat,shuffled,bare,mean,midpoint,27,-1.5911488356413666,-5.463317732016246,2.1348712144074615,0.4074074074074074
zh_ja,gemma3_4b,chat,shuffled,bare,sum,semantic,27,-2.0300698986759893,-7.215575851775982,2.4939664754602635,0.5185185185185185
zh_ja,gemma3_4b,chat,shuffled,bare,sum,language,27,3.5808398635299117,0.5766316151177443,7.028525759334916,0.5925925925925926
zh_ja,gemma3_4b,chat,shuffled,bare,sum,interaction,27,1.0045161423859772,-5.028153726789687,6.568544519830628,0.6666666666666666
zh_ja,gemma3_4b,chat,shuffled,bare,sum,diagonal_switch,27,1.5507699648539226,-2.2951343721813626,5.068639726108975,0.5555555555555556
zh_ja,gemma3_4b,chat,shuffled,bare,sum,midpoint,27,4.3297957049475775,-4.9772954062179275,13.11410447403236,0.5555555555555556
zh_ja,gemma3_4b,chat,shuffled,definition,mean,semantic,27,-0.2764481438530816,-0.6642624651944196,0.1415905431464865,0.37037037037037035
zh_ja,gemma3_4b,chat,shuffled,definition,mean,language,27,-0.02708823592574508,-0.366875484696141,0.35781496321713463,0.4444444444444444
zh_ja,gemma3_4b,chat,shuffled,definition,mean,interaction,27,-0.003601921929253472,-0.49711435635884604,0.5185283969949783,0.4444444444444444
zh_ja,gemma3_4b,chat,shuffled,definition,mean,diagonal_switch,27,-0.3035363797788267,-0.8304591143572773,0.2370117443579214,0.3333333333333333
zh_ja,gemma3_4b,chat,shuffled,definition,mean,midpoint,27,-1.0954878771746601,-2.4599222192057857,0.14274291903884284,0.37037037037037035
zh_ja,gemma3_4b,chat,shuffled,definition,sum,semantic,27,-1.506087479767976,-3.2366334932821768,0.2610629223011153,0.4074074074074074
zh_ja,gemma3_4b,chat,shuffled,definition,sum,language,27,-0.2576156192355686,-2.2140926784939237,1.9993875821431473,0.4074074074074074
zh_ja,gemma3_4b,chat,shuffled,definition,sum,interaction,27,0.9229997705530237,-1.641634467796043,3.5656738351892496,0.5185185185185185
zh_ja,gemma3_4b,chat,shuffled,definition,sum,diagonal_switch,27,-1.7637030990035445,-4.297223945900246,0.8222956622088388,0.3333333333333333
zh_ja,gemma3_4b,chat,shuffled,definition,sum,midpoint,27,1.2188253755922671,-6.183749195381447,8.676832313890804,0.4444444444444444
zh_ja,gemma3_4b,chat,shuffled,refers,mean,semantic,27,-0.1304263362178096,-0.5852979448106553,0.31983953979280255,0.48148148148148145
zh_ja,gemma3_4b,chat,shuffled,refers,mean,language,27,-0.06870107297544126,-0.3159543108057093,0.19831528928544775,0.4444444444444444
zh_ja,gemma3_4b,chat,shuffled,refers,mean,interaction,27,0.4401407241821289,-0.04292074221151847,0.9798792609462028,0.6296296296296297
zh_ja,gemma3_4b,chat,shuffled,refers,mean,diagonal_switch,27,-0.19912740919325086,-0.7335298414583559,0.35390541818406723,0.4074074074074074
zh_ja,gemma3_4b,chat,shuffled,refers,mean,midpoint,27,-0.4641373775623463,-1.576461469244074,0.6958978427780997,0.37037037037037035
zh_ja,gemma3_4b,chat,shuffled,refers,sum,semantic,27,-0.9904439007794416,-3.9070813355622467,1.8189444488949236,0.48148148148148145
zh_ja,gemma3_4b,chat,shuffled,refers,sum,language,27,-0.23364384969075522,-1.9476122326321073,1.5819268297266067,0.4074074074074074
zh_ja,gemma3_4b,chat,shuffled,refers,sum,interaction,27,3.1548329106083624,0.08493170914826571,6.787467568008984,0.6666666666666666
zh_ja,gemma3_4b,chat,shuffled,refers,sum,diagonal_switch,27,-1.2240877504701968,-4.747768723523175,1.9583386880380098,0.4074074074074074
zh_ja,gemma3_4b,chat,shuffled,refers,sum,midpoint,27,3.5103639673303673,-4.494043756414343,11.845208893881901,0.5185185185185185
zh_ja,gemma3_4b,plain,full,bare,mean,semantic,27,1.4255839012287281,0.7372797367749392,2.090069528641524,0.8148148148148148
zh_ja,gemma3_4b,plain,full,bare,mean,language,27,0.5864128006829156,-0.09005284110705059,1.3989893392280295,0.5925925925925926
zh_ja,gemma3_4b,plain,full,bare,mean,interaction,27,-0.215185077102096,-1.214625170495775,0.8452909063409875,0.5185185185185185
zh_ja,gemma3_4b,plain,full,bare,mean,diagonal_switch,27,2.011996701911644,0.8852715777026282,3.2284000275311633,0.7407407407407407
zh_ja,gemma3_4b,plain,full,bare,mean,midpoint,27,-1.9550441415221602,-4.377530576343889,0.3193864397428641,0.4444444444444444
zh_ja,gemma3_4b,plain,full,bare,sum,semantic,27,3.641767899195353,1.6367888128315962,6.056981378131442,0.7407407407407407
zh_ja,gemma3_4b,plain,full,bare,sum,language,27,1.3361566419954654,0.15236712407182768,2.6364028429543525,0.6296296296296297
zh_ja,gemma3_4b,plain,full,bare,sum,interaction,27,0.18082793553670248,-1.6081851221896983,2.0266632225778363,0.5185185185185185
zh_ja,gemma3_4b,plain,full,bare,sum,diagonal_switch,27,4.977924541190818,2.509047883086734,7.7735677193712265,0.7777777777777778
zh_ja,gemma3_4b,plain,full,bare,sum,midpoint,27,0.7495172200379548,-4.0549810546415825,5.557953691703299,0.5185185185185185
zh_ja,gemma3_4b,plain,full,definition,mean,semantic,27,0.5010701153013442,0.18056679025844294,0.8199180486025632,0.7777777777777778
zh_ja,gemma3_4b,plain,full,definition,mean,language,27,0.1780086049327144,-0.06562174359957375,0.4544693516360388,0.5555555555555556
zh_ja,gemma3_4b,plain,full,definition,mean,interaction,27,-0.05004994957535355,-0.36450344125429784,0.27406723035706404,0.37037037037037035
zh_ja,gemma3_4b,plain,full,definition,mean,diagonal_switch,27,0.6790787202340586,0.17539873785442778,1.1614215215047194,0.7777777777777778
zh_ja,gemma3_4b,plain,full,definition,mean,midpoint,27,-0.46572603119744194,-1.0436843779351976,0.07597976945064659,0.4074074074074074
zh_ja,gemma3_4b,plain,full,definition,sum,semantic,27,3.247521577058015,1.3539135429594251,5.116886272253814,0.7777777777777778
zh_ja,gemma3_4b,plain,full,definition,sum,language,27,0.9025633776629413,-0.5267918878131442,2.258451101515028,0.5925925925925926
zh_ja,gemma3_4b,plain,full,definition,sum,interaction,27,0.3010888276276765,-1.1111222108205159,1.8037334018283402,0.4444444444444444
zh_ja,gemma3_4b,plain,full,definition,sum,diagonal_switch,27,4.150084954720956,1.7582729516205964,6.585779705754032,0.7407407407407407
zh_ja,gemma3_4b,plain,full,definition,sum,midpoint,27,0.9672827897248445,-3.50261012006689,5.590425758008602,0.5925925925925926
zh_ja,gemma3_4b,plain,full,refers,mean,semantic,27,0.6198046251579568,0.36506500310368006,0.8962199444020235,0.7777777777777778
zh_ja,gemma3_4b,plain,full,refers,mean,language,27,0.29672556894796864,0.10125866631666819,0.5218260130396595,0.7037037037037037
zh_ja,gemma3_4b,plain,full,refers,mean,interaction,27,-0.079913095191673,-0.3512360965764081,0.17893349991904364,0.5555555555555556
zh_ja,gemma3_4b,plain,full,refers,mean,diagonal_switch,27,0.9165301941059254,0.5401766419410706,1.32844192010385,0.7777777777777778
zh_ja,gemma3_4b,plain,full,refers,mean,midpoint,27,-0.3728097677230835,-0.8002519531382455,0.031483835975328424,0.4074074074074074
zh_ja,gemma3_4b,plain,full,refers,sum,semantic,27,4.471890378881384,2.4888460291756522,6.832601736210008,0.7777777777777778
zh_ja,gemma3_4b,plain,full,refers,sum,language,27,2.0230608692875616,0.7754432404482806,3.3094483569816306,0.7407407407407407
zh_ja,gemma3_4b,plain,full,refers,sum,interaction,27,-0.3066832224527995,-1.855430050249453,1.204239601559108,0.6296296296296297
zh_ja,gemma3_4b,plain,full,refers,sum,diagonal_switch,27,6.494951248168945,3.8933393831606264,9.471940286071211,0.7777777777777778
zh_ja,gemma3_4b,plain,full,refers,sum,midpoint,27,0.6200195948282877,-4.657930452735336,5.409377358577869,0.5555555555555556
zh_ja,gemma3_4b,plain,language_only,bare,mean,semantic,27,-0.004977658942893699,-0.05441444383727179,0.033438290710802406,0.4444444444444444
zh_ja,gemma3_4b,plain,language_only,bare,mean,language,27,2.0011900575072676,1.351168860771038,2.7887752216171324,0.9259259259259259
zh_ja,gemma3_4b,plain,language_only,bare,mean,interaction,27,-0.009955317885787398,-0.11242937158655238,0.06734186852419813,0.4444444444444444
zh_ja,gemma3_4b,plain,language_only,bare,mean,diagonal_switch,27,1.996212398564374,1.3228615185728778,2.7456958160356235,0.9259259259259259
zh_ja,gemma3_4b,plain,language_only,bare,mean,midpoint,27,-2.0786193675465054,-4.497630360832921,0.3515685378401358,0.5185185185185185
zh_ja,gemma3_4b,plain,language_only,bare,sum,semantic,27,-0.009113991702044452,-0.1078306688202752,0.059542329664583546,0.4444444444444444
zh_ja,gemma3_4b,plain,language_only,bare,sum,language,27,4.194726277280737,2.693724647053966,5.977242652133659,0.9259259259259259
zh_ja,gemma3_4b,plain,language_only,bare,sum,interaction,27,-0.018227983404088904,-0.21183738708496094,0.1162344380661293,0.4444444444444444
zh_ja,gemma3_4b,plain,language_only,bare,sum,diagonal_switch,27,4.185612285578692,2.641379324815891,5.90217202040884,0.9259259259259259
zh_ja,gemma3_4b,plain,language_only,bare,sum,midpoint,27,1.3453959469442014,-3.849856535869616,6.55339455367238,0.6296296296296297
zh_ja,gemma3_4b,plain,language_only,definition,mean,semantic,27,0.0035761903833459925,-0.006241903040144178,0.012093567185931733,0.5555555555555556
zh_ja,gemma3_4b,plain,language_only,definition,mean,language,27,0.8429432091889558,0.581804977522956,1.1412443737188975,0.9259259259259259
zh_ja,gemma3_4b,plain,language_only,definition,mean,interaction,27,0.007152380766691985,-0.012938067648145887,0.023805152928387665,0.5555555555555556
zh_ja,gemma3_4b,plain,language_only,definition,mean,diagonal_switch,27,0.8465193995723018,0.5856692027162622,1.1539389636781476,0.9259259259259259
zh_ja,gemma3_4b,plain,language_only,definition,mean,midpoint,27,-0.5984683743229618,-1.2541791604624855,0.025102740305441334,0.4444444444444444
zh_ja,gemma3_4b,plain,language_only,definition,sum,semantic,27,0.013731638590494791,-0.037209962032459395,0.05887331609372738,0.5185185185185185
zh_ja,gemma3_4b,plain,language_only,definition,sum,language,27,4.632797665066189,3.1117115215018942,6.578871191872491,0.9259259259259259
zh_ja,gemma3_4b,plain,language_only,definition,sum,interaction,27,0.027463277180989582,-0.07048941364994754,0.11676977652090563,0.5185185185185185
zh_ja,gemma3_4b,plain,language_only,definition,sum,diagonal_switch,27,4.646529303656684,3.110907178454929,6.548615418540104,0.9259259259259259
zh_ja,gemma3_4b,plain,language_only,definition,sum,midpoint,27,0.590767401236075,-4.806876472190575,6.264315230758099,0.5555555555555556
zh_ja,gemma3_4b,plain,language_only,refers,mean,semantic,27,0.0,0.0,0.0,0.0
zh_ja,gemma3_4b,plain,language_only,refers,mean,language,27,0.8705992345456723,0.5266735045998184,1.253848580519358,0.8148148148148148
zh_ja,gemma3_4b,plain,language_only,refers,mean,interaction,27,0.0,0.0,0.0,0.0
zh_ja,gemma3_4b,plain,language_only,refers,mean,diagonal_switch,27,0.8705992345456723,0.5143945402569241,1.2615658499576423,0.8148148148148148
zh_ja,gemma3_4b,plain,language_only,refers,mean,midpoint,27,-0.3216578518902814,-0.822916837312557,0.16733572328532115,0.48148148148148145
zh_ja,gemma3_4b,plain,language_only,refers,sum,semantic,27,0.0,0.0,0.0,0.0
zh_ja,gemma3_4b,plain,language_only,refers,sum,language,27,5.586592144436306,3.2754509396023224,8.2342993594982,0.7777777777777778
zh_ja,gemma3_4b,plain,language_only,refers,sum,interaction,27,0.0,0.0,0.0,0.0
zh_ja,gemma3_4b,plain,language_only,refers,sum,diagonal_switch,27,5.586592144436306,3.2472912152608235,8.204487698166455,0.7777777777777778
zh_ja,gemma3_4b,plain,language_only,refers,sum,midpoint,27,0.973936328181514,-4.376570049921671,6.541027377269885,0.48148148148148145
zh_ja,gemma3_4b,plain,masked,bare,mean,semantic,27,1.6481538348727756,0.9912945606090404,2.2796071849487447,0.8518518518518519
zh_ja,gemma3_4b,plain,masked,bare,mean,language,27,-0.2683279779222276,-0.6025400408992061,0.09258808890978494,0.37037037037037035
zh_ja,gemma3_4b,plain,masked,bare,mean,interaction,27,-0.04593630190248842,-0.8716772459171437,0.74356881380081,0.5925925925925926
zh_ja,gemma3_4b,plain,masked,bare,mean,diagonal_switch,27,1.379825856950548,0.6026849415567186,2.1537316507763324,0.7777777777777778
zh_ja,gemma3_4b,plain,masked,bare,mean,midpoint,27,-1.1246247556474473,-3.5805345714092254,1.1620423648092428,0.4444444444444444
zh_ja,gemma3_4b,plain,masked,bare,sum,semantic,27,2.971107253321895,1.669506872141803,4.333026691277821,0.8148148148148148
zh_ja,gemma3_4b,plain,masked,bare,sum,language,27,-0.15637427789193611,-0.8287562922195152,0.5390272069860386,0.5185185185185185
zh_ja,gemma3_4b,plain,masked,bare,sum,interaction,27,-0.42752544968216505,-2.223358345031738,1.384984537407202,0.5925925925925926
zh_ja,gemma3_4b,plain,masked,bare,sum,diagonal_switch,27,2.814732975429959,1.1671740108066135,4.553286341384604,0.7777777777777778
zh_ja,gemma3_4b,plain,masked,bare,sum,midpoint,27,1.6682992334719058,-3.4760795054612337,6.987791373553089,0.48148148148148145
zh_ja,gemma3_4b,plain,masked,definition,mean,semantic,27,0.5051914939173946,0.2629408734816092,0.7540566751250514,0.7777777777777778
zh_ja,gemma3_4b,plain,masked,definition,mean,language,27,-0.11831586449234574,-0.2779172760468942,0.0390769413223972,0.37037037037037035
zh_ja,gemma3_4b,plain,masked,definition,mean,interaction,27,0.015344566769070096,-0.2779090329452797,0.3142471856541103,0.4074074074074074
zh_ja,gemma3_4b,plain,masked,definition,mean,diagonal_switch,27,0.38687562942504883,0.13151980373594496,0.669576519506949,0.6296296296296297
zh_ja,gemma3_4b,plain,masked,definition,mean,midpoint,27,-0.44289280750133375,-0.9082693543699052,0.002756804669344612,0.4444444444444444
zh_ja,gemma3_4b,plain,masked,definition,sum,semantic,27,2.8801068200005426,1.593719036490829,4.227362555044668,0.7407407407407407
zh_ja,gemma3_4b,plain,masked,definition,sum,language,27,-0.38419313783998843,-1.3437844232276634,0.580824632997866,0.3333333333333333
zh_ja,gemma3_4b,plain,masked,definition,sum,interaction,27,-0.4137441847059462,-2.0065656697308576,1.3325021708453135,0.3333333333333333
zh_ja,gemma3_4b,plain,masked,definition,sum,diagonal_switch,27,2.495913682160554,0.9991894757306135,4.152194480542781,0.6666666666666666
zh_ja,gemma3_4b,plain,masked,definition,sum,midpoint,27,0.817149939360442,-4.173291881879171,5.843458627771444,0.5555555555555556
zh_ja,gemma3_4b,plain,masked,refers,mean,semantic,27,0.5246323832759151,0.3304779416984982,0.7165962258974711,0.8148148148148148
zh_ja,gemma3_4b,plain,masked,refers,mean,language,27,-0.09324321040400753,-0.20746709461565369,0.02341857795362114,0.2962962962962963
zh_ja,gemma3_4b,plain,masked,refers,mean,interaction,27,-0.0482940673828125,-0.2727668943228545,0.1547116058844106,0.5185185185185185
zh_ja,gemma3_4b,plain,masked,refers,mean,diagonal_switch,27,0.43138917287190753,0.16737151013480292,0.6766683914043282,0.8148148148148148
zh_ja,gemma3_4b,plain,masked,refers,mean,midpoint,27,-0.23266154748422127,-0.5790419752951022,0.10408817176465622,0.4444444444444444
zh_ja,gemma3_4b,plain,masked,refers,sum,semantic,27,3.30075740814209,2.029783675405714,4.56421760453118,0.8148148148148148
zh_ja,gemma3_4b,plain,masked,refers,sum,language,27,-0.15788731751618562,-0.9850982189178467,0.7395434308935087,0.4074074074074074
zh_ja,gemma3_4b,plain,masked,refers,sum,interaction,27,-0.7821387538203487,-2.2211756300043173,0.6898620093310313,0.4074074074074074
zh_ja,gemma3_4b,plain,masked,refers,sum,diagonal_switch,27,3.1428700906259044,1.4222041465617992,4.792671329003791,0.8148148148148148
zh_ja,gemma3_4b,plain,masked,refers,sum,midpoint,27,1.5308761243466977,-3.653101331216318,6.604387512030423,0.5925925925925926
zh_ja,gemma3_4b,plain,shuffled,bare,mean,semantic,27,-0.10757536358303493,-0.6472864404872611,0.4326747340184668,0.5185185185185185
zh_ja,gemma3_4b,plain,shuffled,bare,mean,language,27,-0.41305455455073603,-0.8379435526000129,-0.0117444490944902,0.3333333333333333
zh_ja,gemma3_4b,plain,shuffled,bare,mean,interaction,27,0.4530755502206308,-0.21100251453894156,1.1810164063065132,0.6296296296296297
zh_ja,gemma3_4b,plain,shuffled,bare,mean,diagonal_switch,27,-0.520629918133771,-1.214096193401902,0.15190399796874415,0.48148148148148145
zh_ja,gemma3_4b,plain,shuffled,bare,mean,midpoint,27,-1.3680667700590912,-3.5086854466685544,0.8295139027966383,0.4444444444444444
zh_ja,gemma3_4b,plain,shuffled,bare,sum,semantic,27,0.106118846822668,-1.0413468522054177,1.4049437359527301,0.4074074074074074
zh_ja,gemma3_4b,plain,shuffled,bare,sum,language,27,-0.46312221774348505,-1.2354271972620927,0.3724571678373548,0.25925925925925924
zh_ja,gemma3_4b,plain,shuffled,bare,sum,interaction,27,0.8405685954623752,-0.27143712573581275,2.0684974476143156,0.5925925925925926
zh_ja,gemma3_4b,plain,shuffled,bare,sum,diagonal_switch,27,-0.3570033709208171,-1.7604917808815284,1.2463205681906804,0.4074074074074074
zh_ja,gemma3_4b,plain,shuffled,bare,sum,midpoint,27,1.5063406184867576,-3.548107271282761,6.931532357577914,0.5555555555555556
zh_ja,gemma3_4b,plain,shuffled,definition,mean,semantic,27,-0.05599534953082049,-0.21006892014432835,0.11175769412959052,0.4074074074074074
zh_ja,gemma3_4b,plain,shuffled,definition,mean,language,27,-0.08765901459587945,-0.19593359452706796,0.015468630525800902,0.37037037037037035
zh_ja,gemma3_4b,plain,shuffled,definition,mean,interaction,27,0.10583812219125253,-0.12621638863175005,0.32709229831342335,0.6666666666666666
zh_ja,gemma3_4b,plain,shuffled,definition,mean,diagonal_switch,27,-0.14365436412669993,-0.2856012679912426,0.005586581318466657,0.2962962962962963
zh_ja,gemma3_4b,plain,shuffled,definition,mean,midpoint,27,-0.4133988486395942,-0.9204970061779023,0.07208900804872817,0.48148148148148145
zh_ja,gemma3_4b,plain,shuffled,definition,sum,semantic,27,-0.21960555182562935,-1.1076553706769592,0.7226320143099179,0.4444444444444444
zh_ja,gemma3_4b,plain,shuffled,definition,sum,language,27,-0.23098182678222656,-0.857033884966815,0.38320835872932707,0.3333333333333333
zh_ja,gemma3_4b,plain,shuffled,definition,sum,interaction,27,0.7104489361798322,-0.615190083892257,1.969687626096934,0.6296296296296297
zh_ja,gemma3_4b,plain,shuffled,definition,sum,diagonal_switch,27,-0.4505873786078559,-1.1184102358641448,0.3122523325460924,0.4074074074074074
zh_ja,gemma3_4b,plain,shuffled,definition,sum,midpoint,27,1.401455490677445,-3.79032419345997,6.607600193553499,0.48148148148148145
zh_ja,gemma3_4b,plain,shuffled,refers,mean,semantic,27,-0.15865091924314145,-0.3328632663797449,0.024315171109305315,0.4074074074074074
zh_ja,gemma3_4b,plain,shuffled,refers,mean,language,27,-0.053606024494877565,-0.21347279968085112,0.11219602492120498,0.4444444444444444
zh_ja,gemma3_4b,plain,shuffled,refers,mean,interaction,27,0.15817619253087928,-0.09142671117076168,0.39716133497379447,0.5925925925925926
zh_ja,gemma3_4b,plain,shuffled,refers,mean,diagonal_switch,27,-0.21225694373801904,-0.43150012934649434,0.023120537952140346,0.3333333333333333
zh_ja,gemma3_4b,plain,shuffled,refers,mean,midpoint,27,-0.36893947919209796,-0.7726176926383265,-0.002935223005436203,0.4444444444444444
zh_ja,gemma3_4b,plain,shuffled,refers,sum,semantic,27,-0.7732859011049624,-1.8709342885900426,0.3264776971605081,0.4074074074074074
zh_ja,gemma3_4b,plain,shuffled,refers,sum,language,27,-0.12785777339228876,-1.120149925020006,0.9241532202120164,0.4444444444444444
zh_ja,gemma3_4b,plain,shuffled,refers,sum,interaction,27,1.0294257269965277,-0.24174573333175092,2.3512118445502375,0.5555555555555556
zh_ja,gemma3_4b,plain,shuffled,refers,sum,diagonal_switch,27,-0.9011436744972512,-2.3674729841726796,0.6630027806317348,0.3333333333333333
zh_ja,gemma3_4b,plain,shuffled,refers,sum,midpoint,27,0.9514338175455729,-4.401290432612101,6.06332497243528,0.5185185185185185
zh_ja,qwen25_7b,chat,full,bare,mean,semantic,27,2.170548849635654,1.4558607164356443,2.871220987704064,0.8518518518518519
zh_ja,qwen25_7b,chat,full,bare,mean,language,27,0.6188198416321365,-0.04702532037540718,1.2926390003274986,0.5925925925925926
zh_ja,qwen25_7b,chat,full,bare,mean,interaction,27,-0.7990413683432119,-1.9911167473704725,0.47530420908221394,0.48148148148148145
zh_ja,qwen25_7b,chat,full,bare,mean,diagonal_switch,27,2.7893686912677906,1.7282846890113972,3.8895983201486084,0.8518518518518519
zh_ja,qwen25_7b,chat,full,bare,mean,midpoint,27,-3.543780225294608,-5.746036578107763,-1.4529562003082714,0.3333333333333333
zh_ja,qwen25_7b,chat,full,bare,sum,semantic,27,7.434338640283655,5.0271340754297045,9.96184812784194,0.8148148148148148
zh_ja,qwen25_7b,chat,full,bare,sum,language,27,2.3434065359610097,0.5372598502371047,4.26443612222318,0.5925925925925926
zh_ja,qwen25_7b,chat,full,bare,sum,interaction,27,-1.3405092733877677,-4.4829750635005805,1.9548190885119956,0.4074074074074074
zh_ja,qwen25_7b,chat,full,bare,sum,diagonal_switch,27,9.777745176244665,6.321474491225349,13.451457013907255,0.8518518518518519
zh_ja,qwen25_7b,chat,full,bare,sum,midpoint,27,-6.830509380058006,-13.130200593559831,-1.019410915286456,0.2962962962962963
zh_ja,qwen25_7b,chat,full,definition,mean,semantic,27,1.2364314926995172,0.9205620898140802,1.5671978080714188,0.9629629629629629
zh_ja,qwen25_7b,chat,full,definition,mean,language,27,0.6378845991911711,0.3921921608624635,0.9130915767616695,0.8148148148148148
zh_ja,qwen25_7b,chat,full,definition,mean,interaction,27,-0.02717113494873047,-0.47432962082050467,0.43053079181247217,0.4444444444444444
zh_ja,qwen25_7b,chat,full,definition,mean,diagonal_switch,27,1.8743160918906883,1.438783879191787,2.315550974563316,0.9629629629629629
zh_ja,qwen25_7b,chat,full,definition,mean,midpoint,27,-1.1644010808732774,-2.244401850082256,-0.14965653110433594,0.37037037037037035
zh_ja,qwen25_7b,chat,full,definition,sum,semantic,27,7.3544281147144455,5.1609418551127115,9.754622994528873,0.9629629629629629
zh_ja,qwen25_7b,chat,full,definition,sum,language,27,3.6637051193802446,2.01215943230523,5.443607890164409,0.8518518518518519
zh_ja,qwen25_7b,chat,full,definition,sum,interaction,27,-0.2899626272696036,-3.5842070897420246,2.951374516663727,0.4444444444444444
zh_ja,qwen25_7b,chat,full,definition,sum,diagonal_switch,27,11.018133234094691,8.142289967007107,13.970090244434498,0.9259259259259259
zh_ja,qwen25_7b,chat,full,definition,sum,midpoint,27,-3.8474424150254993,-8.96091038915846,0.9024580019491658,0.2962962962962963
zh_ja,qwen25_7b,chat,full,refers,mean,semantic,27,2.0232663772724293,1.6274604143919769,2.422838982829341,1.0
zh_ja,qwen25_7b,chat,full,refers,mean,language,27,0.7184899029908357,0.30268121891551547,1.1443100719540207,0.7777777777777778
zh_ja,qwen25_7b,chat,full,refers,mean,interaction,27,-0.124498067078767,-0.7298743005152102,0.5215894584302547,0.4444444444444444
zh_ja,qwen25_7b,chat,full,refers,mean,diagonal_switch,27,2.741756280263265,2.1420518128960224,3.3479470186763334,0.9629629629629629
zh_ja,qwen25_7b,chat,full,refers,mean,midpoint,27,-0.7330627706315782,-1.5225109669897292,0.027483491102853384,0.3333333333333333
zh_ja,qwen25_7b,chat,full,refers,sum,semantic,27,13.318209895381221,10.707297109674524,15.946536712293264,1.0
zh_ja,qwen25_7b,chat,full,refers,sum,language,27,4.639456713641131,1.8084435621897381,7.386081384729454,0.7407407407407407
zh_ja,qwen25_7b,chat,full,refers,sum,interaction,27,-0.2813652886284722,-4.365171383045338,3.8118356704711847,0.4444444444444444
zh_ja,qwen25_7b,chat,full,refers,sum,diagonal_switch,27,17.957666609022354,14.090254550509982,21.7021669211211,1.0
zh_ja,qwen25_7b,chat,full,refers,sum,midpoint,27,-3.1196316613091364,-9.609071180555555,2.5776514000362813,0.4444444444444444
zh_ja,qwen25_7b,chat,language_only,bare,mean,semantic,27,-0.00269317626953125,-0.008883493917959707,0.0012618524056893807,0.037037037037037035
zh_ja,qwen25_7b,chat,language_only,bare,mean,language,27,1.7844692866007488,0.9850860604533443,2.701243578063117,0.8518518518518519
zh_ja,qwen25_7b,chat,language_only,bare,mean,interaction,27,-0.0053863525390625,-0.017766987835919415,0.002696743717900029,0.037037037037037035
zh_ja,qwen25_7b,chat,language_only,bare,mean,diagonal_switch,27,1.7817761103312175,1.0004316475656296,2.6959484815597534,0.8518518518518519
zh_ja,qwen25_7b,chat,language_only,bare,mean,midpoint,27,-3.0271885924869113,-4.993482494354248,-1.1246516082021933,0.3333333333333333
zh_ja,qwen25_7b,chat,language_only,bare,sum,semantic,27,0.005568857546205874,-0.0046193864610460066,0.018896491439254197,0.07407407407407407
zh_ja,qwen25_7b,chat,language_only,bare,sum,language,27,5.159693082173665,2.6931806723276774,8.28282181863431,0.9259259259259259
zh_ja,qwen25_7b,chat,language_only,bare,sum,interaction,27,0.011137715092411748,-0.009238772922092013,0.037798971600002625,0.07407407407407407
zh_ja,qwen25_7b,chat,language_only,bare,sum,diagonal_switch,27,5.165261939719871,2.7209995278605708,8.460532810069894,0.9259259259259259
zh_ja,qwen25_7b,chat,language_only,bare,sum,midpoint,27,-6.396435207790798,-12.441550473813658,-0.49308697117699707,0.2962962962962963
zh_ja,qwen25_7b,chat,language_only,definition,mean,semantic,27,-0.0007759200202094184,-0.0025004634150752316,0.00039694044325086806,0.037037037037037035
zh_ja,qwen25_7b,chat,language_only,definition,mean,language,27,1.4881857766045465,0.9983372383647494,2.094104215833876,0.9259259259259259
zh_ja,qwen25_7b,chat,language_only,definition,mean,interaction,27,-0.0015518400404188368,-0.00520823531680637,0.0007938808865017361,0.037037037037037035
zh_ja,qwen25_7b,chat,language_only,definition,mean,diagonal_switch,27,1.487409856584337,0.9714189105563693,2.103568402043095,0.9259259259259259
zh_ja,qwen25_7b,chat,language_only,definition,mean,midpoint,27,-1.3063827532309074,-2.3057945202898096,-0.3901550392309826,0.3333333333333333
zh_ja,qwen25_7b,chat,language_only,definition,sum,semantic,27,-0.0024098290337456595,-0.018553133364076966,0.0104317135281033,0.07407407407407407
zh_ja,qwen25_7b,chat,language_only,definition,sum,language,27,7.8456304338243275,4.910644767902515,11.485698694652978,0.9259259259259259
zh_ja,qwen25_7b,chat,language_only,definition,sum,interaction,27,-0.004819658067491319,-0.037998199462890625,0.02175535979094329,0.07407407407407407
zh_ja,qwen25_7b,chat,language_only,definition,sum,diagonal_switch,27,7.843220604790582,4.9369875801934135,11.4683039382652,0.9259259259259259
zh_ja,qwen25_7b,chat,language_only,definition,sum,midpoint,27,-4.662777441519278,-9.751559296360721,0.8894962399094165,0.25925925925925924
zh_ja,qwen25_7b,chat,language_only,refers,mean,semantic,27,0.0,0.0,0.0,0.0
zh_ja,qwen25_7b,chat,language_only,refers,mean,language,27,1.8119864993625217,1.1255065873817163,2.5377983150658783,0.8888888888888888
zh_ja,qwen25_7b,chat,language_only,refers,mean,interaction,27,0.0,0.0,0.0,0.0
zh_ja,qwen25_7b,chat,language_only,refers,mean,diagonal_switch,27,1.8119864993625217,1.1367744966789528,2.54036541559078,0.8888888888888888
zh_ja,qwen25_7b,chat,language_only,refers,mean,midpoint,27,-1.2425334012066875,-2.0057802738966766,-0.4879552708731758,0.3333333333333333
zh_ja,qwen25_7b,chat,language_only,refers,sum,semantic,27,0.0,0.0,0.0,0.0
zh_ja,qwen25_7b,chat,language_only,refers,sum,language,27,11.804041827166522,7.530939695570204,16.656862693362758,0.8888888888888888
zh_ja,qwen25_7b,chat,language_only,refers,sum,interaction,27,0.0,0.0,0.0,0.0
zh_ja,qwen25_7b,chat,language_only,refers,sum,diagonal_switch,27,11.804041827166522,7.566886990158646,16.799222628275544,0.8888888888888888
zh_ja,qwen25_7b,chat,language_only,refers,sum,midpoint,27,-6.4495072541413485,-12.758711855499833,0.007498765874790455,0.3333333333333333
zh_ja,qwen25_7b,chat,masked,bare,mean,semantic,27,4.559837456102724,3.2904453580026276,5.92095599858849,0.9259259259259259
zh_ja,qwen25_7b,chat,masked,bare,mean,language,27,0.1595598061879476,-0.5455890560591663,0.8681358096776185,0.5555555555555556
zh_ja,qwen25_7b,chat,masked,bare,mean,interaction,27,0.04682493209838867,-1.1878871264281097,1.259506326693075,0.48148148148148145
zh_ja,qwen25_7b,chat,masked,bare,mean,diagonal_switch,27,4.719397262290672,3.2394581322316767,6.385160218344794,0.9259259259259259
zh_ja,qwen25_7b,chat,masked,bare,mean,midpoint,27,-0.19392414446230288,-2.75581173521501,2.367406420575248,0.48148148148148145
zh_ja,qwen25_7b,chat,masked,bare,sum,semantic,27,12.393768928669116,8.91498429995996,16.057213682598537,1.0
zh_ja,qwen25_7b,chat,masked,bare,sum,language,27,0.46210400263468426,-1.6789243883556788,2.5440214580959735,0.5185185185185185
zh_ja,qwen25_7b,chat,masked,bare,sum,interaction,27,1.379372102242929,-2.129741834711145,5.0858426597383275,0.4074074074074074
zh_ja,qwen25_7b,chat,masked,bare,sum,diagonal_switch,27,12.855872931303802,8.216584199446219,17.830879086918298,0.8888888888888888
zh_ja,qwen25_7b,chat,masked,bare,sum,midpoint,27,0.9911600925304271,-4.754113845913499,6.9106115632587,0.5185185185185185
zh_ja,qwen25_7b,chat,masked,definition,mean,semantic,27,2.053417020373874,1.6274218047106708,2.5153316155627916,1.0
zh_ja,qwen25_7b,chat,masked,definition,mean,language,27,-0.18004981676737467,-0.5274047023720212,0.16959965493943954,0.4074074074074074
zh_ja,qwen25_7b,chat,masked,definition,mean,interaction,27,-0.4780983218440303,-1.0495358890957303,0.09050661899425352,0.4444444444444444
zh_ja,qwen25_7b,chat,masked,definition,mean,diagonal_switch,27,1.8733672036064997,1.3400670696187904,2.4383531080351926,0.8888888888888888
zh_ja,qwen25_7b,chat,masked,definition,mean,midpoint,27,-0.5807119122257939,-1.701981136754707,0.5298668991636332,0.4444444444444444
zh_ja,qwen25_7b,chat,masked,definition,sum,semantic,27,12.536667364614981,9.453229400846695,16.071908281467575,1.0
zh_ja,qwen25_7b,chat,masked,definition,sum,language,27,-0.7955238201000072,-2.8460450649261473,1.2372559300175416,0.4444444444444444
zh_ja,qwen25_7b,chat,masked,definition,sum,interaction,27,-1.6438526577419705,-4.525250438407616,1.3996697249235919,0.4444444444444444
zh_ja,qwen25_7b,chat,masked,definition,sum,diagonal_switch,27,11.741143544514975,7.959394412570529,15.828013307076908,0.8888888888888888
zh_ja,qwen25_7b,chat,masked,definition,sum,midpoint,27,0.13742976718478733,-5.179480994189228,4.932272619671292,0.5555555555555556
zh_ja,qwen25_7b,chat,masked,refers,mean,semantic,27,2.5486625035603843,2.0972280590622514,3.015180588872344,1.0
zh_ja,qwen25_7b,chat,masked,refers,mean,language,27,0.1437765050817419,-0.06599682944792287,0.362903223214326,0.6666666666666666
zh_ja,qwen25_7b,chat,masked,refers,mean,interaction,27,-0.3555013162118417,-0.8002485584329676,0.1100283110583268,0.37037037037037035
zh_ja,qwen25_7b,chat,masked,refers,mean,diagonal_switch,27,2.692439008642126,2.196336571817045,3.2127134102362174,1.0
zh_ja,qwen25_7b,chat,masked,refers,mean,midpoint,27,0.0682403599774396,-0.6394250724050734,0.7589707707917246,0.5555555555555556
zh_ja,qwen25_7b,chat,masked,refers,sum,semantic,27,17.029466911598487,13.717696719699436,20.536421396114207,1.0
zh_ja,qwen25_7b,chat,masked,refers,sum,language,27,0.770875648215965,-0.6198110333195439,2.128373688238638,0.6296296296296297
zh_ja,qwen25_7b,chat,masked,refers,sum,interaction,27,-2.6081804346155235,-5.467097639154504,0.331692762728089,0.37037037037037035
zh_ja,qwen25_7b,chat,masked,refers,sum,diagonal_switch,27,17.800342559814453,14.200797536638047,21.759301464645947,1.0
zh_ja,qwen25_7b,chat,masked,refers,sum,midpoint,27,2.1255320089834706,-4.189534499910143,7.945154320752171,0.5555555555555556
zh_ja,qwen25_7b,chat,shuffled,bare,mean,semantic,27,-0.5909573943526657,-1.6590416460125534,0.4324986738187291,0.4444444444444444
zh_ja,qwen25_7b,chat,shuffled,bare,mean,language,27,0.05429977840847439,-0.5179032535464675,0.6484118302663168,0.4444444444444444
zh_ja,qwen25_7b,chat,shuffled,bare,mean,interaction,27,-0.36491676613136576,-1.1406038809705663,0.4329131303010148,0.4444444444444444
zh_ja,qwen25_7b,chat,shuffled,bare,mean,diagonal_switch,27,-0.5366576159441913,-1.7435514710567617,0.6030861254091611,0.4444444444444444
zh_ja,qwen25_7b,chat,shuffled,bare,mean,midpoint,27,-3.335267844023528,-5.445647635283294,-1.3292526490158507,0.2962962962962963
zh_ja,qwen25_7b,chat,shuffled,bare,sum,semantic,27,-1.1325356871993453,-4.216073866243716,1.7673048619870781,0.48148148148148145
zh_ja,qwen25_7b,chat,shuffled,bare,sum,language,27,0.513121039779098,-1.1000215261070816,2.1894551992416376,0.48148148148148145
zh_ja,qwen25_7b,chat,shuffled,bare,sum,interaction,27,0.2789507265444155,-1.6536988134737367,2.3058213816748707,0.3333333333333333
zh_ja,qwen25_7b,chat,shuffled,bare,sum,diagonal_switch,27,-0.6194146474202474,-3.984541995437057,2.842564146607005,0.5185185185185185
zh_ja,qwen25_7b,chat,shuffled,bare,sum,midpoint,27,-5.986243742483634,-12.444541464470051,-0.11291442005722618,0.37037037037037035
zh_ja,qwen25_7b,chat,shuffled,definition,mean,semantic,27,0.15950683311179834,-0.21213325482827644,0.5442375487751431,0.5185185185185185
zh_ja,qwen25_7b,chat,shuffled,definition,mean,language,27,-0.06921623371265552,-0.35260307457711965,0.20201142938048752,0.5185185185185185
zh_ja,qwen25_7b,chat,shuffled,definition,mean,interaction,27,0.2556464936998155,-0.020206273043597185,0.5127392627574779,0.6296296296296297
zh_ja,qwen25_7b,chat,shuffled,definition,mean,diagonal_switch,27,0.0902905993991428,-0.3742601487371657,0.5645600155547812,0.5555555555555556
zh_ja,qwen25_7b,chat,shuffled,definition,mean,midpoint,27,-1.1794322508352775,-2.2312232395013174,-0.13718036369041445,0.4074074074074074
zh_ja,qwen25_7b,chat,shuffled,definition,sum,semantic,27,0.5561021169026693,-1.191070482465956,2.3347502355222347,0.5185185185185185
zh_ja,qwen25_7b,chat,shuffled,definition,sum,language,27,0.45479760346589265,-1.0791949925599276,2.0301359971364334,0.5555555555555556
zh_ja,qwen25_7b,chat,shuffled,definition,sum,interaction,27,1.438157116925275,-0.2640888355396412,3.326966207998767,0.5925925925925926
zh_ja,qwen25_7b,chat,shuffled,definition,sum,diagonal_switch,27,1.010899720368562,-1.4117214061595775,3.488077294384991,0.5185185185185185
zh_ja,qwen25_7b,chat,shuffled,definition,sum,midpoint,27,-4.173224484478986,-9.277423618457934,1.033407591007369,0.25925925925925924
zh_ja,qwen25_7b,chat,shuffled,refers,mean,semantic,27,0.02315742881209762,-0.4338302232601024,0.4754366662767196,0.5185185185185185
zh_ja,qwen25_7b,chat,shuffled,refers,mean,language,27,0.09778751267327203,-0.1109608789285024,0.3050756648734763,0.6666666666666666
zh_ja,qwen25_7b,chat,shuffled,refers,mean,interaction,27,0.06263773529617875,-0.19342033112490617,0.33186846971511824,0.48148148148148145
zh_ja,qwen25_7b,chat,shuffled,refers,mean,diagonal_switch,27,0.12094494148536965,-0.3402518356287921,0.5951638049549526,0.5555555555555556
zh_ja,qwen25_7b,chat,shuffled,refers,mean,midpoint,27,-1.0466200334054452,-1.72895519512671,-0.4038811069947702,0.2222222222222222
zh_ja,qwen25_7b,chat,shuffled,refers,sum,semantic,27,0.22402254740397134,-2.8325987833517567,3.1905633484875713,0.5185185185185185
zh_ja,qwen25_7b,chat,shuffled,refers,sum,language,27,1.4654527593542028,0.009287378523084863,2.958157389252272,0.7037037037037037
zh_ja,qwen25_7b,chat,shuffled,refers,sum,interaction,27,0.5553256847240307,-1.2322831789652506,2.302702087826199,0.5555555555555556
zh_ja,qwen25_7b,chat,shuffled,refers,sum,diagonal_switch,27,1.6894753067581743,-1.601480703000669,5.143450422640196,0.5925925925925926
zh_ja,qwen25_7b,chat,shuffled,refers,sum,midpoint,27,-4.618835378576208,-11.338508007261487,1.42786184593483,0.37037037037037035
zh_ja,qwen25_7b,plain,full,bare,mean,semantic,27,2.5472459263271756,1.6762797919688401,3.3733235692536385,0.8888888888888888
zh_ja,qwen25_7b,plain,full,bare,mean,language,27,1.440644864682798,0.9259669927535235,1.982155895564291,0.8518518518518519
zh_ja,qwen25_7b,plain,full,bare,mean,interaction,27,-1.31821870803833,-2.5259104748566945,-0.21311951941914112,0.25925925925925924
zh_ja,qwen25_7b,plain,full,bare,mean,diagonal_switch,27,3.9878907910099737,2.973964590938003,4.997332593909015,0.8888888888888888
zh_ja,qwen25_7b,plain,full,bare,mean,midpoint,27,-4.2403332480677856,-6.47242806410348,-2.221025761078908,0.2222222222222222
zh_ja,qwen25_7b,plain,full,bare,sum,semantic,27,6.005760687368888,4.101736515098148,8.032938507309666,0.9259259259259259
zh_ja,qwen25_7b,plain,full,bare,sum,language,27,3.118160336105912,2.0400145365132225,4.467368313559779,0.8888888888888888
zh_ja,qwen25_7b,plain,full,bare,sum,interaction,27,-2.6701457412154586,-5.064180217407368,-0.4509042766359117,0.37037037037037035
zh_ja,qwen25_7b,plain,full,bare,sum,diagonal_switch,27,9.1239210234748,6.806921099291907,11.53471374997386,0.9629629629629629
zh_ja,qwen25_7b,plain,full,bare,sum,midpoint,27,-5.547317089857878,-9.907486876072708,-1.6432475167292167,0.2222222222222222
zh_ja,qwen25_7b,plain,full,definition,mean,semantic,27,1.200516113528499,0.9117909284653487,1.492538128517292,0.9629629629629629
zh_ja,qwen25_7b,plain,full,definition,mean,language,27,0.6728652097560741,0.4102947693180155,0.9449468060776037,0.8518518518518519
zh_ja,qwen25_7b,plain,full,definition,mean,interaction,27,-0.30787611890722205,-0.7466895699501038,0.13451018024373848,0.3333333333333333
zh_ja,qwen25_7b,plain,full,definition,mean,diagonal_switch,27,1.873381323284573,1.457279724324191,2.315187289538207,0.9629629629629629
zh_ja,qwen25_7b,plain,full,definition,mean,midpoint,27,-1.152356055047777,-1.9196039309104285,-0.43778854961748503,0.25925925925925924
zh_ja,qwen25_7b,plain,full,definition,sum,semantic,27,7.077150380169904,5.331547784805298,8.891801579793293,0.9629629629629629
zh_ja,qwen25_7b,plain,full,definition,sum,language,27,3.766117908336498,2.40229676299625,5.221583262196293,0.8888888888888888
zh_ja,qwen25_7b,plain,full,definition,sum,interaction,27,-1.8733682279233579,-4.352765816229361,0.4886287901136589,0.37037037037037035
zh_ja,qwen25_7b,plain,full,definition,sum,diagonal_switch,27,10.843268288506401,8.479874870512221,13.254521659568503,0.9629629629629629
zh_ja,qwen25_7b,plain,full,definition,sum,midpoint,27,-4.326348304748535,-8.874996569421556,-0.08861440199393235,0.2962962962962963
zh_ja,qwen25_7b,plain,full,refers,mean,semantic,27,1.3116494063977842,1.016045899192492,1.6147961276548874,0.9629629629629629
zh_ja,qwen25_7b,plain,full,refers,mean,language,27,0.5990728316483674,0.3272356543276045,0.896082563974239,0.7777777777777778
zh_ja,qwen25_7b,plain,full,refers,mean,interaction,27,-0.14552662990711354,-0.5067482848962148,0.22644585702154263,0.5555555555555556
zh_ja,qwen25_7b,plain,full,refers,mean,diagonal_switch,27,1.9107222380461517,1.4842465023199718,2.3274058236016164,0.9629629629629629
zh_ja,qwen25_7b,plain,full,refers,mean,midpoint,27,-0.6646459102630615,-1.1697076367007362,-0.18912904240466966,0.3333333333333333
zh_ja,qwen25_7b,plain,full,refers,sum,semantic,27,8.789300777294018,6.612687586855005,11.052977210504038,0.9629629629629629
zh_ja,qwen25_7b,plain,full,refers,sum,language,27,4.058260599772136,2.167560582690769,6.014811256196764,0.7777777777777778
zh_ja,qwen25_7b,plain,full,refers,sum,interaction,27,-1.4922498067220051,-4.294544790409229,0.9843434351461902,0.48148148148148145
zh_ja,qwen25_7b,plain,full,refers,sum,diagonal_switch,27,12.847561377066153,9.771746273393985,16.060655383710507,0.9259259259259259
zh_ja,qwen25_7b,plain,full,refers,sum,midpoint,27,-3.2244720105771667,-7.840678403112624,0.6656469097843862,0.4074074074074074
zh_ja,qwen25_7b,plain,language_only,bare,mean,semantic,27,0.006238403143706145,-0.005818111366695827,0.018926632735464303,0.2222222222222222
zh_ja,qwen25_7b,plain,language_only,bare,mean,language,27,4.890051117649785,3.3346902316367184,6.5623598428788,0.9259259259259259
zh_ja,qwen25_7b,plain,language_only,bare,mean,interaction,27,0.01247680628741229,-0.011465383238262598,0.03787351758391766,0.2222222222222222
zh_ja,qwen25_7b,plain,language_only,bare,mean,diagonal_switch,27,4.896289520793491,3.3403874790226973,6.57039987610446,0.9259259259259259
zh_ja,qwen25_7b,plain,language_only,bare,mean,midpoint,27,-3.44922563985542,-5.240343287973492,-1.7296709296328057,0.2222222222222222
zh_ja,qwen25_7b,plain,language_only,bare,sum,semantic,27,0.031763019385161226,-0.007775010223741884,0.07720774390079356,0.2222222222222222
zh_ja,qwen25_7b,plain,language_only,bare,sum,language,27,10.181284970707363,6.8819751358694505,13.91224167987152,0.9259259259259259
zh_ja,qwen25_7b,plain,language_only,bare,sum,interaction,27,0.06352603877032245,-0.015263179937998455,0.15064975442709724,0.2222222222222222
zh_ja,qwen25_7b,plain,language_only,bare,sum,diagonal_switch,27,10.213047990092525,6.857591095677129,13.970784121199888,0.9259259259259259
zh_ja,qwen25_7b,plain,language_only,bare,sum,midpoint,27,-4.862497837455185,-9.648165312188643,-0.029692731632129266,0.3333333333333333
zh_ja,qwen25_7b,plain,language_only,definition,mean,semantic,27,-0.0015279098793312355,-0.0057461520036061605,0.0022924749939529972,0.18518518518518517
zh_ja,qwen25_7b,plain,language_only,definition,mean,language,27,1.68242523405287,1.0977294736438328,2.332761330295492,0.8518518518518519
zh_ja,qwen25_7b,plain,language_only,definition,mean,interaction,27,-0.003055819758662471,-0.01183170963216711,0.004485802297238949,0.18518518518518517
zh_ja,qwen25_7b,plain,language_only,definition,mean,diagonal_switch,27,1.6808973241735388,1.093810091857557,2.310662074883779,0.8518518518518519
zh_ja,qwen25_7b,plain,language_only,definition,mean,midpoint,27,-1.3564963870578342,-2.0505789709311943,-0.6676034502409126,0.25925925925925924
zh_ja,qwen25_7b,plain,language_only,definition,sum,semantic,27,0.0055851053308557585,-0.037557050916883675,0.05055929554833306,0.18518518518518517
zh_ja,qwen25_7b,plain,language_only,definition,sum,language,27,9.38739808400472,6.290272478704099,12.588286554371868,0.8888888888888888
zh_ja,qwen25_7b,plain,language_only,definition,sum,interaction,27,0.011170210661711517,-0.07503794387534814,0.10183046129014746,0.18518518518518517
zh_ja,qwen25_7b,plain,language_only,definition,sum,diagonal_switch,27,9.392983189335576,6.383335941809195,12.569548961851329,0.8888888888888888
zh_ja,qwen25_7b,plain,language_only,definition,sum,midpoint,27,-5.309094605622469,-10.10473785135481,-0.4354114364694873,0.25925925925925924
zh_ja,qwen25_7b,plain,language_only,refers,mean,semantic,27,0.0,0.0,0.0,0.0
zh_ja,qwen25_7b,plain,language_only,refers,mean,language,27,1.3704077844266538,0.8821512873525973,1.901524868055626,0.9259259259259259
zh_ja,qwen25_7b,plain,language_only,refers,mean,interaction,27,0.0,0.0,0.0,0.0
zh_ja,qwen25_7b,plain,language_only,refers,mean,diagonal_switch,27,1.3704077844266538,0.8720522741476695,1.9340053902732,0.9259259259259259
zh_ja,qwen25_7b,plain,language_only,refers,mean,midpoint,27,-0.8973706430859036,-1.414605567190382,-0.3997296911698801,0.2962962962962963
zh_ja,qwen25_7b,plain,language_only,refers,sum,semantic,27,0.0,0.0,0.0,0.0
zh_ja,qwen25_7b,plain,language_only,refers,sum,language,27,8.992613898383247,5.756408675511678,12.47543546711957,0.9259259259259259
zh_ja,qwen25_7b,plain,language_only,refers,sum,interaction,27,0.0,0.0,0.0,0.0
zh_ja,qwen25_7b,plain,language_only,refers,sum,diagonal_switch,27,8.992613898383247,5.902768550095735,12.329237591778789,0.9259259259259259
zh_ja,qwen25_7b,plain,language_only,refers,sum,midpoint,27,-4.806636245162399,-10.011083140196623,-0.0933580857736118,0.3333333333333333
zh_ja,qwen25_7b,plain,masked,bare,mean,semantic,27,5.292012404512476,3.8595374554395674,6.715165765528324,0.8888888888888888
zh_ja,qwen25_7b,plain,masked,bare,mean,language,27,0.29615875085194904,-0.5271088984277513,1.0904922789997515,0.5925925925925926
zh_ja,qwen25_7b,plain,masked,bare,mean,interaction,27,-1.5937466179883037,-3.555221266216702,0.12451710391927502,0.4074074074074074
zh_ja,qwen25_7b,plain,masked,bare,mean,diagonal_switch,27,5.588171155364425,4.010267466085929,7.135721773571437,0.9259259259259259
zh_ja,qwen25_7b,plain,masked,bare,mean,midpoint,27,-1.0828530655966864,-3.392665092371128,1.1582994054864924,0.4444444444444444
zh_ja,qwen25_7b,plain,masked,bare,sum,semantic,27,12.490663404817935,9.148435784710777,16.05714515580071,0.9259259259259259
zh_ja,qwen25_7b,plain,masked,bare,sum,language,27,0.10228257709079319,-1.382979733855636,1.4557710594601094,0.6296296296296297
zh_ja,qwen25_7b,plain,masked,bare,sum,interaction,27,-1.4863418649744105,-4.320445167576825,1.3299380991193968,0.4444444444444444
zh_ja,qwen25_7b,plain,masked,bare,sum,diagonal_switch,27,12.592945981908727,8.728647134039138,16.60180026072043,0.9259259259259259
zh_ja,qwen25_7b,plain,masked,bare,sum,midpoint,27,1.4635990813926414,-3.3653963256765294,6.2164196553053666,0.5185185185185185
zh_ja,qwen25_7b,plain,masked,definition,mean,semantic,27,2.0612004465527005,1.6346694437442004,2.488121156449671,1.0
zh_ja,qwen25_7b,plain,masked,definition,mean,language,27,0.05331680951295076,-0.13839270373185478,0.25658751582657846,0.48148148148148145
zh_ja,qwen25_7b,plain,masked,definition,mean,interaction,27,-0.4463186528947618,-0.7437142151373404,-0.12616923892939547,0.2222222222222222
zh_ja,qwen25_7b,plain,masked,definition,mean,diagonal_switch,27,2.114517256065651,1.6803164735988334,2.5511879742145536,1.0
zh_ja,qwen25_7b,plain,masked,definition,mean,midpoint,27,-0.4550598241664745,-1.2216343495580884,0.29675371161213604,0.4074074074074074
zh_ja,qwen25_7b,plain,masked,definition,sum,semantic,27,12.372487633316606,9.6637561250616,15.443741106986996,1.0
zh_ja,qwen25_7b,plain,masked,definition,sum,language,27,0.08549156895390263,-0.9681878655045121,1.2073400868309856,0.5185185185185185
zh_ja,qwen25_7b,plain,masked,definition,sum,interaction,27,-1.244283393577293,-2.9215500831604007,0.567308925699304,0.3333333333333333
zh_ja,qwen25_7b,plain,masked,definition,sum,diagonal_switch,27,12.457979202270508,9.715338818232219,15.539514296143143,1.0
zh_ja,qwen25_7b,plain,masked,definition,sum,midpoint,27,0.10174217930546513,-4.370594848526848,4.398383476116032,0.5555555555555556
zh_ja,qwen25_7b,plain,masked,refers,mean,semantic,27,2.2290468745761447,1.86452417506112,2.6105499808435084,1.0
zh_ja,qwen25_7b,plain,masked,refers,mean,language,27,0.12085390090942383,-0.04527870350413852,0.28968454599380494,0.5185185185185185
zh_ja,qwen25_7b,plain,masked,refers,mean,interaction,27,-0.2779520529287833,-0.6245151113580774,0.0802157697854217,0.25925925925925924
zh_ja,qwen25_7b,plain,masked,refers,mean,diagonal_switch,27,2.3499007754855685,1.9741648364950108,2.7348944845022976,1.0
zh_ja,qwen25_7b,plain,masked,refers,mean,midpoint,27,-0.0037590486031991465,-0.5715562948474178,0.5637400479228407,0.5185185185185185
zh_ja,qwen25_7b,plain,masked,refers,sum,semantic,27,15.060308527063441,12.348464673536796,17.886302534739176,1.0
zh_ja,qwen25_7b,plain,masked,refers,sum,language,27,0.4144728625262225,-0.7127282840234261,1.535212951236301,0.5925925925925926
zh_ja,qwen25_7b,plain,masked,refers,sum,interaction,27,-1.853258768717448,-3.8746319982740616,0.2896722828900319,0.2222222222222222
zh_ja,qwen25_7b,plain,masked,refers,sum,diagonal_switch,27,15.474781389589664,12.567086980960987,18.501399933850323,1.0
zh_ja,qwen25_7b,plain,masked,refers,sum,midpoint,27,1.6208741576583297,-3.1456610485359473,6.043973689609101,0.5925925925925926
zh_ja,qwen25_7b,plain,shuffled,bare,mean,semantic,27,0.11547538527735958,-1.0614268412192662,1.5100617062162467,0.4074074074074074
zh_ja,qwen25_7b,plain,shuffled,bare,mean,language,27,0.5285835840083934,-0.06961198758195947,1.1214142437334413,0.6666666666666666
zh_ja,qwen25_7b,plain,shuffled,bare,mean,interaction,27,-0.19619448096663863,-1.1442071214870169,0.6907622308642775,0.48148148148148145
zh_ja,qwen25_7b,plain,shuffled,bare,mean,diagonal_switch,27,0.644058969285753,-0.5344503923698708,1.8943769856735508,0.5925925925925926
zh_ja,qwen25_7b,plain,shuffled,bare,mean,midpoint,27,-3.733408468740958,-6.185060114992989,-1.3890363313533647,0.2962962962962963
zh_ja,qwen25_7b,plain,shuffled,bare,sum,semantic,27,-0.11879316082707157,-2.124782335537451,1.9467443967307034,0.4074074074074074
zh_ja,qwen25_7b,plain,shuffled,bare,sum,language,27,0.8261253127345333,-0.11825542626557525,1.8654732770389977,0.5925925925925926
zh_ja,qwen25_7b,plain,shuffled,bare,sum,interaction,27,0.4478074003148962,-1.3332499150876647,2.373150683773888,0.4074074074074074
zh_ja,qwen25_7b,plain,shuffled,bare,sum,diagonal_switch,27,0.7073321519074617,-1.386310210492876,2.9117545511987473,0.48148148148148145
zh_ja,qwen25_7b,plain,shuffled,bare,sum,midpoint,27,-4.13060548570421,-8.542802988820606,0.304473994175586,0.4074074074074074
zh_ja,qwen25_7b,plain,shuffled,definition,mean,semantic,27,0.13123571431195294,-0.28265187541643777,0.5828341002817505,0.6666666666666666
zh_ja,qwen25_7b,plain,shuffled,definition,mean,language,27,0.08416823104575828,-0.08171412591580993,0.2482065487790991,0.6296296296296297
zh_ja,qwen25_7b,plain,shuffled,definition,mean,interaction,27,0.01814218803688332,-0.2165951587535717,0.26536039908726994,0.48148148148148145
zh_ja,qwen25_7b,plain,shuffled,definition,mean,diagonal_switch,27,0.21540394535771124,-0.24726791823351824,0.6806144082987748,0.6666666666666666
zh_ja,qwen25_7b,plain,shuffled,definition,mean,midpoint,27,-1.4779279320328325,-2.2759618361790976,-0.7259489419283692,0.25925925925925924
zh_ja,qwen25_7b,plain,shuffled,definition,sum,semantic,27,0.5182675255669488,-1.3825744478790847,2.5356258913322725,0.5555555555555556
zh_ja,qwen25_7b,plain,shuffled,definition,sum,language,27,0.1285535317880136,-0.5623741547266642,0.810177637912608,0.5925925925925926
zh_ja,qwen25_7b,plain,shuffled,definition,sum,interaction,27,0.11493174235026042,-1.0411575970826326,1.280834865570068,0.5185185185185185
zh_ja,qwen25_7b,plain,shuffled,definition,sum,diagonal_switch,27,0.6468210573549624,-1.571511169716164,2.73189145900585,0.7407407407407407
zh_ja,qwen25_7b,plain,shuffled,definition,sum,midpoint,27,-5.80864722640426,-10.79703720410665,-0.3639021891134814,0.3333333333333333
zh_ja,qwen25_7b,plain,shuffled,refers,mean,semantic,27,0.039013041390313044,-0.2999602814515432,0.38474498126241874,0.48148148148148145
zh_ja,qwen25_7b,plain,shuffled,refers,mean,language,27,0.050967004564073354,-0.07431180808279249,0.18170836325044976,0.5555555555555556
zh_ja,qwen25_7b,plain,shuffled,refers,mean,interaction,27,0.04159906175401476,-0.1846645858552721,0.2576411803563434,0.5555555555555556
zh_ja,qwen25_7b,plain,shuffled,refers,mean,diagonal_switch,27,0.0899800459543864,-0.2830428942486092,0.47729499914028023,0.5185185185185185
zh_ja,qwen25_7b,plain,shuffled,refers,mean,midpoint,27,-0.9581685816800153,-1.5170057121250364,-0.3996957553757566,0.2962962962962963
zh_ja,qwen25_7b,plain,shuffled,refers,sum,semantic,27,0.32849145818639686,-1.8975058361336037,2.55589994324578,0.4444444444444444
zh_ja,qwen25_7b,plain,shuffled,refers,sum,language,27,0.10969744788275824,-0.8591303383862531,1.1902610293141118,0.5185185185185185
zh_ja,qwen25_7b,plain,shuffled,refers,sum,interaction,27,0.4350590882477937,-1.119472434785631,1.8980160907462786,0.5185185185185185
zh_ja,qwen25_7b,plain,shuffled,refers,sum,diagonal_switch,27,0.4381889060691551,-2.0302559269799123,2.934205005787036,0.48148148148148145
zh_ja,qwen25_7b,plain,shuffled,refers,sum,midpoint,27,-4.790969354135019,-10.315959125094944,0.24039062835551808,0.37037037037037035
zh_ja,qwen3_8b,chat,full,bare,mean,semantic,27,0.9296111177515101,0.28010522943955884,1.5947509664076338,0.6666666666666666
zh_ja,qwen3_8b,chat,full,bare,mean,language,27,0.8401214634930646,-0.055555169008396264,1.7341019793792976,0.6666666666666666
zh_ja,qwen3_8b,chat,full,bare,mean,interaction,27,-0.14582305484347874,-1.138868072297838,0.7683250731892042,0.48148148148148145
zh_ja,qwen3_8b,chat,full,bare,mean,diagonal_switch,27,1.7697325812445746,0.5078458543177004,3.0200785906226537,0.7407407407407407
zh_ja,qwen3_8b,chat,full,bare,mean,midpoint,27,0.39479956803498445,-4.384991731246313,5.164548165268367,0.4444444444444444
zh_ja,qwen3_8b,chat,full,bare,sum,semantic,27,3.5240827842994973,1.5283822571789776,5.649757173326281,0.6666666666666666
zh_ja,qwen3_8b,chat,full,bare,sum,language,27,2.8663141109325267,0.5869761422828392,5.161143304683544,0.7407407407407407
zh_ja,qwen3_8b,chat,full,bare,sum,interaction,27,-0.2697806888156467,-2.8272766908009848,2.2626726450743484,0.48148148148148145
zh_ja,qwen3_8b,chat,full,bare,sum,diagonal_switch,27,6.390396895232024,3.0811183028750952,9.593266886251943,0.7777777777777778
zh_ja,qwen3_8b,chat,full,bare,sum,midpoint,27,1.6982085263287579,-5.702924686008029,9.264979158507453,0.48148148148148145
zh_ja,qwen3_8b,chat,full,definition,mean,semantic,27,0.9971686027668141,0.7738510359216619,1.2413505439405086,0.9629629629629629
zh_ja,qwen3_8b,chat,full,definition,mean,language,27,0.4946415424346924,0.2785341920676055,0.7285904082987041,0.8148148148148148
zh_ja,qwen3_8b,chat,full,definition,mean,interaction,27,-0.3766111267937554,-0.6826607907259906,-0.06822384419264617,0.3333333333333333
zh_ja,qwen3_8b,chat,full,definition,mean,diagonal_switch,27,1.4918101452015065,1.2152283973164029,1.7864402766580934,1.0
zh_ja,qwen3_8b,chat,full,definition,mean,midpoint,27,-1.083446741104126,-2.265033796540013,0.055798106061086726,0.37037037037037035
zh_ja,qwen3_8b,chat,full,definition,sum,semantic,27,5.617856484872323,4.345317602157593,6.95820376254894,1.0
zh_ja,qwen3_8b,chat,full,definition,sum,language,27,2.8355930469654225,1.671920864670365,4.075412192168058,0.8148148148148148
zh_ja,qwen3_8b,chat,full,definition,sum,interaction,27,-1.9361165364583333,-3.775272100943106,-0.11106385478267007,0.2962962962962963
zh_ja,qwen3_8b,chat,full,definition,sum,diagonal_switch,27,8.453449531837746,6.806511857774523,10.12116663897479,0.9629629629629629
zh_ja,qwen3_8b,chat,full,definition,sum,midpoint,27,-2.609108183119032,-6.748652920899567,1.4735534844575073,0.3333333333333333
zh_ja,qwen3_8b,chat,full,refers,mean,semantic,27,1.1343608255739566,0.9060996929804485,1.362856093159428,1.0
zh_ja,qwen3_8b,chat,full,refers,mean,language,27,0.5730024796945078,0.3487007211755823,0.8078526090692589,0.8888888888888888
zh_ja,qwen3_8b,chat,full,refers,mean,interaction,27,-0.3183329193680375,-0.6018584163100631,-0.027628627529850725,0.2222222222222222
zh_ja,qwen3_8b,chat,full,refers,mean,diagonal_switch,27,1.7073633052684642,1.3975585014731795,2.004670578462106,1.0
zh_ja,qwen3_8b,chat,full,refers,mean,midpoint,27,-0.6663310086285626,-1.6156728896829817,0.22096365050033226,0.4444444444444444
zh_ja,qwen3_8b,chat,full,refers,sum,semantic,27,7.525236836186162,5.959537786907619,9.169263928024856,1.0
zh_ja,qwen3_8b,chat,full,refers,sum,language,27,3.5687543374520763,2.178585845452768,5.029934231440226,0.8888888888888888
zh_ja,qwen3_8b,chat,full,refers,sum,interaction,27,-1.6671533937807437,-3.616229149147316,0.5480856224342628,0.2962962962962963
zh_ja,qwen3_8b,chat,full,refers,sum,diagonal_switch,27,11.093991173638237,9.246265930599638,13.051624781997115,1.0
zh_ja,qwen3_8b,chat,full,refers,sum,midpoint,27,-1.615099518387406,-6.343484209201954,2.6457254586396375,0.37037037037037035
zh_ja,qwen3_8b,chat,language_only,bare,mean,semantic,27,-0.01708680612069589,-0.05235481438813386,0.016494925375337945,0.25925925925925924
zh_ja,qwen3_8b,chat,language_only,bare,mean,language,27,1.5872814920213487,0.8711367086127952,2.4003093066038903,0.7777777777777778
zh_ja,qwen3_8b,chat,language_only,bare,mean,interaction,27,-0.03417361224139178,-0.10360255771213107,0.0344876925150553,0.25925925925925924
zh_ja,qwen3_8b,chat,language_only,bare,mean,diagonal_switch,27,1.5701946859006528,0.8698010749287076,2.395239355829027,0.7407407407407407
zh_ja,qwen3_8b,chat,language_only,bare,mean,midpoint,27,0.420006619559394,-3.8573688332681297,4.913620105716916,0.48148148148148145
zh_ja,qwen3_8b,chat,language_only,bare,sum,semantic,27,-0.0008490527117693866,-0.05989881798073097,0.058489644085919404,0.4074074074074074
zh_ja,qwen3_8b,chat,language_only,bare,sum,language,27,4.676536348130968,2.4800976523646603,7.16692070254573,0.7777777777777778
zh_ja,qwen3_8b,chat,language_only,bare,sum,interaction,27,-0.0016981054235387732,-0.12490881107471608,0.11343952108312533,0.4074074074074074
zh_ja,qwen3_8b,chat,language_only,bare,sum,diagonal_switch,27,4.675687295419198,2.429980832559091,7.159479480319551,0.7777777777777778
zh_ja,qwen3_8b,chat,language_only,bare,sum,midpoint,27,1.3973677599871601,-6.225982909732394,9.075319728144892,0.4444444444444444
zh_ja,qwen3_8b,chat,language_only,definition,mean,semantic,27,-0.007441591333459925,-0.01335259234463727,-0.0016383431575916457,0.2222222222222222
zh_ja,qwen3_8b,chat,language_only,definition,mean,language,27,1.1832723087734647,0.7535730423750702,1.6710079970183196,0.9629629629629629
zh_ja,qwen3_8b,chat,language_only,definition,mean,interaction,27,-0.01488318266691985,-0.0267337958017985,-0.0036365924058137226,0.2222222222222222
zh_ja,qwen3_8b,chat,language_only,definition,mean,diagonal_switch,27,1.1758307174400047,0.7396163940429688,1.6511391494009213,0.9629629629629629
zh_ja,qwen3_8b,chat,language_only,definition,mean,midpoint,27,-1.0887965537883617,-2.2084023541874354,-0.06533640601016949,0.3333333333333333
zh_ja,qwen3_8b,chat,language_only,definition,sum,semantic,27,-0.02794668409559462,-0.06116815143161349,-0.0005101839701334738,0.2222222222222222
zh_ja,qwen3_8b,chat,language_only,definition,sum,language,27,6.242032439620407,4.024998486483539,8.651959553471318,0.9629629629629629
zh_ja,qwen3_8b,chat,language_only,definition,sum,interaction,27,-0.05589336819118924,-0.12274819833260994,-0.000496355692545585,0.2222222222222222
zh_ja,qwen3_8b,chat,language_only,definition,sum,diagonal_switch,27,6.214085755524812,4.065260463290745,8.61899850633409,0.9629629629629629
zh_ja,qwen3_8b,chat,language_only,definition,sum,midpoint,27,-2.943390387075919,-7.014650521454988,1.3753048066739635,0.25925925925925924
zh_ja,qwen3_8b,chat,language_only,refers,mean,semantic,27,0.0,0.0,0.0,0.0
zh_ja,qwen3_8b,chat,language_only,refers,mean,language,27,1.0532366964552138,0.6837390700976055,1.474066944475527,0.9629629629629629
zh_ja,qwen3_8b,chat,language_only,refers,mean,interaction,27,0.0,0.0,0.0,0.0
zh_ja,qwen3_8b,chat,language_only,refers,mean,diagonal_switch,27,1.0532366964552138,0.685774263187691,1.4721976973392341,0.9629629629629629
zh_ja,qwen3_8b,chat,language_only,refers,mean,midpoint,27,-0.7627138120156748,-1.6278377687489545,0.02461653241404767,0.4074074074074074
zh_ja,qwen3_8b,chat,language_only,refers,sum,semantic,27,0.0,0.0,0.0,0.0
zh_ja,qwen3_8b,chat,language_only,refers,sum,language,27,6.623678984465422,4.428274288883916,9.002485688527422,0.9629629629629629
zh_ja,qwen3_8b,chat,language_only,refers,sum,interaction,27,0.0,0.0,0.0,0.0
zh_ja,qwen3_8b,chat,language_only,refers,sum,diagonal_switch,27,6.623678984465422,4.431024297078451,9.128809268386272,0.9629629629629629
zh_ja,qwen3_8b,chat,language_only,refers,sum,midpoint,27,-2.632091380931713,-7.439739449818928,1.9471595040073912,0.2962962962962963
zh_ja,qwen3_8b,chat,masked,bare,mean,semantic,27,3.117718979164406,1.9138095992582815,4.377967319665132,0.8148148148148148
zh_ja,qwen3_8b,chat,masked,bare,mean,language,27,-0.28057642336244937,-1.1554606230170639,0.4795892552093216,0.5925925925925926
zh_ja,qwen3_8b,chat,masked,bare,mean,interaction,27,-0.508777830335829,-1.8044558057078608,0.5909621927473279,0.5185185185185185
zh_ja,qwen3_8b,chat,masked,bare,mean,diagonal_switch,27,2.837142555801957,1.4116822719573976,4.3079407162136505,0.8148148148148148
zh_ja,qwen3_8b,chat,masked,bare,mean,midpoint,27,0.305700143178304,-4.6567041922498635,5.2370122313499365,0.48148148148148145
zh_ja,qwen3_8b,chat,masked,bare,sum,semantic,27,9.021597367745859,5.9522056164564905,12.150339266988965,0.8888888888888888
zh_ja,qwen3_8b,chat,masked,bare,sum,language,27,-0.30801896695737485,-2.2066492707641037,1.423334391911824,0.5555555555555556
zh_ja,qwen3_8b,chat,masked,bare,sum,interaction,27,-0.662298908940068,-3.7900326393268724,2.4413614343713808,0.5925925925925926
zh_ja,qwen3_8b,chat,masked,bare,sum,diagonal_switch,27,8.713578400788483,5.209287516276041,12.49342116249932,0.8518518518518519
zh_ja,qwen3_8b,chat,masked,bare,sum,midpoint,27,1.9554549323187933,-5.090929684815583,9.412175886719309,0.48148148148148145
zh_ja,qwen3_8b,chat,masked,definition,mean,semantic,27,1.2417694550973397,0.9178812581079977,1.5849987687887968,0.9629629629629629
zh_ja,qwen3_8b,chat,masked,definition,mean,language,27,-0.06823592715793186,-0.17609060097623755,0.04398588891382567,0.4074074074074074
zh_ja,qwen3_8b,chat,masked,definition,mean,interaction,27,-0.2865192625257704,-0.4333442286208824,-0.15017908944023983,0.18518518518518517
zh_ja,qwen3_8b,chat,masked,definition,mean,diagonal_switch,27,1.173533527939408,0.8108934362729391,1.544458159252449,0.8888888888888888
zh_ja,qwen3_8b,chat,masked,definition,mean,midpoint,27,-0.5966772768232558,-1.8613162287959346,0.6110854987744931,0.48148148148148145
zh_ja,qwen3_8b,chat,masked,definition,sum,semantic,27,7.222674970273618,5.366716086422956,9.156504682258321,0.9629629629629629
zh_ja,qwen3_8b,chat,masked,definition,sum,language,27,-0.3102826012505425,-0.829436390488236,0.1890489242694996,0.4074074074074074
zh_ja,qwen3_8b,chat,masked,definition,sum,interaction,27,-1.289578331841363,-2.3390791009973597,-0.13674811257256553,0.2222222222222222
zh_ja,qwen3_8b,chat,masked,definition,sum,diagonal_switch,27,6.912392369023076,4.907215732998318,9.030334101782902,0.9259259259259259
zh_ja,qwen3_8b,chat,masked,definition,sum,midpoint,27,-0.1550911090992115,-4.061914452800044,3.72816232045491,0.5555555555555556
zh_ja,qwen3_8b,chat,masked,refers,mean,semantic,27,1.4207956790924072,1.102412250527629,1.7573420546672962,0.9259259259259259
zh_ja,qwen3_8b,chat,masked,refers,mean,language,27,-0.06166540251837836,-0.15441862433044998,0.0345381606508184,0.37037037037037035
zh_ja,qwen3_8b,chat,masked,refers,mean,interaction,27,-0.07093406606603551,-0.2591676751772563,0.12006468949494535,0.4444444444444444
zh_ja,qwen3_8b,chat,masked,refers,mean,diagonal_switch,27,1.359130276574029,1.020315702756246,1.7177066105383412,0.9259259259259259
zh_ja,qwen3_8b,chat,masked,refers,mean,midpoint,27,-0.2696978869261565,-1.2120310284473277,0.6458310612925776,0.48148148148148145
zh_ja,qwen3_8b,chat,masked,refers,sum,semantic,27,9.521337226585105,7.238983482784696,11.785715389251708,0.9259259259259259
zh_ja,qwen3_8b,chat,masked,refers,sum,language,27,-0.4094695338496455,-1.012322093822338,0.17384107731006765,0.37037037037037035
zh_ja,qwen3_8b,chat,masked,refers,sum,interaction,27,0.1114161456072772,-1.1344802008734811,1.4633812480502653,0.48148148148148145
zh_ja,qwen3_8b,chat,masked,refers,sum,diagonal_switch,27,9.11186769273546,6.790592984799985,11.438325740672923,0.9259259259259259
zh_ja,qwen3_8b,chat,masked,refers,sum,midpoint,27,0.7448948754204644,-3.615314824492843,4.631328704622057,0.5925925925925926
zh_ja,qwen3_8b,chat,shuffled,bare,mean,semantic,27,0.15790172859474463,-0.3263404404675519,0.6486244122187292,0.5555555555555556
zh_ja,qwen3_8b,chat,shuffled,bare,mean,language,27,-0.3536467905397768,-0.9253507362471687,0.17733537267755564,0.5185185185185185
zh_ja,qwen3_8b,chat,shuffled,bare,mean,interaction,27,0.28368589613172746,-0.2494014271983394,0.8147236771053736,0.6296296296296297
zh_ja,qwen3_8b,chat,shuffled,bare,mean,diagonal_switch,27,-0.1957450619450322,-0.90240068214911,0.5311740093760999,0.5555555555555556
zh_ja,qwen3_8b,chat,shuffled,bare,mean,midpoint,27,-0.1890034940507677,-4.422983447931431,4.126326524990576,0.48148148148148145
zh_ja,qwen3_8b,chat,shuffled,bare,sum,semantic,27,0.503175452903465,-0.7119939503846344,1.8374322749950247,0.48148148148148145
zh_ja,qwen3_8b,chat,shuffled,bare,sum,language,27,-0.6626063452826606,-2.029624183089645,0.6495556407504609,0.5925925925925926
zh_ja,qwen3_8b,chat,shuffled,bare,sum,interaction,27,0.5010837978786893,-0.7585609647962782,1.713929745003029,0.6296296296296297
zh_ja,qwen3_8b,chat,shuffled,bare,sum,diagonal_switch,27,-0.1594308923791956,-1.7642449732179994,1.438286417501943,0.5555555555555556
zh_ja,qwen3_8b,chat,shuffled,bare,sum,midpoint,27,0.8386075055157697,-7.1902467056556985,9.061315725467818,0.5185185185185185
zh_ja,qwen3_8b,chat,shuffled,definition,mean,semantic,27,0.014168324293913665,-0.09334329344608165,0.11567374070485424,0.6296296296296297
zh_ja,qwen3_8b,chat,shuffled,definition,mean,language,27,0.08741706388968008,0.016711814756746646,0.16003982027371724,0.6666666666666666
zh_ja,qwen3_8b,chat,shuffled,definition,mean,interaction,27,0.05951922028153031,-0.08169523168493201,0.1852650982362252,0.6666666666666666
zh_ja,qwen3_8b,chat,shuffled,definition,mean,diagonal_switch,27,0.10158538818359375,-0.02669144515637998,0.23131190185193654,0.7037037037037037
zh_ja,qwen3_8b,chat,shuffled,definition,mean,midpoint,27,-1.132231182522244,-2.2813000038818076,-0.04351792754950394,0.37037037037037035
zh_ja,qwen3_8b,chat,shuffled,definition,sum,semantic,27,0.1092012193467882,-0.40513399618643303,0.6016213328750041,0.5925925925925926
zh_ja,qwen3_8b,chat,shuffled,definition,sum,language,27,0.47377070674189814,0.1263234191470676,0.850065799995705,0.6296296296296297
zh_ja,qwen3_8b,chat,shuffled,definition,sum,interaction,27,0.1375359429253472,-0.4874079739605939,0.7388531331662778,0.5925925925925926
zh_ja,qwen3_8b,chat,shuffled,definition,sum,diagonal_switch,27,0.5829719260886863,-0.034824502026593214,1.2592420613324198,0.6296296296296297
zh_ja,qwen3_8b,chat,shuffled,definition,sum,midpoint,27,-2.662883758544922,-6.971692703388356,1.9883181889851884,0.2962962962962963
zh_ja,qwen3_8b,chat,shuffled,refers,mean,semantic,27,0.0015616328627974898,-0.10919117000367907,0.10840848573931923,0.5555555555555556
zh_ja,qwen3_8b,chat,shuffled,refers,mean,language,27,0.038387784251460326,-0.04442456497086419,0.11825293766127686,0.5925925925925926
zh_ja,qwen3_8b,chat,shuffled,refers,mean,interaction,27,-0.0633748902214898,-0.18591872851053873,0.05967554163049759,0.4444444444444444
zh_ja,qwen3_8b,chat,shuffled,refers,mean,diagonal_switch,27,0.03994941711425781,-0.09074551264444987,0.1695919451890168,0.5555555555555556
zh_ja,qwen3_8b,chat,shuffled,refers,mean,midpoint,27,-0.7940470554210521,-1.7032673698884468,0.04629372137564127,0.37037037037037035
zh_ja,qwen3_8b,chat,shuffled,refers,sum,semantic,27,0.103051432856807,-0.5508990340762668,0.7356343569578947,0.6296296296296297
zh_ja,qwen3_8b,chat,shuffled,refers,sum,language,27,0.28181535226327403,-0.14102749471311216,0.6818847603268088,0.5925925925925926
zh_ja,qwen3_8b,chat,shuffled,refers,sum,interaction,27,-0.2716744034378617,-1.0678309228685166,0.4591411096078369,0.4444444444444444
zh_ja,qwen3_8b,chat,shuffled,refers,sum,diagonal_switch,27,0.38486678512008105,-0.3848189389264142,1.143616422017415,0.6296296296296297
zh_ja,qwen3_8b,chat,shuffled,refers,sum,midpoint,27,-2.1209626374421298,-7.246604190049348,3.036697680861861,0.3333333333333333
zh_ja,qwen3_8b,plain,full,bare,mean,semantic,27,1.9399587291258353,1.3697959850231807,2.567198596287656,0.9259259259259259
zh_ja,qwen3_8b,plain,full,bare,mean,language,27,1.469560373712469,0.8286764909823736,2.1663495168641758,0.7777777777777778
zh_ja,qwen3_8b,plain,full,bare,mean,interaction,27,-0.9256980198400991,-1.845669757326444,-0.0570205974358101,0.4074074074074074
zh_ja,qwen3_8b,plain,full,bare,mean,diagonal_switch,27,3.4095191028383045,2.565466011895074,4.304763150767043,0.9629629629629629
zh_ja,qwen3_8b,plain,full,bare,mean,midpoint,27,-4.076795165185575,-6.415452213861324,-1.8601079680853425,0.2222222222222222
zh_ja,qwen3_8b,plain,full,bare,sum,semantic,27,5.209830747710334,3.4155014519338254,7.14556622174051,0.9629629629629629
zh_ja,qwen3_8b,plain,full,bare,sum,language,27,3.4619159830941095,2.0161771172726595,5.204244173566499,0.7777777777777778
zh_ja,qwen3_8b,plain,full,bare,sum,interaction,27,-0.8646127294611048,-3.0757160606207674,1.617936839660008,0.4444444444444444
zh_ja,qwen3_8b,plain,full,bare,sum,diagonal_switch,27,8.671746730804443,6.22404849794176,11.234988357844177,0.9629629629629629
zh_ja,qwen3_8b,plain,full,bare,sum,midpoint,27,-4.0457715899856,-8.011449475200086,0.0025961076771750485,0.3333333333333333
zh_ja,qwen3_8b,plain,full,definition,mean,semantic,27,1.2169953187306721,0.9785588029358122,1.4634339408742056,1.0
zh_ja,qwen3_8b,plain,full,definition,mean,language,27,0.6014333389423512,0.3486080731506701,0.8697355177667401,0.8518518518518519
zh_ja,qwen3_8b,plain,full,definition,mean,interaction,27,-0.38927088843451607,-0.7626289811399248,-0.00283122195137882,0.37037037037037035
zh_ja,qwen3_8b,plain,full,definition,mean,diagonal_switch,27,1.8184286576730233,1.4776282383335961,2.1658375642917775,1.0
zh_ja,qwen3_8b,plain,full,definition,mean,midpoint,27,-0.9215430683559842,-1.4901938845713931,-0.3872075509141999,0.2222222222222222
zh_ja,qwen3_8b,plain,full,definition,sum,semantic,27,6.835487754256637,5.339437426461114,8.415516512482254,1.0
zh_ja,qwen3_8b,plain,full,definition,sum,language,27,3.206574651930067,1.881492961777581,4.619878505777429,0.8518518518518519
zh_ja,qwen3_8b,plain,full,definition,sum,interaction,27,-1.7607572343614366,-4.134714652873852,0.5643068401901805,0.4074074074074074
zh_ja,qwen3_8b,plain,full,definition,sum,diagonal_switch,27,10.042062406186703,8.040346297511347,12.026789659923976,1.0
zh_ja,qwen3_8b,plain,full,definition,sum,midpoint,27,-3.1490920737937644,-7.358879363095318,0.7574976285298656,0.2962962962962963
zh_ja,qwen3_8b,plain,full,refers,mean,semantic,27,1.5911652953536422,1.2781160726591392,1.919710483043282,1.0
zh_ja,qwen3_8b,plain,full,refers,mean,language,27,0.6597454812791612,0.3909679975774553,0.9428782180503561,0.8518518518518519
zh_ja,qwen3_8b,plain,full,refers,mean,interaction,27,-0.39046670772411207,-0.7576945490307277,-0.026106848319371552,0.2962962962962963
zh_ja,qwen3_8b,plain,full,refers,mean,diagonal_switch,27,2.2509107766328036,1.8673177544717436,2.6418219590628587,1.0
zh_ja,qwen3_8b,plain,full,refers,mean,midpoint,27,-0.4394094944000244,-0.9462907668617037,0.04503751143261215,0.37037037037037035
zh_ja,qwen3_8b,plain,full,refers,sum,semantic,27,10.325552445870859,8.323995179600185,12.342682596489233,1.0
zh_ja,qwen3_8b,plain,full,refers,sum,language,27,4.1036802574440285,2.379302504327562,5.9021673061229505,0.8518518518518519
zh_ja,qwen3_8b,plain,full,refers,sum,interaction,27,-2.287136996233905,-4.770352789207741,0.38755170504252096,0.2962962962962963
zh_ja,qwen3_8b,plain,full,refers,sum,diagonal_switch,27,14.429232703314888,12.090179088380602,16.81825241865935,1.0
zh_ja,qwen3_8b,plain,full,refers,sum,midpoint,27,-1.6350253069842304,-6.409430979799341,2.871996939623796,0.37037037037037035
zh_ja,qwen3_8b,plain,language_only,bare,mean,semantic,27,-0.0038688977559407554,-0.01781276861826579,0.007388097047805783,0.2962962962962963
zh_ja,qwen3_8b,plain,language_only,bare,mean,language,27,3.656703363966059,2.2847384340785166,5.254287822268626,0.9629629629629629
zh_ja,qwen3_8b,plain,language_only,bare,mean,interaction,27,-0.007737795511881511,-0.03378777261133547,0.014288710444061837,0.2962962962962963
zh_ja,qwen3_8b,plain,language_only,bare,mean,diagonal_switch,27,3.652834466210118,2.3049400730817404,5.319614382860835,1.0
zh_ja,qwen3_8b,plain,language_only,bare,mean,midpoint,27,-3.1239507496356964,-4.680242418801343,-1.6817091213884179,0.18518518518518517
zh_ja,qwen3_8b,plain,language_only,bare,sum,semantic,27,-0.014138155513339572,-0.03177859816286299,0.001081183442363022,0.2962962962962963
zh_ja,qwen3_8b,plain,language_only,bare,sum,language,27,7.111776056113066,4.8684999420687,9.652713699583652,0.9629629629629629
zh_ja,qwen3_8b,plain,language_only,bare,sum,interaction,27,-0.028276311026679143,-0.061918381408408836,0.0014682270862437657,0.2962962962962963
zh_ja,qwen3_8b,plain,language_only,bare,sum,diagonal_switch,27,7.097637900599727,4.945771526628071,9.62485944959852,0.9629629629629629
zh_ja,qwen3_8b,plain,language_only,bare,sum,midpoint,27,-3.623514343191076,-7.858138655291664,0.49107212976172954,0.2962962962962963
zh_ja,qwen3_8b,plain,language_only,definition,mean,semantic,27,-0.0021975217042145907,-0.006718008937659087,0.001912614482420459,0.25925925925925924
zh_ja,qwen3_8b,plain,language_only,definition,mean,language,27,1.3821354265566226,0.9204063104258644,1.9018602187986726,1.0
zh_ja,qwen3_8b,plain,language_only,definition,mean,interaction,27,-0.0043950434084291815,-0.012903975778155856,0.0035828755961524014,0.25925925925925924
zh_ja,qwen3_8b,plain,language_only,definition,mean,diagonal_switch,27,1.3799379048524079,0.9120862238936954,1.916868639654583,1.0
zh_ja,qwen3_8b,plain,language_only,definition,mean,midpoint,27,-0.9040517056429828,-1.402424567717093,-0.4528893621983354,0.25925925925925924
zh_ja,qwen3_8b,plain,language_only,definition,sum,semantic,27,-0.010575365137170863,-0.030257864351625797,0.0076668642185352435,0.2962962962962963
zh_ja,qwen3_8b,plain,language_only,definition,sum,language,27,7.2817277908325195,4.97934160762363,9.852511980798509,1.0
zh_ja,qwen3_8b,plain,language_only,definition,sum,interaction,27,-0.021150730274341726,-0.05917926717687536,0.015809567769368465,0.2962962962962963
zh_ja,qwen3_8b,plain,language_only,definition,sum,diagonal_switch,27,7.271152425695349,4.9927915096282955,9.962138131812763,1.0
zh_ja,qwen3_8b,plain,language_only,definition,sum,midpoint,27,-3.3888513423778392,-7.539169557006271,0.7656079345279228,0.25925925925925924
zh_ja,qwen3_8b,plain,language_only,refers,mean,semantic,27,0.0,0.0,0.0,0.0
zh_ja,qwen3_8b,plain,language_only,refers,mean,language,27,1.2185901800791423,0.7867349399460686,1.6986109002872747,0.9629629629629629
zh_ja,qwen3_8b,plain,language_only,refers,mean,interaction,27,0.0,0.0,0.0,0.0
zh_ja,qwen3_8b,plain,language_only,refers,mean,diagonal_switch,27,1.2185901800791423,0.7802334544835267,1.7032626626668148,0.9629629629629629
zh_ja,qwen3_8b,plain,language_only,refers,mean,midpoint,27,-0.5815713714670252,-1.0287360062201818,-0.10304456220732808,0.4074074074074074
zh_ja,qwen3_8b,plain,language_only,refers,sum,semantic,27,0.0,0.0,0.0,0.0
zh_ja,qwen3_8b,plain,language_only,refers,sum,language,27,7.773813283001935,5.3002403126822575,10.642380321467364,0.9629629629629629
zh_ja,qwen3_8b,plain,language_only,refers,sum,interaction,27,0.0,0.0,0.0,0.0
zh_ja,qwen3_8b,plain,language_only,refers,sum,diagonal_switch,27,7.773813283001935,5.225025229100828,10.557488582752367,0.9629629629629629
zh_ja,qwen3_8b,plain,language_only,refers,sum,midpoint,27,-2.7682240627430104,-7.465513073956525,1.7665262394481205,0.2962962962962963
zh_ja,qwen3_8b,plain,masked,bare,mean,semantic,27,5.0982495325583,3.813074712289704,6.396874942271798,0.9629629629629629
zh_ja,qwen3_8b,plain,masked,bare,mean,language,27,-0.22481664021809897,-0.9724436426604235,0.5208256946669683,0.5185185185185185
zh_ja,qwen3_8b,plain,masked,bare,mean,interaction,27,-2.552241660930492,-4.11126689778434,-1.1486218280262421,0.3333333333333333
zh_ja,qwen3_8b,plain,masked,bare,mean,diagonal_switch,27,4.873432892340201,3.379601914794357,6.376869859960344,0.9629629629629629
zh_ja,qwen3_8b,plain,masked,bare,mean,midpoint,27,-2.1046169201533,-4.229076596873778,-0.14147344286795127,0.37037037037037035
zh_ja,qwen3_8b,plain,masked,bare,sum,semantic,27,10.509466180094966,7.994578345616659,12.976952276627221,0.9259259259259259
zh_ja,qwen3_8b,plain,masked,bare,sum,language,27,-0.09427906848766186,-1.2647662641825501,1.0737260500589973,0.48148148148148145
zh_ja,qwen3_8b,plain,masked,bare,sum,interaction,27,-2.716738329993354,-4.861378531985813,-0.4802953834886911,0.3333333333333333
zh_ja,qwen3_8b,plain,masked,bare,sum,diagonal_switch,27,10.415187111607304,7.63685796878956,13.185770572997903,0.9629629629629629
zh_ja,qwen3_8b,plain,masked,bare,sum,midpoint,27,-0.9599786952689842,-5.160796581374274,3.04608458854533,0.4444444444444444
zh_ja,qwen3_8b,plain,masked,definition,mean,semantic,27,1.6752533824355513,1.2680462985127061,2.095694471950884,0.9629629629629629
zh_ja,qwen3_8b,plain,masked,definition,mean,language,27,-0.07126406387046531,-0.2005818278701217,0.058595280294065064,0.48148148148148145
zh_ja,qwen3_8b,plain,masked,definition,mean,interaction,27,-0.2575302653842502,-0.503828642544923,-0.014975848462846554,0.2962962962962963
zh_ja,qwen3_8b,plain,masked,definition,mean,diagonal_switch,27,1.603989318565086,1.1622468219863045,2.0717124338503234,0.9629629629629629
zh_ja,qwen3_8b,plain,masked,definition,mean,midpoint,27,-0.3723063822145815,-1.004906243968893,0.24226645959748114,0.4444444444444444
zh_ja,qwen3_8b,plain,masked,definition,sum,semantic,27,9.177432201526782,6.9092273738649155,11.539627026628565,0.9629629629629629
zh_ja,qwen3_8b,plain,masked,definition,sum,language,27,-0.39826269502992984,-1.048597436481052,0.20842197206285207,0.4074074074074074
zh_ja,qwen3_8b,plain,masked,definition,sum,interaction,27,-1.099032578644929,-2.4434914659570763,0.4334195313630261,0.2962962962962963
zh_ja,qwen3_8b,plain,masked,definition,sum,diagonal_switch,27,8.779169506496853,6.454302268558078,11.134214226404822,0.9629629629629629
zh_ja,qwen3_8b,plain,masked,definition,sum,midpoint,27,-0.48067329548023363,-4.280810444443315,3.22967791557312,0.5555555555555556
zh_ja,qwen3_8b,plain,masked,refers,mean,semantic,27,1.6635547523145322,1.3074537303712634,2.028404062103342,0.9259259259259259
zh_ja,qwen3_8b,plain,masked,refers,mean,language,27,-0.09194377175083866,-0.18621982192551648,-0.007462789504616358,0.37037037037037035
zh_ja,qwen3_8b,plain,masked,refers,mean,interaction,27,-0.21297513997113263,-0.4301572152861842,-0.013195874293645266,0.37037037037037035
zh_ja,qwen3_8b,plain,masked,refers,mean,diagonal_switch,27,1.5716109805636935,1.1946348468462626,1.9400263018078272,0.9259259259259259
zh_ja,qwen3_8b,plain,masked,refers,mean,midpoint,27,-0.09919533906159578,-0.6080400348813446,0.42607928139192086,0.37037037037037035
zh_ja,qwen3_8b,plain,masked,refers,sum,semantic,27,11.10533188007496,8.768815545682555,13.426099408997429,0.9259259259259259
zh_ja,qwen3_8b,plain,masked,refers,sum,language,27,-0.7234977086385092,-1.3361650519900852,-0.1679222071612329,0.2962962962962963
zh_ja,qwen3_8b,plain,masked,refers,sum,interaction,27,-1.1088670094807942,-2.4597148012231895,0.1436020250673646,0.3333333333333333
zh_ja,qwen3_8b,plain,masked,refers,sum,diagonal_switch,27,10.38183417143645,8.112908328021014,12.629083093007404,0.9259259259259259
zh_ja,qwen3_8b,plain,masked,refers,sum,midpoint,27,0.5690107345581055,-3.867045264773899,4.565401023405563,0.5555555555555556
zh_ja,qwen3_8b,plain,shuffled,bare,mean,semantic,27,0.035279051021293355,-0.57791759962285,0.6888512946941232,0.48148148148148145
zh_ja,qwen3_8b,plain,shuffled,bare,mean,language,27,0.28383541769451565,-0.13528510911597147,0.6420532676356805,0.7407407407407407
zh_ja,qwen3_8b,plain,shuffled,bare,mean,interaction,27,-0.37126122139118334,-0.9024734871255027,0.08149718035150422,0.4444444444444444
zh_ja,qwen3_8b,plain,shuffled,bare,mean,diagonal_switch,27,0.319114468715809,-0.2867585713112796,0.975194616008687,0.6666666666666666
zh_ja,qwen3_8b,plain,shuffled,bare,mean,midpoint,27,-3.8713949146094144,-6.154764326468662,-1.7396416543810465,0.2962962962962963
zh_ja,qwen3_8b,plain,shuffled,bare,sum,semantic,27,-0.04028557848047327,-1.270511539556362,1.108753545195968,0.5185185185185185
zh_ja,qwen3_8b,plain,shuffled,bare,sum,language,27,1.1848674262011494,0.34314727120929295,2.1126047730445854,0.7037037037037037
zh_ja,qwen3_8b,plain,shuffled,bare,sum,interaction,27,-0.2758159107632107,-1.0328199536712082,0.44513263437482997,0.48148148148148145
zh_ja,qwen3_8b,plain,shuffled,bare,sum,diagonal_switch,27,1.144581847720676,-0.3064909034305148,2.6911756330066234,0.6666666666666666
zh_ja,qwen3_8b,plain,shuffled,bare,sum,midpoint,27,-3.5981509685516357,-8.0282733672195,0.8774891888653786,0.3333333333333333
zh_ja,qwen3_8b,plain,shuffled,definition,mean,semantic,27,0.001887608457494665,-0.13433348481301907,0.1374902346619853,0.5185185185185185
zh_ja,qwen3_8b,plain,shuffled,definition,mean,language,27,0.10870246092478435,0.019785848370304816,0.19584340684943724,0.6666666666666666
zh_ja,qwen3_8b,plain,shuffled,definition,mean,interaction,27,0.04458377096388075,-0.1270107035283689,0.20835240130071284,0.5925925925925926
zh_ja,qwen3_8b,plain,shuffled,definition,mean,diagonal_switch,27,0.11059006938227901,-0.05669726089194969,0.275691720732936,0.5555555555555556
zh_ja,qwen3_8b,plain,shuffled,definition,mean,midpoint,27,-1.0712364691275138,-1.5750241753127838,-0.5877587502753299,0.2222222222222222
zh_ja,qwen3_8b,plain,shuffled,definition,sum,semantic,27,-0.24586119475188078,-1.017285175676699,0.4757390092920364,0.5185185185185185
zh_ja,qwen3_8b,plain,shuffled,definition,sum,language,27,0.8655020395914713,0.3596204607575028,1.396303312866776,0.6666666666666666
zh_ja,qwen3_8b,plain,shuffled,definition,sum,interaction,27,0.2362085978190104,-0.5930720929746275,1.0317869080437554,0.48148148148148145
zh_ja,qwen3_8b,plain,shuffled,definition,sum,diagonal_switch,27,0.6196408448395906,-0.36977513277972185,1.5816237255379,0.5925925925925926
zh_ja,qwen3_8b,plain,shuffled,definition,sum,midpoint,27,-3.8588361033686884,-8.157176831033494,0.5184010938361829,0.2222222222222222
zh_ja,qwen3_8b,plain,shuffled,refers,mean,semantic,27,-0.011933485666910807,-0.1749340194242972,0.15383679094137964,0.4074074074074074
zh_ja,qwen3_8b,plain,shuffled,refers,mean,language,27,0.008902028754905419,-0.0788013442798897,0.09449303083949616,0.5555555555555556
zh_ja,qwen3_8b,plain,shuffled,refers,mean,interaction,27,-0.10003626788104023,-0.2527631108407621,0.04184322379253528,0.4444444444444444
zh_ja,qwen3_8b,plain,shuffled,refers,mean,diagonal_switch,27,-0.0030314569120053893,-0.17175856718310603,0.1580837680233848,0.48148148148148145
zh_ja,qwen3_8b,plain,shuffled,refers,mean,midpoint,27,-0.7151941061019897,-1.2216056250863605,-0.22060721693215557,0.2962962962962963
zh_ja,qwen3_8b,plain,shuffled,refers,sum,semantic,27,0.025512130172164353,-0.918489263675831,1.0515661416230366,0.4444444444444444
zh_ja,qwen3_8b,plain,shuffled,refers,sum,language,27,0.4120337168375651,-0.19014902821293583,0.9945351680119829,0.6296296296296297
zh_ja,qwen3_8b,plain,shuffled,refers,sum,interaction,27,-0.695967780219184,-1.6116644788671424,0.11327228546142575,0.5185185185185185
zh_ja,qwen3_8b,plain,shuffled,refers,sum,diagonal_switch,27,0.4375458470097295,-0.5639846130653664,1.48129946037575,0.48148148148148145
zh_ja,qwen3_8b,plain,shuffled,refers,sum,midpoint,27,-3.013909622474953,-8.199452308372216,2.0256567601804374,0.25925925925925924
