false_id,group,control_id,design_distance,max_standardized_gap
zh_ja_001,true_friend,true_004965,1.1160445175245461,1.0550927363200362
zh_ja_001,true_friend,true_002021,1.1255082055676113,1.0550927363200362
zh_ja_001,true_friend,true_004360,1.1363833844541922,1.0550927363200362
zh_ja_001,true_friend,true_002112,1.1423006494493377,1.0550927363200362
zh_ja_001,true_friend,true_003665,1.227169361692686,1.0550927363200362
zh_ja_001,true_friend,true_003326,1.2545260001194203,1.0550927363200362
zh_ja_001,true_friend,true_001561,1.3079431853802301,1.0550927363200362
zh_ja_001,true_friend,true_004147,1.3207409479279786,1.0550927363200362
zh_ja_001,true_friend,true_000792,1.3378879961405816,1.0550927363200362
zh_ja_001,true_friend,true_002521,1.382622222889661,1.0550927363200362
zh_ja_001,true_friend,true_006204,1.4237902722598386,1.0550927363200362
zh_ja_001,true_friend,true_005131,1.4359706125301686,1.0550927363200362
zh_ja_001,true_friend,true_002148,1.4565481334528452,1.0550927363200362
zh_ja_001,true_friend,true_001498,1.5372218581985004,1.0550927363200362
zh_ja_001,true_friend,true_005134,1.5922431266434813,1.0550927363200362
zh_ja_001,true_friend,true_003775,1.6018762024182092,1.0550927363200362
zh_ja_001,true_friend,true_002967,1.6593233593116954,1.0550927363200362
zh_ja_001,true_friend,true_003564,1.665761266608674,1.0550927363200362
zh_ja_001,true_friend,true_000622,1.7669961491041601,1.0550927363200362
zh_ja_001,true_friend,true_003251,1.8178610263352448,1.0550927363200362
zh_ja_001,true_friend,true_005269,1.8996221755031257,1.0550927363200362
zh_ja_001,true_friend,true_002250,1.902539285544731,1.0550927363200362
zh_ja_001,true_friend,true_002137,1.9567644288241417,1.0550927363200362
zh_ja_001,true_friend,true_001980,1.9997961726883526,1.0550927363200362
zh_ja_001,true_friend,true_005888,2.0114647704051216,1.0550927363200362
zh_ja_001,true_friend,true_002715,2.0412854374699214,1.0550927363200362
zh_ja_001,true_friend,true_000394,2.041715275665773,1.0550927363200362
zh_ja_001,true_friend,true_004710,2.1272202464677656,1.0550927363200362
zh_ja_001,true_friend,true_004630,2.150571720625541,1.0550927363200362
zh_ja_001,true_friend,true_006147,2.18081373584429,1.0550927363200362
zh_ja_001,true_friend,true_001803,2.181158699891735,1.0550927363200362
zh_ja_001,true_friend,true_001941,2.2034550149592054,1.0550927363200362
zh_ja_001,true_friend,true_001482,2.2225639985089582,1.0550927363200362
zh_ja_001,true_friend,true_000535,2.335814041242851,1.0550927363200362
zh_ja_001,true_friend,true_004400,2.357029855233627,1.0550927363200362
zh_ja_001,true_friend,true_004274,2.362609613775368,1.0550927363200362
zh_ja_001,true_friend,true_002136,2.376361936949321,1.0550927363200362
zh_ja_001,true_friend,true_005885,2.3930687882526227,1.0550927363200362
zh_ja_001,true_friend,true_003910,2.421401131079418,1.0550927363200362
zh_ja_001,true_friend,true_001018,2.459451265576284,1.0550927363200362
zh_ja_001,true_friend,true_001763,2.461210788018679,1.0550927363200362
zh_ja_001,true_friend,true_005644,2.504565784371109,1.0550927363200362
zh_ja_001,true_friend,true_006463,2.559884258185491,1.0550927363200362
zh_ja_001,true_friend,true_003715,2.5678537035470064,1.0550927363200362
zh_ja_001,true_friend,true_002438,2.576862342385513,1.0550927363200362
zh_ja_001,true_friend,true_002192,2.5920034479508844,1.0550927363200362
zh_ja_001,true_friend,true_000112,2.624206191372303,1.0550927363200362
zh_ja_001,true_friend,true_002079,2.6540656519743573,1.0550927363200362
zh_ja_001,true_friend,true_004717,2.727147478079872,1.0550927363200362
zh_ja_001,true_friend,true_000698,2.750545775589069,1.0550927363200362
zh_ja_001,true_friend,true_006451,2.7593194637426444,1.0550927363200362
zh_ja_001,true_friend,true_002177,2.7595196616112982,1.0607870854756078
zh_ja_001,true_friend,true_002367,2.771381337283093,1.0550927363200362
zh_ja_001,true_friend,true_001175,2.798245657659714,1.0550927363200362
zh_ja_001,true_friend,true_002213,2.8110393896250914,1.0550927363200362
zh_ja_001,true_friend,true_001348,2.997741723621748,1.0550927363200362
zh_ja_001,true_friend,true_002031,3.025909991241786,1.1625063950417616
zh_ja_001,true_friend,true_005882,3.0278555489988594,1.0550927363200362
zh_ja_001,true_friend,true_002440,3.1068505761893306,1.1770377249797837
zh_ja_001,true_friend,true_002419,3.1411850571120414,1.0550927363200362
zh_ja_001,true_friend,true_004061,3.1715889709933602,1.1189124052276955
zh_ja_001,true_friend,true_001323,3.1717966080946116,1.177037724979783
zh_ja_001,true_friend,true_002007,3.2090812027109967,1.147975065103739
zh_ja_001,true_friend,true_000410,3.246905941878799,1.1721388324075124
zh_ja_001,true_friend,true_003866,3.2484957057434647,1.133443735165718
zh_ja_001,true_friend,true_004118,3.288571396117872,1.2206317147938488
zh_ja_001,true_friend,true_004271,3.38115495084131,1.1189124052276955
zh_ja_001,true_friend,true_000957,3.5045615391309966,1.1859287010240722
zh_ja_001,true_friend,true_003013,3.513274794876099,1.278757034545937
zh_ja_001,true_friend,true_001457,3.5553459730345622,1.1479750651037395
zh_ja_001,true_friend,true_001956,3.573081180856658,1.158348963790955
zh_ja_001,true_friend,true_004691,3.5936102781577475,1.3223510243600038
zh_ja_001,true_friend,true_000951,3.6519748418382276,1.29328836448396
zh_ja_001,true_friend,true_002141,3.6742408469678542,1.2061003848558276
zh_ja_001,true_friend,true_001712,3.7033743947570184,1.351413684236048
zh_ja_001,true_friend,true_001836,3.8009714361177895,1.3078196944219822
zh_ja_001,true_friend,true_004489,3.851751774669329,1.3659450141740697
zh_ja_001,true_friend,true_001638,3.8558288874863855,1.3368823542980262
zh_ja_001,true_friend,true_003746,3.8878319685780554,1.3804763441120913
zh_ja_001,true_friend,true_001553,3.8885594163516615,1.3950076740501136
zh_ja_001,true_friend,true_000943,4.017970054889101,1.3395524350520085
zh_ja_001,true_friend,true_002740,4.0359319220071805,1.4240703339261571
zh_ja_001,true_friend,true_003244,4.09043369056375,1.3523100772905992
zh_ja_001,true_friend,true_005016,4.104340863873103,1.2932883644839592
zh_ja_001,true_friend,true_003225,4.11492720414819,1.43860166386418
zh_ja_001,true_friend,true_003168,4.158929877744137,1.2642257046079157
zh_ja_001,true_friend,true_005177,4.174371037983838,1.4386016638641794
zh_ja_001,true_friend,true_001247,4.186889424204908,1.467664323740224
zh_ja_001,true_friend,true_005973,4.258528312461645,1.4095390039881355
zh_ja_001,true_friend,true_004853,4.306581120695115,1.3950076740501136
zh_ja_001,true_friend,true_001615,4.309300886177309,1.4967269836162682
zh_ja_001,true_friend,true_000385,4.338949311082165,1.4967269836162682
zh_ja_001,true_friend,true_002041,4.374428659261631,1.3927767302724567
zh_ja_001,true_friend,true_001705,4.375817465010654,1.4095390039881366
zh_ja_001,true_friend,true_005723,4.426326224661766,1.365945014174069
zh_ja_001,true_friend,true_002189,4.472557907846028,1.5112583135542885
zh_ja_001,true_friend,true_005641,4.504963820162632,1.4416135729607336
zh_ja_001,true_friend,true_001745,4.576431846401082,1.3514136842360474
zh_ja_001,true_friend,true_004517,4.580266245894002,1.5548523033683563
zh_ja_001,true_friend,true_000481,4.6007869167683255,1.569383633306378
zh_ja_002,true_friend,true_003429,0.015767018607003126,0.08930349567013371
zh_ja_002,true_friend,true_001518,0.10790094634534345,0.23442776648150246
zh_ja_002,true_friend,true_000672,0.11345588911033538,0.2757973723311791
zh_ja_002,true_friend,true_005057,0.1708040916918773,0.2934257714875828
zh_ja_002,true_friend,true_003538,0.17473089221868587,0.3061834137261737
zh_ja_002,true_friend,true_002450,0.21335368495643667,0.3572139826805354
zh_ja_002,true_friend,true_000806,0.2311603351082566,0.34875191851252796
zh_ja_002,true_friend,true_002839,0.24218890547104605,0.36328324845055027
zh_ja_002,true_friend,true_006230,0.257146303311283,0.38611632126365103
zh_ja_002,true_friend,true_001744,0.28822583228574855,0.4504712280786826
zh_ja_002,true_friend,true_003812,0.3161381472731891,0.42100219387348853
zh_ja_002,true_friend,true_000189,0.3257047101158172,0.44127579572988695
zh_ja_002,true_friend,true_003130,0.32683375233626066,0.42140856820263844
zh_ja_002,true_friend,true_003843,0.3272875037509076,0.4688555329630049
zh_ja_002,true_friend,true_006036,0.3294370693687917,0.42748592711332767
zh_ja_002,true_friend,true_006467,0.3404528788350091,0.4688555329630049
zh_ja_002,true_friend,true_000150,0.3533515448726756,0.4337598361120788
zh_ja_002,true_friend,true_006106,0.36791731147605927,0.4650025580167042
zh_ja_002,true_friend,true_004575,0.374439004715307,0.47953388795472646
zh_ja_002,true_friend,true_003228,0.4081103963309355,0.5240150074292409
zh_ja_002,true_friend,true_002227,0.4229155528229275,0.5240150074292409
zh_ja_002,true_friend,true_002480,0.42421465503613054,0.4688555329630049
zh_ja_002,true_friend,true_005341,0.43581205884021135,0.5521905376448364
zh_ja_002,true_friend,true_002012,0.43734780853316446,0.48479040506644105
zh_ja_002,true_friend,true_005932,0.4557947178295364,0.4940652178927488
zh_ja_002,true_friend,true_005244,0.4856980807172032,0.5515947446623588
zh_ja_002,true_friend,true_005052,0.5490704921691469,0.5653846132789175
zh_ja_002,true_friend,true_003840,0.5520133971011425,0.5521905376448364
zh_ja_002,true_friend,true_003706,0.5537762309807721,0.5929643505120356
zh_ja_002,true_friend,true_006045,0.5749233133641156,0.6103158573969237
zh_ja_002,true_friend,true_002342,0.5822594255805233,0.6248471873349467
zh_ja_002,true_friend,true_001990,0.6009314420969618,0.5613362584979845
zh_ja_002,true_friend,true_004605,0.6048519851114704,0.6248471873349462
zh_ja_002,true_friend,true_003393,0.6238949193930783,0.6481238249782715
zh_ja_002,true_friend,true_006516,0.6488690540609057,0.6205440877451535
zh_ja_002,true_friend,true_000712,0.6519222062139669,0.625124469690937
zh_ja_002,true_friend,true_000741,0.6561935750767188,0.6684411771490125
zh_ja_002,true_friend,true_004166,0.6646547233160757,0.6481238249782715
zh_ja_002,true_friend,true_005184,0.6715424229148531,0.6829725070870342
zh_ja_002,true_friend,true_006014,0.6744703533340703,0.6619136935948308
zh_ja_002,true_friend,true_006180,0.7047029104500984,0.6619136935948308
zh_ja_002,true_friend,true_000449,0.7239545747240564,0.625124469690937
zh_ja_002,true_friend,true_001850,0.7500648359064888,0.7120351669630782
zh_ja_002,true_friend,true_006333,0.7540262381243783,0.6757035622113894
zh_ja_002,true_friend,true_002128,0.7884530218672393,0.6506397541681181
zh_ja_002,true_friend,true_003680,0.8054942425772507,0.7308630366776254
zh_ja_002,true_friend,true_004054,0.8271780364357446,0.6761550386452994
zh_ja_002,true_friend,true_005346,0.8455646359450866,0.7308630366776254
zh_ja_002,true_friend,true_003626,0.8980255214087589,0.7584427739107433
zh_ja_002,true_friend,true_002631,0.9334152925745383,0.7170731680610667
zh_ja_002,true_friend,true_003754,0.9442808479020961,0.7271856075996617
zh_ja_002,true_friend,true_000403,0.9715712889234126,0.8282858064672545
zh_ja_002,true_friend,true_003489,1.0331806354306812,0.827392116993538
zh_ja_002,true_friend,true_006286,1.070013183371629,0.770160486715167
zh_ja_002,true_friend,true_006531,1.0986002061525224,0.8411819856100973
zh_ja_002,true_friend,true_001160,1.148275177276189,0.8864111262193425
zh_ja_002,true_friend,true_001989,1.199453596463736,0.8825515914597739
zh_ja_002,true_friend,true_002943,1.201794383964701,0.8825515914597739
zh_ja_002,true_friend,true_005396,1.2127355310491321,0.7846918166531882
zh_ja_002,true_friend,true_003073,1.2860005834886592,0.8802773144627485
zh_ja_002,true_friend,true_006358,1.3064630585144512,0.9377110659260098
zh_ja_002,true_friend,true_005489,1.3524271421446827,0.9515009345425691
zh_ja_002,true_friend,true_003975,1.4575559250952683,0.9881304357854969
zh_ja_002,true_friend,true_005678,1.4643143851767746,0.9057925989399296
zh_ja_002,true_friend,true_000558,1.4860540206655677,0.9790806717756871
zh_ja_002,true_friend,true_003490,1.5411226455049063,0.8864111262193425
zh_ja_002,true_friend,true_000496,1.5532111219204952,1.0204502776253639
zh_ja_002,true_friend,true_004483,1.5665614436529331,1.0026617657235186
zh_ja_002,true_friend,true_006317,1.5989534220726709,0.9950960946100633
zh_ja_002,true_friend,true_006116,1.6016001789103702,1.0066604090088052
zh_ja_002,true_friend,true_003918,1.6083920907446918,1.0066604090088052
zh_ja_002,true_friend,true_001908,1.6465990751789592,1.0026617657235186
zh_ja_002,true_friend,true_005673,1.7403946023187822,1.061819883475041
zh_ja_002,true_friend,true_002229,1.7890557100713451,0.9695808101328828
zh_ja_002,true_friend,true_000550,1.8030121823505951,1.089849745351651
zh_ja_002,true_friend,true_002712,1.8301948943988537,0.9881304357854969
zh_ja_002,true_friend,true_000529,1.8559206774641108,1.1169793579412763
zh_ja_002,true_friend,true_001587,2.008208040061172,1.0204502776253639
zh_ja_002,true_friend,true_004133,2.0827280519896094,1.1307692265578357
zh_ja_002,true_friend,true_005835,2.124692757367898,1.0843995902801975
zh_ja_002,true_friend,true_002261,2.254160232383337,1.1625063950417607
zh_ja_002,true_friend,true_003250,2.328617588859899,1.1334437351657165
zh_ja_002,true_friend,true_000884,2.360378938307451,1.2135084382571897
zh_ja_002,true_friend,true_006193,2.3610020899893915,1.2496943746698934
zh_ja_002,true_friend,true_001721,2.397907883435428,1.1445590951743945
zh_ja_002,true_friend,true_001229,2.410157332605972,1.1859287010240716
zh_ja_002,true_friend,true_006614,2.4245212633937525,1.2686679127234255
zh_ja_002,true_friend,true_002279,2.4356262070869574,1.3078196944219809
zh_ja_002,true_friend,true_003914,2.4392887277823103,1.1043810752896726
zh_ja_002,true_friend,true_002861,2.4752639873499573,1.2247336549046934
zh_ja_002,true_friend,true_006030,2.487401451471454,1.3223510243600032
zh_ja_002,true_friend,true_005826,2.5021232102187394,1.2119760126661028
zh_ja_002,true_friend,true_006439,2.5161271662716596,1.235163044731871
zh_ja_002,true_friend,true_004678,2.6097509991165313,1.3238273871896615
zh_ja_002,true_friend,true_000778,2.6652384530519706,1.2757642238590559
zh_ja_002,true_friend,true_006563,2.7140335240705236,1.3514071244227794
zh_ja_002,true_friend,true_005703,2.7471707188675665,1.1992183704275123
zh_ja_002,true_friend,true_006441,2.7682297086540038,1.3804763441120906
zh_ja_002,true_friend,true_003858,2.7728883021023734,1.3100375185731021
zh_ja_002,true_friend,true_006496,2.7840920808612992,1.3238273871896615
zh_ja_003,true_friend,true_004545,1.903598439559054,1.130769226557835
zh_ja_003,true_friend,true_002536,5.467384280418107,2.1101854726400724
zh_ja_003,true_friend,true_003999,5.963439171647088,2.1101854726400724
zh_ja_003,true_friend,true_000222,7.558061524929705,2.1101854726400724
zh_ja_003,true_friend,true_003521,7.784702242780034,2.1101854726400724
zh_ja_003,true_friend,true_000218,8.517601392976808,2.1101854726400724
zh_ja_003,true_friend,true_003222,8.983540433847581,2.1101854726400724
zh_ja_003,true_friend,true_001929,9.562436243417192,2.441263429587699
zh_ja_003,true_friend,true_006332,10.063910621493163,2.1101854726400724
zh_ja_003,true_friend,true_006331,11.088995716904737,2.1101854726400724
zh_ja_003,true_friend,true_001162,11.37368623443551,2.1101854726400724
zh_ja_003,true_friend,true_003350,11.651573012895984,2.1101854726400724
zh_ja_003,true_friend,true_000428,12.111512874783894,2.2668874703314343
zh_ja_003,true_friend,true_003531,12.24688751915361,2.402363920056325
zh_ja_003,true_friend,true_005407,12.97587924013822,2.1101854726400724
zh_ja_003,true_friend,true_006351,13.48772312028817,2.207072107276166
zh_ja_003,true_friend,true_005999,14.08300137928586,2.3104814601455
zh_ja_003,true_friend,true_003306,14.234150746218436,2.509756088213733
zh_ja_003,true_friend,true_002769,14.310466882174222,2.402363920056325
zh_ja_003,true_friend,true_002535,14.408700458862677,2.402363920056325
zh_ja_003,true_friend,true_000223,14.503897953023806,3.196892586364842
zh_ja_003,true_friend,true_000214,15.359974633873689,2.1438847344528256
zh_ja_003,true_friend,true_001936,16.460947799358173,2.402363920056325
zh_ja_003,true_friend,true_004800,16.68909340097847,2.589801374433883
zh_ja_003,true_friend,true_003897,18.4199977177389,2.402363920056325
zh_ja_003,true_friend,true_001392,19.59471027833361,2.402363920056325
zh_ja_003,true_friend,true_000231,19.604856313773787,4.220370945280145
zh_ja_003,true_friend,true_001675,19.703088835441342,2.402363920056325
zh_ja_003,true_friend,true_000696,19.710818337637274,2.402363920056325
zh_ja_003,true_friend,true_003273,19.772710929326376,2.402363920056325
zh_ja_003,true_friend,true_000234,20.175702468242186,4.220370945280145
zh_ja_003,true_friend,true_001447,20.9826347036065,2.402363920056325
zh_ja_003,true_friend,true_003522,21.095517365972213,4.220370945280145
zh_ja_003,true_friend,true_003355,21.590709676439577,2.402363920056325
zh_ja_003,true_friend,true_003653,22.09491987422176,2.402363920056325
zh_ja_003,true_friend,true_006096,22.275837482641222,2.402363920056325
zh_ja_003,true_friend,true_005496,22.319985924655093,2.402363920056325
zh_ja_003,true_friend,true_003481,22.866400463694134,2.402363920056325
zh_ja_003,true_friend,true_000207,23.026338990152468,2.402363920056325
zh_ja_003,true_friend,true_002134,23.505093703155822,4.220370945280145
zh_ja_003,true_friend,true_003974,23.765247260756308,4.220370945280145
zh_ja_003,true_friend,true_002709,23.787960166055207,2.402363920056325
zh_ja_003,true_friend,true_002636,24.12927208261489,4.220370945280145
zh_ja_003,true_friend,true_003781,24.197824629018868,4.220370945280145
zh_ja_003,true_friend,true_006101,24.39810086634648,4.220370945280145
zh_ja_003,true_friend,true_004799,24.937694407132362,2.402363920056325
zh_ja_003,true_friend,true_004180,25.114363486744196,2.402363920056325
zh_ja_003,true_friend,true_001994,25.218636898054918,2.402363920056325
zh_ja_003,true_friend,true_006068,25.23838434697648,2.402363920056325
zh_ja_003,true_friend,true_001258,25.24174419870539,2.402363920056325
zh_ja_003,true_friend,true_002407,25.25164225022781,2.402363920056325
zh_ja_003,true_friend,true_005958,25.28935495103069,2.402363920056325
zh_ja_003,true_friend,true_001446,25.312952034860018,2.402363920056325
zh_ja_003,true_friend,true_003307,25.40264682516178,2.402363920056325
zh_ja_003,true_friend,true_005043,25.44774659225378,2.402363920056325
zh_ja_003,true_friend,true_001393,25.560898481900097,2.402363920056325
zh_ja_003,true_friend,true_003215,25.562502722898437,2.402363920056325
zh_ja_003,true_friend,true_002533,25.612072222920915,2.402363920056325
zh_ja_003,true_friend,true_001164,25.620388803036093,2.402363920056325
zh_ja_003,true_friend,true_001481,25.671018601223487,2.402363920056325
zh_ja_003,true_friend,true_004834,25.69843879829905,2.402363920056325
zh_ja_003,true_friend,true_002765,25.720530911448712,2.402363920056325
zh_ja_003,true_friend,true_000224,25.826993043686244,2.402363920056325
zh_ja_003,true_friend,true_001165,25.882759497164287,4.220370945280145
zh_ja_003,true_friend,true_001326,25.890391654573165,2.402363920056325
zh_ja_003,true_friend,true_003218,26.010692293651715,2.402363920056325
zh_ja_003,true_friend,true_002361,26.07265519533322,2.402363920056325
zh_ja_003,true_friend,true_001738,26.130452661060644,2.402363920056325
zh_ja_003,true_friend,true_004113,26.392009395044738,2.402363920056325
zh_ja_003,true_friend,true_000096,26.450985607986176,2.402363920056325
zh_ja_003,true_friend,true_001251,26.564131754120538,2.402363920056325
zh_ja_003,true_friend,true_001222,26.8836508707573,2.402363920056325
zh_ja_003,true_friend,true_001489,27.064010808883346,2.402363920056325
zh_ja_003,true_friend,true_001212,27.32478214791923,2.402363920056325
zh_ja_003,true_friend,true_000109,27.47938259711576,2.402363920056325
zh_ja_003,true_friend,true_000429,27.804757129848333,2.402363920056325
zh_ja_003,true_friend,true_000119,28.11268240733431,2.402363920056325
zh_ja_003,true_friend,true_005300,28.884448433414775,2.402363920056325
zh_ja_003,true_friend,true_003541,29.82387029900763,4.220370945280145
zh_ja_003,true_friend,true_001681,30.030757255777417,4.220370945280145
zh_ja_003,true_friend,true_006127,31.07795613510104,2.402363920056325
zh_ja_003,true_friend,true_000463,31.414295491985122,2.402363920056325
zh_ja_003,true_friend,true_004233,31.455517116477125,4.220370945280145
zh_ja_003,true_friend,true_003542,31.852147060273822,3.3131432258690188
zh_ja_003,true_friend,true_001072,32.10665973550946,4.220370945280145
zh_ja_003,true_friend,true_000239,32.19615772141839,4.220370945280145
zh_ja_003,true_friend,true_000028,32.53557193462887,4.220370945280145
zh_ja_003,true_friend,true_006571,33.165574529733014,4.220370945280145
zh_ja_003,true_friend,true_000000,33.29968502015947,4.220370945280145
zh_ja_003,true_friend,true_006131,33.75933729883989,4.220370945280145
zh_ja_003,true_friend,true_001427,34.671887806902795,2.402363920056325
zh_ja_003,true_friend,true_000808,36.65606002595765,4.220370945280145
zh_ja_003,true_friend,true_000043,37.073068816462495,4.220370945280145
zh_ja_003,true_friend,true_001539,37.50527482069191,2.402363920056325
zh_ja_003,true_friend,true_000011,38.676746922279726,4.220370945280145
zh_ja_003,true_friend,true_002927,38.78097321833148,4.220370945280145
zh_ja_003,true_friend,true_006379,38.80971642743207,4.220370945280145
zh_ja_003,true_friend,true_001688,38.893542619075475,4.220370945280145
zh_ja_003,true_friend,true_000261,38.92982673291168,4.220370945280145
zh_ja_003,true_friend,true_000249,38.937421774992416,4.220370945280145
zh_ja_006,true_friend,true_004829,0.4095345346563315,0.5376592077068145
zh_ja_006,true_friend,true_004552,4.310256301478685,1.7292282626246187
zh_ja_006,true_friend,true_002066,4.714269349541537,2.1101854726400724
zh_ja_006,true_friend,true_000660,4.767175521935446,2.1101854726400724
zh_ja_006,true_friend,true_002963,4.868624210532665,2.1101854726400724
zh_ja_006,true_friend,true_005102,5.268617302234214,2.1101854726400724
zh_ja_006,true_friend,true_002759,5.953694811783302,2.1101854726400724
zh_ja_006,true_friend,true_000970,6.210999365044101,1.8600102320668166
zh_ja_006,true_friend,true_000134,6.2169419563102455,2.1101854726400724
zh_ja_006,true_friend,true_005308,6.299536506772332,2.1101854726400724
zh_ja_006,true_friend,true_000488,6.548886078502548,2.1101854726400724
zh_ja_006,true_friend,true_000955,7.452424923603818,2.1101854726400724
zh_ja_006,true_friend,true_000536,7.564458196157699,2.117768611606033
zh_ja_006,true_friend,true_005142,8.082652928551706,2.1101854726400724
zh_ja_006,true_friend,true_001300,8.400787132346974,2.1101854726400724
zh_ja_006,true_friend,true_005358,8.494120817889371,2.1101854726400724
zh_ja_006,true_friend,true_004091,8.557848676620758,2.2523561403934114
zh_ja_006,true_friend,true_002055,8.67486504088443,2.1101854726400724
zh_ja_006,true_friend,true_003388,8.919607657229339,2.1101854726400724
zh_ja_006,true_friend,true_000115,9.16339548792207,2.1101854726400724
zh_ja_006,true_friend,true_001782,9.688592063900153,2.1101854726400724
zh_ja_006,true_friend,true_000930,9.75136434448598,2.1438847344528256
zh_ja_006,true_friend,true_003246,9.865058567039469,2.1101854726400724
zh_ja_006,true_friend,true_003455,9.915638555319173,2.1101854726400724
zh_ja_006,true_friend,true_003066,10.102350524142896,2.1101854726400724
zh_ja_006,true_friend,true_005531,10.592655977665817,2.1101854726400724
zh_ja_006,true_friend,true_000931,10.662156614520505,2.1101854726400724
zh_ja_006,true_friend,true_003057,10.69092138010065,2.1101854726400724
zh_ja_006,true_friend,true_005984,11.499092184524471,2.1942308206413226
zh_ja_006,true_friend,true_002896,11.637203984476887,2.252356140393411
zh_ja_006,true_friend,true_003466,11.702731259619274,2.1101854726400724
zh_ja_006,true_friend,true_003517,11.744309743376595,2.2087621505793447
zh_ja_006,true_friend,true_001365,11.765717965212357,2.1101854726400724
zh_ja_006,true_friend,true_002959,11.886923661962623,2.1432838960832132
zh_ja_006,true_friend,true_000577,11.890334161170589,2.150636830827257
zh_ja_006,true_friend,true_003078,11.942520214189804,2.1432838960832132
zh_ja_006,true_friend,true_005310,11.95947683997154,2.1101854726400724
zh_ja_006,true_friend,true_002993,12.191595404626991,2.3250127900835214
zh_ja_006,true_friend,true_005493,12.281640867176673,2.1438847344528256
zh_ja_006,true_friend,true_005839,12.302424380959412,2.136105500889235
zh_ja_006,true_friend,true_006133,12.626256381421157,2.1432838960832132
zh_ja_006,true_friend,true_003040,12.880112655952068,2.117768611606033
zh_ja_006,true_friend,true_002518,12.938121606242625,2.117768611606033
zh_ja_006,true_friend,true_003052,12.99209738849667,2.1361055008892342
zh_ja_006,true_friend,true_001551,13.30086423987138,2.499388749339785
zh_ja_006,true_friend,true_006417,13.568317044058475,2.360163814139253
zh_ja_006,true_friend,true_005063,13.586773014064157,2.1432838960832132
zh_ja_006,true_friend,true_004449,13.592538360692892,2.372921456377843
zh_ja_006,true_friend,true_001378,13.714139403149636,2.1438847344528256
zh_ja_006,true_friend,true_001669,13.729632490739117,2.28361796070771
zh_ja_006,true_friend,true_000483,14.058910088585911,2.426732099649676
zh_ja_006,true_friend,true_002059,14.119808902239752,2.1438847344528256
zh_ja_006,true_friend,true_004034,14.27967496524305,2.5575140690918725
zh_ja_006,true_friend,true_000612,14.361782791904698,2.3218908874234807
zh_ja_006,true_friend,true_000733,14.427351332623022,2.5720453990298955
zh_ja_006,true_friend,true_000585,14.575746851103851,2.513920079277807
zh_ja_006,true_friend,true_004331,14.588997652618264,2.673764708596049
zh_ja_006,true_friend,true_003077,14.760816484500456,2.6011080589059388
zh_ja_006,true_friend,true_004547,14.837844328002905,2.4749825942865677
zh_ja_006,true_friend,true_000959,14.888837506005757,2.52601316324093
zh_ja_006,true_friend,true_002684,14.910145368876591,2.397669439773631
zh_ja_006,true_friend,true_004033,14.9480244509996,2.178346448784472
zh_ja_006,true_friend,true_003069,15.179652693373217,2.577043732195292
zh_ja_006,true_friend,true_005965,15.214572527941929,2.577043732195292
zh_ja_006,true_friend,true_001734,15.241587169887314,2.1438847344528256
zh_ja_006,true_friend,true_001124,15.340390595683731,2.1438847344528256
zh_ja_006,true_friend,true_005709,15.428493199416959,2.746421358286159
zh_ja_006,true_friend,true_001033,15.498478880023193,2.178346448784472
zh_ja_006,true_friend,true_001267,15.591629248498101,2.6011080589059388
zh_ja_006,true_friend,true_001028,15.610855701919652,2.1438847344528256
zh_ja_006,true_friend,true_000939,15.618928742797607,2.7900153481002254
zh_ja_006,true_friend,true_003819,15.77059678126393,2.564286089956702
zh_ja_006,true_friend,true_005014,15.785838769754413,2.7464213582861596
zh_ja_006,true_friend,true_004815,15.9027913857225,2.1438847344528256
zh_ja_006,true_friend,true_005491,16.099686324000217,3.1097046067367087
zh_ja_006,true_friend,true_006166,16.126135944666334,2.5284514092158292
zh_ja_006,true_friend,true_001635,16.189475962599012,2.1438847344528256
zh_ja_006,true_friend,true_005995,16.193299706624213,3.0618341372617333
zh_ja_006,true_friend,true_001099,16.382397968122476,2.542982739153852
zh_ja_006,true_friend,true_006592,16.68180032323907,2.178346448784472
zh_ja_006,true_friend,true_002971,16.713185738144258,2.7028273684720934
zh_ja_006,true_friend,true_003451,16.75500061361459,2.1438847344528256
zh_ja_006,true_friend,true_005130,16.964418989695535,2.178346448784472
zh_ja_006,true_friend,true_003031,17.005483287149453,2.9643913073564896
zh_ja_006,true_friend,true_005982,17.027489748544035,2.8772033277283575
zh_ja_006,true_friend,true_006316,17.04797610515015,2.577043732195292
zh_ja_006,true_friend,true_002239,17.19626160151717,3.153298596550775
zh_ja_006,true_friend,true_006318,17.240554692891212,2.775484018162203
zh_ja_006,true_friend,true_002145,17.613292523613797,2.1438847344528256
zh_ja_006,true_friend,true_006103,17.751614343282576,2.1438847344528256
zh_ja_006,true_friend,true_003015,17.82900191734266,2.7609526882241813
zh_ja_006,true_friend,true_001007,17.878528121251822,2.978922637294511
zh_ja_006,true_friend,true_004956,17.949879404311414,2.1438847344528256
zh_ja_006,true_friend,true_004617,18.221317467909802,3.051579286984622
zh_ja_006,true_friend,true_004333,18.24952704596893,3.0661106169226438
zh_ja_006,true_friend,true_002893,18.315864404441832,2.7318900283481367
zh_ja_006,true_friend,true_003046,18.36577994630207,2.934257714875828
zh_ja_006,true_friend,true_004958,18.39118935834916,2.679104870104017
zh_ja_006,true_friend,true_006114,18.59513969505157,2.1438847344528256
zh_ja_006,true_friend,true_005747,18.713112242643515,2.1438847344528256
zh_ja_008,true_friend,true_006178,0.2532528474483033,0.3954869093963074
zh_ja_008,true_friend,true_002058,0.4077916289202346,0.49754804730503194
zh_ja_008,true_friend,true_004551,0.65885019644845,0.6619136935948308
zh_ja_008,true_friend,true_000905,0.6719210936088635,0.6205440877451541
zh_ja_008,true_friend,true_003826,0.8990088639579492,0.758442773910744
zh_ja_008,true_friend,true_004198,1.11101726857478,0.7860225111438619
zh_ja_008,true_friend,true_003216,3.3568122492312975,1.4416135729607336
zh_ja_008,true_friend,true_005497,3.4183894358360325,1.4967269836162675
zh_ja_008,true_friend,true_005983,4.6380200757300445,2.1101854726400724
zh_ja_008,true_friend,true_001556,5.076871840713135,2.1101854726400724
zh_ja_008,true_friend,true_006059,5.248151512359492,2.1101854726400724
zh_ja_008,true_friend,true_000635,5.422862084322527,2.1101854726400724
zh_ja_008,true_friend,true_000890,5.623004572005438,2.1101854726400724
zh_ja_008,true_friend,true_002054,5.771878493087488,2.1101854726400724
zh_ja_008,true_friend,true_005704,5.8867317616601325,2.1101854726400724
zh_ja_008,true_friend,true_002783,6.073343935278395,2.1101854726400724
zh_ja_008,true_friend,true_000129,6.6725773545733835,2.1101854726400724
zh_ja_008,true_friend,true_004316,6.731266757135664,2.1101854726400724
zh_ja_008,true_friend,true_000372,6.765135412717248,2.1101854726400724
zh_ja_008,true_friend,true_004780,6.765135412717248,2.1101854726400724
zh_ja_008,true_friend,true_003037,6.913460207313991,2.1101854726400724
zh_ja_008,true_friend,true_004608,7.0047715108865525,2.1101854726400724
zh_ja_008,true_friend,true_000620,7.214033616081416,2.1101854726400724
zh_ja_008,true_friend,true_006395,7.360369978866522,2.1101854726400724
zh_ja_008,true_friend,true_002254,7.539370196953059,2.1101854726400724
zh_ja_008,true_friend,true_005963,7.597051403868692,2.1101854726400724
zh_ja_008,true_friend,true_005500,7.80543622194704,2.1101854726400724
zh_ja_008,true_friend,true_000132,7.903855078362111,2.1101854726400724
zh_ja_008,true_friend,true_003084,8.239223325622687,2.1101854726400724
zh_ja_008,true_friend,true_002299,8.338217510189182,2.1101854726400724
zh_ja_008,true_friend,true_002961,8.79039762261197,2.1101854726400724
zh_ja_008,true_friend,true_003452,8.941753088871518,2.1101854726400724
zh_ja_008,true_friend,true_001037,9.084378570375826,2.1101854726400724
zh_ja_008,true_friend,true_006262,9.124141862655527,2.1101854726400724
zh_ja_008,true_friend,true_006113,9.61515518984587,2.1101854726400724
zh_ja_008,true_friend,true_002094,9.924451160882406,2.1101854726400724
zh_ja_008,true_friend,true_001565,10.046859355637753,2.1101854726400724
zh_ja_008,true_friend,true_003115,10.062012207635892,2.1101854726400724
zh_ja_008,true_friend,true_003396,10.136496162216101,2.1101854726400724
zh_ja_008,true_friend,true_004452,10.214958699390454,2.1101854726400724
zh_ja_008,true_friend,true_004454,10.801831536734053,2.1101854726400724
zh_ja_008,true_friend,true_005493,13.732187717780668,2.402363920056325
zh_ja_008,true_friend,true_005440,14.648675888166549,2.1438847344528256
zh_ja_008,true_friend,true_002101,14.97183119264399,2.5260131632409304
zh_ja_008,true_friend,true_002241,14.981626782549945,2.1438847344528256
zh_ja_008,true_friend,true_000930,16.62669092410796,2.402363920056325
zh_ja_008,true_friend,true_004523,17.277458975015236,2.402363920056325
zh_ja_008,true_friend,true_006103,17.927377754781094,2.402363920056325
zh_ja_008,true_friend,true_002145,17.96349338943307,2.402363920056325
zh_ja_008,true_friend,true_004815,18.05503302094378,2.402363920056325
zh_ja_008,true_friend,true_003509,18.276214484361844,2.402363920056325
zh_ja_008,true_friend,true_004956,18.62178127539252,2.402363920056325
zh_ja_008,true_friend,true_001362,18.760216800379794,2.402363920056325
zh_ja_008,true_friend,true_002059,18.87283248293535,2.402363920056325
zh_ja_008,true_friend,true_006165,18.987982843103723,2.402363920056325
zh_ja_008,true_friend,true_003451,18.996839573582513,2.402363920056325
zh_ja_008,true_friend,true_005747,19.05604972169347,2.402363920056325
zh_ja_008,true_friend,true_001124,19.239698645648446,2.402363920056325
zh_ja_008,true_friend,true_004879,19.337659091051115,2.402363920056325
zh_ja_008,true_friend,true_001028,19.47303459019951,2.402363920056325
zh_ja_008,true_friend,true_001635,19.726008878282776,2.402363920056325
zh_ja_008,true_friend,true_000802,20.14328165106826,2.402363920056325
zh_ja_008,true_friend,true_003822,20.19221292456117,2.402363920056325
zh_ja_008,true_friend,true_006114,20.31303974415802,2.402363920056325
zh_ja_008,true_friend,true_001452,20.442320832860176,2.402363920056325
zh_ja_008,true_friend,true_003739,20.592366099780598,2.1438847344528256
zh_ja_008,true_friend,true_005902,20.742807588067812,2.402363920056325
zh_ja_008,true_friend,true_001734,20.879886019987886,2.402363920056325
zh_ja_008,true_friend,true_000597,21.123645304172616,2.402363920056325
zh_ja_008,true_friend,true_006321,22.543719220080476,2.347406171900663
zh_ja_008,true_friend,true_003116,22.61771253798286,2.402363920056325
zh_ja_008,true_friend,true_005773,23.230590216139078,2.402363920056325
zh_ja_008,true_friend,true_001378,23.27239618628419,2.402363920056325
zh_ja_008,true_friend,true_000601,23.45597342874032,2.402363920056325
zh_ja_008,true_friend,true_004552,24.450252530749452,2.402363920056325
zh_ja_008,true_friend,true_001027,25.429830912848402,2.402363920056325
zh_ja_008,true_friend,true_002892,25.6457616357997,2.6408319433882452
zh_ja_008,true_friend,true_004331,27.882793710723696,2.402363920056325
zh_ja_008,true_friend,true_002896,28.033745058671087,2.402363920056325
zh_ja_008,true_friend,true_001551,28.30522409893458,2.402363920056325
zh_ja_008,true_friend,true_000970,28.372678594330083,2.402363920056325
zh_ja_008,true_friend,true_004091,28.515517516902243,2.402363920056325
zh_ja_008,true_friend,true_002071,28.631795029023777,3.1097046067367105
zh_ja_008,true_friend,true_002993,28.90651906464796,2.402363920056325
zh_ja_008,true_friend,true_001782,28.963037860437247,2.402363920056325
zh_ja_008,true_friend,true_003057,29.03945864617379,2.402363920056325
zh_ja_008,true_friend,true_005308,29.562814816641428,2.402363920056325
zh_ja_008,true_friend,true_005984,29.572386317426634,2.402363920056325
zh_ja_008,true_friend,true_000115,29.79621175734036,2.402363920056325
zh_ja_008,true_friend,true_000939,29.905001720068213,2.402363920056325
zh_ja_008,true_friend,true_003388,30.022015030749728,2.402363920056325
zh_ja_008,true_friend,true_003031,30.124215343034926,2.402363920056325
zh_ja_008,true_friend,true_003517,30.183070882095578,2.402363920056325
zh_ja_008,true_friend,true_005531,30.373195492090687,2.402363920056325
zh_ja_008,true_friend,true_005709,30.489266188876194,2.402363920056325
zh_ja_008,true_friend,true_003066,30.644316373016146,2.402363920056325
zh_ja_008,true_friend,true_004034,31.10805143395529,2.402363920056325
zh_ja_008,true_friend,true_000733,31.259046220770315,2.402363920056325
zh_ja_008,true_friend,true_003455,31.28602567524122,2.402363920056325
zh_ja_008,true_friend,true_005142,31.301538689966613,2.402363920056325
zh_ja_009,true_friend,true_004808,0.22015848969481422,0.39234590832659433
zh_ja_009,true_friend,true_002328,0.38220207149653557,0.49643527019612355
zh_ja_009,true_friend,true_006449,0.4209399072724368,0.5103056895436222
zh_ja_009,true_friend,true_005649,0.47891034069883653,0.5812531975208803
zh_ja_009,true_friend,true_000825,0.49737437944989693,0.5667218675828586
zh_ja_009,true_friend,true_006468,0.5602465418449276,0.6067542191285948
zh_ja_009,true_friend,true_006544,0.5848455860050037,0.5996091852137565
zh_ja_009,true_friend,true_004779,0.6137945099362534,0.6248471873349466
zh_ja_009,true_friend,true_005253,0.6166064089666766,0.6123668274523467
zh_ja_009,true_friend,true_006485,0.6260466082323405,0.5929643505120361
zh_ja_009,true_friend,true_000526,0.7180379556345817,0.6123668274523467
zh_ja_009,true_friend,true_005549,0.7408299031659216,0.6894934308279487
zh_ja_009,true_friend,true_001580,0.7817000750342971,0.741097826839123
zh_ja_009,true_friend,true_001978,0.8495387450863371,0.6619136935948308
zh_ja_009,true_friend,true_002263,0.9169851391716805,0.7860225111438619
zh_ja_009,true_friend,true_004051,0.9170427751418002,0.7265664969011012
zh_ja_009,true_friend,true_000018,0.9782542633352772,0.7782161765540239
zh_ja_009,true_friend,true_001297,1.0289345091387252,0.7446529052941847
zh_ja_009,true_friend,true_002183,1.1410192089653803,0.8687617228432158
zh_ja_009,true_friend,true_002340,1.238959322765504,0.9300051160334095
zh_ja_009,true_friend,true_005473,1.2420301434775718,0.828285806467255
zh_ja_009,true_friend,true_003317,1.248483503906252,0.9101313286928919
zh_ja_009,true_friend,true_001143,1.2923856558809248,0.8825515914597746
zh_ja_009,true_friend,true_005248,1.344963576943318,0.9735991058474753
zh_ja_009,true_friend,true_004930,1.352203286877618,0.9239211973094518
zh_ja_009,true_friend,true_003545,1.3565657359644878,0.9515009345425691
zh_ja_009,true_friend,true_005281,1.3775790062293556,0.9735991058474753
zh_ja_009,true_friend,true_004296,1.396758874562726,0.8547620299855673
zh_ja_009,true_friend,true_003860,1.4186569544015186,0.9445364459714313
zh_ja_009,true_friend,true_003019,1.54016710721762,0.9515009345425691
zh_ja_009,true_friend,true_006272,1.5660517954844817,0.9928705403922464
zh_ja_009,true_friend,true_002954,1.6016091313127139,1.0171930956615411
zh_ja_009,true_friend,true_004293,1.6115926155839646,1.0607870854756074
zh_ja_009,true_friend,true_006267,1.6377794088668602,1.075318415413629
zh_ja_009,true_friend,true_006213,1.6829410263139675,0.9735991058474753
zh_ja_009,true_friend,true_003257,1.8107544342697715,1.1189124052276949
zh_ja_009,true_friend,true_005331,1.8137850191886928,1.0342401462419237
zh_ja_009,true_friend,true_004525,1.8533392884338966,1.1334437351657172
zh_ja_009,true_friend,true_003493,1.986940900535438,1.0893996207081595
zh_ja_009,true_friend,true_004287,1.9910814452724042,1.1583489637909543
zh_ja_009,true_friend,true_001497,2.021124733582252,1.0171930956615411
zh_ja_009,true_friend,true_001145,2.132821204847933,1.2206317147938495
zh_ja_009,true_friend,true_003457,2.2178250403545414,1.1307692265578357
zh_ja_009,true_friend,true_003243,2.4317561475869094,1.2410881754903076
zh_ja_009,true_friend,true_001954,2.4762010836690327,1.3223510243600032
zh_ja_009,true_friend,true_002683,2.5098951924562725,1.3223510243600038
zh_ja_009,true_friend,true_000420,2.5169999852242597,1.2642257046079157
zh_ja_009,true_friend,true_002504,2.540482562106298,1.336882354298025
zh_ja_009,true_friend,true_006412,2.6067815425875405,1.3514136842360474
zh_ja_009,true_friend,true_001708,2.612108495328621,1.3238273871896622
zh_ja_009,true_friend,true_003815,2.6372193470801926,1.2548780441068663
zh_ja_009,true_friend,true_004708,2.6634656162629575,1.2757642238590552
zh_ja_009,true_friend,true_000101,2.703238612691429,1.2374912971432843
zh_ja_009,true_friend,true_004753,2.768386323260449,1.264225704607915
zh_ja_009,true_friend,true_003674,2.875662070857465,1.29328836448396
zh_ja_009,true_friend,true_001508,2.9225132288565243,1.2548780441068663
zh_ja_009,true_friend,true_002831,3.1311494079879,1.3905830040063711
zh_ja_009,true_friend,true_003907,3.151702193705224,1.4821956536782452
zh_ja_009,true_friend,true_003831,3.1757830150750195,1.4617260733552513
zh_ja_009,true_friend,true_004700,3.1843984602687785,1.2642257046079148
zh_ja_009,true_friend,true_001483,3.235024017896514,1.4479362047386928
zh_ja_009,true_friend,true_004787,3.4530558156963633,1.4479362047386928
zh_ja_009,true_friend,true_005670,3.4863712956675714,1.569383633306378
zh_ja_009,true_friend,true_002860,3.862692663391339,1.5839149632443996
zh_ja_009,true_friend,true_005871,3.8791379019338406,1.5858348909042819
zh_ja_009,true_friend,true_002285,4.115226410483306,1.642040282996487
zh_ja_009,true_friend,true_001117,4.118159543623532,1.627508953058466
zh_ja_009,true_friend,true_001045,4.1723363136546805,1.6711029428725312
zh_ja_009,true_friend,true_004009,4.210654926630719,1.65657161293451
zh_ja_009,true_friend,true_001016,4.269323587422376,1.6856342728105536
zh_ja_009,true_friend,true_002596,4.378277650963316,1.6565716129345094
zh_ja_009,true_friend,true_001256,4.47969330472899,1.7437595925626417
zh_ja_009,true_friend,true_000861,4.592234487813125,2.1101854726400724
zh_ja_009,true_friend,true_005349,4.6087310102198735,1.8018849123147298
zh_ja_009,true_friend,true_001155,4.664519085898444,2.1101854726400724
zh_ja_009,true_friend,true_000534,4.669430330350482,2.1101854726400724
zh_ja_009,true_friend,true_005165,4.675268279091239,2.1101854726400724
zh_ja_009,true_friend,true_001493,4.694419537787429,1.642040282996487
zh_ja_009,true_friend,true_004080,4.72601750863211,2.1101854726400724
zh_ja_009,true_friend,true_000181,4.830673951242041,1.8454789021287954
zh_ja_009,true_friend,true_004237,4.851928249696353,2.1101854726400724
zh_ja_009,true_friend,true_004694,4.887709412855479,2.1101854726400724
zh_ja_009,true_friend,true_005825,5.051001837040395,1.8454789021287954
zh_ja_009,true_friend,true_002492,5.058159429664691,1.8745415620048405
zh_ja_009,true_friend,true_003605,5.058233000980663,2.1101854726400724
zh_ja_009,true_friend,true_005268,5.150678925259772,2.1101854726400724
zh_ja_009,true_friend,true_005160,5.164452534095279,2.1101854726400724
zh_ja_009,true_friend,true_003951,5.2571757478377785,1.8309475721907738
zh_ja_009,true_friend,true_002095,5.315756339088393,2.1101854726400724
zh_ja_009,true_friend,true_006509,5.351891592899156,2.1101854726400724
zh_ja_009,true_friend,true_001620,5.453050402042825,2.1101854726400724
zh_ja_009,true_friend,true_006071,5.5288607808371735,2.1101854726400724
zh_ja_009,true_friend,true_001683,5.665153445501657,1.9443714749348149
zh_ja_009,true_friend,true_002006,5.675278959994091,2.1101854726400724
zh_ja_009,true_friend,true_006508,5.774221547268308,2.0198548613850598
zh_ja_009,true_friend,true_000901,5.822399425318734,2.1101854726400724
zh_ja_009,true_friend,true_001987,5.881085775643595,2.1101854726400724
zh_ja_009,true_friend,true_000798,5.8852066516010115,2.1101854726400724
zh_ja_009,true_friend,true_002155,5.888044387731815,2.1101854726400724
zh_ja_009,true_friend,true_003773,6.2100526852123545,2.1101854726400724
zh_ja_011,true_friend,true_005370,0.30261825073960225,0.4068772382646167
zh_ja_011,true_friend,true_006215,0.49774370052544303,0.5812531975208803
zh_ja_011,true_friend,true_005045,0.8961652125634372,0.7399432498382524
zh_ja_011,true_friend,true_001254,0.9682769417273936,0.7399432498382524
zh_ja_011,true_friend,true_000368,1.0084356066518505,0.7170731680610667
zh_ja_011,true_friend,true_001966,1.1093433162736583,0.7782161765540244
zh_ja_011,true_friend,true_004751,1.326430598146628,0.8420043877469771
zh_ja_011,true_friend,true_000286,1.54313985000997,0.9735991058474747
zh_ja_011,true_friend,true_001907,2.0917131206563546,1.046255755537585
zh_ja_011,true_friend,true_003439,2.120239490131584,1.0607870854756074
zh_ja_011,true_friend,true_004406,2.201277074559855,1.160945443711741
zh_ja_011,true_friend,true_006207,2.2533903724653097,1.0843995902801975
zh_ja_011,true_friend,true_005410,2.3181213978087283,1.1625063950417607
zh_ja_011,true_friend,true_003929,2.624174612385901,1.177037724979783
zh_ja_011,true_friend,true_004901,2.6995450881422887,1.173703085950332
zh_ja_011,true_friend,true_003090,2.786466205981297,1.2630065816204656
zh_ja_011,true_friend,true_003855,2.8656545950730465,1.3078196944219815
zh_ja_011,true_friend,true_002398,2.998661622346504,1.326794792813418
zh_ja_011,true_friend,true_000284,3.0495208497052735,1.4676643237402236
zh_ja_011,true_friend,true_004030,3.079684761793086,1.4386016638641794
zh_ja_011,true_friend,true_003986,3.1453076302263447,1.4095390039881355
zh_ja_011,true_friend,true_003211,3.3764356135506484,1.4033406462449616
zh_ja_011,true_friend,true_003928,3.5354122445053973,1.3659450141740697
zh_ja_011,true_friend,true_000835,3.5501127746658296,1.4095390039881355
zh_ja_011,true_friend,true_002467,3.6100620542926425,1.4543712151993238
zh_ja_011,true_friend,true_005610,3.6339031331473874,1.4160982884835525
zh_ja_011,true_friend,true_004840,3.739482351938162,1.5693836333063773
zh_ja_011,true_friend,true_004765,3.7938010252874523,1.4821956536782452
zh_ja_011,true_friend,true_004596,4.068284934993394,1.5819476375852295
zh_ja_011,true_friend,true_000918,4.105147248107688,1.4926441419150958
zh_ja_011,true_friend,true_002068,4.555431051589918,1.7146969326865975
zh_ja_011,true_friend,true_001995,4.6305028537460045,2.1101854726400724
zh_ja_011,true_friend,true_002714,4.639576304362665,2.1101854726400724
zh_ja_011,true_friend,true_001952,4.651574056940911,2.1101854726400724
zh_ja_011,true_friend,true_002377,4.74722005034982,1.658493491016773
zh_ja_011,true_friend,true_005335,4.764741665791668,1.6275089530584654
zh_ja_011,true_friend,true_000668,4.778810263972438,1.758290922500664
zh_ja_011,true_friend,true_005214,4.820479809658694,2.1101854726400724
zh_ja_011,true_friend,true_004090,4.82377795996821,2.1101854726400724
zh_ja_011,true_friend,true_003034,4.840156788130682,2.1101854726400724
zh_ja_011,true_friend,true_001768,4.965850932277021,1.7477969866869065
zh_ja_011,true_friend,true_000778,4.9670263054538495,2.1101854726400724
zh_ja_011,true_friend,true_000723,5.033340586237315,1.658493491016773
zh_ja_011,true_friend,true_006437,5.049524914206678,1.5984462931824215
zh_ja_011,true_friend,true_003924,5.052937115825792,2.1101854726400724
zh_ja_011,true_friend,true_002861,5.079302364294417,2.1101854726400724
zh_ja_011,true_friend,true_005826,5.089956286578616,2.1101854726400724
zh_ja_011,true_friend,true_003394,5.160811255210242,2.1101854726400724
zh_ja_011,true_friend,true_002777,5.199137898609683,2.1101854726400724
zh_ja_011,true_friend,true_000763,5.2860756110009435,1.7860699134026785
zh_ja_011,true_friend,true_005703,5.364682460502973,2.1101854726400724
zh_ja_011,true_friend,true_000118,5.5797449586263985,2.1101854726400724
zh_ja_011,true_friend,true_005835,5.581332594205835,2.1101854726400724
zh_ja_011,true_friend,true_000730,5.631276052040883,1.7733122711640878
zh_ja_011,true_friend,true_003178,5.654677112905908,2.1101854726400724
zh_ja_011,true_friend,true_003368,5.663295574513244,1.7095240599711352
zh_ja_011,true_friend,true_000758,5.723561079209221,1.8164162422527514
zh_ja_011,true_friend,true_005678,5.8289434361040335,2.1101854726400724
zh_ja_011,true_friend,true_001587,5.88275413148647,2.1101854726400724
zh_ja_011,true_friend,true_001674,5.883809353291808,2.1101854726400724
zh_ja_011,true_friend,true_003073,5.884346035235413,2.1101854726400724
zh_ja_011,true_friend,true_001479,5.906747621478547,1.9008886935499933
zh_ja_011,true_friend,true_002000,5.913289122454902,1.9136463357885838
zh_ja_011,true_friend,true_006506,6.04644646996772,1.8881310513114027
zh_ja_011,true_friend,true_004487,6.073593822833978,1.9391616202657649
zh_ja_011,true_friend,true_001699,6.0736007112823565,1.9008886935499933
zh_ja_011,true_friend,true_001229,6.175492551264877,2.1101854726400724
zh_ja_011,true_friend,true_000857,6.216574564982226,1.9326668817569277
zh_ja_011,true_friend,true_002780,6.277233035503473,1.8890728919428619
zh_ja_011,true_friend,true_003754,6.35760994155636,2.1101854726400724
zh_ja_011,true_friend,true_001911,6.55860887937044,1.862615766834222
zh_ja_011,true_friend,true_004054,6.628407724238134,2.1101854726400724
zh_ja_011,true_friend,true_002128,6.642922178106009,2.1101854726400724
zh_ja_011,true_friend,true_000712,6.681988073182754,2.1101854726400724
zh_ja_011,true_friend,true_000449,6.729548993234115,2.1101854726400724
zh_ja_011,true_friend,true_005170,6.785318260671236,2.1101854726400724
zh_ja_011,true_friend,true_006555,6.830837196676426,2.1101854726400724
zh_ja_011,true_friend,true_000265,6.842992025246521,1.8498581245956311
zh_ja_011,true_friend,true_003918,6.863567414715103,2.1101854726400724
zh_ja_011,true_friend,true_005122,6.949925011781545,2.1101854726400724
zh_ja_011,true_friend,true_002409,6.983129008811139,2.1101854726400724
zh_ja_011,true_friend,true_002305,7.009445549645177,1.8881310513114027
zh_ja_011,true_friend,true_004943,7.068645569580804,2.092253327128852
zh_ja_011,true_friend,true_005215,7.166099931039119,2.136105500889236
zh_ja_011,true_friend,true_006440,7.229306780254269,2.1215741709512144
zh_ja_011,true_friend,true_006333,7.2426751087238355,2.1101854726400724
zh_ja_011,true_friend,true_002012,7.268013307420633,2.1101854726400724
zh_ja_011,true_friend,true_001989,7.279700000811561,2.1101854726400724
zh_ja_011,true_friend,true_003105,7.340676883817164,2.0284651159358993
zh_ja_011,true_friend,true_003626,7.368320805664171,2.1101854726400724
zh_ja_011,true_friend,true_003824,7.460745159674605,2.117768611606033
zh_ja_011,true_friend,true_000150,7.483208637245382,2.1101854726400724
zh_ja_011,true_friend,true_005932,7.523235548593841,2.1101854726400724
zh_ja_011,true_friend,true_001691,7.547411401336342,2.0412227581744893
zh_ja_011,true_friend,true_000921,7.633519985697314,2.063448851199126
zh_ja_011,true_friend,true_005489,7.634889991440713,2.1101854726400724
zh_ja_011,true_friend,true_006036,7.743191099940033,2.1101854726400724
zh_ja_011,true_friend,true_004186,7.751332352104349,2.0794956848902615
zh_ja_011,true_friend,true_002362,7.779467485559046,2.0412227581744893
zh_ja_011,true_friend,true_002450,7.808822288372376,2.1101854726400724
zh_ja_012,true_friend,true_000161,45.30399628495786,3.1854596504251234
zh_ja_012,true_friend,true_003328,84.49187656640822,4.80472784011265
zh_ja_012,true_friend,true_003443,118.31649987330636,4.80472784011265
zh_ja_012,true_friend,true_001969,119.40285345450766,4.80472784011265
zh_ja_012,true_friend,true_005156,135.8748139061918,4.80472784011265
zh_ja_012,true_friend,true_002581,137.47184387144446,4.80472784011265
zh_ja_012,true_friend,true_000278,138.1902090953033,4.80472784011265
zh_ja_012,true_friend,true_001790,140.28861950008007,4.80472784011265
zh_ja_012,true_friend,true_001176,141.1493200914621,4.80472784011265
zh_ja_012,true_friend,true_003844,141.9261974565569,4.80472784011265
zh_ja_012,true_friend,true_005036,143.7800644814271,4.80472784011265
zh_ja_012,true_friend,true_004647,143.94706942908164,4.80472784011265
zh_ja_012,true_friend,true_003650,143.97708833582726,4.80472784011265
zh_ja_012,true_friend,true_005212,145.63061786500893,4.80472784011265
zh_ja_012,true_friend,true_004951,145.74839860168123,4.80472784011265
zh_ja_012,true_friend,true_003744,145.90488877020772,4.80472784011265
zh_ja_012,true_friend,true_003953,146.0527139393341,4.80472784011265
zh_ja_012,true_friend,true_004571,147.1799875423017,4.80472784011265
zh_ja_012,true_friend,true_004236,147.48757941825528,4.80472784011265
zh_ja_012,true_friend,true_002451,148.25880933842765,4.80472784011265
zh_ja_012,true_friend,true_001517,148.34254007156306,4.80472784011265
zh_ja_012,true_friend,true_006275,149.82619214094245,4.80472784011265
zh_ja_012,true_friend,true_003259,151.04639445724652,4.80472784011265
zh_ja_012,true_friend,true_004074,151.08608643329384,4.80472784011265
zh_ja_012,true_friend,true_000776,151.26338813406326,4.80472784011265
zh_ja_012,true_friend,true_001637,151.88548033364725,4.80472784011265
zh_ja_012,true_friend,true_002255,153.65432410643712,4.80472784011265
zh_ja_012,true_friend,true_004629,154.08813075905422,4.80472784011265
zh_ja_012,true_friend,true_001423,156.4468947788985,4.881613490261878
zh_ja_012,true_friend,true_001088,157.22593435759714,4.80472784011265
zh_ja_012,true_friend,true_001340,159.9831934155169,4.881613490261878
zh_ja_012,true_friend,true_002228,160.562213233781,4.854033753028759
zh_ja_012,true_friend,true_000748,163.4508392358779,5.336679154608323
zh_ja_012,true_friend,true_002175,164.9314616637259,5.446998103540794
zh_ja_012,true_friend,true_002813,165.99833672583927,5.364258891841441
zh_ja_012,true_friend,true_004774,166.99889114354926,5.543527183856707
zh_ja_012,true_friend,true_006067,168.2816251986598,5.50215757800703
zh_ja_012,true_friend,true_005293,170.84935814296512,5.543527183856707
zh_ja_012,true_friend,true_001682,176.30156977389737,5.819324556187888
zh_ja_012,true_friend,true_000847,176.63382696829817,6.122701665752184
zh_ja_012,true_friend,true_000380,202.5716406719061,7.308630366776257
zh_ja_013,true_friend,true_002101,1.2009389437355285,1.0550927363200362
zh_ja_013,true_friend,true_002094,1.5027319281108151,1.0550927363200362
zh_ja_013,true_friend,true_004454,1.5890907046669196,1.0550927363200362
zh_ja_013,true_friend,true_003396,1.6001319312576343,1.0550927363200362
zh_ja_013,true_friend,true_003115,1.7755649935781574,1.0550927363200362
zh_ja_013,true_friend,true_006262,1.8717685963113475,1.0550927363200362
zh_ja_013,true_friend,true_002299,2.131370310722698,1.0550927363200362
zh_ja_013,true_friend,true_003084,2.282293143056937,1.0550927363200362
zh_ja_013,true_friend,true_001037,2.283695866987351,1.0550927363200362
zh_ja_013,true_friend,true_005963,2.5733042691041588,1.0550927363200362
zh_ja_013,true_friend,true_006113,2.587467961654648,1.0550927363200362
zh_ja_013,true_friend,true_003216,2.591055473375121,1.0550927363200362
zh_ja_013,true_friend,true_004608,2.9784069721539526,1.0588843058030164
zh_ja_013,true_friend,true_001565,3.076490499655124,1.177037724979782
zh_ja_013,true_friend,true_004316,3.7068640113467195,1.147975065103739
zh_ja_013,true_friend,true_006395,3.884276670121868,1.3078196944219806
zh_ja_013,true_friend,true_000132,4.042564480233171,1.395007674050113
zh_ja_013,true_friend,true_002783,4.1242856857963375,1.36506771952919
zh_ja_013,true_friend,true_002254,4.4805698248232035,1.4821956536782452
zh_ja_013,true_friend,true_000890,4.662154017192484,1.4671288574379147
zh_ja_013,true_friend,true_005500,4.911718044190535,1.5984462931824208
zh_ja_013,true_friend,true_004452,5.154511959174615,1.685634272810553
zh_ja_013,true_friend,true_000372,5.208139121102207,1.583914963244399
zh_ja_013,true_friend,true_004780,5.208139121102207,1.583914963244399
zh_ja_013,true_friend,true_002054,5.533262538657954,1.4967269836162675
zh_ja_013,true_friend,true_004198,6.379985011326974,1.642040282996487
zh_ja_013,true_friend,true_006059,6.5961744609721595,1.6840087754939541
zh_ja_013,true_friend,true_002058,6.703952143363859,1.798827555641269
zh_ja_013,true_friend,true_000620,6.725492390981452,1.9181355518189054
zh_ja_013,true_friend,true_006178,7.186821393517658,1.9008886935499933
zh_ja_013,true_friend,true_003037,7.945064611684807,2.0925115110751698
zh_ja_013,true_friend,true_005983,7.971641568813441,2.05398040041308
zh_ja_013,true_friend,true_004551,8.16791269748383,1.8881310513114027
zh_ja_013,true_friend,true_001556,8.850707016279012,1.9774345469815369
zh_ja_013,true_friend,true_002961,9.301524465114952,2.38313810983561
zh_ja_013,true_friend,true_003826,9.818159446958642,2.1215741709512135
zh_ja_013,true_friend,true_000905,10.544889998707443,2.1815568227989854
zh_ja_013,true_friend,true_006321,10.600207989752125,2.1438847344528256
zh_ja_013,true_friend,true_002892,10.61610940102473,2.1438847344528256
zh_ja_013,true_friend,true_003739,10.639040864604393,2.1438847344528256
zh_ja_013,true_friend,true_000129,13.560489310291914,3.1652782089601086
zh_ja_013,true_friend,true_001452,13.657677699317261,2.402363920056325
zh_ja_013,true_friend,true_005704,13.771606988023347,2.557514069091874
zh_ja_013,true_friend,true_001027,14.375930202617523,2.402363920056325
zh_ja_013,true_friend,true_003116,14.441314617660902,2.402363920056325
zh_ja_013,true_friend,true_005902,14.453411037644953,2.402363920056325
zh_ja_013,true_friend,true_002241,14.490800085878968,2.1438847344528256
zh_ja_013,true_friend,true_000802,14.699939600578533,2.402363920056325
zh_ja_013,true_friend,true_002071,14.725647268940843,2.1438847344528256
zh_ja_013,true_friend,true_000635,14.72741961940113,3.1652782089601086
zh_ja_013,true_friend,true_003822,14.918741928050133,2.402363920056325
zh_ja_013,true_friend,true_005773,15.132145942322373,2.402363920056325
zh_ja_013,true_friend,true_000601,15.334600155286246,2.402363920056325
zh_ja_013,true_friend,true_003509,15.439822932583626,2.402363920056325
zh_ja_013,true_friend,true_006165,15.447689986128355,2.402363920056325
zh_ja_013,true_friend,true_004879,15.666673412273614,2.402363920056325
zh_ja_013,true_friend,true_000597,16.404831579407016,2.402363920056325
zh_ja_013,true_friend,true_005747,17.44860798012226,2.402363920056325
zh_ja_013,true_friend,true_001362,17.47147907462145,2.402363920056325
zh_ja_013,true_friend,true_006114,17.515616761862738,2.402363920056325
zh_ja_013,true_friend,true_004523,17.880310069837414,2.402363920056325
zh_ja_013,true_friend,true_005497,17.897644974852017,3.1097046067367105
zh_ja_013,true_friend,true_004956,18.408379792171374,2.402363920056325
zh_ja_013,true_friend,true_002059,18.675680232253388,2.402363920056325
zh_ja_013,true_friend,true_006103,19.153874529184762,2.402363920056325
zh_ja_013,true_friend,true_002145,19.316095534957455,2.402363920056325
zh_ja_013,true_friend,true_003451,19.91838643044786,2.402363920056325
zh_ja_013,true_friend,true_005493,20.59007983514608,2.402363920056325
zh_ja_013,true_friend,true_001635,20.684238833060054,2.402363920056325
zh_ja_013,true_friend,true_005440,20.74055946852087,2.3104814601454997
zh_ja_013,true_friend,true_003342,21.18285341216484,2.717358698410117
zh_ja_013,true_friend,true_003452,21.565901496294977,3.3857998755591288
zh_ja_013,true_friend,true_002104,22.00655889044105,2.402363920056325
zh_ja_013,true_friend,true_001028,22.015609722678278,2.4993887493397864
zh_ja_013,true_friend,true_000875,22.220587334944916,2.402363920056325
zh_ja_013,true_friend,true_000630,22.340870032015857,2.402363920056325
zh_ja_013,true_friend,true_004333,22.37803509084469,2.402363920056325
zh_ja_013,true_friend,true_004617,22.41442838871648,2.402363920056325
zh_ja_013,true_friend,true_004814,22.5064905728467,2.402363920056325
zh_ja_013,true_friend,true_003075,22.5160736051986,2.402363920056325
zh_ja_013,true_friend,true_001007,22.614943944886946,2.402363920056325
zh_ja_013,true_friend,true_003031,22.663187354613655,2.402363920056325
zh_ja_013,true_friend,true_003048,22.801243701549666,2.402363920056325
zh_ja_013,true_friend,true_005982,22.82804382362287,2.402363920056325
zh_ja_013,true_friend,true_003192,22.862955917245415,2.402363920056325
zh_ja_013,true_friend,true_004073,22.913550712286224,2.402363920056325
zh_ja_013,true_friend,true_002869,22.95515957212647,2.402363920056325
zh_ja_013,true_friend,true_001523,23.011837920372933,2.402363920056325
zh_ja_013,true_friend,true_001124,23.029573391059884,2.6011080589059397
zh_ja_013,true_friend,true_000939,23.030936313316502,2.402363920056325
zh_ja_013,true_friend,true_005709,23.083262847322807,2.402363920056325
zh_ja_013,true_friend,true_005014,23.097934270500993,2.402363920056325
zh_ja_013,true_friend,true_005491,23.116571881387365,2.402363920056325
zh_ja_013,true_friend,true_000159,23.20061228712943,2.402363920056325
zh_ja_013,true_friend,true_002988,23.340417337317454,2.402363920056325
zh_ja_013,true_friend,true_006271,23.414872353771003,2.402363920056325
zh_ja_013,true_friend,true_002239,23.480850585575553,2.402363920056325
zh_ja_013,true_friend,true_006318,23.517805624283604,2.402363920056325
zh_ja_013,true_friend,true_003077,23.526672662860257,2.402363920056325
zh_ja_013,true_friend,true_000733,23.591657235612658,2.402363920056325
zh_ja_014,true_friend,true_006262,1.1713238244757556,1.0550927363200362
zh_ja_014,true_friend,true_002299,1.246443838448391,1.0550927363200362
zh_ja_014,true_friend,true_004608,1.256421510162223,1.0550927363200362
zh_ja_014,true_friend,true_005963,1.2744472179075488,1.0550927363200362
zh_ja_014,true_friend,true_001037,1.2906050143232615,1.0550927363200362
zh_ja_014,true_friend,true_002094,1.3350300997161304,1.0550927363200362
zh_ja_014,true_friend,true_003084,1.3703669855465854,1.0550927363200362
zh_ja_014,true_friend,true_003216,1.4400544345715627,1.0550927363200362
zh_ja_014,true_friend,true_004454,1.5003439693419676,1.0550927363200362
zh_ja_014,true_friend,true_002783,1.5601313274911752,1.0550927363200362
zh_ja_014,true_friend,true_003396,1.6236375015992737,1.0550927363200362
zh_ja_014,true_friend,true_003115,1.7720708786837513,1.0550927363200362
zh_ja_014,true_friend,true_000890,1.8319250923580683,1.0550927363200362
zh_ja_014,true_friend,true_004316,1.8376163473443379,1.0550927363200362
zh_ja_014,true_friend,true_006113,2.291921576314144,1.0550927363200362
zh_ja_014,true_friend,true_006395,2.3076750869479845,1.0550927363200362
zh_ja_014,true_friend,true_000132,2.6831479997124568,1.0550927363200362
zh_ja_014,true_friend,true_002054,2.738802959995599,1.0607870854756074
zh_ja_014,true_friend,true_002254,2.8458809459004204,1.0550927363200362
zh_ja_014,true_friend,true_001565,2.8625369804051592,1.0550927363200362
zh_ja_014,true_friend,true_002101,2.9734296613049427,1.0716419480416066
zh_ja_014,true_friend,true_002058,2.9887967462551375,1.0550927363200362
zh_ja_014,true_friend,true_000372,3.0177955387792794,1.147975065103739
zh_ja_014,true_friend,true_004780,3.0177955387792794,1.147975065103739
zh_ja_014,true_friend,true_006178,3.188217747453254,1.0588843058030164
zh_ja_014,true_friend,true_006059,3.210884643119998,1.1625063950417613
zh_ja_014,true_friend,true_004198,3.243989887960039,1.2061003848558272
zh_ja_014,true_friend,true_005500,3.285205015821366,1.1625063950417607
zh_ja_014,true_friend,true_005983,3.5427556427195057,1.2119760126661032
zh_ja_014,true_friend,true_004551,4.237187989423542,1.4095390039881348
zh_ja_014,true_friend,true_000620,4.312425628472544,1.4821956536782452
zh_ja_014,true_friend,true_004452,4.483870285041471,1.3376172558062203
zh_ja_014,true_friend,true_001556,4.679885445606314,1.4967269836162675
zh_ja_014,true_friend,true_003037,5.016628588161422,1.6565716129345094
zh_ja_014,true_friend,true_003826,5.484745954487271,1.6856342728105536
zh_ja_014,true_friend,true_000905,5.825567593869015,1.7001656027485752
zh_ja_014,true_friend,true_002961,6.780458961661861,1.94719821169495
zh_ja_014,true_friend,true_005704,8.308060254069252,2.121574170951214
zh_ja_014,true_friend,true_003739,10.828632471639114,2.1438847344528256
zh_ja_014,true_friend,true_000129,11.465452522145949,3.1652782089601086
zh_ja_014,true_friend,true_000635,11.649511791783095,3.1652782089601086
zh_ja_014,true_friend,true_002241,11.762603653519125,2.1438847344528256
zh_ja_014,true_friend,true_005497,11.910124958393029,2.6737647085960505
zh_ja_014,true_friend,true_006321,11.911922627161555,2.1438847344528256
zh_ja_014,true_friend,true_002892,12.680652389040242,2.1438847344528256
zh_ja_014,true_friend,true_001452,13.09852888102271,2.402363920056325
zh_ja_014,true_friend,true_003509,13.540509639387594,2.402363920056325
zh_ja_014,true_friend,true_000802,13.852826437114691,2.402363920056325
zh_ja_014,true_friend,true_006165,13.907285920063332,2.402363920056325
zh_ja_014,true_friend,true_005902,13.918789771011243,2.402363920056325
zh_ja_014,true_friend,true_004879,14.237927841492782,2.402363920056325
zh_ja_014,true_friend,true_003116,14.679533157080504,2.402363920056325
zh_ja_014,true_friend,true_003452,14.683235194369665,2.949859977418469
zh_ja_014,true_friend,true_004523,14.85188551647786,2.402363920056325
zh_ja_014,true_friend,true_001362,15.294421249448147,2.402363920056325
zh_ja_014,true_friend,true_005747,15.4132742794268,2.402363920056325
zh_ja_014,true_friend,true_005773,15.452979329151718,2.402363920056325
zh_ja_014,true_friend,true_000597,15.554224301048764,2.402363920056325
zh_ja_014,true_friend,true_002071,15.625144011175175,2.1438847344528256
zh_ja_014,true_friend,true_001027,15.692326575686161,2.402363920056325
zh_ja_014,true_friend,true_000601,15.693675021862857,2.402363920056325
zh_ja_014,true_friend,true_003822,15.828361591430882,2.402363920056325
zh_ja_014,true_friend,true_005440,15.857623160564563,2.1438847344528256
zh_ja_014,true_friend,true_004956,15.890808403612688,2.402363920056325
zh_ja_014,true_friend,true_006114,16.012004023288977,2.402363920056325
zh_ja_014,true_friend,true_006103,16.077582493268324,2.402363920056325
zh_ja_014,true_friend,true_002145,16.206671925889765,2.402363920056325
zh_ja_014,true_friend,true_003451,17.102630883527866,2.402363920056325
zh_ja_014,true_friend,true_005493,17.178384142440272,2.402363920056325
zh_ja_014,true_friend,true_001635,17.949054170911396,2.402363920056325
zh_ja_014,true_friend,true_002059,18.06474164557075,2.402363920056325
zh_ja_014,true_friend,true_001028,18.728858282406286,2.402363920056325
zh_ja_014,true_friend,true_001124,19.29269385475672,2.402363920056325
zh_ja_014,true_friend,true_004815,19.427171716354728,2.402363920056325
zh_ja_014,true_friend,true_004331,22.32563716413415,2.402363920056325
zh_ja_014,true_friend,true_003031,22.34617936156991,2.402363920056325
zh_ja_014,true_friend,true_000939,22.585489952944542,2.402363920056325
zh_ja_014,true_friend,true_001551,22.75965818604687,2.402363920056325
zh_ja_014,true_friend,true_004333,22.862910551728717,2.402363920056325
zh_ja_014,true_friend,true_005709,22.88711118143607,2.402363920056325
zh_ja_014,true_friend,true_004617,23.00585243828869,2.402363920056325
zh_ja_014,true_friend,true_002896,23.352945358630414,2.402363920056325
zh_ja_014,true_friend,true_002993,23.372543785462078,2.402363920056325
zh_ja_014,true_friend,true_005014,23.394240105669496,2.402363920056325
zh_ja_014,true_friend,true_001007,23.422531115793113,2.402363920056325
zh_ja_014,true_friend,true_005982,23.502082720604818,2.402363920056325
zh_ja_014,true_friend,true_002104,23.550622710846078,2.402363920056325
zh_ja_014,true_friend,true_004034,23.5888036025706,2.402363920056325
zh_ja_014,true_friend,true_000733,23.618822560294305,2.402363920056325
zh_ja_014,true_friend,true_003077,23.727671703851797,2.402363920056325
zh_ja_014,true_friend,true_004814,23.7973374129353,2.402363920056325
zh_ja_014,true_friend,true_000630,23.833572254969596,2.402363920056325
zh_ja_014,true_friend,true_005984,23.98502990509497,2.402363920056325
zh_ja_014,true_friend,true_003057,24.171612432884054,2.402363920056325
zh_ja_014,true_friend,true_003517,24.17678292024626,2.402363920056325
zh_ja_014,true_friend,true_003342,24.458791228862424,3.153298596550777
zh_ja_014,true_friend,true_000585,24.47322155923669,2.402363920056325
zh_ja_014,true_friend,true_000930,24.4781015772704,2.877203327728359
zh_ja_014,true_friend,true_000875,24.525820995955236,2.402363920056325
zh_ja_014,true_friend,true_001782,24.752353008439755,2.402363920056325
zh_ja_015,true_friend,true_004867,0.64023076800415,0.6205440877451535
zh_ja_015,true_friend,true_006383,0.6692008834328964,0.6684411771490131
zh_ja_015,true_friend,true_000444,0.8509589050936321,0.7556291567771449
zh_ja_015,true_friend,true_000826,1.3591217523160641,0.8718797962813208
zh_ja_015,true_friend,true_002330,1.814056445856279,1.089849745351651
zh_ja_015,true_friend,true_004037,2.389565893274516,1.1307692265578357
zh_ja_015,true_friend,true_001338,3.752300079915684,1.5168855478214873
zh_ja_015,true_friend,true_003286,4.599641750995736,1.758290922500664
zh_ja_015,true_friend,true_002790,4.622644285676946,1.8018849123147298
zh_ja_015,true_friend,true_004944,5.401166634411475,2.1101854726400724
zh_ja_015,true_friend,true_003268,5.964018569692432,2.048917521261104
zh_ja_015,true_friend,true_005439,6.430051759264882,2.077980181137147
zh_ja_015,true_friend,true_003212,6.6186513319546325,2.1101854726400724
zh_ja_015,true_friend,true_003549,7.020722489537624,2.1101854726400724
zh_ja_015,true_friend,true_002371,8.197740544421023,2.339544120021544
zh_ja_015,true_friend,true_002357,8.454675877731388,2.441263429587698
zh_ja_015,true_friend,true_001545,8.870282346655761,2.1101854726400724
zh_ja_015,true_friend,true_004988,9.53912716001092,2.1438847344528256
zh_ja_015,true_friend,true_001223,10.345548168559851,2.702827368472094
zh_ja_015,true_friend,true_002161,10.819654785015688,2.644702048720006
zh_ja_015,true_friend,true_005615,10.874815240972174,2.1438847344528256
zh_ja_015,true_friend,true_001475,11.011601825871255,2.1438847344528256
zh_ja_015,true_friend,true_002390,11.179197007842564,2.1438847344528256
zh_ja_015,true_friend,true_001496,12.00499537090104,2.1438847344528256
zh_ja_015,true_friend,true_004903,12.122034209663973,2.1438847344528256
zh_ja_015,true_friend,true_000726,12.12352008398481,2.1438847344528256
zh_ja_015,true_friend,true_004512,12.377176520908389,2.731890028348138
zh_ja_015,true_friend,true_005611,12.437786737609425,2.1438847344528256
zh_ja_015,true_friend,true_001877,12.49794936990287,2.1438847344528256
zh_ja_015,true_friend,true_005336,12.859060551380393,2.1438847344528256
zh_ja_015,true_friend,true_004948,13.064502108549114,2.1438847344528256
zh_ja_015,true_friend,true_006156,13.223146901045915,2.1438847344528256
zh_ja_015,true_friend,true_005604,13.338019580464374,2.1438847344528256
zh_ja_015,true_friend,true_004569,13.342917289607813,3.066110616922645
zh_ja_015,true_friend,true_003377,13.428262847674478,2.1438847344528256
zh_ja_015,true_friend,true_003176,13.954970495247837,2.1438847344528256
zh_ja_015,true_friend,true_003558,13.999682358606266,2.1438847344528256
zh_ja_015,true_friend,true_004591,14.038814633735639,2.402363920056325
zh_ja_015,true_friend,true_005050,14.094264861790963,2.1438847344528256
zh_ja_015,true_friend,true_002267,14.197670373114986,2.1438847344528256
zh_ja_015,true_friend,true_006564,14.197670373114986,2.1438847344528256
zh_ja_015,true_friend,true_005553,14.270815260513787,2.1438847344528256
zh_ja_015,true_friend,true_002343,14.275155349855519,2.1438847344528256
zh_ja_015,true_friend,true_000083,14.544483836548801,2.402363920056325
zh_ja_015,true_friend,true_006441,14.586076697485291,2.1438847344528256
zh_ja_015,true_friend,true_000376,14.722479813688086,2.402363920056325
zh_ja_015,true_friend,true_003000,14.83332035264214,2.1438847344528256
zh_ja_015,true_friend,true_003873,14.864318406457157,2.1438847344528256
zh_ja_015,true_friend,true_004942,14.872117071580577,2.1438847344528256
zh_ja_015,true_friend,true_006030,14.929442916564811,2.1438847344528256
zh_ja_015,true_friend,true_005664,14.932538146240466,2.1438847344528256
zh_ja_015,true_friend,true_002279,14.967131048756032,2.1438847344528256
zh_ja_015,true_friend,true_001038,15.025514452056521,2.1438847344528256
zh_ja_015,true_friend,true_000518,15.14486215297965,2.1438847344528256
zh_ja_015,true_friend,true_003917,15.283312273150722,2.1438847344528256
zh_ja_015,true_friend,true_005056,15.541507088192503,2.1438847344528256
zh_ja_015,true_friend,true_006193,15.543335504916458,2.1438847344528256
zh_ja_015,true_friend,true_006439,15.63572911779775,2.1438847344528256
zh_ja_015,true_friend,true_004258,15.797722763240175,2.402363920056325
zh_ja_015,true_friend,true_003157,15.85655952255583,3.3131432258690188
zh_ja_015,true_friend,true_003530,15.862357066893459,2.1438847344528256
zh_ja_015,true_friend,true_002875,15.92521646287632,2.402363920056325
zh_ja_015,true_friend,true_000787,16.01682758235968,2.1438847344528256
zh_ja_015,true_friend,true_002261,16.060785939751298,2.16516816076528
zh_ja_015,true_friend,true_003250,16.3826577273688,2.194230820641324
zh_ja_015,true_friend,true_000550,16.483100324531875,2.2378248104553897
zh_ja_015,true_friend,true_000520,16.581984780030574,2.402363920056325
zh_ja_015,true_friend,true_004422,16.70684608859757,2.1438847344528256
zh_ja_015,true_friend,true_003914,16.740743297432154,2.223293480517368
zh_ja_015,true_friend,true_001869,16.805998004243442,2.402363920056325
zh_ja_015,true_friend,true_004483,16.920405201267528,2.325012790083522
zh_ja_015,true_friend,true_004006,16.937722874615325,2.402363920056325
zh_ja_015,true_friend,true_003975,16.969350737275086,2.339544120021544
zh_ja_015,true_friend,true_002525,16.980168609430265,2.402363920056325
zh_ja_015,true_friend,true_001908,16.981418477796467,2.325012790083522
zh_ja_015,true_friend,true_004565,17.084521439665615,2.1438847344528256
zh_ja_015,true_friend,true_006448,17.100455894999634,2.402363920056325
zh_ja_015,true_friend,true_004669,17.13314150573806,2.402363920056325
zh_ja_015,true_friend,true_001687,17.203307688750677,2.1438847344528256
zh_ja_015,true_friend,true_002712,17.26208741559091,2.339544120021544
zh_ja_015,true_friend,true_001047,17.344601151194045,2.2523561403934123
zh_ja_015,true_friend,true_001721,17.363556982930643,2.2959501302074785
zh_ja_015,true_friend,true_003899,17.532077365041438,3.0370479570466
zh_ja_015,true_friend,true_004399,17.60079677829534,2.402363920056325
zh_ja_015,true_friend,true_001160,17.71245917742076,2.441263429587698
zh_ja_015,true_friend,true_001339,17.72238031200868,2.402363920056325
zh_ja_015,true_friend,true_002540,17.81963233670909,2.402363920056325
zh_ja_015,true_friend,true_000789,17.8299666978404,2.402363920056325
zh_ja_015,true_friend,true_005632,17.876080145302474,2.295950130207478
zh_ja_015,true_friend,true_003901,17.897439654857514,2.402363920056325
zh_ja_015,true_friend,true_003490,17.934087450675694,2.441263429587698
zh_ja_015,true_friend,true_006543,17.984230937254402,2.402363920056325
zh_ja_015,true_friend,true_001089,17.995013091437457,2.1438847344528256
zh_ja_015,true_friend,true_000403,18.049608506346956,2.4993887493397864
zh_ja_015,true_friend,true_005954,18.322733338253062,2.402363920056325
zh_ja_015,true_friend,true_002229,18.339873753628552,2.4267320996496764
zh_ja_015,true_friend,true_005968,18.34868556474499,2.402363920056325
zh_ja_015,true_friend,true_002821,18.365059035682762,2.1438847344528256
zh_ja_015,true_friend,true_003717,18.365664145306724,2.402363920056325
zh_ja_015,true_friend,true_003858,18.368488092448192,2.3686067798975885
zh_ja_016,true_friend,true_000161,30.532495706185088,2.67376470859605
zh_ja_016,true_friend,true_001969,41.125149065375254,3.661895144381547
zh_ja_016,true_friend,true_003443,41.13857073568818,3.661895144381546
zh_ja_016,true_friend,true_001517,54.08970269107884,4.356692897568944
zh_ja_016,true_friend,true_000278,56.088213776581945,4.356692897568944
zh_ja_016,true_friend,true_002451,56.80982182009647,4.356692897568944
zh_ja_016,true_friend,true_004647,57.282277724521535,4.356692897568944
zh_ja_016,true_friend,true_004951,57.82452601886872,4.356692897568944
zh_ja_016,true_friend,true_001176,58.56062838643869,4.356692897568944
zh_ja_016,true_friend,true_001088,59.215926860343366,4.356692897568944
zh_ja_016,true_friend,true_002255,61.1234389780575,4.356692897568944
zh_ja_016,true_friend,true_003844,61.638976462440546,4.356692897568944
zh_ja_016,true_friend,true_003328,62.16510562904727,4.344867651468581
zh_ja_016,true_friend,true_003650,62.23384930655762,4.356692897568944
zh_ja_016,true_friend,true_001790,62.316038476002035,4.356692897568944
zh_ja_016,true_friend,true_001637,62.64294657720089,4.356692897568944
zh_ja_016,true_friend,true_006275,63.56217800904045,4.356692897568944
zh_ja_016,true_friend,true_004236,63.73514241329248,4.356692897568944
zh_ja_016,true_friend,true_005212,63.840967799489114,4.356692897568944
zh_ja_016,true_friend,true_005156,63.9477044506591,4.356692897568944
zh_ja_016,true_friend,true_002813,64.20230708774076,4.356692897568944
zh_ja_016,true_friend,true_002228,64.58320367895216,4.356692897568944
zh_ja_016,true_friend,true_002581,65.10664394238175,4.356692897568944
zh_ja_016,true_friend,true_000776,66.08817487106609,4.356692897568944
zh_ja_016,true_friend,true_004074,66.18526826404475,4.356692897568944
zh_ja_016,true_friend,true_004571,66.59642268921847,4.356692897568944
zh_ja_016,true_friend,true_004629,66.67354058634409,4.356692897568944
zh_ja_016,true_friend,true_003953,67.54702549270378,4.356692897568944
zh_ja_016,true_friend,true_003259,67.82738350412673,4.356692897568944
zh_ja_016,true_friend,true_000748,67.95053261833219,4.356692897568944
zh_ja_016,true_friend,true_001423,70.47076362916661,4.356692897568944
zh_ja_016,true_friend,true_001682,70.8495041698394,4.356692897568944
zh_ja_016,true_friend,true_002175,72.74835844218862,4.356692897568944
zh_ja_016,true_friend,true_005036,72.83795943968951,4.356692897568944
zh_ja_016,true_friend,true_000847,76.28315961203432,4.356692897568944
zh_ja_016,true_friend,true_004774,77.58639600704612,4.356692897568944
zh_ja_016,true_friend,true_003744,77.932523846927,4.356692897568944
zh_ja_016,true_friend,true_001340,83.03795671773113,4.780807549609243
zh_ja_016,true_friend,true_006067,84.38368908467162,4.795338879547263
zh_ja_016,true_friend,true_000380,85.77734020874492,4.71613506686317
zh_ja_016,true_friend,true_005293,89.76405139721747,5.202216117811879
zh_ja_019,true_friend,true_005632,1.1392513162497113,1.0550927363200362
zh_ja_019,true_friend,true_006496,1.1464019708085784,1.0550927363200362
zh_ja_019,true_friend,true_003858,1.1479007795660308,1.0550927363200362
zh_ja_019,true_friend,true_000668,1.1718702070136158,1.0550927363200362
zh_ja_019,true_friend,true_001047,1.1930026773058102,1.0550927363200362
zh_ja_019,true_friend,true_005215,1.195418568169387,1.0550927363200362
zh_ja_019,true_friend,true_002068,1.1998393990135765,1.0550927363200362
zh_ja_019,true_friend,true_000884,1.211098919453081,1.0550927363200362
zh_ja_019,true_friend,true_000857,1.217343218292941,1.0550927363200362
zh_ja_019,true_friend,true_006440,1.229563064453534,1.0550927363200362
zh_ja_019,true_friend,true_006614,1.2631098335806135,1.0550927363200362
zh_ja_019,true_friend,true_004133,1.2804161319806364,1.0550927363200362
zh_ja_019,true_friend,true_000758,1.2898073579855616,1.0550927363200362
zh_ja_019,true_friend,true_001721,1.2928013326095738,1.0550927363200362
zh_ja_019,true_friend,true_004678,1.3008318714710516,1.0550927363200362
zh_ja_019,true_friend,true_002780,1.3359012570963886,1.0550927363200362
zh_ja_019,true_friend,true_000787,1.3497707279031057,1.0550927363200362
zh_ja_019,true_friend,true_004840,1.3506846047035999,1.0550927363200362
zh_ja_019,true_friend,true_003914,1.3916294090589503,1.0550927363200362
zh_ja_019,true_friend,true_005335,1.4040436272170584,1.0550927363200362
zh_ja_019,true_friend,true_005673,1.4077244805123974,1.0550927363200362
zh_ja_019,true_friend,true_006116,1.4551166940430598,1.0550927363200362
zh_ja_019,true_friend,true_006563,1.4570670996057609,1.0550927363200362
zh_ja_019,true_friend,true_000529,1.4724402055922252,1.0550927363200362
zh_ja_019,true_friend,true_004765,1.4724402055922252,1.0550927363200362
zh_ja_019,true_friend,true_005664,1.4725549050658606,1.0550927363200362
zh_ja_019,true_friend,true_000921,1.5175268581725727,1.0550927363200362
zh_ja_019,true_friend,true_000558,1.5196914672579465,1.0550927363200362
zh_ja_019,true_friend,true_003986,1.5491548083273516,1.0550927363200362
zh_ja_019,true_friend,true_003000,1.5493332462820903,1.0550927363200362
zh_ja_019,true_friend,true_003250,1.550568490768466,1.0550927363200362
zh_ja_019,true_friend,true_004030,1.56583775026863,1.0550927363200362
zh_ja_019,true_friend,true_000496,1.5680802755171146,1.0550927363200362
zh_ja_019,true_friend,true_000835,1.5912433850788188,1.0550927363200362
zh_ja_019,true_friend,true_002712,1.6052111782028624,1.0550927363200362
zh_ja_019,true_friend,true_006437,1.6065210652575312,1.0550927363200362
zh_ja_019,true_friend,true_003490,1.6570413226749263,1.0550927363200362
zh_ja_019,true_friend,true_002943,1.691799864685689,1.0550927363200362
zh_ja_019,true_friend,true_000518,1.6958426644758346,1.0550927363200362
zh_ja_019,true_friend,true_003928,1.7069857367381902,1.0550927363200362
zh_ja_019,true_friend,true_003855,1.7189551244954726,1.0550927363200362
zh_ja_019,true_friend,true_006358,1.7263187196165677,1.0550927363200362
zh_ja_019,true_friend,true_005553,1.7290989638695653,1.0550927363200362
zh_ja_019,true_friend,true_002261,1.7457213549238315,1.0550927363200362
zh_ja_019,true_friend,true_001066,1.7513743111235622,1.0550927363200362
zh_ja_019,true_friend,true_006439,1.7568463611759857,1.0550927363200362
zh_ja_019,true_friend,true_006531,1.7620897362962071,1.0550927363200362
zh_ja_019,true_friend,true_004942,1.7704446601228332,1.0550927363200362
zh_ja_019,true_friend,true_000265,1.7854108351154305,1.0550927363200362
zh_ja_019,true_friend,true_003368,1.8189754456879434,1.0550927363200362
zh_ja_019,true_friend,true_005396,1.8237011814544957,1.0550927363200362
zh_ja_019,true_friend,true_000284,1.8356095891681663,1.0550927363200362
zh_ja_019,true_friend,true_003489,1.8447490399643134,1.0550927363200362
zh_ja_019,true_friend,true_001486,1.8561938318044309,1.0550927363200362
zh_ja_019,true_friend,true_005489,1.8562775634972577,1.0550927363200362
zh_ja_019,true_friend,true_001038,1.8619548972948616,1.0550927363200362
zh_ja_019,true_friend,true_002305,1.8793210459764857,1.0550927363200362
zh_ja_019,true_friend,true_003873,1.8847469141025202,1.0550927363200362
zh_ja_019,true_friend,true_006555,1.8936821782532098,1.0550927363200362
zh_ja_019,true_friend,true_001908,1.916091155660704,1.0550927363200362
zh_ja_019,true_friend,true_002631,1.9433017450060115,1.0550927363200362
zh_ja_019,true_friend,true_005170,1.9448876602981575,1.0550927363200362
zh_ja_019,true_friend,true_005346,1.9781247877337556,1.0550927363200362
zh_ja_019,true_friend,true_006286,2.0086074630690183,1.0550927363200362
zh_ja_019,true_friend,true_003929,2.0138904143429546,1.0550927363200362
zh_ja_019,true_friend,true_005410,2.0173103100102647,1.0550927363200362
zh_ja_019,true_friend,true_001911,2.0181431056799033,1.0550927363200362
zh_ja_019,true_friend,true_005050,2.0346336814714223,1.0550927363200362
zh_ja_019,true_friend,true_002409,2.046199127967726,1.0550927363200362
zh_ja_019,true_friend,true_003680,2.0540912116861216,1.0550927363200362
zh_ja_019,true_friend,true_005604,2.063590672901316,1.0550927363200362
zh_ja_019,true_friend,true_000918,2.0928092634973363,1.0550927363200362
zh_ja_019,true_friend,true_004483,2.0929611572502287,1.0550927363200362
zh_ja_019,true_friend,true_001089,2.0963505127016786,1.0550927363200362
zh_ja_019,true_friend,true_000723,2.097689656891787,1.0550927363200362
zh_ja_019,true_friend,true_003918,2.1001111011384967,1.0550927363200362
zh_ja_019,true_friend,true_001989,2.1149274073588007,1.0550927363200362
zh_ja_019,true_friend,true_003377,2.1188944046632314,1.0550927363200362
zh_ja_019,true_friend,true_006180,2.132849634461051,1.0550927363200362
zh_ja_019,true_friend,true_004901,2.171341562894076,1.0550927363200362
zh_ja_019,true_friend,true_006014,2.1799749555584915,1.0550927363200362
zh_ja_019,true_friend,true_004166,2.182861913056875,1.0550927363200362
zh_ja_019,true_friend,true_006516,2.211820888387824,1.0550927363200362
zh_ja_019,true_friend,true_005610,2.2402862314462,1.0550927363200362
zh_ja_019,true_friend,true_003439,2.2688817536545365,1.0550927363200362
zh_ja_019,true_friend,true_000730,2.2750089867251377,1.0550927363200362
zh_ja_019,true_friend,true_002362,2.2915076626208037,1.0550927363200362
zh_ja_019,true_friend,true_001907,2.308017449298445,1.0550927363200362
zh_ja_019,true_friend,true_003975,2.3115842679845926,1.0550927363200362
zh_ja_019,true_friend,true_003706,2.3355279358741132,1.0550927363200362
zh_ja_019,true_friend,true_003558,2.341668380975341,1.0550927363200362
zh_ja_019,true_friend,true_003626,2.3532909501252837,1.0550927363200362
zh_ja_019,true_friend,true_005052,2.3562273720952405,1.0550927363200362
zh_ja_019,true_friend,true_001229,2.369292783772914,1.0550927363200362
zh_ja_019,true_friend,true_003393,2.3741757437742823,1.0550927363200362
zh_ja_019,true_friend,true_001312,2.4277817995661124,1.0550927363200362
zh_ja_019,true_friend,true_004948,2.435517331949783,1.0550927363200362
zh_ja_019,true_friend,true_006207,2.4357510997579324,1.0550927363200362
zh_ja_019,true_friend,true_005244,2.440933835033241,1.0550927363200362
zh_ja_019,true_friend,true_005336,2.4553219327240225,1.0550927363200362
zh_ja_020,true_friend,true_005181,0.08053648307416439,0.23250127900835243
zh_ja_020,true_friend,true_000903,0.493326000401742,0.5812531975208803
zh_ja_020,true_friend,true_001239,0.5002012205006598,0.5376592077068137
zh_ja_020,true_friend,true_005353,0.6625832879559607,0.6539098472109908
zh_ja_020,true_friend,true_000676,1.0320975664420502,0.7909738187926147
zh_ja_020,true_friend,true_002109,1.810084523079432,1.0333690213258353
zh_ja_020,true_friend,true_006219,1.997670023292075,1.1583489637909536
zh_ja_020,true_friend,true_004767,2.2945506335143175,1.1625063950417607
zh_ja_020,true_friend,true_002856,2.653477410381878,1.263006581620465
zh_ja_020,true_friend,true_005636,5.088509121538651,1.8454789021287947
zh_ja_020,true_friend,true_001577,7.585167661352521,2.121574170951213
zh_ja_020,true_friend,true_002898,12.071676936246721,2.402363920056325
zh_ja_020,true_friend,true_003323,12.396583457273259,2.402363920056325
zh_ja_020,true_friend,true_002316,12.405549457818607,2.402363920056325
zh_ja_020,true_friend,true_003629,12.521282513107202,2.402363920056325
zh_ja_020,true_friend,true_002837,12.941737296045483,2.402363920056325
zh_ja_020,true_friend,true_001678,13.383744961543641,2.402363920056325
zh_ja_020,true_friend,true_005572,14.0637368392673,2.402363920056325
zh_ja_020,true_friend,true_002335,15.010119459439716,2.402363920056325
zh_ja_020,true_friend,true_002899,15.057412544910102,2.402363920056325
zh_ja_020,true_friend,true_004214,15.366765899536565,2.402363920056325
zh_ja_020,true_friend,true_003792,15.886967559713579,2.402363920056325
zh_ja_020,true_friend,true_000760,16.04204153636974,2.7609526882241813
zh_ja_020,true_friend,true_001679,21.3105539909496,2.402363920056325
zh_ja_020,true_friend,true_001776,21.71604912177566,2.402363920056325
zh_ja_020,true_friend,true_005179,21.85906996389668,2.402363920056325
zh_ja_020,true_friend,true_002595,22.071996766536408,2.402363920056325
zh_ja_020,true_friend,true_003010,22.51158532982729,2.402363920056325
zh_ja_020,true_friend,true_002604,22.7791553587181,2.402363920056325
zh_ja_020,true_friend,true_005429,22.883607866368514,2.402363920056325
zh_ja_020,true_friend,true_002603,23.37828176135288,2.402363920056325
zh_ja_020,true_friend,true_002092,23.609029377177954,2.402363920056325
zh_ja_020,true_friend,true_000140,23.71844092133165,2.402363920056325
zh_ja_020,true_friend,true_003111,24.10791851193246,2.402363920056325
zh_ja_020,true_friend,true_000604,24.63487136438731,2.402363920056325
zh_ja_020,true_friend,true_004946,25.01662720005588,2.402363920056325
zh_ja_020,true_friend,true_003459,25.213651835018155,2.402363920056325
zh_ja_020,true_friend,true_003809,25.241597135703863,2.402363920056325
zh_ja_020,true_friend,true_000170,25.370552471085254,2.402363920056325
zh_ja_020,true_friend,true_004826,25.53300270387146,2.402363920056325
zh_ja_020,true_friend,true_000153,25.59979230103263,2.402363920056325
zh_ja_020,true_friend,true_002609,26.428341355616233,2.402363920056325
zh_ja_020,true_friend,true_002353,26.584831967966622,2.402363920056325
zh_ja_020,true_friend,true_002630,26.593427964024563,2.402363920056325
zh_ja_020,true_friend,true_003363,26.6070419615372,2.402363920056325
zh_ja_020,true_friend,true_002615,26.654288499983096,2.402363920056325
zh_ja_020,true_friend,true_001624,26.901580247497137,2.402363920056325
zh_ja_020,true_friend,true_000602,27.380463058887983,2.402363920056325
zh_ja_020,true_friend,true_002835,27.68959530094609,2.402363920056325
zh_ja_020,true_friend,true_001680,28.233595291820777,2.402363920056325
zh_ja_020,true_friend,true_000172,28.822334927446946,2.402363920056325
zh_ja_020,true_friend,true_002598,30.21408230738416,2.402363920056325
zh_ja_020,true_friend,true_000608,30.433683332522236,2.402363920056325
zh_ja_020,true_friend,true_003671,31.242506380349802,2.661444642995882
zh_ja_020,true_friend,true_006153,31.338162078839837,2.402363920056325
zh_ja_020,true_friend,true_006084,31.993773058357753,2.819078007976271
zh_ja_020,true_friend,true_000664,32.04303113480095,2.4683864823640564
zh_ja_020,true_friend,true_004659,32.75516591831235,2.402363920056325
zh_ja_020,true_friend,true_004268,32.79056765192102,2.402363920056325
zh_ja_020,true_friend,true_005631,32.89623323966751,2.402363920056325
zh_ja_020,true_friend,true_002062,33.764486293053665,2.402363920056325
zh_ja_020,true_friend,true_000896,34.09264446149541,2.402363920056325
zh_ja_020,true_friend,true_002911,34.81622870216319,2.7855534605449135
zh_ja_020,true_friend,true_006212,35.115952518453334,2.402363920056325
zh_ja_020,true_friend,true_003422,35.411574739407534,2.8194389347285127
zh_ja_020,true_friend,true_006466,35.425468955393775,2.402363920056325
zh_ja_020,true_friend,true_000031,36.056241071255805,2.8407129350111484
zh_ja_020,true_friend,true_003714,36.0891320479389,2.402363920056325
zh_ja_020,true_friend,true_002198,36.324220083255604,2.96482175256018
zh_ja_020,true_friend,true_005513,36.32667701386624,2.9234521467105026
zh_ja_020,true_friend,true_006376,37.70696291838543,2.402363920056325
zh_ja_020,true_friend,true_005042,39.36007803716861,2.402363920056325
zh_ja_020,true_friend,true_003292,39.42353208999927,2.402363920056325
zh_ja_020,true_friend,true_002545,40.026127628934695,2.402363920056325
zh_ja_020,true_friend,true_004671,40.822180176236124,2.474982594286568
zh_ja_020,true_friend,true_006189,40.98923812490061,2.402363920056325
zh_ja_020,true_friend,true_006058,41.16283575392037,2.6025590166724735
zh_ja_021,true_friend,true_002250,0.04518136462791372,0.17437595925626462
zh_ja_021,true_friend,true_003564,0.06354940101377964,0.2068480292483851
zh_ja_021,true_friend,true_002967,0.06812361386210301,0.2068480292483851
zh_ja_021,true_friend,true_002438,0.20342580677402483,0.37781457838857196
zh_ja_021,true_friend,true_003251,0.20724984864228366,0.35721398268053595
zh_ja_021,true_friend,true_002137,0.21923342548203192,0.35721398268053595
zh_ja_021,true_friend,true_004274,0.23055398330417465,0.37781457838857135
zh_ja_021,true_friend,true_002715,0.28028356782449776,0.3954869093963074
zh_ja_021,true_friend,true_003775,0.4080943361231129,0.4940652178927488
zh_ja_021,true_friend,true_006463,0.41812291159261167,0.5085965478307706
zh_ja_021,true_friend,true_000957,0.5944687745469398,0.6393785172729675
zh_ja_021,true_friend,true_002419,0.613158173499059,0.6539098472109894
zh_ja_021,true_friend,true_005131,0.6739493898490934,0.5812531975208807
zh_ja_021,true_friend,true_001956,0.7484725693877795,0.7265664969011005
zh_ja_021,true_friend,true_005882,0.7494686606351454,0.6975038370250565
zh_ja_021,true_friend,true_000622,0.7673730113645604,0.6889126808838902
zh_ja_021,true_friend,true_001469,0.8014332625793998,0.7308630366776254
zh_ja_021,true_friend,true_002021,0.8061195246567725,0.730863036677626
zh_ja_021,true_friend,true_004717,0.8225673805782567,0.6684411771490119
zh_ja_021,true_friend,true_004400,0.8497274148974197,0.6889126808838902
zh_ja_021,true_friend,true_002607,0.8567725825005331,0.7584427739107433
zh_ja_021,true_friend,true_002213,0.8774823657475137,0.6975038370250559
zh_ja_021,true_friend,true_005134,0.8864486867234489,0.7271856075996622
zh_ja_021,true_friend,true_004965,0.9290817223355103,0.7860225111438619
zh_ja_021,true_friend,true_004271,0.9496243404888085,0.7992231465912104
zh_ja_021,true_friend,true_002041,0.974621398311627,0.784691816653188
zh_ja_021,true_friend,true_006147,0.975599083436627,0.7654585343154336
zh_ja_021,true_friend,true_004061,1.050405238678379,0.7992231465912104
zh_ja_021,true_friend,true_000394,1.1211844929123482,0.8718797962813215
zh_ja_021,true_friend,true_000698,1.132841689821664,0.7654585343154336
zh_ja_021,true_friend,true_002141,1.1557794574874651,0.8864111262193425
zh_ja_021,true_friend,true_003665,1.1821979463580488,0.8273921169935392
zh_ja_021,true_friend,true_001323,1.4064548604110696,0.8573484663432979
zh_ja_021,true_friend,true_005723,1.5588353146462108,1.0462557555375838
zh_ja_021,true_friend,true_002440,1.58288973364608,0.9057925989399296
zh_ja_021,true_friend,true_005885,1.6526511398948875,1.0078537368486542
zh_ja_021,true_friend,true_001638,1.6724916463704467,1.0171930956615411
zh_ja_021,true_friend,true_005801,1.7348479581893834,1.1043810752896719
zh_ja_021,true_friend,true_005888,1.7525025283043576,1.0333690213258353
zh_ja_021,true_friend,true_004731,1.7554522790509726,1.0171930956615411
zh_ja_021,true_friend,true_002136,1.7711232043497145,1.0461266635644262
zh_ja_021,true_friend,true_001561,1.7954283429691298,1.048030014858483
zh_ja_021,true_friend,true_000792,1.829713031767601,1.089399620708159
zh_ja_021,true_friend,true_002031,1.8440259831483468,1.020611379087245
zh_ja_021,true_friend,true_002521,1.8521425742478987,1.034240146241923
zh_ja_021,true_friend,true_001763,1.8614781154917242,1.0716419480416073
zh_ja_021,true_friend,true_004489,1.9153014987663357,1.0462557555375844
zh_ja_021,true_friend,true_000943,1.98441821164745,1.1043810752896732
zh_ja_021,true_friend,true_005177,2.0792709800194062,1.1189124052276942
zh_ja_021,true_friend,true_004147,2.0869832491311993,1.1859287010240722
zh_ja_021,true_friend,true_003715,2.177771979748056,1.160945443711741
zh_ja_021,true_friend,true_003225,2.1922420784268244,1.1189124052276949
zh_ja_021,true_friend,true_001553,2.233479092110228,1.0753184154136286
zh_ja_021,true_friend,true_001803,2.2352963658648175,1.160945443711741
zh_ja_021,true_friend,true_003236,2.2489576174391854,1.2272983068737482
zh_ja_021,true_friend,true_006453,2.2755162887631255,1.2206317147938488
zh_ja_021,true_friend,true_004691,2.407526614015274,1.1481878014731501
zh_ja_021,true_friend,true_005669,2.450734443779448,1.264225704607915
zh_ja_021,true_friend,true_004118,2.531495345553096,1.2247336549046934
zh_ja_021,true_friend,true_002015,2.536902728600832,1.336882354298025
zh_ja_021,true_friend,true_002617,2.5453400343195156,1.2787570345459363
zh_ja_021,true_friend,true_000568,2.582867248542058,1.278757034545937
zh_ja_021,true_friend,true_006451,2.682337648017543,1.2885218660976467
zh_ja_021,true_friend,true_001482,2.708462308096063,1.2502489393818748
zh_ja_021,true_friend,true_002400,2.7107395307402795,1.351413684236046
zh_ja_021,true_friend,true_000535,2.7637584980780283,1.2757642238590559
zh_ja_021,true_friend,true_003013,2.767210864456626,1.2757642238590559
zh_ja_021,true_friend,true_001199,2.8207679903212153,1.3950076740501125
zh_ja_021,true_friend,true_003910,2.854851647987246,1.301279508336237
zh_ja_021,true_friend,true_000481,2.9787429529627976,1.2496943746698927
zh_ja_021,true_friend,true_003746,3.0231073026184063,1.3140371505748278
zh_ja_021,true_friend,true_002740,3.041534400362055,1.301279508336237
zh_ja_021,true_friend,true_000951,3.115561860146759,1.36506771952919
zh_ja_021,true_friend,true_001615,3.1217705960221283,1.2885218660976467
zh_ja_021,true_friend,true_003866,3.1300782174843897,1.3905830040063711
zh_ja_021,true_friend,true_004592,3.151559620712213,1.3078196944219809
zh_ja_021,true_friend,true_005362,3.2548129083844,1.5112583135542885
zh_ja_021,true_friend,true_004518,3.257978107592149,1.2757642238590559
zh_ja_021,true_friend,true_003919,3.373074451211064,1.5112583135542885
zh_ja_021,true_friend,true_004517,3.4382310623327363,1.3523100772905992
zh_ja_021,true_friend,true_001836,3.439726416705714,1.4416135729607336
zh_ja_021,true_friend,true_004117,3.4723516731564734,1.525789643492311
zh_ja_021,true_friend,true_005228,3.487021494014606,1.5693836333063766
zh_ja_021,true_friend,true_004058,3.5677076967096264,1.4821956536782446
zh_ja_021,true_friend,true_002192,3.5896404941945375,1.4160982884835518
zh_ja_021,true_friend,true_004375,3.5944195663136793,1.5403209734303327
zh_ja_021,true_friend,true_006046,3.615369095370624,1.4967269836162675
zh_ja_021,true_friend,true_002189,3.632610512213309,1.428855930722142
zh_ja_021,true_friend,true_001920,3.685920690516343,1.4160982884835518
zh_ja_021,true_friend,true_005011,3.6934504153379946,1.36506771952919
zh_ja_021,true_friend,true_006503,3.727104146063277,1.5984462931824215
zh_ja_021,true_friend,true_002969,3.731913782929694,1.428855930722142
zh_ja_021,true_friend,true_001457,3.784511379297947,1.5309170686308666
zh_ja_021,true_friend,true_001175,3.873107766909573,1.4798864996765044
zh_ja_021,true_friend,true_005973,3.916554503303848,1.5309170686308666
zh_ja_021,true_friend,true_002079,3.9557980001156174,1.461726073355252
zh_ja_021,true_friend,true_002306,3.9639879642900233,1.5693836333063773
zh_ja_021,true_friend,true_006241,4.021304575929216,1.6420402829964864
zh_ja_021,true_friend,true_004493,4.060719587301348,1.4531329938022004
zh_ja_021,true_friend,true_000844,4.077005874852224,1.4926441419150958
zh_ja_022,true_friend,true_002525,1.1132206822353015,1.0550927363200362
zh_ja_022,true_friend,true_006448,1.1179392263278514,1.0550927363200362
zh_ja_022,true_friend,true_004399,1.1401084061714106,1.0550927363200362
zh_ja_022,true_friend,true_004669,1.1559237495812307,1.0550927363200362
zh_ja_022,true_friend,true_001339,1.1767700832490808,1.0550927363200362
zh_ja_022,true_friend,true_003901,1.2262361547154677,1.0550927363200362
zh_ja_022,true_friend,true_005954,1.25412766902814,1.0550927363200362
zh_ja_022,true_friend,true_001869,1.2869028917275096,1.0550927363200362
zh_ja_022,true_friend,true_002282,1.2921371246495812,1.0550927363200362
zh_ja_022,true_friend,true_006444,1.2993111770390624,1.0550927363200362
zh_ja_022,true_friend,true_004207,1.3080167846067845,1.0550927363200362
zh_ja_022,true_friend,true_004258,1.3499665039810806,1.0550927363200362
zh_ja_022,true_friend,true_002249,1.4111476170366086,1.0550927363200362
zh_ja_022,true_friend,true_005426,1.4395364389749332,1.0550927363200362
zh_ja_022,true_friend,true_006003,1.4551166940430609,1.0550927363200362
zh_ja_022,true_friend,true_000520,1.5210123111555351,1.0550927363200362
zh_ja_022,true_friend,true_003717,1.5794651988121333,1.0550927363200362
zh_ja_022,true_friend,true_004280,1.593846689360998,1.0550927363200362
zh_ja_022,true_friend,true_000083,1.60442012900336,1.0550927363200362
zh_ja_022,true_friend,true_001430,1.6921832203078102,1.0550927363200362
zh_ja_022,true_friend,true_000654,1.7345001194051886,1.0550927363200362
zh_ja_022,true_friend,true_002810,1.8072262968817072,1.0550927363200362
zh_ja_022,true_friend,true_002271,1.8153285911713146,1.0550927363200362
zh_ja_022,true_friend,true_001302,1.837795384744469,1.0550927363200362
zh_ja_022,true_friend,true_002331,1.8484502672127852,1.0550927363200362
zh_ja_022,true_friend,true_004156,1.8593147977346163,1.0550927363200362
zh_ja_022,true_friend,true_002286,1.8801824926211699,1.0550927363200362
zh_ja_022,true_friend,true_000383,1.9358382242036236,1.0550927363200362
zh_ja_022,true_friend,true_002582,1.9403141138496491,1.0550927363200362
zh_ja_022,true_friend,true_005941,1.986203311418295,1.0550927363200362
zh_ja_022,true_friend,true_006211,2.0096315576006907,1.0550927363200362
zh_ja_022,true_friend,true_003482,2.030670084172833,1.0550927363200362
zh_ja_022,true_friend,true_004298,2.0363285204901977,1.0550927363200362
zh_ja_022,true_friend,true_005584,2.057291143129474,1.0550927363200362
zh_ja_022,true_friend,true_002540,2.0752719488787417,1.0550927363200362
zh_ja_022,true_friend,true_002829,2.077246183981411,1.0550927363200362
zh_ja_022,true_friend,true_005352,2.0779274673812234,1.0550927363200362
zh_ja_022,true_friend,true_004999,2.0799003241647407,1.0550927363200362
zh_ja_022,true_friend,true_001462,2.0860533411187894,1.0550927363200362
zh_ja_022,true_friend,true_000819,2.1049591545548743,1.0550927363200362
zh_ja_022,true_friend,true_005258,2.10681303695322,1.0550927363200362
zh_ja_022,true_friend,true_000565,2.108444113181136,1.0550927363200362
zh_ja_022,true_friend,true_003110,2.1151460768861536,1.0550927363200362
zh_ja_022,true_friend,true_004558,2.1828619130568745,1.0550927363200362
zh_ja_022,true_friend,true_001111,2.1975593272625904,1.0550927363200362
zh_ja_022,true_friend,true_004219,2.211238300753257,1.0550927363200362
zh_ja_022,true_friend,true_005816,2.215489511496722,1.0550927363200362
zh_ja_022,true_friend,true_001820,2.2245331297510447,1.0550927363200362
zh_ja_022,true_friend,true_004006,2.224603220419312,1.0550927363200362
zh_ja_022,true_friend,true_003120,2.2419953929231644,1.0550927363200362
zh_ja_022,true_friend,true_002014,2.253251709391807,1.0550927363200362
zh_ja_022,true_friend,true_000542,2.291507662620803,1.0550927363200362
zh_ja_022,true_friend,true_002718,2.343378038389753,1.0550927363200362
zh_ja_022,true_friend,true_005858,2.377319490162419,1.0550927363200362
zh_ja_022,true_friend,true_003338,2.3773369551469763,1.0550927363200362
zh_ja_022,true_friend,true_002457,2.3811982696342433,1.0550927363200362
zh_ja_022,true_friend,true_004570,2.391665010229908,1.0550927363200362
zh_ja_022,true_friend,true_001751,2.4223881601929462,1.0550927363200362
zh_ja_022,true_friend,true_000409,2.4233724943294,1.0550927363200362
zh_ja_022,true_friend,true_000023,2.4800400758957304,1.0550927363200362
zh_ja_022,true_friend,true_005820,2.515735528304873,1.0550927363200362
zh_ja_022,true_friend,true_002612,2.5363172534035296,1.0550927363200362
zh_ja_022,true_friend,true_004281,2.546818315454262,1.0550927363200362
zh_ja_022,true_friend,true_000511,2.5814226858564266,1.0550927363200362
zh_ja_022,true_friend,true_006157,2.584889928139538,1.0550927363200362
zh_ja_022,true_friend,true_004342,2.5861511813493587,1.0550927363200362
zh_ja_022,true_friend,true_006241,2.604441240274661,1.0550927363200362
zh_ja_022,true_friend,true_004883,2.6211196345510706,1.0550927363200362
zh_ja_022,true_friend,true_001933,2.62960680939576,1.0550927363200362
zh_ja_022,true_friend,true_004486,2.6297378604677144,1.0550927363200362
zh_ja_022,true_friend,true_000610,2.6798276800551664,1.0550927363200362
zh_ja_022,true_friend,true_003358,2.7008960847650485,1.0550927363200362
zh_ja_022,true_friend,true_006503,2.7077528296247233,1.060787085475606
zh_ja_022,true_friend,true_005968,2.7658642456531872,1.0550927363200362
zh_ja_022,true_friend,true_000759,2.785733291979742,1.0618198834750405
zh_ja_022,true_friend,true_002950,2.7931505964197934,1.0618198834750405
zh_ja_022,true_friend,true_006381,2.825701026366737,1.0550927363200362
zh_ja_022,true_friend,true_006539,2.854981526706284,1.0550927363200362
zh_ja_022,true_friend,true_005228,2.859454601680712,1.089849745351651
zh_ja_022,true_friend,true_000626,2.8916394822468323,1.0550927363200362
zh_ja_022,true_friend,true_004375,2.9239751165050727,1.1189124052276949
zh_ja_022,true_friend,true_003210,2.925016655843544,1.1031894893247176
zh_ja_022,true_friend,true_004117,2.948899962472513,1.1334437351657165
zh_ja_022,true_friend,true_003012,2.955124403299379,1.0550927363200362
zh_ja_022,true_friend,true_002306,2.9560918380741796,1.0898497453516502
zh_ja_022,true_friend,true_003919,2.985748930112271,1.147975065103739
zh_ja_022,true_friend,true_005362,2.997885981759417,1.147975065103739
zh_ja_022,true_friend,true_001971,3.0296234233230273,1.1169793579412763
zh_ja_022,true_friend,true_002086,3.049606969666142,1.130769226557835
zh_ja_022,true_friend,true_000623,3.0791771514661246,1.089849745351651
zh_ja_022,true_friend,true_005892,3.1108907055273765,1.1583489637909536
zh_ja_022,true_friend,true_006543,3.1460913068002174,1.084399590280197
zh_ja_022,true_friend,true_006046,3.1685718721462734,1.16250639504176
zh_ja_022,true_friend,true_001068,3.1882703071773575,1.0898497453516502
zh_ja_022,true_friend,true_006579,3.211691227182798,1.1169793579412763
zh_ja_022,true_friend,true_004058,3.224437014451995,1.177037724979783
zh_ja_022,true_friend,true_005914,3.259017252344943,1.1031894893247176
zh_ja_022,true_friend,true_004967,3.2705883606367303,1.2206317147938488
zh_ja_022,true_friend,true_006518,3.3396728216278273,1.235163044731871
zh_ja_022,true_friend,true_002253,3.3494341508139502,1.2272983068737482
zh_ja_023,true_friend,true_002518,0.0,0.0
zh_ja_023,true_friend,true_005965,1.1876528767608683,0.9154737860953865
zh_ja_023,true_friend,true_003069,1.4654409410438087,1.0171930956615398
zh_ja_023,true_friend,true_002959,1.54633041568472,0.9154737860953865
zh_ja_023,true_friend,true_005358,1.6732360296089315,1.0618198834750416
zh_ja_023,true_friend,true_004449,1.881103787837823,1.1043810752896726
zh_ja_023,true_friend,true_003078,1.9146348667635564,1.0171930956615411
zh_ja_023,true_friend,true_006417,2.233339177926341,1.191569054917804
zh_ja_023,true_friend,true_000959,2.457089795674073,1.2932883644839586
zh_ja_023,true_friend,true_003046,2.5538936747250323,1.3223510243600032
zh_ja_023,true_friend,true_000955,2.7171423735614737,1.35140712442278
zh_ja_023,true_friend,true_002561,3.1175568587321734,1.453132993802201
zh_ja_023,true_friend,true_005896,3.2748495104684228,1.5112583135542892
zh_ja_023,true_friend,true_000931,3.49186316967071,1.4065665988890161
zh_ja_023,true_friend,true_004547,3.5098704317537095,1.5112583135542879
zh_ja_023,true_friend,true_003131,3.6225689619990615,1.583914963244399
zh_ja_023,true_friend,true_004557,3.9181929284382293,1.583914963244399
zh_ja_023,true_friend,true_006133,3.938547743359147,1.453132993802201
zh_ja_023,true_friend,true_003819,4.130398900852162,1.656571612934509
zh_ja_023,true_friend,true_001365,4.1366266695649445,1.461726073355252
zh_ja_023,true_friend,true_000134,4.141000915347557,1.6409943653705186
zh_ja_023,true_friend,true_001669,4.206669295156549,1.5693836333063773
zh_ja_023,true_friend,true_004869,4.293618534792875,1.7001656027485752
zh_ja_023,true_friend,true_000488,4.5306577049063765,1.7375234456864306
zh_ja_023,true_friend,true_005143,4.726090517077439,1.8164162422527514
zh_ja_023,true_friend,true_003040,4.8559723173783205,1.598446293182422
zh_ja_023,true_friend,true_002055,4.922862659064942,1.7926829201526664
zh_ja_023,true_friend,true_001300,4.948452538991433,1.8064727887692262
zh_ja_023,true_friend,true_000612,4.960281071559932,1.7146969326865968
zh_ja_023,true_friend,true_000579,5.139646816755519,1.772822252438685
zh_ja_023,true_friend,true_002066,5.832288757336953,1.722281702209726
zh_ja_023,true_friend,true_005063,5.881860629535922,1.772822252438685
zh_ja_023,true_friend,true_002759,6.276063907910366,2.02711068663417
zh_ja_023,true_friend,true_005142,6.326907671012697,2.0546904238672874
zh_ja_023,true_friend,true_003466,6.459393905362983,1.9030018690851382
zh_ja_023,true_friend,true_002963,6.483110056221565,1.9646769047429467
zh_ja_023,true_friend,true_006316,6.505515898316107,2.0489175212611026
zh_ja_023,true_friend,true_003246,6.553745614503294,2.02711068663417
zh_ja_023,true_friend,true_003052,6.677586496127163,1.8478423946189024
zh_ja_023,true_friend,true_002167,6.745682974094754,2.165168160765279
zh_ja_023,true_friend,true_000536,7.2845968340173535,2.1101854726400724
zh_ja_023,true_friend,true_000503,7.2906168152921484,2.2378248104553897
zh_ja_023,true_friend,true_003455,7.325122654948693,2.1512195041832007
zh_ja_023,true_friend,true_004424,7.447278330661517,2.2523561403934114
zh_ja_023,true_friend,true_005839,7.505812596491207,2.0409005552507287
zh_ja_023,true_friend,true_004958,7.517428916460066,2.2232934805173667
zh_ja_023,true_friend,true_005310,7.615626765796177,2.082270161100405
zh_ja_023,true_friend,true_002684,7.8818413942243275,2.0634488511991256
zh_ja_023,true_friend,true_003388,8.140138598030255,2.3166979275819086
zh_ja_023,true_friend,true_003066,8.168882868066827,2.275328321732231
zh_ja_023,true_friend,true_005308,8.286862492124827,2.344277664815026
zh_ja_023,true_friend,true_001099,8.391341820207083,2.2087621505793464
zh_ja_023,true_friend,true_006166,8.415671334322411,2.1942308206413235
zh_ja_023,true_friend,true_000577,8.439451311882305,2.2201688472659953
zh_ja_023,true_friend,true_005102,8.476823344705238,2.2836179607077107
zh_ja_023,true_friend,true_000115,8.562616656638218,2.3718574020481444
zh_ja_023,true_friend,true_005531,8.86347485559131,2.3580675334315844
zh_ja_023,true_friend,true_002893,9.279231024499552,2.397669439773631
zh_ja_023,true_friend,true_000483,9.288378524893119,2.2063789786494366
zh_ja_023,true_friend,true_001334,9.49938191301882,2.52845140921583
zh_ja_023,true_friend,true_003254,9.666044741078283,2.513920079277807
zh_ja_023,true_friend,true_006041,9.799654264947607,2.178346448784472
zh_ja_023,true_friend,true_000677,9.931949353406134,2.178346448784472
zh_ja_023,true_friend,true_001267,9.9476906254998,2.266887470331433
zh_ja_023,true_friend,true_000585,9.964829264433815,2.275328321732231
zh_ja_023,true_friend,true_003015,9.965927299858924,2.426732099649676
zh_ja_023,true_friend,true_001782,10.031973069676033,2.56491556267997
zh_ja_023,true_friend,true_003517,10.098437594754934,2.482176350980615
zh_ja_023,true_friend,true_002971,10.189320000646585,2.3686067798975876
zh_ja_023,true_friend,true_005995,10.481265650347869,2.1101854726400724
zh_ja_023,true_friend,true_005984,10.675918397724747,2.5787054312965285
zh_ja_023,true_friend,true_003057,10.703002150821483,2.6200750371462056
zh_ja_023,true_friend,true_006318,10.723209010587398,2.4412634295876976
zh_ja_023,true_friend,true_000970,10.77243083406207,2.1101854726400724
zh_ja_023,true_friend,true_003077,11.393726523354099,2.482176350980615
zh_ja_023,true_friend,true_000733,11.513023081769514,2.5235459568302923
zh_ja_023,true_friend,true_004034,11.537516887110922,2.537335825446851
zh_ja_023,true_friend,true_002988,11.563063050491241,2.6156393888439617
zh_ja_023,true_friend,true_003480,11.662291334470805,2.8336093379142926
zh_ja_023,true_friend,true_005868,11.74923650636515,2.178346448784472
zh_ja_023,true_friend,true_001096,11.837668283700253,2.178346448784472
zh_ja_023,true_friend,true_003440,11.89874107499655,2.178346448784472
zh_ja_023,true_friend,true_000660,11.994459948431928,2.551528447718112
zh_ja_023,true_friend,true_002993,12.312581454887,2.7717635919283543
zh_ja_023,true_friend,true_005141,12.495242775403351,2.178346448784472
zh_ja_023,true_friend,true_001523,12.498606557458748,2.7028273684720947
zh_ja_023,true_friend,true_005717,12.525710128774303,2.178346448784472
zh_ja_023,true_friend,true_005014,12.540210283845862,2.5787054312965285
zh_ja_023,true_friend,true_004091,12.590697346465056,2.1101854726400724
zh_ja_023,true_friend,true_005982,12.991279262093737,2.551125694063411
zh_ja_023,true_friend,true_000121,13.10009928769299,2.178346448784472
zh_ja_023,true_friend,true_002896,13.16114772259425,2.909662278093944
zh_ja_023,true_friend,true_003071,13.195692443396094,2.978922637294512
zh_ja_023,true_friend,true_004073,13.486689989100041,2.862671997790337
zh_ja_023,true_friend,true_005709,13.700763821409707,2.7717635919283543
zh_ja_023,true_friend,true_001007,13.721340074252804,2.644702048720005
zh_ja_023,true_friend,true_004829,13.971620194535014,2.3856790986164347
zh_ja_023,true_friend,true_004552,13.999124365042114,2.5235459568302923
zh_ja_023,true_friend,true_004814,14.082012207179552,2.7754840181622042
zh_ja_023,true_friend,true_001551,14.500027798127553,3.0061913584098567
zh_ja_024,true_friend,true_001941,0.0,0.0
zh_ja_024,true_friend,true_000410,0.2031629274273655,0.31894105596476396
zh_ja_024,true_friend,true_004147,0.36007453358687824,0.4826454015795636
zh_ja_024,true_friend,true_000112,0.5524246619300397,0.5957845274589014
zh_ja_024,true_friend,true_001561,0.6384647852426923,0.6205440877451529
zh_ja_024,true_friend,true_000792,0.6669273232897398,0.5791744818954768
zh_ja_024,true_friend,true_002521,0.7315283577290115,0.6343339563617127
zh_ja_024,true_friend,true_003665,1.1172184415933422,0.8411819856100966
zh_ja_024,true_friend,true_002079,1.134877134656063,0.7909738187926147
zh_ja_024,true_friend,true_004965,1.1566629040755982,0.8825515914597739
zh_ja_024,true_friend,true_002021,1.3052630269585266,0.9377110659260098
zh_ja_024,true_friend,true_002192,1.3828643754653478,0.9881304357854964
zh_ja_024,true_friend,true_001175,1.5076114050392775,1.0317244255995615
zh_ja_024,true_friend,true_001482,1.551586130405986,1.0171930956615398
zh_ja_024,true_friend,true_000535,1.7254591685235856,1.0753184154136288
zh_ja_024,true_friend,true_003910,1.805082777002669,1.1043810752896728
zh_ja_024,true_friend,true_001803,1.9638651153576874,1.1043810752896719
zh_ja_024,true_friend,true_005131,2.083330239074848,1.089399620708159
zh_ja_024,true_friend,true_005888,2.123627737993845,1.0898497453516496
zh_ja_024,true_friend,true_003244,2.153307387317173,1.1770377249797823
zh_ja_024,true_friend,true_001747,2.155364933863777,1.122672516995969
zh_ja_024,true_friend,true_005134,2.175486730969146,1.130769226557835
zh_ja_024,true_friend,true_003880,2.5421278636825706,1.249694374669892
zh_ja_024,true_friend,true_000622,2.6588241208014036,1.2548780441068657
zh_ja_024,true_friend,true_006451,2.678674664274153,1.322351024360002
zh_ja_024,true_friend,true_003775,2.702920112531814,1.2686679127234255
zh_ja_024,true_friend,true_003715,2.8166654562012887,1.3078196944219809
zh_ja_024,true_friend,true_002136,2.8517687859358474,1.2642257046079146
zh_ja_024,true_friend,true_000394,2.8575346529332957,1.2374912971432843
zh_ja_024,true_friend,true_001763,2.930654155647722,1.2932883644839586
zh_ja_024,true_friend,true_005885,3.0105938127577536,1.2787570345459363
zh_ja_024,true_friend,true_001457,3.1517021937052214,1.4821956536782446
zh_ja_024,true_friend,true_002967,3.1757830150750177,1.4617260733552508
zh_ja_024,true_friend,true_003564,3.194147885086964,1.4617260733552508
zh_ja_024,true_friend,true_003866,3.21058345758623,1.467664323740223
zh_ja_024,true_friend,true_006147,3.2878039320632473,1.3514071244227788
zh_ja_024,true_friend,true_003251,3.3531993079798896,1.4893058105883694
zh_ja_024,true_friend,true_001421,3.4564467009477373,1.4095390039881348
zh_ja_024,true_friend,true_003168,3.6226072358368504,1.5984462931824208
zh_ja_024,true_friend,true_002137,3.6252756639511627,1.5444652850546041
zh_ja_024,true_friend,true_002250,3.699759460762086,1.558255153671164
zh_ja_024,true_friend,true_002715,3.7341446889313143,1.558255153671164
zh_ja_024,true_friend,true_000388,3.7784221511430447,1.4967269836162662
zh_ja_024,true_friend,true_005016,3.779704614904352,1.627508953058464
zh_ja_024,true_friend,true_004400,3.781549640860388,1.4755159419718094
zh_ja_024,true_friend,true_004118,3.921993305825581,1.5548523033683537
zh_ja_024,true_friend,true_005874,3.981087867242026,1.627508953058464
zh_ja_024,true_friend,true_001836,4.017478132210347,1.642040282996487
zh_ja_024,true_friend,true_002878,4.019165801883426,1.656571612934509
zh_ja_024,true_friend,true_001745,4.022218760421344,1.6856342728105522
zh_ja_024,true_friend,true_000951,4.052838173856209,1.6275089530584648
zh_ja_024,true_friend,true_002031,4.106558612256501,1.4967269836162662
zh_ja_024,true_friend,true_003013,4.1347697418688405,1.6129776231204418
zh_ja_024,true_friend,true_000698,4.29034807062576,1.5306754164380454
zh_ja_024,true_friend,true_004853,4.323822477468539,1.7292282626246187
zh_ja_024,true_friend,true_001705,4.390077081105337,1.7437595925626417
zh_ja_024,true_friend,true_003687,4.399283187636503,1.7582909225006633
zh_ja_024,true_friend,true_004274,4.445548412743237,1.709943708453312
zh_ja_024,true_friend,true_005973,4.45416282380301,1.7437595925626403
zh_ja_024,true_friend,true_003174,4.459802378017865,1.7728222524386839
zh_ja_024,true_friend,true_002440,4.547267247018673,1.5112583135542885
zh_ja_024,true_friend,true_000569,4.548273140822467,1.7873535823767068
zh_ja_024,true_friend,true_004717,4.569076568226223,1.6409943653705172
zh_ja_024,true_friend,true_003180,4.579150902418047,1.7728222524386839
zh_ja_024,true_friend,true_003746,4.633554647016952,1.7146969326865964
zh_ja_024,true_friend,true_006463,4.652262370094022,1.7237335770698718
zh_ja_024,true_friend,true_004691,4.677734730755644,1.656571612934509
zh_ja_024,true_friend,true_002213,4.683279977463295,1.654784233987076
zh_ja_024,true_friend,true_002708,4.7423455113838235,1.8164162422527514
zh_ja_024,true_friend,true_001752,4.791499954451755,1.5819476375852295
zh_ja_024,true_friend,true_006204,4.859353513963851,2.1101854726400724
zh_ja_024,true_friend,true_001323,4.866138132269309,1.59962475952084
zh_ja_024,true_friend,true_002438,4.91372599469874,1.8064727887692251
zh_ja_024,true_friend,true_002740,4.917809294607199,1.758290922500662
zh_ja_024,true_friend,true_003106,5.022126816200819,1.7582909225006633
zh_ja_024,true_friend,true_001498,5.048810889584363,2.1101854726400724
zh_ja_024,true_friend,true_001505,5.06821103136245,1.8890728919428612
zh_ja_024,true_friend,true_002716,5.069266781529983,1.8745415620048382
zh_ja_024,true_friend,true_001757,5.06945861601324,1.8745415620048396
zh_ja_024,true_friend,true_002805,5.1405010663719946,1.8890728919428599
zh_ja_024,true_friend,true_002189,5.191444920176249,1.8454789021287936
zh_ja_024,true_friend,true_004061,5.240607248376392,1.7375234456864306
zh_ja_024,true_friend,true_004360,5.248750174476196,2.1101854726400724
zh_ja_024,true_friend,true_005882,5.26284592733043,1.7926829201526664
zh_ja_024,true_friend,true_002112,5.269576142865051,2.1101854726400724
zh_ja_024,true_friend,true_001615,5.393919429679638,1.830947572190773
zh_ja_024,true_friend,true_001553,5.465624872246561,1.7292282626246187
zh_ja_024,true_friend,true_005646,5.52768833729491,1.9762608715709928
zh_ja_024,true_friend,true_003560,5.528704740036753,1.9762608715709928
zh_ja_024,true_friend,true_004722,5.540246786263259,1.9471982116949493
zh_ja_024,true_friend,true_002969,5.550840970024166,1.9036042218808817
zh_ja_024,true_friend,true_001920,5.575605843108768,1.9036042218808829
zh_ja_024,true_friend,true_003145,5.58476221652572,1.9762608715709928
zh_ja_024,true_friend,true_002273,5.614025551061367,1.8890728919428599
zh_ja_024,true_friend,true_004517,5.616682847632029,1.8890728919428612
zh_ja_024,true_friend,true_002419,5.639045510825193,1.8892120004685784
zh_ja_024,true_friend,true_006242,5.701653309545318,1.9907922015090145
zh_ja_024,true_friend,true_004489,5.724980544316404,1.7001656027485745
zh_ja_024,true_friend,true_004271,5.7766480396683715,1.8616322632354612
zh_ja_024,true_friend,true_000844,5.802236013588476,1.961729541632971
zh_ja_027,true_friend,true_002058,0.10674756139764821,0.2615639388843958
zh_ja_027,true_friend,true_006178,0.14947339146023875,0.2934257714875828
zh_ja_027,true_friend,true_004198,0.47720978063279534,0.4940652178927481
zh_ja_027,true_friend,true_004551,0.6938346835290881,0.6975038370250559
zh_ja_027,true_friend,true_003216,0.9402565375389762,0.7527008920768433
zh_ja_027,true_friend,true_003826,1.343127573198052,0.9735991058474747
zh_ja_027,true_friend,true_000905,1.406580457036947,0.9881304357854964
zh_ja_027,true_friend,true_000890,4.498126684157124,2.1101854726400724
zh_ja_027,true_friend,true_002783,4.663699882141897,2.1101854726400724
zh_ja_027,true_friend,true_000635,4.675399065736865,2.1101854726400724
zh_ja_027,true_friend,true_006059,4.780516621734209,2.1101854726400724
zh_ja_027,true_friend,true_005983,4.804401785939744,2.1101854726400724
zh_ja_027,true_friend,true_002054,4.827150862967306,2.1101854726400724
zh_ja_027,true_friend,true_004608,4.96215642138006,2.1101854726400724
zh_ja_027,true_friend,true_004316,4.962496193796757,2.1101854726400724
zh_ja_027,true_friend,true_000129,5.188363843629663,2.1101854726400724
zh_ja_027,true_friend,true_005963,5.248245096618809,2.1101854726400724
zh_ja_027,true_friend,true_001556,5.32435327709771,2.1101854726400724
zh_ja_027,true_friend,true_000372,5.410227995972613,2.1101854726400724
zh_ja_027,true_friend,true_004780,5.410227995972613,2.1101854726400724
zh_ja_027,true_friend,true_006395,5.440659155980327,2.1101854726400724
zh_ja_027,true_friend,true_005497,5.48381269594458,1.9617295416329716
zh_ja_027,true_friend,true_003084,5.605023514405627,2.1101854726400724
zh_ja_027,true_friend,true_002299,5.636895633208676,2.1101854726400724
zh_ja_027,true_friend,true_002254,5.733314904710541,2.1101854726400724
zh_ja_027,true_friend,true_000132,5.859357972818641,2.1101854726400724
zh_ja_027,true_friend,true_005500,6.04055813147095,2.1101854726400724
zh_ja_027,true_friend,true_006262,6.13332489595203,2.1101854726400724
zh_ja_027,true_friend,true_000620,6.159124702394381,2.1101854726400724
zh_ja_027,true_friend,true_001037,6.244501863219614,2.1101854726400724
zh_ja_027,true_friend,true_003037,6.309490056231841,2.1101854726400724
zh_ja_027,true_friend,true_002094,6.570196985327683,2.1101854726400724
zh_ja_027,true_friend,true_006113,6.632541394654004,2.1101854726400724
zh_ja_027,true_friend,true_003115,6.722363031171591,2.1101854726400724
zh_ja_027,true_friend,true_003396,6.729724919988356,2.1101854726400724
zh_ja_027,true_friend,true_001565,7.068974484880696,2.1101854726400724
zh_ja_027,true_friend,true_004454,7.235916863447384,2.1101854726400724
zh_ja_027,true_friend,true_005704,7.34144548942588,2.1101854726400724
zh_ja_027,true_friend,true_004452,7.780452182319755,2.1101854726400724
zh_ja_027,true_friend,true_002961,8.00397697197872,2.1101854726400724
zh_ja_027,true_friend,true_002101,10.015397276853058,2.1101854726400724
zh_ja_027,true_friend,true_003452,11.779538667097754,2.2378248104553893
zh_ja_027,true_friend,true_005493,13.537770014643979,2.402363920056325
zh_ja_027,true_friend,true_002241,13.964420823552516,2.1438847344528256
zh_ja_027,true_friend,true_005440,15.57482537422936,2.1438847344528256
zh_ja_027,true_friend,true_003822,16.373798105457986,2.402363920056325
zh_ja_027,true_friend,true_002059,16.535912707166922,2.402363920056325
zh_ja_027,true_friend,true_003509,16.559124536123974,2.402363920056325
zh_ja_027,true_friend,true_004523,16.57611119552381,2.402363920056325
zh_ja_027,true_friend,true_003739,16.80345106385539,2.1438847344528256
zh_ja_027,true_friend,true_006165,17.047474306441316,2.402363920056325
zh_ja_027,true_friend,true_004879,17.350198863722483,2.402363920056325
zh_ja_027,true_friend,true_006103,17.391157008141384,2.402363920056325
zh_ja_027,true_friend,true_002145,17.46351180723198,2.402363920056325
zh_ja_027,true_friend,true_001362,17.47222233650561,2.402363920056325
zh_ja_027,true_friend,true_001452,17.553819531893758,2.402363920056325
zh_ja_027,true_friend,true_000802,17.632404332257494,2.402363920056325
zh_ja_027,true_friend,true_004956,17.649854103917335,2.402363920056325
zh_ja_027,true_friend,true_005747,17.669422952052024,2.402363920056325
zh_ja_027,true_friend,true_005902,17.977837892400682,2.402363920056325
zh_ja_027,true_friend,true_006321,18.110075057092686,2.1438847344528256
zh_ja_027,true_friend,true_000930,18.271221871364453,2.402363920056325
zh_ja_027,true_friend,true_003451,18.35106488205494,2.402363920056325
zh_ja_027,true_friend,true_006114,18.557828615444542,2.402363920056325
zh_ja_027,true_friend,true_000597,18.798274506203782,2.402363920056325
zh_ja_027,true_friend,true_004815,18.949254041216783,2.402363920056325
zh_ja_027,true_friend,true_001635,19.079815960969214,2.402363920056325
zh_ja_027,true_friend,true_003116,19.276808684160578,2.402363920056325
zh_ja_027,true_friend,true_001028,19.298578149267044,2.402363920056325
zh_ja_027,true_friend,true_001124,19.438555488222814,2.402363920056325
zh_ja_027,true_friend,true_005773,19.8995624369724,2.402363920056325
zh_ja_027,true_friend,true_000601,20.114442236239043,2.402363920056325
zh_ja_027,true_friend,true_002892,20.332292338736334,2.1438847344528256
zh_ja_027,true_friend,true_001027,21.22287047246897,2.402363920056325
zh_ja_027,true_friend,true_004552,23.068354685542815,2.402363920056325
zh_ja_027,true_friend,true_001734,23.55664615111823,2.402363920056325
zh_ja_027,true_friend,true_002071,23.746874549749236,2.6447020487200064
zh_ja_027,true_friend,true_001378,24.31977703582332,2.402363920056325
zh_ja_027,true_friend,true_004091,25.210016375946587,2.402363920056325
zh_ja_027,true_friend,true_000970,25.62126833328839,2.402363920056325
zh_ja_027,true_friend,true_004331,25.829047869203606,2.402363920056325
zh_ja_027,true_friend,true_001551,26.183519740079056,2.402363920056325
zh_ja_027,true_friend,true_002896,26.258990893539384,2.402363920056325
zh_ja_027,true_friend,true_002993,26.716856188456994,2.402363920056325
zh_ja_027,true_friend,true_000939,26.979843028877177,2.402363920056325
zh_ja_027,true_friend,true_003031,27.033511393206183,2.402363920056325
zh_ja_027,true_friend,true_003057,27.092966507718586,2.402363920056325
zh_ja_027,true_friend,true_001782,27.285870436607823,2.402363920056325
zh_ja_027,true_friend,true_005984,27.299323473237827,2.402363920056325
zh_ja_027,true_friend,true_005491,27.311191528923047,2.402363920056325
zh_ja_027,true_friend,true_005709,27.397934900368455,2.402363920056325
zh_ja_027,true_friend,true_003517,27.69730197570984,2.402363920056325
zh_ja_027,true_friend,true_004034,27.979853642329935,2.402363920056325
zh_ja_027,true_friend,true_000115,28.035644365513086,2.402363920056325
zh_ja_027,true_friend,true_000733,28.073811550930124,2.402363920056325
zh_ja_027,true_friend,true_005531,28.089211008781284,2.402363920056325
zh_ja_027,true_friend,true_004333,28.211245044166724,2.402363920056325
zh_ja_027,true_friend,true_005014,28.237065742971787,2.402363920056325
zh_ja_027,true_friend,true_003388,28.28203623980567,2.402363920056325
zh_ja_027,true_friend,true_003077,28.334253018981286,2.402363920056325
zh_ja_028,true_friend,true_005497,1.1319995438040085,1.0550927363200362
zh_ja_028,true_friend,true_003452,1.4487459948574815,1.0550927363200362
zh_ja_028,true_friend,true_005704,1.4493969715106918,1.0550927363200362
zh_ja_028,true_friend,true_000905,2.228171276739771,1.0550927363200362
zh_ja_028,true_friend,true_003826,2.2823740107169996,1.0550927363200362
zh_ja_028,true_friend,true_001556,2.8053128438751993,1.089849745351651
zh_ja_028,true_friend,true_003037,3.1009381100170366,1.0550927363200362
zh_ja_028,true_friend,true_004551,3.1049099380924887,1.1770377249797837
zh_ja_028,true_friend,true_002961,3.3377342423231635,1.1737030859503312
zh_ja_028,true_friend,true_000620,3.908914957734268,1.2247336549046934
zh_ja_028,true_friend,true_004198,4.0276704982690905,1.3804763441120913
zh_ja_028,true_friend,true_006059,4.076010109266114,1.4240703339261571
zh_ja_028,true_friend,true_002054,4.7136566432947475,1.525789643492311
zh_ja_028,true_friend,true_002058,4.795451661956464,1.6129776231204438
zh_ja_028,true_friend,true_000372,4.912531630222291,1.4386016638641794
zh_ja_028,true_friend,true_004780,4.912531630222291,1.4386016638641794
zh_ja_028,true_friend,true_006178,4.957200211692631,1.642040282996487
zh_ja_028,true_friend,true_005500,5.5298658122673086,1.5181594263922764
zh_ja_028,true_friend,true_005983,5.712862433231034,1.7582909225006633
zh_ja_028,true_friend,true_002254,5.822754547890468,1.5403209734303334
zh_ja_028,true_friend,true_000132,6.4299068587085575,1.6275089530584654
zh_ja_028,true_friend,true_006395,6.438049310466187,1.7146969326865975
zh_ja_028,true_friend,true_004316,6.754057525637716,1.8745415620048396
zh_ja_028,true_friend,true_004452,6.924320555691237,1.8626157668342214
zh_ja_028,true_friend,true_000890,7.01020979991269,2.0343861913230814
zh_ja_028,true_friend,true_002783,8.33204069828897,2.2523561403934114
zh_ja_028,true_friend,true_003216,8.76643246545114,2.16516816076528
zh_ja_028,true_friend,true_004608,8.873561040889966,2.2814188002694564
zh_ja_028,true_friend,true_001565,8.89268816779435,2.0412227581744893
zh_ja_028,true_friend,true_005963,9.131148627214237,2.2668874703314343
zh_ja_028,true_friend,true_006113,9.27368395811449,2.0157074736973084
zh_ja_028,true_friend,true_003084,9.53056616751923,2.266887470331434
zh_ja_028,true_friend,true_002299,10.166446532571143,2.38313810983561
zh_ja_028,true_friend,true_005440,11.023954102089172,2.1438847344528256
zh_ja_028,true_friend,true_003115,11.198788036570395,2.354075449959567
zh_ja_028,true_friend,true_003396,11.810158171636015,2.470326089463742
zh_ja_028,true_friend,true_006262,12.636562376252837,2.760952688224182
zh_ja_028,true_friend,true_002094,12.756496247118097,2.688296038534073
zh_ja_028,true_friend,true_000930,12.942827178493124,2.402363920056325
zh_ja_028,true_friend,true_004815,12.99245077774206,2.402363920056325
zh_ja_028,true_friend,true_001124,13.51139539381295,2.402363920056325
zh_ja_028,true_friend,true_001037,13.541910520875515,2.9207973175424238
zh_ja_028,true_friend,true_000635,13.586693023620303,3.1652782089601086
zh_ja_028,true_friend,true_001378,13.885241757663545,2.402363920056325
zh_ja_028,true_friend,true_001028,13.946925212191555,2.402363920056325
zh_ja_028,true_friend,true_005493,14.052684365574814,2.402363920056325
zh_ja_028,true_friend,true_002241,14.15874515280232,2.1438847344528256
zh_ja_028,true_friend,true_000129,14.358226740337084,3.1652782089601086
zh_ja_028,true_friend,true_002145,14.610660918180466,2.402363920056325
zh_ja_028,true_friend,true_001635,14.615365014015762,2.402363920056325
zh_ja_028,true_friend,true_003451,14.629026320350377,2.402363920056325
zh_ja_028,true_friend,true_006103,14.692215393551047,2.402363920056325
zh_ja_028,true_friend,true_004956,15.312999012363408,2.402363920056325
zh_ja_028,true_friend,true_004454,15.384273854580266,3.066110616922644
zh_ja_028,true_friend,true_004523,15.535285045218876,2.402363920056325
zh_ja_028,true_friend,true_001362,15.999311531881983,2.402363920056325
zh_ja_028,true_friend,true_005747,16.137000787591603,2.402363920056325
zh_ja_028,true_friend,true_006114,16.78348472777168,2.402363920056325
zh_ja_028,true_friend,true_004879,17.837978686583874,2.402363920056325
zh_ja_028,true_friend,true_003509,17.97172710760991,2.402363920056325
zh_ja_028,true_friend,true_006165,17.973724249494524,2.402363920056325
zh_ja_028,true_friend,true_000597,18.2228274414406,2.402363920056325
zh_ja_028,true_friend,true_002059,18.336144206194184,2.402363920056325
zh_ja_028,true_friend,true_002101,18.594246798740098,3.1097046067367105
zh_ja_028,true_friend,true_000802,19.38634490559594,2.402363920056325
zh_ja_028,true_friend,true_005902,20.066731001718523,2.402363920056325
zh_ja_028,true_friend,true_000601,21.25001150801785,2.402363920056325
zh_ja_028,true_friend,true_005773,21.25630491077976,2.402363920056325
zh_ja_028,true_friend,true_001452,21.44310852836231,2.402363920056325
zh_ja_028,true_friend,true_003116,21.525996533812716,2.402363920056325
zh_ja_028,true_friend,true_001734,21.858686942625603,3.1652782089601086
zh_ja_028,true_friend,true_003822,22.924468591597986,2.4494673098093878
zh_ja_028,true_friend,true_000660,23.02740339564412,2.402363920056325
zh_ja_028,true_friend,true_005308,23.584343021953053,2.402363920056325
zh_ja_028,true_friend,true_002759,24.23926610527866,2.402363920056325
zh_ja_028,true_friend,true_006321,24.309145250629335,2.659233378658028
zh_ja_028,true_friend,true_002066,24.46521881724096,2.402363920056325
zh_ja_028,true_friend,true_001027,24.492421065520425,2.6025590166724744
zh_ja_028,true_friend,true_004829,24.856148070745512,2.402363920056325
zh_ja_028,true_friend,true_004552,25.17138636947677,2.402363920056325
zh_ja_028,true_friend,true_003739,25.20786781180442,3.10970460673671
zh_ja_028,true_friend,true_002963,25.55556792705272,2.402363920056325
zh_ja_028,true_friend,true_000488,25.62929832821797,2.402363920056325
zh_ja_028,true_friend,true_000134,25.667008876063612,2.402363920056325
zh_ja_028,true_friend,true_001782,25.87110388996353,2.402363920056325
zh_ja_028,true_friend,true_003388,25.911436673614524,2.402363920056325
zh_ja_028,true_friend,true_005142,25.959044306256523,2.402363920056325
zh_ja_028,true_friend,true_000115,25.965110780513726,2.402363920056325
zh_ja_028,true_friend,true_005102,26.186533852499686,2.402363920056325
zh_ja_028,true_friend,true_003057,26.609408175571964,2.402363920056325
zh_ja_028,true_friend,true_002896,26.64074395018052,2.402363920056325
zh_ja_028,true_friend,true_001300,27.003345480225242,2.402363920056325
zh_ja_028,true_friend,true_003066,27.088942219776165,2.402363920056325
zh_ja_028,true_friend,true_005531,27.284838174258972,2.402363920056325
zh_ja_028,true_friend,true_002055,27.28799616631182,2.402363920056325
zh_ja_028,true_friend,true_003455,27.293030476088617,2.402363920056325
zh_ja_028,true_friend,true_005984,27.45853622599295,2.402363920056325
zh_ja_028,true_friend,true_002993,27.531835979567198,2.402363920056325
zh_ja_028,true_friend,true_003246,27.624011799595266,2.402363920056325
zh_ja_028,true_friend,true_000955,27.651138232828167,2.402363920056325
zh_ja_029,true_friend,true_004946,0.03229307275383726,0.1453132993802209
zh_ja_029,true_friend,true_004826,0.07893216006427897,0.23250127900835238
zh_ja_029,true_friend,true_003809,0.10067571263371991,0.26156393888439716
zh_ja_029,true_friend,true_003111,0.10521631537822465,0.2551528447718108
zh_ja_029,true_friend,true_002630,0.11556639173204163,0.27579737233117974
zh_ja_029,true_friend,true_002092,0.20081231365855326,0.3444563404419445
zh_ja_029,true_friend,true_000153,0.20679331527832626,0.3632832484505504
zh_ja_029,true_friend,true_002353,0.22139859370466491,0.3342205885745056
zh_ja_029,true_friend,true_000140,0.23106592158673467,0.37232645264709174
zh_ja_029,true_friend,true_002603,0.3271014929909613,0.4465174783506691
zh_ja_029,true_friend,true_005429,0.38733376292867255,0.4688555329630049
zh_ja_029,true_friend,true_003459,0.4134348764149356,0.5231278777687922
zh_ja_029,true_friend,true_002609,0.48905361755523014,0.5812531975208803
zh_ja_029,true_friend,true_002835,0.5157210457120682,0.5613362584979851
zh_ja_029,true_friend,true_000170,0.7475383744492148,0.7265664969011005
zh_ja_029,true_friend,true_000172,0.8242675901750887,0.7144279653610719
zh_ja_029,true_friend,true_002604,0.8291954783841208,0.7144279653610708
zh_ja_029,true_friend,true_002595,0.9049224234446018,0.7722326425273021
zh_ja_029,true_friend,true_001680,1.1328416898216658,0.7654585343154342
zh_ja_029,true_friend,true_002598,1.179323293503058,0.8420043877469771
zh_ja_029,true_friend,true_001776,1.2329383664433127,0.827392116993538
zh_ja_029,true_friend,true_003363,1.3164475494305927,0.959067775909452
zh_ja_029,true_friend,true_000604,1.6946876114893015,0.930005116033409
zh_ja_029,true_friend,true_005179,1.746748204787587,1.0756097520915997
zh_ja_029,true_friend,true_000664,1.7917719819194633,1.0078537368486542
zh_ja_029,true_friend,true_003671,2.02796437487674,1.034240146241923
zh_ja_029,true_friend,true_001679,2.2108511888848574,1.0716419480416066
zh_ja_029,true_friend,true_003010,2.681476606757034,1.288521866097646
zh_ja_029,true_friend,true_000602,2.718721547081059,1.3804763441120913
zh_ja_029,true_friend,true_002911,2.9088429963316824,1.237491297143285
zh_ja_029,true_friend,true_002198,3.559951163205982,1.3376172558062214
zh_ja_029,true_friend,true_000031,3.5896404941945397,1.4160982884835525
zh_ja_029,true_friend,true_005513,3.6200479693028385,1.3778253617677805
zh_ja_029,true_friend,true_002615,3.733042678199599,1.482195653678246
zh_ja_029,true_friend,true_003422,3.850028286493348,1.5436747108694575
zh_ja_029,true_friend,true_001624,5.645904473421738,2.1101854726400724
zh_ja_029,true_friend,true_003792,9.558590473890483,2.1438847344528256
zh_ja_029,true_friend,true_003714,9.764400618048649,2.178346448784472
zh_ja_029,true_friend,true_005631,9.770203741387775,2.178346448784472
zh_ja_029,true_friend,true_000896,9.814643535633984,2.178346448784472
zh_ja_029,true_friend,true_002062,9.948481394823034,2.178346448784472
zh_ja_029,true_friend,true_004268,9.982847533627886,2.178346448784472
zh_ja_029,true_friend,true_001678,10.127592514118454,2.1438847344528256
zh_ja_029,true_friend,true_006466,10.26044934195956,2.178346448784472
zh_ja_029,true_friend,true_005572,10.383438755641158,2.1438847344528256
zh_ja_029,true_friend,true_006153,10.550494144586674,2.178346448784472
zh_ja_029,true_friend,true_003292,10.706230903162892,2.178346448784472
zh_ja_029,true_friend,true_002316,10.8640404625707,2.1438847344528256
zh_ja_029,true_friend,true_002898,11.042915008183355,2.1438847344528256
zh_ja_029,true_friend,true_002545,11.32688734947178,2.178346448784472
zh_ja_029,true_friend,true_006189,11.34794488280264,2.178346448784472
zh_ja_029,true_friend,true_002837,11.531865853259735,2.1438847344528256
zh_ja_029,true_friend,true_006376,11.823561008328568,2.178346448784472
zh_ja_029,true_friend,true_002335,11.918320167456141,2.1438847344528256
zh_ja_029,true_friend,true_006212,12.025167811179495,2.178346448784472
zh_ja_029,true_friend,true_004671,12.03346144204858,2.178346448784472
zh_ja_029,true_friend,true_005042,12.265336247360931,2.178346448784472
zh_ja_029,true_friend,true_000608,12.451533249175991,2.178346448784472
zh_ja_029,true_friend,true_002899,12.784595134116467,2.1438847344528256
zh_ja_029,true_friend,true_006084,13.086830308406388,2.5575140690918743
zh_ja_029,true_friend,true_006058,14.066365387429771,2.178346448784472
zh_ja_029,true_friend,true_004214,14.297598921217743,2.1438847344528256
zh_ja_029,true_friend,true_003629,14.750590968823472,2.1438847344528256
zh_ja_029,true_friend,true_004659,15.40710540691286,2.178346448784472
zh_ja_029,true_friend,true_003323,17.38667053653414,2.1438847344528256
zh_ja_029,true_friend,true_006219,21.59551613853371,2.402363920056325
zh_ja_029,true_friend,true_002856,21.798770992750804,2.402363920056325
zh_ja_029,true_friend,true_000676,22.465001673283794,2.402363920056325
zh_ja_029,true_friend,true_002109,23.398698901948237,2.402363920056325
zh_ja_029,true_friend,true_000903,24.634554585350607,2.402363920056325
zh_ja_029,true_friend,true_001239,24.73346291899977,2.402363920056325
zh_ja_029,true_friend,true_005181,25.070030869625768,2.402363920056325
zh_ja_029,true_friend,true_004767,25.687261448485863,2.402363920056325
zh_ja_029,true_friend,true_005353,26.244859701658648,2.402363920056325
zh_ja_029,true_friend,true_005636,29.39917470878119,2.402363920056325
zh_ja_029,true_friend,true_001577,38.77757728232885,3.364727942440389
zh_ja_029,true_friend,true_000760,39.47773753122152,3.022516627108578
zh_ja_047,true_friend,true_001877,1.2594926321720339,1.0550927363200362
zh_ja_047,true_friend,true_005336,1.3883133421101181,1.0550927363200362
zh_ja_047,true_friend,true_005604,1.4625153216687128,1.0550927363200362
zh_ja_047,true_friend,true_004948,1.4776096635091183,1.0550927363200362
zh_ja_047,true_friend,true_003377,1.522755216891632,1.0550927363200362
zh_ja_047,true_friend,true_003530,1.5660403824042022,1.0550927363200362
zh_ja_047,true_friend,true_001089,1.5677823808557287,1.0550927363200362
zh_ja_047,true_friend,true_005056,1.5798271494248133,1.0550927363200362
zh_ja_047,true_friend,true_001496,1.589120292125065,1.0550927363200362
zh_ja_047,true_friend,true_000726,1.6388046543511567,1.0550927363200362
zh_ja_047,true_friend,true_004903,1.7006452249210795,1.0550927363200362
zh_ja_047,true_friend,true_003917,1.7359543924752328,1.0550927363200362
zh_ja_047,true_friend,true_005553,1.7755649935781574,1.0550927363200362
zh_ja_047,true_friend,true_005611,1.8025058967772116,1.0550927363200362
zh_ja_047,true_friend,true_005050,1.8101353012908947,1.0550927363200362
zh_ja_047,true_friend,true_004988,1.86011315387979,1.0550927363200362
zh_ja_047,true_friend,true_005615,1.8996221755031257,1.0550927363200362
zh_ja_047,true_friend,true_003000,1.980800771514045,1.0550927363200362
zh_ja_047,true_friend,true_003558,2.007301462357376,1.0550927363200362
zh_ja_047,true_friend,true_005664,2.010995363833816,1.0550927363200362
zh_ja_047,true_friend,true_003176,2.0240591463403343,1.0550927363200362
zh_ja_047,true_friend,true_004942,2.0843867387102604,1.0550927363200362
zh_ja_047,true_friend,true_003873,2.1283097619405362,1.0550927363200362
zh_ja_047,true_friend,true_001312,2.1533290286667084,1.0550927363200362
zh_ja_047,true_friend,true_000518,2.1892648959859153,1.0550927363200362
zh_ja_047,true_friend,true_001038,2.199129990736587,1.0550927363200362
zh_ja_047,true_friend,true_001475,2.218623197375848,1.0550927363200362
zh_ja_047,true_friend,true_001066,2.22649969124035,1.0550927363200362
zh_ja_047,true_friend,true_006441,2.250591149473281,1.0550927363200362
zh_ja_047,true_friend,true_001687,2.2703091840383474,1.0550927363200362
zh_ja_047,true_friend,true_006439,2.460726098747779,1.0550927363200362
zh_ja_047,true_friend,true_002267,2.4865304871054725,1.0550927363200362
zh_ja_047,true_friend,true_006564,2.4865304871054725,1.0550927363200362
zh_ja_047,true_friend,true_000787,2.4886063517171406,1.0550927363200362
zh_ja_047,true_friend,true_001486,2.515735528304873,1.0550927363200362
zh_ja_047,true_friend,true_002279,2.567221953327998,1.0550927363200362
zh_ja_047,true_friend,true_002261,2.6706111116658677,1.0550927363200362
zh_ja_047,true_friend,true_006440,2.704125979258575,1.0550927363200362
zh_ja_047,true_friend,true_000921,2.7105728499799655,1.060787085475606
zh_ja_047,true_friend,true_005215,2.740360713723841,1.0550927363200362
zh_ja_047,true_friend,true_003250,2.751358820860626,1.0753184154136286
zh_ja_047,true_friend,true_006030,2.843915053858855,1.0550927363200362
zh_ja_047,true_friend,true_003914,2.8683203125012335,1.1043810752896726
zh_ja_047,true_friend,true_002343,2.8999321625137187,1.0618198834750405
zh_ja_047,true_friend,true_002821,2.9157578995378586,1.0893996207081584
zh_ja_047,true_friend,true_006156,2.919731656281513,1.1031894893247176
zh_ja_047,true_friend,true_001047,3.1018412921665712,1.1334437351657165
zh_ja_047,true_friend,true_001721,3.146749393290455,1.177037724979783
zh_ja_047,true_friend,true_000392,3.162865071818154,1.1445590951743945
zh_ja_047,true_friend,true_001908,3.2126217199938125,1.2061003848558265
zh_ja_047,true_friend,true_002712,3.221980356957446,1.2206317147938484
zh_ja_047,true_friend,true_002390,3.255922072793177,1.0716419480416073
zh_ja_047,true_friend,true_004483,3.2592857731930414,1.2061003848558265
zh_ja_047,true_friend,true_000857,3.2613239450050013,1.1915690549178046
zh_ja_047,true_friend,true_002780,3.324991429628567,1.2351630447318704
zh_ja_047,true_friend,true_005632,3.357776032423419,1.1770377249797825
zh_ja_047,true_friend,true_003975,3.3814884634999336,1.2206317147938484
zh_ja_047,true_friend,true_000265,3.4929840846499616,1.2932883644839586
zh_ja_047,true_friend,true_002305,3.5087707264768415,1.2932883644839595
zh_ja_047,true_friend,true_006193,3.5441323564139147,1.1997185696406303
zh_ja_047,true_friend,true_002362,3.574677539021623,1.278757034545937
zh_ja_047,true_friend,true_003490,3.5884327662034616,1.3223510243600025
zh_ja_047,true_friend,true_003858,3.6134767045880407,1.2496943746698927
zh_ja_047,true_friend,true_000758,3.6301134980782797,1.307819694421981
zh_ja_047,true_friend,true_006496,3.757672520790414,1.2787570345459363
zh_ja_047,true_friend,true_000884,3.853346822573979,1.3368823542980242
zh_ja_047,true_friend,true_004133,3.8860703323149464,1.3659450141740683
zh_ja_047,true_friend,true_000550,3.932991518747036,1.2410881754903076
zh_ja_047,true_friend,true_001691,3.951307013290686,1.365945014174069
zh_ja_047,true_friend,true_001911,3.969959389238971,1.4095390039881341
zh_ja_047,true_friend,true_005396,3.9915913207228044,1.424070333926157
zh_ja_047,true_friend,true_004186,4.004561081486904,1.3659450141740683
zh_ja_047,true_friend,true_003852,4.023724109200113,1.365945014174069
zh_ja_047,true_friend,true_006286,4.0800771819098545,1.438601663864178
zh_ja_047,true_friend,true_003105,4.20058516228994,1.4240703339261565
zh_ja_047,true_friend,true_000668,4.246265821552992,1.3659450141740683
zh_ja_047,true_friend,true_003368,4.285999173160672,1.4967269836162669
zh_ja_047,true_friend,true_000403,4.298478962310913,1.3804763441120906
zh_ja_047,true_friend,true_001160,4.335900460502043,1.3223510243600025
zh_ja_047,true_friend,true_005335,4.391891148250971,1.4967269836162669
zh_ja_047,true_friend,true_006116,4.424667363683677,1.5112583135542885
zh_ja_047,true_friend,true_006437,4.427568935114562,1.525789643492311
zh_ja_047,true_friend,true_002068,4.427673976797546,1.4095390039881348
zh_ja_047,true_friend,true_005673,4.541266626506135,1.5257896434923104
zh_ja_047,true_friend,true_002631,4.605294301970923,1.5693836333063766
zh_ja_047,true_friend,true_006614,4.607789671822588,1.4821956536782446
zh_ja_047,true_friend,true_005994,4.666435432210072,1.4755159419718094
zh_ja_047,true_friend,true_000558,4.676466628105982,1.5693836333063766
zh_ja_047,true_friend,true_004565,4.850826981673785,1.392776730272456
zh_ja_047,true_friend,true_004605,4.86270392060313,1.583914963244399
zh_ja_047,true_friend,true_000730,4.915896517472993,1.6275089530584648
zh_ja_047,true_friend,true_002342,4.916132371907332,1.5839149632443983
zh_ja_047,true_friend,true_004678,4.929156621347913,1.5257896434923104
zh_ja_047,true_friend,true_006045,4.93728177299508,1.5984462931824215
zh_ja_047,true_friend,true_000057,4.9554923337719154,1.467664323740223
zh_ja_047,true_friend,true_002943,4.965420285991731,1.642040282996487
zh_ja_047,true_friend,true_001850,5.014386050188612,1.4967269836162669
zh_ja_047,true_friend,true_006531,5.017413306208955,1.656571612934509
zh_ja_047,true_friend,true_005184,5.018175000750326,1.525789643492311
zh_ja_047,true_friend,true_000723,5.074304478630649,1.6711029428725306
zh_ja_048,true_friend,true_000630,1.147900779566031,1.0550927363200362
zh_ja_048,true_friend,true_004814,1.198165791755056,1.0550927363200362
zh_ja_048,true_friend,true_004617,1.2619859506574236,1.0550927363200362
zh_ja_048,true_friend,true_004333,1.2822304363536658,1.0550927363200362
zh_ja_048,true_friend,true_001007,1.2868720044796615,1.0550927363200362
zh_ja_048,true_friend,true_003075,1.3568825197359329,1.0550927363200362
zh_ja_048,true_friend,true_000875,1.3851169717087757,1.0550927363200362
zh_ja_048,true_friend,true_005982,1.4022835523836616,1.0550927363200362
zh_ja_048,true_friend,true_004073,1.431157647474567,1.0550927363200362
zh_ja_048,true_friend,true_001523,1.432275267606886,1.0550927363200362
zh_ja_048,true_friend,true_003048,1.4518733631897132,1.0550927363200362
zh_ja_048,true_friend,true_005491,1.5214219923171761,1.0550927363200362
zh_ja_048,true_friend,true_002988,1.6122447217955593,1.0550927363200362
zh_ja_048,true_friend,true_005014,1.6165737014488286,1.0550927363200362
zh_ja_048,true_friend,true_003031,1.6967642464403787,1.0550927363200362
zh_ja_048,true_friend,true_006318,1.7075319142339231,1.0550927363200362
zh_ja_048,true_friend,true_005709,1.7692169245914586,1.0550927363200362
zh_ja_048,true_friend,true_002239,1.7926910315624753,1.0550927363200362
zh_ja_048,true_friend,true_000159,1.814351324517082,1.0550927363200362
zh_ja_048,true_friend,true_002869,1.8240305020068448,1.0550927363200362
zh_ja_048,true_friend,true_002971,1.8392605276700795,1.0550927363200362
zh_ja_048,true_friend,true_000939,1.8629016489577155,1.0550927363200362
zh_ja_048,true_friend,true_003192,1.8653683164550325,1.0550927363200362
zh_ja_048,true_friend,true_003077,1.873318781598237,1.0550927363200362
zh_ja_048,true_friend,true_002104,1.8793226882419118,1.0550927363200362
zh_ja_048,true_friend,true_001267,1.9391483553757622,1.0550927363200362
zh_ja_048,true_friend,true_000733,1.9564892950380692,1.0550927363200362
zh_ja_048,true_friend,true_003015,1.9760942923824911,1.0550927363200362
zh_ja_048,true_friend,true_004034,1.9989168748353099,1.0550927363200362
zh_ja_048,true_friend,true_000585,2.0638896410447267,1.0550927363200362
zh_ja_048,true_friend,true_000483,2.286971080998506,1.0550927363200362
zh_ja_048,true_friend,true_002893,2.333175880355996,1.0550927363200362
zh_ja_048,true_friend,true_003071,2.3645681899813944,1.0550927363200362
zh_ja_048,true_friend,true_006166,2.440624971432706,1.0550927363200362
zh_ja_048,true_friend,true_001099,2.4703552767487738,1.0550927363200362
zh_ja_048,true_friend,true_003254,2.576519401288121,1.0550927363200362
zh_ja_048,true_friend,true_002684,2.6441477525348915,1.0550927363200362
zh_ja_048,true_friend,true_004091,2.7914843448437434,1.075318415413629
zh_ja_048,true_friend,true_001551,2.873355067058338,1.0550927363200362
zh_ja_048,true_friend,true_004331,2.936646471601806,1.0588843058030164
zh_ja_048,true_friend,true_001334,2.967871549870665,1.1169793579412777
zh_ja_048,true_friend,true_002993,2.9889282400173567,1.0550927363200362
zh_ja_048,true_friend,true_003517,3.006068798261568,1.1189124052276962
zh_ja_048,true_friend,true_006271,3.0216006786596257,1.0550927363200362
zh_ja_048,true_friend,true_003480,3.0263254544567895,1.0756097520916004
zh_ja_048,true_friend,true_000577,3.0746702726185213,1.1770377249797837
zh_ja_048,true_friend,true_005839,3.166875646104465,1.1915690549178053
zh_ja_048,true_friend,true_005984,3.169521812363822,1.1334437351657178
zh_ja_048,true_friend,true_005310,3.240563770433865,1.2206317147938501
zh_ja_048,true_friend,true_003052,3.3465598601616513,1.1915690549178066
zh_ja_048,true_friend,true_004958,3.378348445726693,1.2135084382571908
zh_ja_048,true_friend,true_002896,3.5671954105675905,1.1226725169959695
zh_ja_048,true_friend,true_005531,3.67803156088579,1.3223510243600045
zh_ja_048,true_friend,true_003057,3.7000437305433094,1.2496943746698934
zh_ja_048,true_friend,true_006316,3.7335382232483196,1.2686679127234268
zh_ja_048,true_friend,true_005063,3.7385990446777333,1.2206317147938501
zh_ja_048,true_friend,true_003466,3.7396665772791025,1.3368823542980262
zh_ja_048,true_friend,true_004424,3.848279062114325,1.35140712442278
zh_ja_048,true_friend,true_003066,4.044892715086067,1.4240703339261578
zh_ja_048,true_friend,true_000503,4.06951929063693,1.4065665988890161
zh_ja_048,true_friend,true_000970,4.19318631046279,1.467664323740224
zh_ja_048,true_friend,true_003455,4.298711688668276,1.4967269836162675
zh_ja_048,true_friend,true_001782,4.396117445063444,1.4240703339261578
zh_ja_048,true_friend,true_000612,4.472613650044101,1.3100375185731028
zh_ja_048,true_friend,true_003040,4.511775091509087,1.395007674050113
zh_ja_048,true_friend,true_003246,4.534986466580167,1.5548523033683557
zh_ja_048,true_friend,true_000115,4.744017661534344,1.5548523033683557
zh_ja_048,true_friend,true_003388,4.9692234518475225,1.6129776231204438
zh_ja_048,true_friend,true_001669,5.12223071428188,1.4240703339261578
zh_ja_048,true_friend,true_004552,5.205495213266679,1.598446293182422
zh_ja_048,true_friend,true_001365,5.249459607704358,1.5839149632444003
zh_ja_048,true_friend,true_006133,5.357547327567231,1.540320973430334
zh_ja_048,true_friend,true_003819,5.658293612114842,1.6272044967539598
zh_ja_048,true_friend,true_005995,5.83024085182331,1.7788930515361077
zh_ja_048,true_friend,true_005142,6.052636070519281,1.8600102320668184
zh_ja_048,true_friend,true_002055,6.106396710771954,1.874541562004841
zh_ja_048,true_friend,true_000931,6.151653640161816,1.787353582376708
zh_ja_048,true_friend,true_004547,6.153019608108641,1.6685741026036371
zh_ja_048,true_friend,true_001300,6.329775101840371,1.9181355518189058
zh_ja_048,true_friend,true_000536,6.6974618971943425,1.7728222524386863
zh_ja_048,true_friend,true_002167,7.141940422192936,2.0133208180176116
zh_ja_048,true_friend,true_005143,7.712566368732322,2.096060029716965
zh_ja_048,true_friend,true_006417,7.790807178362477,1.8478423946189035
zh_ja_048,true_friend,true_000959,7.817027781032195,1.9305816063182568
zh_ja_048,true_friend,true_003078,8.191263317880196,1.976260871570994
zh_ja_048,true_friend,true_004449,8.482091155542893,1.9443714749348155
zh_ja_048,true_friend,true_005308,8.56905489188986,2.194230820641325
zh_ja_048,true_friend,true_003131,8.695825052127901,2.2201688472659953
zh_ja_048,true_friend,true_005896,8.72574884842531,2.2063789786494366
zh_ja_048,true_friend,true_002959,8.956405602413364,2.0779801811371486
zh_ja_048,true_friend,true_000488,9.059696655826198,2.36860677989759
zh_ja_048,true_friend,true_004869,9.079417241500654,2.30290805896535
zh_ja_048,true_friend,true_002759,9.383164755541399,2.38313810983561
zh_ja_048,true_friend,true_002561,9.64810160893358,2.344277664815026
zh_ja_048,true_friend,true_000955,9.711638795038997,2.441263429587699
zh_ja_048,true_friend,true_003046,9.893784740013935,2.344277664815026
zh_ja_048,true_friend,true_000134,10.16319607525158,2.52845140921583
zh_ja_048,true_friend,true_003069,10.189851584326279,2.247748584499114
zh_ja_048,true_friend,true_004557,10.287333708537204,2.4683864823640564
zh_ja_048,true_friend,true_005358,10.449380027747445,2.4848574194017647
zh_ja_049,true_friend,true_003775,0.06873884243947068,0.19136463357885827
zh_ja_049,true_friend,true_005131,0.09784821764213948,0.2615639388843961
zh_ja_049,true_friend,true_003564,0.1031183061371796,0.23442776648150246
zh_ja_049,true_friend,true_002967,0.13183600490558067,0.27609526882241814
zh_ja_049,true_friend,true_002250,0.16254884677447604,0.33095684679741566
zh_ja_049,true_friend,true_002021,0.19916378525371475,0.33169869820335424
zh_ja_049,true_friend,true_004965,0.24835256315912255,0.3572139826805354
zh_ja_049,true_friend,true_003251,0.41045876473275733,0.5376592077068152
zh_ja_049,true_friend,true_000394,0.4706421487149732,0.5521905376448369
zh_ja_049,true_friend,true_002137,0.5082875043058722,0.5957845274589018
zh_ja_049,true_friend,true_003665,0.5396947302919645,0.5740939007365754
zh_ja_049,true_friend,true_002715,0.60890655177174,0.6539098472109908
zh_ja_049,true_friend,true_000792,0.6345843771975503,0.6481238249782715
zh_ja_049,true_friend,true_005134,0.7067043179675885,0.5996091852137565
zh_ja_049,true_friend,true_004274,0.746964192928024,0.6975038370250559
zh_ja_049,true_friend,true_000622,0.7626726443187206,0.6684411771490119
zh_ja_049,true_friend,true_002438,0.8278139508211338,0.6975038370250565
zh_ja_049,true_friend,true_004147,0.8563071178981222,0.7446529052941847
zh_ja_049,true_friend,true_001561,0.8638673192897456,0.6889126808838902
zh_ja_049,true_friend,true_002521,0.9722221986519548,0.7527008920768428
zh_ja_049,true_friend,true_006463,1.0042813837399598,0.828285806467255
zh_ja_049,true_friend,true_006147,1.1573429800542991,0.8573484663432984
zh_ja_049,true_friend,true_004400,1.1884076987850545,0.9009424561573642
zh_ja_049,true_friend,true_004717,1.382567923785881,0.9881304357854964
zh_ja_049,true_friend,true_002419,1.4447803908864725,0.973599105847474
zh_ja_049,true_friend,true_005888,1.460083586868857,0.9057925989399296
zh_ja_049,true_friend,true_002213,1.4649800711184995,1.0171930956615405
zh_ja_049,true_friend,true_005882,1.4912205580393596,1.0171930956615411
zh_ja_049,true_friend,true_000957,1.5897347316908843,0.959067775909452
zh_ja_049,true_friend,true_000698,1.593582365322784,1.0462557555375844
zh_ja_049,true_friend,true_005885,1.6700798157494812,0.9445364459714306
zh_ja_049,true_friend,true_000943,1.7154899190727697,0.9950960946100633
zh_ja_049,true_friend,true_002136,1.7208143319109979,0.930005116033409
zh_ja_049,true_friend,true_001956,1.7491029170051964,1.046255755537585
zh_ja_049,true_friend,true_004061,1.7727065596294378,1.1189124052276949
zh_ja_049,true_friend,true_001803,1.810084523079432,1.0333690213258353
zh_ja_049,true_friend,true_004271,1.8107544342697715,1.1189124052276949
zh_ja_049,true_friend,true_001763,1.823240986013046,0.9590677759094529
zh_ja_049,true_friend,true_001323,1.9986454752489775,1.1770377249797823
zh_ja_049,true_friend,true_001482,2.046504786787365,1.122672516995969
zh_ja_049,true_friend,true_003715,2.0530182065294618,1.0333690213258353
zh_ja_049,true_friend,true_002440,2.0671024140607304,1.177037724979783
zh_ja_049,true_friend,true_002079,2.078604681934998,1.0204502776253643
zh_ja_049,true_friend,true_002141,2.099401037758514,1.2061003848558272
zh_ja_049,true_friend,true_001469,2.1011861753294254,1.172138832407513
zh_ja_049,true_friend,true_000535,2.1567953010960554,1.1481878014731501
zh_ja_049,true_friend,true_002031,2.1679486000497494,1.162506395041761
zh_ja_049,true_friend,true_002607,2.181340462177185,1.199718569640631
zh_ja_049,true_friend,true_003910,2.259960193965312,1.1737030859503312
zh_ja_049,true_friend,true_002041,2.2616273583056072,1.1043810752896726
zh_ja_049,true_friend,true_001941,2.3269359248674193,1.2272983068737482
zh_ja_049,true_friend,true_006451,2.4247909734490625,1.160945443711741
zh_ja_049,true_friend,true_001638,2.531607297131765,1.3368823542980255
zh_ja_049,true_friend,true_004489,2.6785109580644337,1.365945014174069
zh_ja_049,true_friend,true_002192,2.6842299418759614,1.288521866097646
zh_ja_049,true_friend,true_004118,2.6944564179347035,1.2206317147938481
zh_ja_049,true_friend,true_005723,2.7385310924340214,1.3659450141740683
zh_ja_049,true_friend,true_004691,2.813269236400214,1.3223510243600032
zh_ja_049,true_friend,true_001553,2.885356940741782,1.395007674050113
zh_ja_049,true_friend,true_005177,2.9497868927342146,1.4386016638641788
zh_ja_049,true_friend,true_003013,2.954315422758311,1.2787570345459363
zh_ja_049,true_friend,true_001175,2.954953990624408,1.3523100772905987
zh_ja_049,true_friend,true_003866,2.9637410961227504,1.2630065816204656
zh_ja_049,true_friend,true_000112,2.9746290927336267,1.2757642238590559
zh_ja_049,true_friend,true_003225,2.98563089512502,1.4386016638641794
zh_ja_049,true_friend,true_005801,3.123792252337145,1.4240703339261565
zh_ja_049,true_friend,true_000951,3.216149774708528,1.2932883644839592
zh_ja_049,true_friend,true_003746,3.3141646380935184,1.3804763441120906
zh_ja_049,true_friend,true_006453,3.3579629130746205,1.5403209734303334
zh_ja_049,true_friend,true_002740,3.4124010270905156,1.4240703339261565
zh_ja_049,true_friend,true_004731,3.4321151475883958,1.3368823542980255
zh_ja_049,true_friend,true_001836,3.4692231067308885,1.3140371505748278
zh_ja_049,true_friend,true_001457,3.469955937383099,1.403340646244961
zh_ja_049,true_friend,true_005669,3.5512886825310015,1.5839149632443996
zh_ja_049,true_friend,true_001615,3.615369095370624,1.4967269836162675
zh_ja_049,true_friend,true_002617,3.621079306144442,1.5984462931824208
zh_ja_049,true_friend,true_000568,3.6277556819603394,1.5984462931824215
zh_ja_049,true_friend,true_000481,3.7030512593545857,1.5693836333063773
zh_ja_049,true_friend,true_000410,3.82628870146139,1.5444652850546052
zh_ja_049,true_friend,true_004518,3.895769770244021,1.5839149632443996
zh_ja_049,true_friend,true_004517,3.9405476283979866,1.5548523033683557
zh_ja_049,true_friend,true_004592,3.946287670634047,1.6275089530584654
zh_ja_049,true_friend,true_002400,3.955486932795207,1.6711029428725306
zh_ja_049,true_friend,true_002189,3.9779906910085954,1.5112583135542879
zh_ja_049,true_friend,true_005973,3.9883022936891583,1.4095390039881348
zh_ja_049,true_friend,true_005016,4.049667141649219,1.4926441419150953
zh_ja_049,true_friend,true_004853,4.122854036632736,1.4543712151993233
zh_ja_049,true_friend,true_002015,4.130398900852164,1.6565716129345094
zh_ja_049,true_friend,true_001920,4.132571451248322,1.5693836333063773
zh_ja_049,true_friend,true_002969,4.163139124458349,1.569383633306376
zh_ja_049,true_friend,true_001705,4.200879282464622,1.4671288574379147
zh_ja_049,true_friend,true_003168,4.201023755959306,1.5436747108694575
zh_ja_049,true_friend,true_003236,4.206635436669159,1.6685741026036358
zh_ja_049,true_friend,true_005011,4.330570596983316,1.6565716129345094
zh_ja_049,true_friend,true_003326,4.484932134338423,2.1101854726400724
zh_ja_049,true_friend,true_000844,4.5169492830976345,1.6275089530584654
zh_ja_049,true_friend,true_002708,4.556668377423916,1.5181594263922769
zh_ja_049,true_friend,true_001199,4.6080872597291735,1.7146969326865968
zh_ja_049,true_friend,true_003687,4.609183855253269,1.5691899953466393
zh_ja_049,true_friend,true_003244,4.6590096818618365,1.6967664177325443
zh_ja_052,true_friend,true_002892,4.884964980589034,2.1101854726400724
zh_ja_052,true_friend,true_003739,6.416849179966812,2.1101854726400724
zh_ja_052,true_friend,true_006321,6.983129008811137,2.1101854726400724
zh_ja_052,true_friend,true_002071,7.009302438442535,2.1101854726400724
zh_ja_052,true_friend,true_003342,9.772570516133996,2.1101854726400724
zh_ja_052,true_friend,true_002101,14.763438286491356,2.1438847344528256
zh_ja_052,true_friend,true_002241,14.866021783454194,2.4122007697116543
zh_ja_052,true_friend,true_003216,14.970376758775858,2.1438847344528256
zh_ja_052,true_friend,true_005491,15.199831678183203,2.402363920056325
zh_ja_052,true_friend,true_002239,15.292119624968011,2.402363920056325
zh_ja_052,true_friend,true_004454,15.957159463569278,2.1438847344528256
zh_ja_052,true_friend,true_006271,16.471487147607757,2.402363920056325
zh_ja_052,true_friend,true_002104,16.705521084761706,2.402363920056325
zh_ja_052,true_friend,true_002094,16.765159095121675,2.1438847344528256
zh_ja_052,true_friend,true_006262,17.16999160483113,2.1438847344528256
zh_ja_052,true_friend,true_003396,17.288750232484894,2.1438847344528256
zh_ja_052,true_friend,true_001037,17.32718306511228,2.1438847344528256
zh_ja_052,true_friend,true_000875,17.362323817712372,2.402363920056325
zh_ja_052,true_friend,true_003192,17.487389818143267,2.402363920056325
zh_ja_052,true_friend,true_003115,17.740396610105616,2.1438847344528256
zh_ja_052,true_friend,true_002869,17.822947557220576,2.402363920056325
zh_ja_052,true_friend,true_003075,18.137359088056773,2.402363920056325
zh_ja_052,true_friend,true_002299,18.36397012675672,2.1438847344528256
zh_ja_052,true_friend,true_000159,18.568447907084604,2.402363920056325
zh_ja_052,true_friend,true_003048,18.658724100302305,2.402363920056325
zh_ja_052,true_friend,true_003084,18.79110627439116,2.1438847344528256
zh_ja_052,true_friend,true_000630,18.821389874251743,2.402363920056325
zh_ja_052,true_friend,true_005963,19.228851531592746,2.1438847344528256
zh_ja_052,true_friend,true_004073,19.239198384930965,2.402363920056325
zh_ja_052,true_friend,true_004814,19.36278029382963,2.402363920056325
zh_ja_052,true_friend,true_006113,19.460976322894183,2.1438847344528256
zh_ja_052,true_friend,true_004333,19.63971023391679,2.402363920056325
zh_ja_052,true_friend,true_004617,19.668944363486798,2.402363920056325
zh_ja_052,true_friend,true_003071,19.69486320744223,2.402363920056325
zh_ja_052,true_friend,true_004091,19.707080580761197,2.402363920056325
zh_ja_052,true_friend,true_004608,19.761168601161533,2.1438847344528256
zh_ja_052,true_friend,true_001523,19.84567126631552,2.402363920056325
zh_ja_052,true_friend,true_001007,19.953719276365554,2.402363920056325
zh_ja_052,true_friend,true_001565,20.28477147010098,2.150636830827257
zh_ja_052,true_friend,true_002988,20.344727136946602,2.402363920056325
zh_ja_052,true_friend,true_005982,20.450191638703462,2.402363920056325
zh_ja_052,true_friend,true_003031,20.46168484419073,2.402363920056325
zh_ja_052,true_friend,true_003480,20.88195187124187,2.402363920056325
zh_ja_052,true_friend,true_006318,21.10317872772029,2.402363920056325
zh_ja_052,true_friend,true_005014,21.16254929667152,2.402363920056325
zh_ja_052,true_friend,true_000939,21.27710244201533,2.402363920056325
zh_ja_052,true_friend,true_002783,21.29291297225771,2.1438847344528256
zh_ja_052,true_friend,true_004198,21.307393831518723,2.6156393888439617
zh_ja_052,true_friend,true_002058,21.319044729389624,2.5004978787637495
zh_ja_052,true_friend,true_005709,21.334630404053442,2.402363920056325
zh_ja_052,true_friend,true_003015,21.408723938409857,2.402363920056325
zh_ja_052,true_friend,true_004316,21.47638144360787,2.1438847344528256
zh_ja_052,true_friend,true_002971,21.505903562635407,2.402363920056325
zh_ja_052,true_friend,true_003254,21.65118686239451,2.402363920056325
zh_ja_052,true_friend,true_006178,21.842911249084146,2.602559016672474
zh_ja_052,true_friend,true_002893,21.85920907570464,2.402363920056325
zh_ja_052,true_friend,true_006395,21.908529912777865,2.2814188002694555
zh_ja_052,true_friend,true_003077,21.959898399476053,2.402363920056325
zh_ja_052,true_friend,true_001334,21.97501093177432,2.402363920056325
zh_ja_052,true_friend,true_001267,21.996571146894652,2.402363920056325
zh_ja_052,true_friend,true_005995,22.078886817530297,2.402363920056325
zh_ja_052,true_friend,true_000733,22.15729876677925,2.402363920056325
zh_ja_052,true_friend,true_000132,22.183936310701412,2.3686067798975876
zh_ja_052,true_friend,true_004034,22.256147063356778,2.402363920056325
zh_ja_052,true_friend,true_000890,22.43038550196178,2.168799180560395
zh_ja_052,true_friend,true_000585,22.459836733245304,2.402363920056325
zh_ja_052,true_friend,true_000970,22.579381927941228,2.790015348100226
zh_ja_052,true_friend,true_001099,22.71458516691021,2.402363920056325
zh_ja_052,true_friend,true_006166,22.742663998677237,2.402363920056325
zh_ja_052,true_friend,true_004331,22.824427723746574,2.402363920056325
zh_ja_052,true_friend,true_002254,22.925812773663793,2.4557947595257197
zh_ja_052,true_friend,true_000483,23.006169850549902,2.402363920056325
zh_ja_052,true_friend,true_000129,23.174802172029757,2.4122007697116534
zh_ja_052,true_friend,true_001551,23.397920731785113,2.402363920056325
zh_ja_052,true_friend,true_002684,23.442865868379513,2.402363920056325
zh_ja_052,true_friend,true_004958,23.5314471115377,2.402363920056325
zh_ja_052,true_friend,true_005500,23.619834841862748,2.5720453990298955
zh_ja_052,true_friend,true_004452,23.69961854881892,2.6592333786580276
zh_ja_052,true_friend,true_004551,23.862158481908224,2.8190780079762696
zh_ja_052,true_friend,true_004424,23.87742893194232,2.402363920056325
zh_ja_052,true_friend,true_005440,23.927721419853714,3.284080565992974
zh_ja_052,true_friend,true_000372,24.096828151167728,2.557514069091874
zh_ja_052,true_friend,true_004780,24.096828151167728,2.557514069091874
zh_ja_052,true_friend,true_004552,24.14529515176026,2.9207973175424238
zh_ja_052,true_friend,true_000503,24.148147775731175,2.402363920056325
zh_ja_052,true_friend,true_002993,24.15027831732614,2.402363920056325
zh_ja_052,true_friend,true_002054,24.451567112065597,2.470326089463742
zh_ja_052,true_friend,true_006316,24.54147076557782,2.402363920056325
zh_ja_052,true_friend,true_003517,24.57852042103123,2.441263429587698
zh_ja_052,true_friend,true_000635,24.78095600446708,2.4412634295876976
zh_ja_052,true_friend,true_005984,24.8067246737306,2.4557947595257197
zh_ja_052,true_friend,true_000577,24.84087109554477,2.4993887493397855
zh_ja_052,true_friend,true_005839,24.97005930157171,2.513920079277807
zh_ja_052,true_friend,true_002896,25.017591173291812,2.402363920056325
zh_ja_052,true_friend,true_003052,25.13030563138961,2.5139200792778085
zh_ja_052,true_friend,true_005310,25.15797727976448,2.542982739153852
zh_ja_052,true_friend,true_005063,25.612971524621365,2.542982739153852
zh_ja_052,true_friend,true_003057,25.78167022463831,2.5720453990298955
zh_ja_052,true_friend,true_006115,25.799175333115215,2.402363920056325
zh_ja_052,true_friend,true_006059,25.971264582073303,2.572045399029896
zh_ja_053,true_friend,true_000161,74.93343267121953,7.385649154240253
zh_ja_053,true_friend,true_003328,97.80869605025862,7.385649154240253
zh_ja_053,true_friend,true_003443,118.40643332138765,7.385649154240253
zh_ja_053,true_friend,true_001969,118.51253373510585,7.385649154240253
zh_ja_053,true_friend,true_002228,119.76683085690635,5.275463681600181
zh_ja_053,true_friend,true_001682,126.26348348836979,5.275463681600181
zh_ja_053,true_friend,true_000278,141.08371798764713,7.385649154240253
zh_ja_053,true_friend,true_001176,141.8877438620056,7.385649154240253
zh_ja_053,true_friend,true_004647,142.03596807551676,7.385649154240253
zh_ja_053,true_friend,true_004951,142.4691541107856,7.385649154240253
zh_ja_053,true_friend,true_003844,142.9332146149375,7.385649154240253
zh_ja_053,true_friend,true_002451,142.94409320869738,7.385649154240253
zh_ja_053,true_friend,true_001790,143.0513528646839,7.385649154240253
zh_ja_053,true_friend,true_001517,143.2335647734413,7.385649154240253
zh_ja_053,true_friend,true_003650,143.37895369763189,7.385649154240253
zh_ja_053,true_friend,true_005156,143.65715898735613,7.385649154240253
zh_ja_053,true_friend,true_002581,144.18749153552776,7.385649154240253
zh_ja_053,true_friend,true_005212,144.1919493251586,7.385649154240253
zh_ja_053,true_friend,true_004236,144.4223856951459,7.385649154240253
zh_ja_053,true_friend,true_006275,144.7682735523646,7.385649154240253
zh_ja_053,true_friend,true_001637,144.9104359853798,7.385649154240253
zh_ja_053,true_friend,true_002255,144.97778927104213,7.385649154240253
zh_ja_053,true_friend,true_004571,145.52536682893407,7.385649154240253
zh_ja_053,true_friend,true_003953,145.81982828048257,7.385649154240253
zh_ja_053,true_friend,true_001088,145.87881791236586,7.385649154240253
zh_ja_053,true_friend,true_000776,145.94645369764675,7.385649154240253
zh_ja_053,true_friend,true_004074,145.952251837982,7.385649154240253
zh_ja_053,true_friend,true_003259,146.61242379489602,7.385649154240253
zh_ja_053,true_friend,true_004629,146.7137174952096,7.385649154240253
zh_ja_053,true_friend,true_005036,148.38305689612105,7.385649154240253
zh_ja_053,true_friend,true_001423,148.694802887115,7.385649154240253
zh_ja_053,true_friend,true_000748,149.48419789035424,7.385649154240253
zh_ja_053,true_friend,true_002813,149.5553756563583,7.385649154240253
zh_ja_053,true_friend,true_003744,151.4335917323339,7.385649154240253
zh_ja_053,true_friend,true_002175,151.52401428246992,7.385649154240253
zh_ja_053,true_friend,true_004774,154.03229184741593,7.385649154240253
zh_ja_053,true_friend,true_001340,155.54700444648014,7.385649154240253
zh_ja_053,true_friend,true_000847,156.19235271737497,7.385649154240253
zh_ja_053,true_friend,true_006067,157.586872398696,7.385649154240253
zh_ja_053,true_friend,true_005293,160.9402797236502,7.385649154240253
zh_ja_053,true_friend,true_000380,169.01046421958446,7.385649154240253
zh_ja_054,true_friend,true_002058,0.4928402176612584,0.5812531975208797
zh_ja_054,true_friend,true_006178,0.5166086681626203,0.5521905376448362
zh_ja_054,true_friend,true_003216,0.7833691094597554,0.6619136935948308
zh_ja_054,true_friend,true_004198,1.0537841012119684,0.813754476529232
zh_ja_054,true_friend,true_004551,1.4670062360000449,1.0171930956615398
zh_ja_054,true_friend,true_003826,2.3675690491811907,1.2932883644839586
zh_ja_054,true_friend,true_000905,2.4526326939962404,1.3078196944219802
zh_ja_054,true_friend,true_002783,4.4628811913209,2.1101854726400724
zh_ja_054,true_friend,true_000890,4.494487062798462,2.1101854726400724
zh_ja_054,true_friend,true_004608,4.716498599114012,2.1101854726400724
zh_ja_054,true_friend,true_005963,5.005595526162421,2.1101854726400724
zh_ja_054,true_friend,true_004316,5.076871840713134,2.1101854726400724
zh_ja_054,true_friend,true_005983,5.079531449469822,2.1101854726400724
zh_ja_054,true_friend,true_000635,5.097788871630195,2.1101854726400724
zh_ja_054,true_friend,true_002054,5.268498048421866,2.1101854726400724
zh_ja_054,true_friend,true_002299,5.28282913566712,2.1101854726400724
zh_ja_054,true_friend,true_006059,5.324610849239692,2.1101854726400724
zh_ja_054,true_friend,true_003084,5.353477091739176,2.1101854726400724
zh_ja_054,true_friend,true_001037,5.421638350825391,2.1101854726400724
zh_ja_054,true_friend,true_006262,5.4438439420138645,2.1101854726400724
zh_ja_054,true_friend,true_000129,5.5626792990924665,2.1101854726400724
zh_ja_054,true_friend,true_006395,5.68841736135276,2.1101854726400724
zh_ja_054,true_friend,true_000372,5.914108953335444,2.1101854726400724
zh_ja_054,true_friend,true_004780,5.914108953335444,2.1101854726400724
zh_ja_054,true_friend,true_002094,5.932153504024436,2.1101854726400724
zh_ja_054,true_friend,true_002254,6.135257624768819,2.1101854726400724
zh_ja_054,true_friend,true_000132,6.178546802309411,2.1101854726400724
zh_ja_054,true_friend,true_001556,6.179469915389805,2.1101854726400724
zh_ja_054,true_friend,true_004454,6.2648853399866375,2.1101854726400724
zh_ja_054,true_friend,true_003396,6.278346046444644,2.1101854726400724
zh_ja_054,true_friend,true_003115,6.373504232502983,2.1101854726400724
zh_ja_054,true_friend,true_005500,6.5442121216579645,2.1101854726400724
zh_ja_054,true_friend,true_006113,6.59609564908893,2.1101854726400724
zh_ja_054,true_friend,true_000620,6.961087194601915,2.1101854726400724
zh_ja_054,true_friend,true_001565,7.170764126249897,2.1101854726400724
zh_ja_054,true_friend,true_003037,7.276151524828021,2.1101854726400724
zh_ja_054,true_friend,true_005497,7.412431400594077,2.2814188002694555
zh_ja_054,true_friend,true_004452,8.338551896951348,2.1101854726400724
zh_ja_054,true_friend,true_005704,8.77399478502197,2.1101854726400724
zh_ja_054,true_friend,true_002101,8.963357375536457,2.1101854726400724
zh_ja_054,true_friend,true_002961,9.216019763686678,2.1101854726400724
zh_ja_054,true_friend,true_003452,13.970750561708602,2.5575140690918734
zh_ja_054,true_friend,true_002241,14.353294764449968,2.1438847344528256
zh_ja_054,true_friend,true_005493,14.630179928584157,2.402363920056325
zh_ja_054,true_friend,true_003739,15.787807376125414,2.1438847344528256
zh_ja_054,true_friend,true_003822,16.424278177411182,2.402363920056325
zh_ja_054,true_friend,true_003509,16.737878531617177,2.402363920056325
zh_ja_054,true_friend,true_005440,16.777488540113602,2.1438847344528256
zh_ja_054,true_friend,true_004523,17.17568691939606,2.402363920056325
zh_ja_054,true_friend,true_001452,17.30689897052971,2.402363920056325
zh_ja_054,true_friend,true_006165,17.307137615833472,2.402363920056325
zh_ja_054,true_friend,true_002059,17.398337427438356,2.402363920056325
zh_ja_054,true_friend,true_006321,17.46348959397411,2.1438847344528256
zh_ja_054,true_friend,true_004879,17.68371921147208,2.402363920056325
zh_ja_054,true_friend,true_000802,17.748752459061343,2.402363920056325
zh_ja_054,true_friend,true_005902,18.03605114142284,2.402363920056325
zh_ja_054,true_friend,true_001362,18.141384107827633,2.402363920056325
zh_ja_054,true_friend,true_006103,18.2720563343604,2.402363920056325
zh_ja_054,true_friend,true_005747,18.348063413154662,2.402363920056325
zh_ja_054,true_friend,true_002145,18.37064775572955,2.402363920056325
zh_ja_054,true_friend,true_004956,18.46695691913007,2.402363920056325
zh_ja_054,true_friend,true_002892,18.9678393843162,2.1438847344528256
zh_ja_054,true_friend,true_006114,19.275192640416016,2.402363920056325
zh_ja_054,true_friend,true_003116,19.304514319996514,2.402363920056325
zh_ja_054,true_friend,true_000597,19.30956260950285,2.402363920056325
zh_ja_054,true_friend,true_003451,19.404297297774654,2.402363920056325
zh_ja_054,true_friend,true_005773,20.078217368508703,2.402363920056325
zh_ja_054,true_friend,true_001635,20.25856985485711,2.402363920056325
zh_ja_054,true_friend,true_000601,20.33043008932725,2.402363920056325
zh_ja_054,true_friend,true_000930,20.362468008558224,2.484857419401764
zh_ja_054,true_friend,true_004815,20.38943744992493,2.402363920056325
zh_ja_054,true_friend,true_001028,20.630125915523863,2.402363920056325
zh_ja_054,true_friend,true_001124,20.869615077545077,2.402363920056325
zh_ja_054,true_friend,true_001027,21.07293625597435,2.402363920056325
zh_ja_054,true_friend,true_002071,21.479379202541836,2.3250127900835227
zh_ja_054,true_friend,true_004552,23.88523053357973,2.402363920056325
zh_ja_054,true_friend,true_004091,25.515001590397446,2.402363920056325
zh_ja_054,true_friend,true_001734,25.793052047568857,2.6156393888439617
zh_ja_054,true_friend,true_004331,25.80900518574174,2.402363920056325
zh_ja_054,true_friend,true_000970,26.28246996036564,2.402363920056325
zh_ja_054,true_friend,true_001551,26.311999938078444,2.402363920056325
zh_ja_054,true_friend,true_001378,26.517942142018775,2.6301707187819834
zh_ja_054,true_friend,true_002896,26.611695588026038,2.402363920056325
zh_ja_054,true_friend,true_003031,26.730073563553177,2.402363920056325
zh_ja_054,true_friend,true_005491,26.823998279363266,2.402363920056325
zh_ja_054,true_friend,true_000939,26.832207323402756,2.402363920056325
zh_ja_054,true_friend,true_002993,26.993859267917642,2.402363920056325
zh_ja_054,true_friend,true_005709,27.28277928796772,2.402363920056325
zh_ja_054,true_friend,true_003057,27.590958864681014,2.402363920056325
zh_ja_054,true_friend,true_005984,27.68670770786145,2.402363920056325
zh_ja_054,true_friend,true_004333,27.800207343984574,2.402363920056325
zh_ja_054,true_friend,true_001782,27.94290013673431,2.402363920056325
zh_ja_054,true_friend,true_002239,27.95165462867275,2.402363920056325
zh_ja_054,true_friend,true_004617,28.008069887898593,2.402363920056325
zh_ja_054,true_friend,true_004034,28.02674362490292,2.402363920056325
zh_ja_054,true_friend,true_003517,28.065501863596417,2.402363920056325
zh_ja_054,true_friend,true_000733,28.10637001524428,2.402363920056325
zh_ja_054,true_friend,true_005014,28.110586864121878,2.402363920056325
zh_ja_054,true_friend,true_003077,28.337339642031417,2.402363920056325
zh_ja_054,true_friend,true_005982,28.50455704665569,2.402363920056325
zh_ja_001,translation_control,translation_002968,7.654127933140927,2.694341360708601
zh_ja_001,translation_control,translation_009113,7.822263568815911,2.694341360708601
zh_ja_001,translation_control,translation_021205,7.907432487346425,2.694341360708601
zh_ja_001,translation_control,translation_011857,7.936912541942389,2.694341360708601
zh_ja_001,translation_control,translation_022193,7.958230068663042,2.694341360708601
zh_ja_001,translation_control,translation_013211,8.078197209770567,2.694341360708601
zh_ja_001,translation_control,translation_022213,8.242065764761307,2.694341360708601
zh_ja_001,translation_control,translation_009061,8.40815434316632,2.694341360708601
zh_ja_001,translation_control,translation_002967,8.463855902762003,2.694341360708601
zh_ja_001,translation_control,translation_022971,8.551578821210581,2.694341360708601
zh_ja_001,translation_control,translation_023064,8.570704977817119,2.694341360708601
zh_ja_001,translation_control,translation_004943,8.721204790616305,2.694341360708601
zh_ja_001,translation_control,translation_011255,8.749905100103152,2.694341360708601
zh_ja_001,translation_control,translation_023304,8.971867070803395,2.694341360708601
zh_ja_001,translation_control,translation_015630,9.221731959810509,2.694341360708601
zh_ja_001,translation_control,translation_011389,9.282072122036555,2.694341360708601
zh_ja_001,translation_control,translation_006935,9.659345618927356,2.694341360708601
zh_ja_001,translation_control,translation_008927,9.74960449442532,2.694341360708601
zh_ja_001,translation_control,translation_003896,9.759013413929704,2.694341360708601
zh_ja_001,translation_control,translation_004321,9.960371838425901,2.694341360708601
zh_ja_001,translation_control,translation_020134,10.126198874697463,2.694341360708601
zh_ja_001,translation_control,translation_017236,10.177946115231142,2.694341360708601
zh_ja_001,translation_control,translation_011284,10.220299840340532,2.694341360708601
zh_ja_001,translation_control,translation_015403,10.226898686177961,2.694341360708601
zh_ja_001,translation_control,translation_005117,10.256846965619163,2.694341360708601
zh_ja_001,translation_control,translation_004261,10.257969598448563,2.694341360708601
zh_ja_001,translation_control,translation_009060,10.262678990738504,2.694341360708601
zh_ja_001,translation_control,translation_020960,10.275454349307438,2.694341360708601
zh_ja_001,translation_control,translation_011387,10.374861593566937,2.694341360708601
zh_ja_001,translation_control,translation_006177,10.377631656465589,2.694341360708601
zh_ja_001,translation_control,translation_017592,10.388087728911291,2.694341360708601
zh_ja_001,translation_control,translation_005921,10.477143712579242,2.694341360708601
zh_ja_001,translation_control,translation_017631,10.539268895328128,2.694341360708601
zh_ja_001,translation_control,translation_006176,10.559765097441769,2.694341360708601
zh_ja_001,translation_control,translation_018765,10.571272485594916,2.694341360708601
zh_ja_001,translation_control,translation_005918,10.683936077425537,2.694341360708601
zh_ja_001,translation_control,translation_023062,11.025330484505394,2.694341360708601
zh_ja_001,translation_control,translation_021074,11.038637817588262,2.694341360708601
zh_ja_001,translation_control,translation_020959,11.044426341895466,2.694341360708601
zh_ja_001,translation_control,translation_022214,11.168821483574508,2.694341360708601
zh_ja_001,translation_control,translation_009059,11.282047270215887,2.694341360708601
zh_ja_001,translation_control,translation_013107,11.292819965127766,2.694341360708601
zh_ja_001,translation_control,translation_009919,11.29888816206051,2.694341360708601
zh_ja_001,translation_control,translation_009339,11.376121235873885,2.694341360708601
zh_ja_001,translation_control,translation_012763,11.400654632615746,2.694341360708601
zh_ja_001,translation_control,translation_015641,11.546430145044592,2.694341360708601
zh_ja_001,translation_control,translation_007574,11.547251745046115,2.694341360708601
zh_ja_001,translation_control,translation_005920,11.579870933030412,2.694341360708601
zh_ja_001,translation_control,translation_009111,11.588628284957725,2.694341360708601
zh_ja_001,translation_control,translation_020133,11.644770896952732,2.694341360708601
zh_ja_001,translation_control,translation_017233,11.783821680261724,2.694341360708601
zh_ja_001,translation_control,translation_023596,11.8003718755829,2.694341360708601
zh_ja_001,translation_control,translation_004345,11.814648740776523,2.694341360708601
zh_ja_001,translation_control,translation_021106,11.872541352307877,2.694341360708601
zh_ja_001,translation_control,translation_021683,11.958307330100034,2.694341360708601
zh_ja_001,translation_control,translation_017910,12.000148963963548,2.694341360708601
zh_ja_001,translation_control,translation_017232,12.004311848919947,2.694341360708601
zh_ja_001,translation_control,translation_007572,12.08081219524518,2.694341360708601
zh_ja_001,translation_control,translation_008372,12.092905866838997,2.694341360708601
zh_ja_001,translation_control,translation_000479,12.11631103234356,2.694341360708601
zh_ja_001,translation_control,translation_013145,12.16000519286764,2.694341360708601
zh_ja_001,translation_control,translation_007581,12.167579118226671,2.694341360708601
zh_ja_001,translation_control,translation_015639,12.175460509234753,2.694341360708601
zh_ja_001,translation_control,translation_006175,12.281973063507323,2.694341360708601
zh_ja_001,translation_control,translation_020126,12.30097183316333,2.694341360708601
zh_ja_001,translation_control,translation_022415,12.30971203708551,2.694341360708601
zh_ja_001,translation_control,translation_008376,12.32742261933422,2.694341360708601
zh_ja_001,translation_control,translation_016826,12.348564269413153,2.694341360708601
zh_ja_001,translation_control,translation_021374,12.368722349158674,2.694341360708601
zh_ja_001,translation_control,translation_004714,12.44526802103368,2.694341360708601
zh_ja_001,translation_control,translation_008382,12.540245852481021,2.694341360708601
zh_ja_001,translation_control,translation_012267,12.55495812700702,2.694341360708601
zh_ja_001,translation_control,translation_015626,12.593873197399652,2.694341360708601
zh_ja_001,translation_control,translation_022970,12.646410231280806,2.694341360708601
zh_ja_001,translation_control,translation_020601,12.67022093341987,2.694341360708601
zh_ja_001,translation_control,translation_004416,12.679571099873694,2.694341360708601
zh_ja_001,translation_control,translation_006772,12.71079750953849,2.694341360708601
zh_ja_001,translation_control,translation_007571,12.785509166416688,2.694341360708601
zh_ja_001,translation_control,translation_014926,12.790525324792213,2.694341360708601
zh_ja_001,translation_control,translation_010173,12.793540975976246,2.694341360708601
zh_ja_001,translation_control,translation_021713,12.85652362191034,2.694341360708601
zh_ja_001,translation_control,translation_017231,12.857750244744867,2.694341360708601
zh_ja_001,translation_control,translation_007579,12.863263651693021,2.694341360708601
zh_ja_001,translation_control,translation_003537,12.86802364875795,2.694341360708601
zh_ja_001,translation_control,translation_020944,12.885095570269144,2.694341360708601
zh_ja_001,translation_control,translation_007570,12.916051870980993,2.694341360708601
zh_ja_001,translation_control,translation_023106,12.937967739901506,2.694341360708601
zh_ja_001,translation_control,translation_005822,12.96261168333032,2.694341360708601
zh_ja_001,translation_control,translation_006654,12.992921308827146,2.694341360708601
zh_ja_001,translation_control,translation_005288,12.995296903599185,2.694341360708601
zh_ja_001,translation_control,translation_021073,13.005255796831111,2.694341360708601
zh_ja_001,translation_control,translation_023595,13.006400555026698,2.694341360708601
zh_ja_001,translation_control,translation_000264,13.008478541051977,2.694341360708601
zh_ja_001,translation_control,translation_013106,13.016269409044504,2.694341360708601
zh_ja_001,translation_control,translation_004406,13.029466738400947,2.694341360708601
zh_ja_001,translation_control,translation_005823,13.029582815540365,2.694341360708601
zh_ja_001,translation_control,translation_018768,13.04144267873165,2.694341360708601
zh_ja_001,translation_control,translation_013105,13.041627116116606,2.694341360708601
zh_ja_001,translation_control,translation_015411,13.05012121178217,2.694341360708601
zh_ja_001,translation_control,translation_003544,13.058229048288151,2.694341360708601
zh_ja_002,translation_control,translation_005656,0.03294556299778484,0.1566088392579577
zh_ja_002,translation_control,translation_020300,0.047264333640872624,0.15982728496412973
zh_ja_002,translation_control,translation_005655,0.048385239849263934,0.1566088392579577
zh_ja_002,translation_control,translation_004087,0.054229681858458736,0.1704824372950715
zh_ja_002,translation_control,translation_008756,0.08308032244461312,0.22779467528430195
zh_ja_002,translation_control,translation_001822,0.0905640470339982,0.24203184248957116
zh_ja_002,translation_control,translation_004088,0.09219156150903371,0.22375819894978174
zh_ja_002,translation_control,translation_008211,0.10083360565564661,0.22375819894978174
zh_ja_002,translation_control,translation_021431,0.10203931548717242,0.270506176900109
zh_ja_002,translation_control,translation_012755,0.13628344348233473,0.3072971922491282
zh_ja_002,translation_control,translation_012453,0.19720929392078784,0.3089994175973182
zh_ja_002,translation_control,translation_014332,0.20194089222408382,0.3844035145422603
zh_ja_002,translation_control,translation_021433,0.21057313615528622,0.36074018220549836
zh_ja_002,translation_control,translation_007464,0.2597267277868694,0.3844035145422603
zh_ja_002,translation_control,translation_001820,0.28540892143256075,0.3942406362448538
zh_ja_002,translation_control,translation_001819,0.30124273428438786,0.4048957885757956
zh_ja_002,translation_control,translation_015464,0.33596649546438545,0.4676261621182387
zh_ja_002,translation_control,translation_002506,0.3460600090049408,0.4983008521844109
zh_ja_002,translation_control,translation_008757,0.3646078574333107,0.507708404585516
zh_ja_002,translation_control,translation_007463,0.3736016862717987,0.4368612455686217
zh_ja_002,translation_control,translation_015815,0.4244113209864015,0.4688267025614475
zh_ja_002,translation_control,translation_004084,0.4549459822607822,0.5611513945418862
zh_ja_002,translation_control,translation_010194,0.46451224184731155,0.583723855416025
zh_ja_002,translation_control,translation_004728,0.48689135820657164,0.547790647052794
zh_ja_002,translation_control,translation_013590,0.5059667219621802,0.5694866882107558
zh_ja_002,translation_control,translation_008519,0.5318465552239839,0.5979610226212936
zh_ja_002,translation_control,translation_014331,0.5663258067223438,0.5540679212089835
zh_ja_002,translation_control,translation_009068,0.6166274956379693,0.6121981898265622
zh_ja_002,translation_control,translation_017712,0.6444825125290895,0.6546766269655337
zh_ja_002,translation_control,translation_006575,0.6538819341081776,0.583723855416025
zh_ja_002,translation_control,translation_021434,0.6795001217286567,0.6947588694328116
zh_ja_002,translation_control,translation_012780,0.6956231188734499,0.683384025852907
zh_ja_002,translation_control,translation_008218,0.7260507413262158,0.5966885305327515
zh_ja_002,translation_control,translation_008755,0.7487038619861098,0.6179988351946349
zh_ja_002,translation_control,translation_017405,0.7742329119411397,0.6393091398565196
zh_ja_002,translation_control,translation_005056,0.7851783956838563,0.6179988351946355
zh_ja_002,translation_control,translation_009896,0.7937764772169591,0.6286539875255772
zh_ja_002,translation_control,translation_001818,0.7973597904240033,0.6393091398565196
zh_ja_002,translation_control,translation_008209,0.8566236590207625,0.6947588694328116
zh_ja_002,translation_control,translation_001794,0.8804544094444258,0.7214803644109967
zh_ja_002,translation_control,translation_014075,0.9189396685562539,0.6712745968493452
zh_ja_002,translation_control,translation_015466,0.9382464216955169,0.7032400538421709
zh_ja_002,translation_control,translation_014747,0.9400738197848384,0.7138952061731132
zh_ja_002,translation_control,translation_017618,1.069822139760093,0.797281363495059
zh_ja_002,translation_control,translation_009220,1.087054308322188,0.7565158154968811
zh_ja_002,translation_control,translation_006261,1.1293093236341023,0.8827043667266712
zh_ja_002,translation_control,translation_021798,1.1479647998900964,0.745860663165939
zh_ja_002,translation_control,translation_015038,1.1561301777152098,0.9254158683424782
zh_ja_002,translation_control,translation_007461,1.1976711447362123,0.7991364248206492
zh_ja_002,translation_control,translation_018662,1.218461111897733,0.8283663443237365
zh_ja_002,translation_control,translation_022903,1.226953577834462,0.7972813634950577
zh_ja_002,translation_control,translation_013963,1.229955092987052,0.8827043667266712
zh_ja_002,translation_control,translation_010599,1.2554715327885746,0.8283663443237365
zh_ja_002,translation_control,translation_018812,1.2711725608369167,0.9085308292582923
zh_ja_002,translation_control,translation_008696,1.2959186647662648,0.831101881813475
zh_ja_002,translation_control,translation_021223,1.2997059340906052,0.9823645371635539
zh_ja_002,translation_control,translation_021429,1.346812632803668,0.8204467294825327
zh_ja_002,translation_control,translation_011186,1.3712340882436052,0.8630673388063007
zh_ja_002,translation_control,translation_014807,1.3716744978274296,0.831101881813475
zh_ja_002,translation_control,translation_005055,1.3739556771322456,0.863067338806301
zh_ja_002,translation_control,translation_013054,1.388244907091,0.8969415339319404
zh_ja_002,translation_control,translation_001795,1.5065987330024813,0.9056879481300691
zh_ja_002,translation_control,translation_009219,1.5099481706112772,0.9056879481300687
zh_ja_002,translation_control,translation_023317,1.5587574706314147,0.8969415339319404
zh_ja_002,translation_control,translation_005377,1.6008903121735043,0.9538902027530161
zh_ja_002,translation_control,translation_018006,1.6086824285141348,0.9085308292582923
zh_ja_002,translation_control,translation_023780,1.6100698093469767,0.9966017043688224
zh_ja_002,translation_control,translation_014655,1.6154624180367465,0.937653405122895
zh_ja_002,translation_control,translation_020798,1.6670897394307578,1.1104990420109737
zh_ja_002,translation_control,translation_013634,1.6819006283339926,1.0421383041492172
zh_ja_002,translation_control,translation_014333,1.69149955435314,1.0955812941055874
zh_ja_002,translation_control,translation_007662,1.7205762752018914,1.0822205466164951
zh_ja_002,translation_control,translation_015305,1.7322694311898938,1.082024707600436
zh_ja_002,translation_control,translation_008216,1.7679421181041897,0.980274014446663
zh_ja_002,translation_control,translation_001337,1.8251979218919019,1.1223027890837725
zh_ja_002,translation_control,translation_006987,1.8310091940722453,0.9823645371635539
zh_ja_002,translation_control,translation_004085,1.9044530555725503,1.3713447666996341
zh_ja_002,translation_control,translation_004086,1.9062010344538094,1.3713447666996341
zh_ja_002,translation_control,translation_007661,1.9605932537418438,1.3713447666996341
zh_ja_002,translation_control,translation_021430,1.994745210797191,1.3713447666996341
zh_ja_002,translation_control,translation_004089,2.0376070479919473,1.3713447666996341
zh_ja_002,translation_control,translation_009379,2.0952041712529414,1.2101592124478557
zh_ja_002,translation_control,translation_017617,2.0959010467694257,1.1623850315510498
zh_ja_002,translation_control,translation_009895,2.1415107023300965,1.0761703854251408
zh_ja_002,translation_control,translation_013624,2.1469360065886125,1.2291887689965133
zh_ja_002,translation_control,translation_003238,2.1799985409931457,1.0655152330941984
zh_ja_002,translation_control,translation_011219,2.2238733749024977,1.3713447666996341
zh_ja_002,translation_control,translation_008829,2.253216988815876,1.2813450484742006
zh_ja_002,translation_control,translation_019914,2.2565505131686985,1.0962618748057051
zh_ja_002,translation_control,translation_005435,2.2865574914735185,1.2528707140636628
zh_ja_002,translation_control,translation_006574,2.352036329691346,1.3713447666996341
zh_ja_002,translation_control,translation_013631,2.357886797070771,1.2291887689965133
zh_ja_002,translation_control,translation_016983,2.437033865460955,1.3713447666996341
zh_ja_002,translation_control,translation_009221,2.4386313128555246,1.3713447666996341
zh_ja_002,translation_control,translation_012279,2.4442826677634075,1.3713447666996341
zh_ja_002,translation_control,translation_012280,2.4528620923445956,1.309353253931068
zh_ja_002,translation_control,translation_008228,2.4644413133746585,1.3713447666996341
zh_ja_002,translation_control,translation_008828,2.502777480089891,1.2813450484742006
zh_ja_002,translation_control,translation_004083,2.561579247464396,1.3713447666996341
zh_ja_002,translation_control,translation_020299,2.567783642705497,1.3713447666996341
zh_ja_003,translation_control,translation_000972,6.120681121055254,1.8365945694796872
zh_ja_003,translation_control,translation_000971,11.506278537706844,1.9544559353475912
zh_ja_003,translation_control,translation_014976,31.33758248560129,5.388682721417202
zh_ja_003,translation_control,translation_015958,32.59320470810937,5.388682721417202
zh_ja_003,translation_control,translation_023467,38.223766948276015,5.388682721417202
zh_ja_003,translation_control,translation_022741,40.22777918184154,5.388682721417202
zh_ja_003,translation_control,translation_022742,41.366429028782875,5.388682721417202
zh_ja_003,translation_control,translation_023412,42.95690127638489,5.388682721417202
zh_ja_003,translation_control,translation_020125,43.84566186915656,5.388682721417202
zh_ja_003,translation_control,translation_000962,45.77116808245607,5.388682721417202
zh_ja_003,translation_control,translation_002279,47.12517665422712,5.388682721417202
zh_ja_003,translation_control,translation_022017,47.94096099734333,5.388682721417202
zh_ja_003,translation_control,translation_020124,49.796598129159165,5.388682721417202
zh_ja_003,translation_control,translation_022016,49.917659583770096,5.388682721417202
zh_ja_003,translation_control,translation_020460,51.46175624785068,5.388682721417202
zh_ja_003,translation_control,translation_015893,52.063873266697954,5.388682721417202
zh_ja_003,translation_control,translation_000089,52.48968390617349,5.388682721417202
zh_ja_003,translation_control,translation_000964,53.865079873453894,5.388682721417202
zh_ja_003,translation_control,translation_001890,56.774327490157354,5.388682721417202
zh_ja_003,translation_control,translation_010300,57.405676032310595,5.388682721417202
zh_ja_003,translation_control,translation_011118,58.720193152546535,5.388682721417202
zh_ja_003,translation_control,translation_000090,59.58017983316761,5.388682721417202
zh_ja_003,translation_control,translation_002265,65.33923536528545,5.388682721417202
zh_ja_003,translation_control,translation_020129,65.9681891091857,5.388682721417202
zh_ja_003,translation_control,translation_002264,67.23561992769898,5.388682721417202
zh_ja_003,translation_control,translation_001891,68.72331090131982,5.388682721417202
zh_ja_003,translation_control,translation_021886,69.18048802405221,5.388682721417202
zh_ja_003,translation_control,translation_013895,71.52391466114345,5.388682721417202
zh_ja_003,translation_control,translation_001888,74.64625625023443,5.388682721417202
zh_ja_003,translation_control,translation_020128,75.08258857378192,5.388682721417202
zh_ja_003,translation_control,translation_001894,80.56240444099494,5.388682721417202
zh_ja_003,translation_control,translation_011527,93.56901627094157,6.644846546215855
zh_ja_003,translation_control,translation_005150,120.15438634562717,10.777365442834403
zh_ja_003,translation_control,translation_005151,120.42769665275222,10.777365442834403
zh_ja_003,translation_control,translation_005147,120.9257525369316,10.777365442834403
zh_ja_003,translation_control,translation_005148,120.9839566084672,10.777365442834403
zh_ja_003,translation_control,translation_005149,121.00889365191715,10.777365442834403
zh_ja_003,translation_control,translation_010057,122.2909645599669,10.777365442834403
zh_ja_003,translation_control,translation_010058,122.71825639452797,10.777365442834403
zh_ja_003,translation_control,translation_010055,123.5890416366349,10.777365442834403
zh_ja_003,translation_control,translation_014225,123.92311911537517,10.777365442834403
zh_ja_003,translation_control,translation_010056,124.10851289501176,10.777365442834403
zh_ja_003,translation_control,translation_000773,124.9324189239206,10.777365442834403
zh_ja_003,translation_control,translation_019819,125.50308074383526,10.777365442834403
zh_ja_003,translation_control,translation_011445,125.52994914036142,10.777365442834403
zh_ja_003,translation_control,translation_014753,125.65595242920008,10.777365442834403
zh_ja_003,translation_control,translation_014734,125.8384306787817,10.777365442834403
zh_ja_003,translation_control,translation_017517,126.33638194151347,10.777365442834403
zh_ja_003,translation_control,translation_016233,127.29149356545965,10.777365442834403
zh_ja_003,translation_control,translation_014755,127.37393943523763,10.777365442834403
zh_ja_003,translation_control,translation_007640,127.51626620625076,10.777365442834403
zh_ja_003,translation_control,translation_016231,127.93441043060767,10.777365442834403
zh_ja_003,translation_control,translation_009825,128.22513523224467,10.777365442834403
zh_ja_003,translation_control,translation_018809,128.46583565855573,10.777365442834403
zh_ja_003,translation_control,translation_009240,128.4781476664735,10.777365442834403
zh_ja_003,translation_control,translation_019818,128.68304475196945,10.777365442834403
zh_ja_003,translation_control,translation_010737,128.72401784814213,10.777365442834403
zh_ja_003,translation_control,translation_014113,128.75311093465496,10.777365442834403
zh_ja_003,translation_control,translation_019817,128.75799527579875,10.777365442834403
zh_ja_003,translation_control,translation_002612,128.78832964364886,10.777365442834403
zh_ja_003,translation_control,translation_001619,128.9201279787584,10.777365442834403
zh_ja_003,translation_control,translation_011712,129.11314726288364,10.777365442834403
zh_ja_003,translation_control,translation_016232,129.44138840355612,10.777365442834403
zh_ja_003,translation_control,translation_020771,129.45635474907226,10.777365442834403
zh_ja_003,translation_control,translation_009399,129.64917229312275,10.777365442834403
zh_ja_003,translation_control,translation_020719,129.8731814953416,10.777365442834403
zh_ja_003,translation_control,translation_006954,129.894614794325,10.777365442834403
zh_ja_003,translation_control,translation_011713,129.93626271071648,10.777365442834403
zh_ja_003,translation_control,translation_014115,130.17222112870616,10.777365442834403
zh_ja_003,translation_control,translation_001531,130.69252020529643,10.777365442834403
zh_ja_003,translation_control,translation_006048,130.72506105840668,10.777365442834403
zh_ja_003,translation_control,translation_013014,130.79680301838073,10.777365442834403
zh_ja_003,translation_control,translation_011714,130.8045624871877,10.777365442834403
zh_ja_003,translation_control,translation_019588,130.82703421317328,10.777365442834403
zh_ja_003,translation_control,translation_006046,131.15726656714,10.777365442834403
zh_ja_003,translation_control,translation_000774,131.3116600741476,10.777365442834403
zh_ja_003,translation_control,translation_000772,131.50501388397993,10.777365442834403
zh_ja_003,translation_control,translation_000771,131.60351485494678,10.777365442834403
zh_ja_003,translation_control,translation_006047,131.755385672114,10.777365442834403
zh_ja_003,translation_control,translation_009829,131.95219951256288,10.777365442834403
zh_ja_003,translation_control,translation_011145,132.06208361731882,10.777365442834403
zh_ja_003,translation_control,translation_009239,132.55139843275683,10.777365442834403
zh_ja_003,translation_control,translation_010352,132.5838099952443,10.777365442834403
zh_ja_003,translation_control,translation_010427,132.6255439350235,10.777365442834403
zh_ja_003,translation_control,translation_010428,132.66418122081714,10.777365442834403
zh_ja_003,translation_control,translation_006438,132.67409902013247,10.777365442834403
zh_ja_003,translation_control,translation_003846,132.72831181610144,10.777365442834403
zh_ja_003,translation_control,translation_019947,132.83030235667826,10.777365442834403
zh_ja_003,translation_control,translation_011178,132.8873056083261,10.777365442834403
zh_ja_003,translation_control,translation_007855,132.9562539292313,10.777365442834403
zh_ja_003,translation_control,translation_020338,132.97617288157514,10.777365442834403
zh_ja_003,translation_control,translation_000046,133.0221887040203,10.777365442834403
zh_ja_003,translation_control,translation_005628,133.04450202937065,10.777365442834403
zh_ja_003,translation_control,translation_001618,133.13032730996838,10.777365442834403
zh_ja_003,translation_control,translation_005348,133.13032730996838,10.777365442834403
zh_ja_003,translation_control,translation_019821,133.13362853873886,10.777365442834403
zh_ja_003,translation_control,translation_007634,133.1780217432241,10.777365442834403
zh_ja_003,translation_control,translation_005812,133.20120530646417,10.777365442834403
zh_ja_003,translation_control,translation_005347,133.29738663761344,10.777365442834403
zh_ja_003,translation_control,translation_004518,133.42813842896223,10.777365442834403
zh_ja_006,translation_control,translation_002811,5.652366665510067,1.7368971735820289
zh_ja_006,translation_control,translation_013368,5.74291395933537,1.9544559353475912
zh_ja_006,translation_control,translation_013356,6.1234937897551,1.9544559353475912
zh_ja_006,translation_control,translation_020548,6.5293740333481765,1.9544559353475912
zh_ja_006,translation_control,translation_002817,6.567709019790978,1.8007207439291957
zh_ja_006,translation_control,translation_010254,6.822136186916449,1.9544559353475912
zh_ja_006,translation_control,translation_019334,7.129296024819951,1.9544559353475912
zh_ja_006,translation_control,translation_013353,7.395854380176552,1.9544559353475912
zh_ja_006,translation_control,translation_013609,8.399664734320668,1.9544559353475912
zh_ja_006,translation_control,translation_002808,8.765563760462097,1.992421343035447
zh_ja_006,translation_control,translation_014974,8.857241086761098,1.9544559353475912
zh_ja_006,translation_control,translation_013362,9.691050704151856,1.992421343035447
zh_ja_006,translation_control,translation_013365,9.707200012229467,1.992421343035447
zh_ja_006,translation_control,translation_002813,9.751458212183994,1.992421343035447
zh_ja_006,translation_control,translation_013359,9.837590510697673,1.992421343035447
zh_ja_006,translation_control,translation_005869,10.027301607917051,1.9544559353475912
zh_ja_006,translation_control,translation_015288,10.12046249651996,1.992421343035447
zh_ja_006,translation_control,translation_021977,10.239705396307405,1.992421343035447
zh_ja_006,translation_control,translation_001904,10.381954690152273,2.157116970237018
zh_ja_006,translation_control,translation_001917,10.830197503922165,1.992421343035447
zh_ja_006,translation_control,translation_013371,10.878926364197843,2.157116970237018
zh_ja_006,translation_control,translation_001916,11.05643923187812,1.992421343035447
zh_ja_006,translation_control,translation_019340,11.171343654177228,2.157116970237018
zh_ja_006,translation_control,translation_001915,11.218948724301937,1.992421343035447
zh_ja_006,translation_control,translation_015291,11.829919507677465,1.992421343035447
zh_ja_006,translation_control,translation_016370,11.871387584524573,2.7426895333992682
zh_ja_006,translation_control,translation_014975,12.11078800998588,2.157116970237018
zh_ja_006,translation_control,translation_001924,12.392477009891246,1.992421343035447
zh_ja_006,translation_control,translation_021673,12.59415119428022,2.7426895333992682
zh_ja_006,translation_control,translation_001912,12.622162699487578,1.992421343035447
zh_ja_006,translation_control,translation_001911,12.731239123569695,1.992421343035447
zh_ja_006,translation_control,translation_001910,12.815638413410955,1.992421343035447
zh_ja_006,translation_control,translation_019608,13.463594048761019,2.157116970237018
zh_ja_006,translation_control,translation_005866,13.465603093791744,1.992421343035447
zh_ja_006,translation_control,translation_001923,13.55486431229941,1.992421343035447
zh_ja_006,translation_control,translation_020313,13.624971861326543,2.4583775379930257
zh_ja_006,translation_control,translation_019272,13.761477296822534,2.7867908789614715
zh_ja_006,translation_control,translation_010252,13.859146888777474,1.992421343035447
zh_ja_006,translation_control,translation_011488,14.025075409444199,3.3224232731079275
zh_ja_006,translation_control,translation_021976,14.597307995961682,1.992421343035447
zh_ja_006,translation_control,translation_013351,14.644178967871934,2.7426895333992682
zh_ja_006,translation_control,translation_020314,14.669355892611584,2.4583775379930257
zh_ja_006,translation_control,translation_013354,14.850462677501696,2.7426895333992682
zh_ja_006,translation_control,translation_004195,15.739289961494666,2.578624265394858
zh_ja_006,translation_control,translation_002810,15.849896483897798,2.7426895333992682
zh_ja_006,translation_control,translation_013608,15.861822688782688,2.7426895333992682
zh_ja_006,translation_control,translation_013366,16.268234022819925,2.7426895333992682
zh_ja_006,translation_control,translation_002812,16.599550739159117,2.7426895333992682
zh_ja_006,translation_control,translation_016371,16.645211967970095,2.7426895333992682
zh_ja_006,translation_control,translation_002818,17.49332196191287,2.7426895333992682
zh_ja_006,translation_control,translation_018659,18.272435938312395,2.120375313857455
zh_ja_006,translation_control,translation_015664,18.380790823674232,2.157116970237018
zh_ja_006,translation_control,translation_011487,18.469721084371162,3.3224232731079275
zh_ja_006,translation_control,translation_008618,18.81832293184636,2.7523139827530607
zh_ja_006,translation_control,translation_021981,18.844901793473767,2.418719579123831
zh_ja_006,translation_control,translation_005872,18.951883357892,2.248237141828759
zh_ja_006,translation_control,translation_013357,19.12404643089608,2.7426895333992682
zh_ja_006,translation_control,translation_003442,19.636925244985747,2.7426895333992682
zh_ja_006,translation_control,translation_013360,19.696847094645445,2.7426895333992682
zh_ja_006,translation_control,translation_002809,19.74113090191004,2.7426895333992682
zh_ja_006,translation_control,translation_016372,19.829204468258915,2.7426895333992682
zh_ja_006,translation_control,translation_013363,20.19255671625318,2.7426895333992682
zh_ja_006,translation_control,translation_002814,20.695236317697177,2.7426895333992682
zh_ja_006,translation_control,translation_010959,20.91698159203696,2.7867908789614715
zh_ja_006,translation_control,translation_010958,21.20257956498259,2.7867908789614715
zh_ja_006,translation_control,translation_002111,21.216766158480805,2.717063844390206
zh_ja_006,translation_control,translation_009384,21.522637611622944,2.7867908789614715
zh_ja_006,translation_control,translation_013369,22.643110570968553,2.7426895333992682
zh_ja_006,translation_control,translation_014983,22.85247193381813,3.3224232731079275
zh_ja_006,translation_control,translation_014979,23.47626640351774,2.7867908789614715
zh_ja_006,translation_control,translation_019344,23.72535635810465,2.7867908789614715
zh_ja_006,translation_control,translation_008601,23.82390134619311,3.3224232731079275
zh_ja_006,translation_control,translation_002821,24.42826049218243,2.7867908789614715
zh_ja_006,translation_control,translation_019609,24.44949979640345,2.7867908789614715
zh_ja_006,translation_control,translation_015297,25.009788197393235,2.7867908789614715
zh_ja_006,translation_control,translation_007137,25.145161245624323,2.7867908789614715
zh_ja_006,translation_control,translation_021980,25.336911091604918,2.9195117386781044
zh_ja_006,translation_control,translation_019348,25.566536863463472,2.7867908789614715
zh_ja_006,translation_control,translation_019335,26.54743260467462,2.834270520030569
zh_ja_006,translation_control,translation_010373,27.16227092385005,2.7867908789614715
zh_ja_006,translation_control,translation_019338,27.43844533939652,2.9408220433399888
zh_ja_006,translation_control,translation_008778,27.817483942495976,2.9301668910090464
zh_ja_006,translation_control,translation_019370,27.875043789951842,2.7867908789614715
zh_ja_006,translation_control,translation_005875,28.781156489389733,2.7867908789614715
zh_ja_006,translation_control,translation_011485,28.891598370271044,3.4737943471640578
zh_ja_006,translation_control,translation_014985,29.21713181104643,3.3224232731079275
zh_ja_006,translation_control,translation_017908,29.221839815573908,5.388682721417202
zh_ja_006,translation_control,translation_020061,29.295457348784435,5.388682721417202
zh_ja_006,translation_control,translation_009836,29.511747261116895,2.8768911293543367
zh_ja_006,translation_control,translation_016719,29.69494950541512,5.388682721417202
zh_ja_006,translation_control,translation_009917,29.759726285359616,5.388682721417202
zh_ja_006,translation_control,translation_006748,29.779572873402504,5.388682721417202
zh_ja_006,translation_control,translation_019349,29.828649403328175,2.7867908789614715
zh_ja_006,translation_control,translation_015203,29.899501114464424,5.388682721417202
zh_ja_006,translation_control,translation_017109,30.007187033690307,5.388682721417202
zh_ja_006,translation_control,translation_010132,30.025228498863243,5.388682721417202
zh_ja_006,translation_control,translation_015196,30.0530812589382,5.388682721417202
zh_ja_006,translation_control,translation_005884,30.09196831019185,2.7867908789614715
zh_ja_006,translation_control,translation_009910,30.53640497974117,5.388682721417202
zh_ja_006,translation_control,translation_017102,30.88344945776378,5.388682721417202
zh_ja_008,translation_control,translation_015297,0.0062953174975657195,0.06680373744546302
zh_ja_008,translation_control,translation_007137,0.7108391119319304,0.7081196169219045
zh_ja_008,translation_control,translation_010958,0.7912462612350162,0.7545698618792519
zh_ja_008,translation_control,translation_010959,0.9410981787463848,0.7545698618792519
zh_ja_008,translation_control,translation_019609,0.997887013688929,0.8150055968346448
zh_ja_008,translation_control,translation_009384,1.2103785583443665,0.9111787011372097
zh_ja_008,translation_control,translation_014979,1.6389041041032877,0.9753345667037547
zh_ja_008,translation_control,translation_019344,2.414298370601571,1.3713447666996341
zh_ja_008,translation_control,translation_010373,3.4585549656723114,1.3713447666996341
zh_ja_008,translation_control,translation_001908,3.476823488764469,1.4237167205268897
zh_ja_008,translation_control,translation_005875,3.8100570731194914,1.6433719411583814
zh_ja_008,translation_control,translation_005884,3.9059196013666746,1.6433719411583814
zh_ja_008,translation_control,translation_019349,4.667075357772886,1.8170616585165846
zh_ja_008,translation_control,translation_019348,5.264759988127919,1.8170616585165846
zh_ja_008,translation_control,translation_020547,5.268335548390416,1.536485961245641
zh_ja_008,translation_control,translation_001897,5.39223998295202,1.576568203712919
zh_ja_008,translation_control,translation_018317,5.946740908689777,2.0174728708529726
zh_ja_008,translation_control,translation_001262,6.097239709755978,1.9907513758747868
zh_ja_008,translation_control,translation_002822,6.408578523285485,1.7903401635383995
zh_ja_008,translation_control,translation_019370,7.692400281550514,2.0308336183420646
zh_ja_008,translation_control,translation_019272,9.027865289187472,2.157116970237018
zh_ja_008,translation_control,translation_011303,9.30604626493861,2.0308336183420646
zh_ja_008,translation_control,translation_019608,9.84343941505889,2.7867908789614715
zh_ja_008,translation_control,translation_011151,10.361881216081757,2.4316560430148404
zh_ja_008,translation_control,translation_009836,10.387703011069991,2.124358850765713
zh_ja_008,translation_control,translation_002821,10.580565413275544,1.9544559353475912
zh_ja_008,translation_control,translation_019340,11.373981297685681,2.7867908789614715
zh_ja_008,translation_control,translation_013371,11.430469877433563,2.7867908789614715
zh_ja_008,translation_control,translation_014975,12.25440953102716,2.7867908789614715
zh_ja_008,translation_control,translation_019342,12.513582028151486,2.832478467687617
zh_ja_008,translation_control,translation_015664,12.641446723081392,2.7867908789614715
zh_ja_008,translation_control,translation_011680,13.637846972175806,2.7426895333992682
zh_ja_008,translation_control,translation_001904,13.885185609828973,2.7867908789614715
zh_ja_008,translation_control,translation_010956,14.313727110359515,3.153136407425837
zh_ja_008,translation_control,translation_010254,14.904291826833251,2.7867908789614715
zh_ja_008,translation_control,translation_019334,17.478403518824138,2.7867908789614715
zh_ja_008,translation_control,translation_015291,17.739887143251234,2.7867908789614715
zh_ja_008,translation_control,translation_013368,18.497951493694234,2.7867908789614715
zh_ja_008,translation_control,translation_016370,18.49903019343904,2.7867908789614715
zh_ja_008,translation_control,translation_005869,18.773391843781475,2.7867908789614715
zh_ja_008,translation_control,translation_016372,18.793320770288407,2.7867908789614715
zh_ja_008,translation_control,translation_020548,19.044301871897957,2.7867908789614715
zh_ja_008,translation_control,translation_019338,19.060931256871942,2.832478467687617
zh_ja_008,translation_control,translation_019335,19.104494901038453,2.832478467687617
zh_ja_008,translation_control,translation_021673,20.094195678543247,2.7867908789614715
zh_ja_008,translation_control,translation_002818,20.102841306245377,2.7867908789614715
zh_ja_008,translation_control,translation_008778,20.177703949777317,2.966085942578542
zh_ja_008,translation_control,translation_005872,20.221362562649137,2.7867908789614715
zh_ja_008,translation_control,translation_015288,20.236023837091572,2.7867908789614715
zh_ja_008,translation_control,translation_003442,20.829787442317965,2.7867908789614715
zh_ja_008,translation_control,translation_016371,20.842955991774684,2.7867908789614715
zh_ja_008,translation_control,translation_021981,20.962823536100814,2.7867908789614715
zh_ja_008,translation_control,translation_002812,20.98476520337961,2.7867908789614715
zh_ja_008,translation_control,translation_002111,21.604099090560542,2.7867908789614715
zh_ja_008,translation_control,translation_013369,21.96399843763077,2.7867908789614715
zh_ja_008,translation_control,translation_018659,22.080814991953204,2.7867908789614715
zh_ja_008,translation_control,translation_002810,22.291178981672793,2.7867908789614715
zh_ja_008,translation_control,translation_021980,22.32925023915777,2.7867908789614715
zh_ja_008,translation_control,translation_013365,22.55569518447717,2.7867908789614715
zh_ja_008,translation_control,translation_013356,23.084125029111807,2.7867908789614715
zh_ja_008,translation_control,translation_013362,23.66103753106565,2.7867908789614715
zh_ja_008,translation_control,translation_005866,23.800473173766466,2.7867908789614715
zh_ja_008,translation_control,translation_001917,23.83788417110592,2.7867908789614715
zh_ja_008,translation_control,translation_001916,23.889945942879073,2.7867908789614715
zh_ja_008,translation_control,translation_001915,23.93633546451436,2.7867908789614715
zh_ja_008,translation_control,translation_013609,24.036149534769564,2.904382109874855
zh_ja_008,translation_control,translation_002817,24.194220283686576,2.7867908789614715
zh_ja_008,translation_control,translation_002814,24.800077868251144,2.7867908789614715
zh_ja_008,translation_control,translation_020314,24.864146664319122,2.7867908789614715
zh_ja_008,translation_control,translation_002811,25.054573049293648,2.7867908789614715
zh_ja_008,translation_control,translation_013359,25.489814819610604,2.7867908789614715
zh_ja_008,translation_control,translation_020313,25.875830666588584,2.7867908789614715
zh_ja_008,translation_control,translation_002809,26.46278631335156,2.7867908789614715
zh_ja_008,translation_control,translation_013608,26.80817478461438,2.904382109874855
zh_ja_008,translation_control,translation_013366,27.792615910605285,2.7867908789614715
zh_ja_008,translation_control,translation_013353,27.814418221420382,3.1464139523644263
zh_ja_008,translation_control,translation_002813,28.873291682301048,2.7867908789614715
zh_ja_008,translation_control,translation_020330,29.038282678603796,5.388682721417202
zh_ja_008,translation_control,translation_019021,29.05422403428537,5.388682721417202
zh_ja_008,translation_control,translation_011203,29.233045768939057,5.388682721417202
zh_ja_008,translation_control,translation_009100,29.267352947932963,5.388682721417202
zh_ja_008,translation_control,translation_004786,29.268902227674783,5.388682721417202
zh_ja_008,translation_control,translation_013783,29.277240020933654,5.388682721417202
zh_ja_008,translation_control,translation_017700,29.279786596802694,5.388682721417202
zh_ja_008,translation_control,translation_004879,29.280382614657398,5.388682721417202
zh_ja_008,translation_control,translation_009097,29.319400681681635,5.388682721417202
zh_ja_008,translation_control,translation_016834,29.34480660235474,5.388682721417202
zh_ja_008,translation_control,translation_017213,29.417564963964267,5.388682721417202
zh_ja_008,translation_control,translation_002647,29.434001266640447,5.388682721417202
zh_ja_008,translation_control,translation_011358,29.467350270720846,5.388682721417202
zh_ja_008,translation_control,translation_017214,29.46833272132097,5.388682721417202
zh_ja_008,translation_control,translation_010004,29.492681041308433,5.388682721417202
zh_ja_008,translation_control,translation_004311,29.50329290154843,5.388682721417202
zh_ja_008,translation_control,translation_005732,29.522578853665166,5.388682721417202
zh_ja_008,translation_control,translation_002956,29.528033646163514,5.388682721417202
zh_ja_008,translation_control,translation_020082,29.534228403389676,5.388682721417202
zh_ja_008,translation_control,translation_010261,29.539999550827282,5.388682721417202
zh_ja_008,translation_control,translation_006137,29.544795996859833,5.388682721417202
zh_ja_008,translation_control,translation_022912,29.557303586901153,5.388682721417202
zh_ja_008,translation_control,translation_004785,29.57950888550787,5.388682721417202
zh_ja_009,translation_control,translation_011184,2.1074823586300244,1.2386335468583949
zh_ja_009,translation_control,translation_016931,2.125503540628838,1.3713447666996341
zh_ja_009,translation_control,translation_000662,2.2165778742964726,1.3713447666996341
zh_ja_009,translation_control,translation_016932,2.2501555661215065,1.3713447666996341
zh_ja_009,translation_control,translation_000660,2.2711872894494993,1.3713447666996341
zh_ja_009,translation_control,translation_022151,2.4659156764469836,1.3525308845005448
zh_ja_009,translation_control,translation_005446,2.496899056244411,1.3713447666996341
zh_ja_009,translation_control,translation_004816,2.5203616498486467,1.3713447666996341
zh_ja_009,translation_control,translation_023235,2.8313820337397244,1.3713447666996341
zh_ja_009,translation_control,translation_014308,2.8852889004189155,1.3713447666996341
zh_ja_009,translation_control,translation_022197,2.911368854613273,1.3713447666996341
zh_ja_009,translation_control,translation_022195,2.9496670132731206,1.3713447666996341
zh_ja_009,translation_control,translation_019917,2.968275552467029,1.3713447666996341
zh_ja_009,translation_control,translation_009871,2.991325100899022,1.3713447666996341
zh_ja_009,translation_control,translation_005040,3.0445321816702116,1.3713447666996341
zh_ja_009,translation_control,translation_023201,3.078769039461294,1.3713447666996341
zh_ja_009,translation_control,translation_004458,3.1163527004781857,1.3713447666996341
zh_ja_009,translation_control,translation_023800,3.1438197721735253,1.3713447666996341
zh_ja_009,translation_control,translation_003481,3.195193388273367,1.3713447666996341
zh_ja_009,translation_control,translation_009870,3.2053080092199524,1.3713447666996341
zh_ja_009,translation_control,translation_003810,3.216851309867485,1.3713447666996341
zh_ja_009,translation_control,translation_022198,3.2400817775755044,1.3713447666996341
zh_ja_009,translation_control,translation_009203,3.252313649531955,1.3713447666996341
zh_ja_009,translation_control,translation_011341,3.2583916106384696,1.3713447666996341
zh_ja_009,translation_control,translation_005038,3.2620761896759087,1.3713447666996341
zh_ja_009,translation_control,translation_008907,3.2661557194174176,1.3713447666996341
zh_ja_009,translation_control,translation_007250,3.278004605018471,1.3713447666996341
zh_ja_009,translation_control,translation_023199,3.284154642070246,1.3713447666996341
zh_ja_009,translation_control,translation_006335,3.3328856366008717,1.3713447666996341
zh_ja_009,translation_control,translation_014309,3.345672091699877,1.3713447666996341
zh_ja_009,translation_control,translation_022633,3.4246195292565194,1.3713447666996341
zh_ja_009,translation_control,translation_013110,3.429723571963022,1.3713447666996341
zh_ja_009,translation_control,translation_005037,3.48926889766861,1.3713447666996341
zh_ja_009,translation_control,translation_010478,3.494841564464032,1.3713447666996341
zh_ja_009,translation_control,translation_006155,3.5021596077989887,1.3713447666996341
zh_ja_009,translation_control,translation_004016,3.5199186483119393,1.3713447666996341
zh_ja_009,translation_control,translation_007248,3.522074852415682,1.3713447666996341
zh_ja_009,translation_control,translation_004279,3.5626068312020034,1.3713447666996341
zh_ja_009,translation_control,translation_010758,3.607777894622827,1.3713447666996341
zh_ja_009,translation_control,translation_011763,3.682168890518044,1.3713447666996341
zh_ja_009,translation_control,translation_011762,3.727284316757823,1.3713447666996341
zh_ja_009,translation_control,translation_021572,3.769521764482385,1.3713447666996341
zh_ja_009,translation_control,translation_016250,3.7767135488278885,1.3713447666996341
zh_ja_009,translation_control,translation_023203,3.815263517556212,1.3713447666996341
zh_ja_009,translation_control,translation_004017,3.8308577691435346,1.3713447666996341
zh_ja_009,translation_control,translation_016251,3.840930713253335,1.3713447666996341
zh_ja_009,translation_control,translation_007055,3.843960671614299,1.3713447666996341
zh_ja_009,translation_control,translation_013111,3.8559449143448363,1.3713447666996341
zh_ja_009,translation_control,translation_013751,3.8707061648487935,1.3713447666996341
zh_ja_009,translation_control,translation_013115,3.8960520772902654,1.4491007170081105
zh_ja_009,translation_control,translation_013109,3.9419459072814442,1.3713447666996341
zh_ja_009,translation_control,translation_022635,3.960366184732227,1.3713447666996341
zh_ja_009,translation_control,translation_013112,3.98230486250568,1.3713447666996341
zh_ja_009,translation_control,translation_010874,3.995849727341352,1.3713447666996341
zh_ja_009,translation_control,translation_006337,4.053803198308593,1.3713447666996341
zh_ja_009,translation_control,translation_000426,4.145320016893628,1.3713447666996341
zh_ja_009,translation_control,translation_017146,4.177649262927445,1.9544559353475912
zh_ja_009,translation_control,translation_010879,4.1826532634132345,1.3713447666996341
zh_ja_009,translation_control,translation_013768,4.193562532681925,1.3713447666996341
zh_ja_009,translation_control,translation_008740,4.211432329926863,1.3713447666996341
zh_ja_009,translation_control,translation_008083,4.222888001507142,1.3713447666996341
zh_ja_009,translation_control,translation_014816,4.238920047351538,1.3713447666996341
zh_ja_009,translation_control,translation_014815,4.251364433403229,1.3713447666996341
zh_ja_009,translation_control,translation_013113,4.2788310355267996,1.3713447666996341
zh_ja_009,translation_control,translation_001508,4.288467049531112,1.3713447666996341
zh_ja_009,translation_control,translation_009205,4.28963936178406,1.3713447666996341
zh_ja_009,translation_control,translation_014814,4.31526792134485,1.3713447666996341
zh_ja_009,translation_control,translation_008263,4.323136886024969,1.3713447666996341
zh_ja_009,translation_control,translation_022440,4.327440115852021,1.3713447666996341
zh_ja_009,translation_control,translation_022150,4.3602435032796745,1.3713447666996341
zh_ja_009,translation_control,translation_013750,4.381682338605355,1.3713447666996341
zh_ja_009,translation_control,translation_008085,4.405236402496682,1.3713447666996341
zh_ja_009,translation_control,translation_022149,4.411630580940924,1.3713447666996341
zh_ja_009,translation_control,translation_010479,4.444944569280501,1.3713447666996341
zh_ja_009,translation_control,translation_000555,4.486216168258461,1.3713447666996341
zh_ja_009,translation_control,translation_016929,4.494012082389595,1.9544559353475912
zh_ja_009,translation_control,translation_021809,4.508009519353227,1.3713447666996341
zh_ja_009,translation_control,translation_011911,4.517941479618267,1.3952423861163519
zh_ja_009,translation_control,translation_023126,4.5906019041949815,1.3713447666996341
zh_ja_009,translation_control,translation_023125,4.655772747858484,1.9544559353475912
zh_ja_009,translation_control,translation_005445,4.786782834927846,1.9544559353475912
zh_ja_009,translation_control,translation_005813,4.812455056180168,1.4237167205268904
zh_ja_009,translation_control,translation_010653,4.814544424252739,1.3713447666996341
zh_ja_009,translation_control,translation_001649,4.844301561475826,1.480665389347966
zh_ja_009,translation_control,translation_006327,4.850290500841975,1.480665389347966
zh_ja_009,translation_control,translation_016280,4.859669284737423,1.3713447666996341
zh_ja_009,translation_control,translation_019841,4.899862981300997,1.3713447666996341
zh_ja_009,translation_control,translation_013114,4.916972736362959,1.3713447666996341
zh_ja_009,translation_control,translation_021637,4.97694623383336,1.4949025565532346
zh_ja_009,translation_control,translation_005039,5.018937411062017,1.9544559353475912
zh_ja_009,translation_control,translation_010201,5.058919413978648,1.5376140581690416
zh_ja_009,translation_control,translation_010202,5.103524916851143,1.5376140581690416
zh_ja_009,translation_control,translation_007052,5.119603937306033,1.9544559353475912
zh_ja_009,translation_control,translation_010200,5.171268547291659,1.5376140581690416
zh_ja_009,translation_control,translation_010204,5.222291959521133,1.5376140581690416
zh_ja_009,translation_control,translation_022199,5.234548543268728,1.9544559353475912
zh_ja_009,translation_control,translation_021638,5.276318974385445,1.4949025565532346
zh_ja_009,translation_control,translation_004281,5.293349717946574,1.3713447666996341
zh_ja_009,translation_control,translation_003808,5.300438800123072,1.9544559353475912
zh_ja_009,translation_control,translation_021639,5.3434636775687165,1.4949025565532346
zh_ja_011,translation_control,translation_013284,0.3492787863411203,0.49830085218441156
zh_ja_011,translation_control,translation_018316,1.6090757112640723,1.05549905163831
zh_ja_011,translation_control,translation_013283,3.5159948565126307,1.576568203712919
zh_ja_011,translation_control,translation_003620,3.5640930907869013,1.576568203712919
zh_ja_011,translation_control,translation_020018,3.573034840649412,1.321238889036807
zh_ja_011,translation_control,translation_014977,4.323747726338139,1.7502579210711215
zh_ja_011,translation_control,translation_022316,8.02838983926451,2.324770063102101
zh_ja_011,translation_control,translation_019365,9.38053598995431,2.7867908789614715
zh_ja_011,translation_control,translation_013374,9.734923312096766,2.7867908789614715
zh_ja_011,translation_control,translation_002682,10.792255450064925,2.4450167905039333
zh_ja_011,translation_control,translation_019364,11.29865326140797,2.7867908789614715
zh_ja_011,translation_control,translation_019363,12.6032530379587,2.7867908789614715
zh_ja_011,translation_control,translation_010902,12.781752248644413,2.9794466900676344
zh_ja_011,translation_control,translation_018978,13.703255464871932,2.338130810591193
zh_ja_011,translation_control,translation_004073,16.990460115620483,2.7867908789614715
zh_ja_011,translation_control,translation_009577,17.30234657725512,2.7867908789614715
zh_ja_011,translation_control,translation_020127,19.276481142191816,2.7867908789614715
zh_ja_011,translation_control,translation_008779,21.650417973833115,3.7410092969459092
zh_ja_011,translation_control,translation_011495,21.835075160990826,3.139775659936745
zh_ja_011,translation_control,translation_010105,21.920557131216864,3.2733831348276707
zh_ja_011,translation_control,translation_009856,22.676473258357625,2.7867908789614715
zh_ja_011,translation_control,translation_013699,23.423780295930673,2.7867908789614715
zh_ja_011,translation_control,translation_013057,25.009106502514552,2.7867908789614715
zh_ja_011,translation_control,translation_004071,25.702135984870292,2.7867908789614715
zh_ja_011,translation_control,translation_014193,25.922255756953337,3.553958832098614
zh_ja_011,translation_control,translation_013372,27.349752237834767,3.139775659936745
zh_ja_011,translation_control,translation_021226,29.121353139203038,5.388682721417202
zh_ja_011,translation_control,translation_002609,29.263139746698407,5.388682721417202
zh_ja_011,translation_control,translation_005378,29.44352375825717,5.388682721417202
zh_ja_011,translation_control,translation_005060,29.4653424713038,5.388682721417202
zh_ja_011,translation_control,translation_005059,29.573131545104708,5.388682721417202
zh_ja_011,translation_control,translation_014866,29.596269796426938,5.388682721417202
zh_ja_011,translation_control,translation_001337,29.9211324348419,5.388682721417202
zh_ja_011,translation_control,translation_014865,29.94360109951334,5.388682721417202
zh_ja_011,translation_control,translation_012280,29.972767326225753,5.388682721417202
zh_ja_011,translation_control,translation_014333,30.19377407770653,5.388682721417202
zh_ja_011,translation_control,translation_018812,30.401423328001627,5.388682721417202
zh_ja_011,translation_control,translation_018006,30.409935752309813,5.388682721417202
zh_ja_011,translation_control,translation_007662,30.512599078327774,5.388682721417202
zh_ja_011,translation_control,translation_023780,30.919245552713576,5.388682721417202
zh_ja_011,translation_control,translation_005380,30.95454600648152,5.388682721417202
zh_ja_011,translation_control,translation_013621,31.141413313520292,5.388682721417202
zh_ja_011,translation_control,translation_005435,31.219406680496828,5.388682721417202
zh_ja_011,translation_control,translation_017712,31.245403000372,5.388682721417202
zh_ja_011,translation_control,translation_021434,31.2596428610479,5.388682721417202
zh_ja_011,translation_control,translation_015305,31.260775074513635,5.388682721417202
zh_ja_011,translation_control,translation_022315,31.381130419973104,5.388682721417202
zh_ja_011,translation_control,translation_010720,31.53018211036199,5.388682721417202
zh_ja_011,translation_control,translation_004728,31.604969973156834,5.388682721417202
zh_ja_011,translation_control,translation_022260,31.63300513376445,5.388682721417202
zh_ja_011,translation_control,translation_006261,31.675971326417105,5.388682721417202
zh_ja_011,translation_control,translation_008757,31.901724283932907,5.388682721417202
zh_ja_011,translation_control,translation_012780,31.93721765167362,5.388682721417202
zh_ja_011,translation_control,translation_009689,32.181400373715334,5.388682721417202
zh_ja_011,translation_control,translation_008830,32.216923895252236,5.388682721417202
zh_ja_011,translation_control,translation_015038,32.361937640528346,5.388682721417202
zh_ja_011,translation_control,translation_021433,32.406835022685016,5.388682721417202
zh_ja_011,translation_control,translation_012781,32.691538831474,5.388682721417202
zh_ja_011,translation_control,translation_015466,32.745489139602654,5.388682721417202
zh_ja_011,translation_control,translation_012755,32.83354356236397,5.388682721417202
zh_ja_011,translation_control,translation_021223,32.888764138466044,5.388682721417202
zh_ja_011,translation_control,translation_005744,33.02248045229006,5.388682721417202
zh_ja_011,translation_control,translation_020798,33.03566228369034,5.388682721417202
zh_ja_011,translation_control,translation_013620,33.050119683547344,5.388682721417202
zh_ja_011,translation_control,translation_012453,33.08494161685818,5.388682721417202
zh_ja_011,translation_control,translation_014332,33.10005949598999,5.388682721417202
zh_ja_011,translation_control,translation_001822,33.226483965829914,5.388682721417202
zh_ja_011,translation_control,translation_008756,33.23631589615469,5.388682721417202
zh_ja_011,translation_control,translation_021431,33.33261745623161,5.388682721417202
zh_ja_011,translation_control,translation_008829,33.54329120588238,5.388682721417202
zh_ja_011,translation_control,translation_002506,33.558166734676504,5.388682721417202
zh_ja_011,translation_control,translation_001795,33.64283889427865,5.388682721417202
zh_ja_011,translation_control,translation_018972,33.716680848858154,5.388682721417202
zh_ja_011,translation_control,translation_004088,33.742963273961514,5.388682721417202
zh_ja_011,translation_control,translation_005656,33.85456230427444,5.388682721417202
zh_ja_011,translation_control,translation_008519,33.88132276005011,5.388682721417202
zh_ja_011,translation_control,translation_020300,34.00394422062129,5.388682721417202
zh_ja_011,translation_control,translation_004087,34.02822522375304,5.388682721417202
zh_ja_011,translation_control,translation_013590,34.084008534281885,5.388682721417202
zh_ja_011,translation_control,translation_009379,34.11830432177444,5.388682721417202
zh_ja_011,translation_control,translation_020126,34.19589056538041,3.2600223873385774
zh_ja_011,translation_control,translation_003816,34.259070021764,5.388682721417202
zh_ja_011,translation_control,translation_007464,34.32145111754432,5.388682721417202
zh_ja_011,translation_control,translation_005655,34.32251534234485,5.388682721417202
zh_ja_011,translation_control,translation_009068,34.336656640880456,5.388682721417202
zh_ja_011,translation_control,translation_013055,34.39673495728049,5.388682721417202
zh_ja_011,translation_control,translation_013963,34.491697263083665,5.388682721417202
zh_ja_011,translation_control,translation_017560,34.56532574939647,5.388682721417202
zh_ja_011,translation_control,translation_014885,34.938929876285435,5.388682721417202
zh_ja_011,translation_control,translation_006575,34.9880441355906,5.388682721417202
zh_ja_011,translation_control,translation_011174,35.01458919028897,5.388682721417202
zh_ja_011,translation_control,translation_007661,35.019170605503405,5.388682721417202
zh_ja_011,translation_control,translation_008828,35.02110224903637,5.388682721417202
zh_ja_011,translation_control,translation_002196,35.02531296495393,5.388682721417202
zh_ja_011,translation_control,translation_002197,35.02531296495393,5.388682721417202
zh_ja_011,translation_control,translation_007463,35.08177373491345,5.388682721417202
zh_ja_011,translation_control,translation_013054,35.085184783492394,5.388682721417202
zh_ja_011,translation_control,translation_015815,35.24455724649073,5.388682721417202
zh_ja_011,translation_control,translation_004089,35.30051016511391,5.388682721417202
zh_ja_011,translation_control,translation_008211,35.31923959418564,5.388682721417202
zh_ja_012,translation_control,translation_022533,37.355348711852876,3.3224232731079275
zh_ja_012,translation_control,translation_002551,37.64529849283207,3.3224232731079275
zh_ja_012,translation_control,translation_009688,40.403300400916045,3.3224232731079275
zh_ja_012,translation_control,translation_000346,41.800390460789,3.3224232731079275
zh_ja_012,translation_control,translation_017890,43.70772893795354,3.3224232731079275
zh_ja_012,translation_control,translation_016021,44.2867849941268,3.3224232731079275
zh_ja_012,translation_control,translation_020194,44.67468465406154,3.3224232731079275
zh_ja_012,translation_control,translation_021246,45.215622361342895,3.3224232731079275
zh_ja_012,translation_control,translation_009607,48.53201793745324,3.3224232731079275
zh_ja_012,translation_control,translation_009606,70.0113990084497,3.9089118706951824
zh_ja_012,translation_control,translation_019837,74.75734366739592,5.573581757922943
zh_ja_012,translation_control,translation_004015,75.4918652943257,5.573581757922943
zh_ja_012,translation_control,translation_010417,75.83285631071726,5.573581757922943
zh_ja_012,translation_control,translation_009603,80.95184177279613,5.573581757922943
zh_ja_012,translation_control,translation_010016,93.6067222533923,6.644846546215855
zh_ja_012,translation_control,translation_008217,96.89866221690761,6.644846546215855
zh_ja_012,translation_control,translation_011142,99.5383309093585,6.644846546215855
zh_ja_012,translation_control,translation_008214,100.04609543911707,6.644846546215855
zh_ja_012,translation_control,translation_008210,101.25622668927365,6.644846546215855
zh_ja_012,translation_control,translation_009602,101.37264794716502,5.573581757922943
zh_ja_012,translation_control,translation_023138,101.38039343746658,5.573581757922943
zh_ja_012,translation_control,translation_020247,101.65857953848801,5.573581757922943
zh_ja_012,translation_control,translation_010413,102.65295798330816,5.573581757922943
zh_ja_012,translation_control,translation_010074,103.12413461653674,5.573581757922943
zh_ja_012,translation_control,translation_008207,103.78377371075523,6.644846546215855
zh_ja_012,translation_control,translation_010075,105.2847166966343,5.573581757922943
zh_ja_012,translation_control,translation_011894,105.35408534655456,5.573581757922943
zh_ja_012,translation_control,translation_009520,105.62240039602887,5.573581757922943
zh_ja_012,translation_control,translation_009525,105.62240039602887,5.573581757922943
zh_ja_012,translation_control,translation_018931,106.03727164162335,5.573581757922943
zh_ja_012,translation_control,translation_009605,106.67418669191305,5.573581757922943
zh_ja_012,translation_control,translation_019895,107.00259978618529,5.573581757922943
zh_ja_012,translation_control,translation_019896,107.21948061752981,5.573581757922943
zh_ja_012,translation_control,translation_016892,109.39412773208075,5.573581757922943
zh_ja_012,translation_control,translation_020463,111.41529268625379,5.573581757922943
zh_ja_012,translation_control,translation_003975,111.74566663281603,5.573581757922943
zh_ja_012,translation_control,translation_009519,112.53801126686767,5.573581757922943
zh_ja_012,translation_control,translation_009524,112.53801126686767,5.573581757922943
zh_ja_012,translation_control,translation_019897,112.64151854740196,5.573581757922943
zh_ja_012,translation_control,translation_016187,122.70126974156486,6.644846546215855
zh_ja_012,translation_control,translation_003199,123.47427641041374,5.573581757922943
zh_ja_012,translation_control,translation_023410,123.7263672342797,5.573581757922943
zh_ja_012,translation_control,translation_003200,123.86855115766257,5.573581757922943
zh_ja_012,translation_control,translation_020023,124.0891775459422,5.573581757922943
zh_ja_012,translation_control,translation_020810,124.11769286557397,5.573581757922943
zh_ja_012,translation_control,translation_012655,125.16657414199189,5.837238554160248
zh_ja_012,translation_control,translation_002258,125.70632148190016,5.68062971490229
zh_ja_012,translation_control,translation_004014,126.6717623472996,6.644846546215855
zh_ja_012,translation_control,translation_009604,127.10929793245258,5.573581757922943
zh_ja_012,translation_control,translation_004013,128.04549322725438,6.644846546215855
zh_ja_012,translation_control,translation_016114,130.7234536365681,6.644846546215855
zh_ja_012,translation_control,translation_005983,131.14328386392265,5.573581757922943
zh_ja_012,translation_control,translation_003202,131.78433447249574,5.573581757922943
zh_ja_012,translation_control,translation_019030,132.91500894866877,6.644846546215855
zh_ja_012,translation_control,translation_001502,134.94012117208314,6.644846546215855
zh_ja_012,translation_control,translation_019714,140.18595708454484,6.644846546215855
zh_ja_012,translation_control,translation_014089,140.85498231639158,5.573581757922943
zh_ja_012,translation_control,translation_008980,142.30184823417127,6.644846546215855
zh_ja_012,translation_control,translation_007009,149.37532763794997,6.644846546215855
zh_ja_012,translation_control,translation_018933,150.60887049273444,6.644846546215855
zh_ja_012,translation_control,translation_001479,150.94824303411846,6.644846546215855
zh_ja_012,translation_control,translation_008956,152.81854385323874,6.644846546215855
zh_ja_012,translation_control,translation_019850,152.96735140454405,6.644846546215855
zh_ja_012,translation_control,translation_014394,153.43329783576164,6.644846546215855
zh_ja_012,translation_control,translation_016178,155.36097253567172,6.644846546215855
zh_ja_012,translation_control,translation_021373,155.99064200365981,6.644846546215855
zh_ja_012,translation_control,translation_014392,156.0822417362782,6.644846546215855
zh_ja_012,translation_control,translation_008948,156.13995447088655,6.644846546215855
zh_ja_012,translation_control,translation_018053,156.51740705983434,6.644846546215855
zh_ja_012,translation_control,translation_009976,156.57516783722917,6.644846546215855
zh_ja_012,translation_control,translation_002430,156.9315059701039,6.644846546215855
zh_ja_012,translation_control,translation_000477,157.81432178435324,6.644846546215855
zh_ja_012,translation_control,translation_019843,158.8170639340061,6.644846546215855
zh_ja_012,translation_control,translation_016473,159.54251159983397,6.644846546215855
zh_ja_012,translation_control,translation_002428,161.45095503523828,6.644846546215855
zh_ja_012,translation_control,translation_003974,161.81340155715804,6.644846546215855
zh_ja_012,translation_control,translation_006964,161.82768750243739,6.644846546215855
zh_ja_012,translation_control,translation_003973,162.75071438663701,6.644846546215855
zh_ja_012,translation_control,translation_015357,163.25144442412065,6.644846546215855
zh_ja_012,translation_control,translation_016108,163.3949350428115,6.644846546215855
zh_ja_012,translation_control,translation_016471,165.75195930831862,6.644846546215855
zh_ja_012,translation_control,translation_005612,167.45330423337845,6.644846546215855
zh_ja_012,translation_control,translation_015339,180.29880320171577,6.644846546215855
zh_ja_012,translation_control,translation_011466,180.58196187046926,6.644846546215855
zh_ja_012,translation_control,translation_011468,183.3240368710041,6.644846546215855
zh_ja_012,translation_control,translation_014982,199.68439534238428,6.644846546215855
zh_ja_012,translation_control,translation_011519,205.1646739514816,6.644846546215855
zh_ja_013,translation_control,translation_019264,7.26414803753968,2.694341360708601
zh_ja_013,translation_control,translation_002535,7.282253523397793,2.694341360708601
zh_ja_013,translation_control,translation_017581,7.310006940990257,2.694341360708601
zh_ja_013,translation_control,translation_002527,7.312931054473501,2.694341360708601
zh_ja_013,translation_control,translation_017580,7.319989948513151,2.694341360708601
zh_ja_013,translation_control,translation_013834,7.325697463197061,2.694341360708601
zh_ja_013,translation_control,translation_020638,7.338218530263459,2.694341360708601
zh_ja_013,translation_control,translation_018470,7.350627332383403,2.694341360708601
zh_ja_013,translation_control,translation_021148,7.351815023483916,2.694341360708601
zh_ja_013,translation_control,translation_022932,7.376829528575408,2.694341360708601
zh_ja_013,translation_control,translation_014048,7.3806912156757045,2.694341360708601
zh_ja_013,translation_control,translation_011964,7.383541010563325,2.694341360708601
zh_ja_013,translation_control,translation_018207,7.383557100847419,2.694341360708601
zh_ja_013,translation_control,translation_010602,7.398932445765901,2.694341360708601
zh_ja_013,translation_control,translation_013761,7.412530301418634,2.694341360708601
zh_ja_013,translation_control,translation_000785,7.420069383765117,2.694341360708601
zh_ja_013,translation_control,translation_013802,7.4353768799980156,2.694341360708601
zh_ja_013,translation_control,translation_022928,7.450622696656513,2.694341360708601
zh_ja_013,translation_control,translation_003240,7.456481022493878,2.694341360708601
zh_ja_013,translation_control,translation_009903,7.471773015899363,2.694341360708601
zh_ja_013,translation_control,translation_009421,7.48839630611601,2.694341360708601
zh_ja_013,translation_control,translation_007100,7.4890131294557065,2.694341360708601
zh_ja_013,translation_control,translation_018460,7.500767438805783,2.694341360708601
zh_ja_013,translation_control,translation_013672,7.509954072483094,2.694341360708601
zh_ja_013,translation_control,translation_002322,7.557743074934006,2.694341360708601
zh_ja_013,translation_control,translation_019055,7.567945925405793,2.694341360708601
zh_ja_013,translation_control,translation_009904,7.574568897096215,2.694341360708601
zh_ja_013,translation_control,translation_012792,7.580070037466957,2.694341360708601
zh_ja_013,translation_control,translation_019536,7.601945315367815,2.694341360708601
zh_ja_013,translation_control,translation_016100,7.610764103138803,2.694341360708601
zh_ja_013,translation_control,translation_015096,7.620256576201857,2.694341360708601
zh_ja_013,translation_control,translation_009897,7.646889202423202,2.694341360708601
zh_ja_013,translation_control,translation_017562,7.719941952648064,2.694341360708601
zh_ja_013,translation_control,translation_018372,7.72928051638018,2.694341360708601
zh_ja_013,translation_control,translation_021310,7.739831506658476,2.694341360708601
zh_ja_013,translation_control,translation_004625,7.75039770890336,2.694341360708601
zh_ja_013,translation_control,translation_000174,7.75658290076292,2.694341360708601
zh_ja_013,translation_control,translation_015093,7.760507711284135,2.694341360708601
zh_ja_013,translation_control,translation_004782,7.765442089987256,2.694341360708601
zh_ja_013,translation_control,translation_018317,7.76668410574498,2.694341360708601
zh_ja_013,translation_control,translation_002384,7.770878661365666,2.694341360708601
zh_ja_013,translation_control,translation_018208,7.7729936958058925,2.694341360708601
zh_ja_013,translation_control,translation_019761,7.7757411886485714,2.694341360708601
zh_ja_013,translation_control,translation_003368,7.782819909996997,2.694341360708601
zh_ja_013,translation_control,translation_019349,7.793048556827956,2.694341360708601
zh_ja_013,translation_control,translation_022104,7.793187269472171,2.694341360708601
zh_ja_013,translation_control,translation_015097,7.800936928265925,2.694341360708601
zh_ja_013,translation_control,translation_017830,7.801553527030091,2.694341360708601
zh_ja_013,translation_control,translation_005506,7.804299326391744,2.694341360708601
zh_ja_013,translation_control,translation_000667,7.814797942521156,2.694341360708601
zh_ja_013,translation_control,translation_000219,7.81695537962707,2.694341360708601
zh_ja_013,translation_control,translation_017364,7.840679723252408,2.694341360708601
zh_ja_013,translation_control,translation_010259,7.851039074847344,2.694341360708601
zh_ja_013,translation_control,translation_008223,7.85804285815203,2.694341360708601
zh_ja_013,translation_control,translation_001868,7.867510101130549,2.694341360708601
zh_ja_013,translation_control,translation_010443,7.893494489687002,2.694341360708601
zh_ja_013,translation_control,translation_007469,7.912942754205454,2.694341360708601
zh_ja_013,translation_control,translation_005507,7.917043143116246,2.694341360708601
zh_ja_013,translation_control,translation_010603,7.923576144135419,2.694341360708601
zh_ja_013,translation_control,translation_015808,7.944872570742399,2.694341360708601
zh_ja_013,translation_control,translation_018223,7.945459379346759,2.694341360708601
zh_ja_013,translation_control,translation_017211,7.949838435280226,2.694341360708601
zh_ja_013,translation_control,translation_014701,7.95802567353411,2.694341360708601
zh_ja_013,translation_control,translation_015094,7.968435808435142,2.694341360708601
zh_ja_013,translation_control,translation_006837,7.981234331810142,2.694341360708601
zh_ja_013,translation_control,translation_018417,7.990108863252049,2.694341360708601
zh_ja_013,translation_control,translation_021312,7.997166124268506,2.694341360708601
zh_ja_013,translation_control,translation_008396,8.006986758395739,2.694341360708601
zh_ja_013,translation_control,translation_004626,8.019076205993203,2.694341360708601
zh_ja_013,translation_control,translation_018736,8.020566312360355,2.694341360708601
zh_ja_013,translation_control,translation_010260,8.030077011106247,2.694341360708601
zh_ja_013,translation_control,translation_005709,8.031948311719791,2.694341360708601
zh_ja_013,translation_control,translation_005374,8.038809063767777,2.694341360708601
zh_ja_013,translation_control,translation_004820,8.052851734288577,2.694341360708601
zh_ja_013,translation_control,translation_005875,8.10464523494959,2.694341360708601
zh_ja_013,translation_control,translation_010439,8.116649218911329,2.694341360708601
zh_ja_013,translation_control,translation_017320,8.121075010389202,2.694341360708601
zh_ja_013,translation_control,translation_018224,8.130537886153192,2.694341360708601
zh_ja_013,translation_control,translation_006117,8.137388746474462,2.694341360708601
zh_ja_013,translation_control,translation_001262,8.137638310200918,2.694341360708601
zh_ja_013,translation_control,translation_007116,8.15717354559842,2.694341360708601
zh_ja_013,translation_control,translation_003030,8.157479336892516,2.694341360708601
zh_ja_013,translation_control,translation_007837,8.176211166169992,2.694341360708601
zh_ja_013,translation_control,translation_002654,8.178636108563555,2.694341360708601
zh_ja_013,translation_control,translation_021825,8.178636108563555,2.694341360708601
zh_ja_013,translation_control,translation_004108,8.183213660435838,2.694341360708601
zh_ja_013,translation_control,translation_005539,8.194893117317994,2.694341360708601
zh_ja_013,translation_control,translation_002385,8.197154009026985,2.694341360708601
zh_ja_013,translation_control,translation_000006,8.204893173767857,2.694341360708601
zh_ja_013,translation_control,translation_017583,8.219543624906686,2.694341360708601
zh_ja_013,translation_control,translation_023796,8.226429769433071,2.694341360708601
zh_ja_013,translation_control,translation_019197,8.236362602330543,2.694341360708601
zh_ja_013,translation_control,translation_005884,8.236491921001562,2.694341360708601
zh_ja_013,translation_control,translation_019348,8.246796555963838,2.694341360708601
zh_ja_013,translation_control,translation_006839,8.263049015660856,2.694341360708601
zh_ja_013,translation_control,translation_006840,8.263049015660856,2.694341360708601
zh_ja_013,translation_control,translation_007102,8.26355651961778,2.694341360708601
zh_ja_013,translation_control,translation_007981,8.268993120166266,2.694341360708601
zh_ja_013,translation_control,translation_006133,8.271235404214545,2.694341360708601
zh_ja_013,translation_control,translation_016064,8.290018746704819,2.694341360708601
zh_ja_014,translation_control,translation_007981,7.2635964380054565,2.694341360708601
zh_ja_014,translation_control,translation_013426,7.269988874432938,2.694341360708601
zh_ja_014,translation_control,translation_019935,7.2772491716039545,2.694341360708601
zh_ja_014,translation_control,translation_004821,7.27757515763423,2.694341360708601
zh_ja_014,translation_control,translation_005875,7.282253523397793,2.694341360708601
zh_ja_014,translation_control,translation_017320,7.283872584248951,2.694341360708601
zh_ja_014,translation_control,translation_013733,7.28668837596667,2.694341360708601
zh_ja_014,translation_control,translation_004820,7.291210422675615,2.694341360708601
zh_ja_014,translation_control,translation_016064,7.29391184881951,2.694341360708601
zh_ja_014,translation_control,translation_006133,7.294706380438133,2.694341360708601
zh_ja_014,translation_control,translation_022445,7.297344761444045,2.694341360708601
zh_ja_014,translation_control,translation_022446,7.302620988377618,2.694341360708601
zh_ja_014,translation_control,translation_009095,7.307864925021396,2.694341360708601
zh_ja_014,translation_control,translation_006638,7.309059622424714,2.694341360708601
zh_ja_014,translation_control,translation_005884,7.312931054473501,2.694341360708601
zh_ja_014,translation_control,translation_004783,7.316620577750373,2.694341360708601
zh_ja_014,translation_control,translation_007837,7.321182942271247,2.694341360708601
zh_ja_014,translation_control,translation_021228,7.3259828669280695,2.694341360708601
zh_ja_014,translation_control,translation_015808,7.328832557871062,2.694341360708601
zh_ja_014,translation_control,translation_015809,7.334978344404327,2.694341360708601
zh_ja_014,translation_control,translation_016640,7.335032779838191,2.694341360708601
zh_ja_014,translation_control,translation_008225,7.33824875029286,2.694341360708601
zh_ja_014,translation_control,translation_002385,7.338866167192816,2.694341360708601
zh_ja_014,translation_control,translation_005507,7.3446815032177595,2.694341360708601
zh_ja_014,translation_control,translation_006117,7.347633547269611,2.694341360708601
zh_ja_014,translation_control,translation_007102,7.35230052053526,2.694341360708601
zh_ja_014,translation_control,translation_018736,7.352311913033175,2.694341360708601
zh_ja_014,translation_control,translation_018737,7.354927473074986,2.694341360708601
zh_ja_014,translation_control,translation_023320,7.358673563918894,2.694341360708601
zh_ja_014,translation_control,translation_002654,7.3610115565322,2.694341360708601
zh_ja_014,translation_control,translation_021825,7.3610115565322,2.694341360708601
zh_ja_014,translation_control,translation_007914,7.363186609718552,2.694341360708601
zh_ja_014,translation_control,translation_020334,7.363536166026832,2.694341360708601
zh_ja_014,translation_control,translation_008223,7.3768068181617945,2.694341360708601
zh_ja_014,translation_control,translation_009898,7.3795644026834255,2.694341360708601
zh_ja_014,translation_control,translation_019349,7.381098930259548,2.694341360708601
zh_ja_014,translation_control,translation_013762,7.382449511866491,2.694341360708601
zh_ja_014,translation_control,translation_008836,7.383430729657307,2.694341360708601
zh_ja_014,translation_control,translation_004309,7.384586127839001,2.694341360708601
zh_ja_014,translation_control,translation_019761,7.387892060944118,2.694341360708601
zh_ja_014,translation_control,translation_001119,7.390004147518239,2.694341360708601
zh_ja_014,translation_control,translation_018208,7.392926810791921,2.694341360708601
zh_ja_014,translation_control,translation_002384,7.398594019042176,2.694341360708601
zh_ja_014,translation_control,translation_019932,7.403707628932075,2.694341360708601
zh_ja_014,translation_control,translation_000667,7.405109628330276,2.694341360708601
zh_ja_014,translation_control,translation_017583,7.407949239215409,2.694341360708601
zh_ja_014,translation_control,translation_009098,7.410032973908247,2.694341360708601
zh_ja_014,translation_control,translation_005506,7.414188886309763,2.694341360708601
zh_ja_014,translation_control,translation_007118,7.415865888538509,2.694341360708601
zh_ja_014,translation_control,translation_022104,7.429438640631673,2.694341360708601
zh_ja_014,translation_control,translation_010260,7.432861101551295,2.694341360708601
zh_ja_014,translation_control,translation_003249,7.433572443840741,2.694341360708601
zh_ja_014,translation_control,translation_021150,7.437184650663662,2.694341360708601
zh_ja_014,translation_control,translation_006639,7.438340609828116,2.694341360708601
zh_ja_014,translation_control,translation_017584,7.438373751802465,2.694341360708601
zh_ja_014,translation_control,translation_015598,7.4390848340670415,2.694341360708601
zh_ja_014,translation_control,translation_005509,7.446886180414089,2.694341360708601
zh_ja_014,translation_control,translation_016995,7.456795585332665,2.694341360708601
zh_ja_014,translation_control,translation_022548,7.462607119228407,2.694341360708601
zh_ja_014,translation_control,translation_005683,7.467665934763476,2.694341360708601
zh_ja_014,translation_control,translation_009897,7.47091270371216,2.694341360708601
zh_ja_014,translation_control,translation_003884,7.471743691216993,2.694341360708601
zh_ja_014,translation_control,translation_013427,7.472373872784307,2.694341360708601
zh_ja_014,translation_control,translation_000174,7.484713642623184,2.694341360708601
zh_ja_014,translation_control,translation_019983,7.505954742878437,2.694341360708601
zh_ja_014,translation_control,translation_018224,7.517003720424768,2.694341360708601
zh_ja_014,translation_control,translation_009096,7.518746194050536,2.694341360708601
zh_ja_014,translation_control,translation_007646,7.52206582055977,2.694341360708601
zh_ja_014,translation_control,translation_022911,7.523158990324327,2.694341360708601
zh_ja_014,translation_control,translation_007469,7.528108709671039,2.694341360708601
zh_ja_014,translation_control,translation_015097,7.529821440918698,2.694341360708601
zh_ja_014,translation_control,translation_018229,7.534586041718594,2.694341360708601
zh_ja_014,translation_control,translation_009099,7.534629716828747,2.694341360708601
zh_ja_014,translation_control,translation_013780,7.538190292194174,2.694341360708601
zh_ja_014,translation_control,translation_019055,7.538324496228883,2.694341360708601
zh_ja_014,translation_control,translation_008396,7.538809356643554,2.694341360708601
zh_ja_014,translation_control,translation_013781,7.538809356643554,2.694341360708601
zh_ja_014,translation_control,translation_003031,7.541515967735921,2.694341360708601
zh_ja_014,translation_control,translation_003368,7.54986186530967,2.694341360708601
zh_ja_014,translation_control,translation_008820,7.554264789414857,2.694341360708601
zh_ja_014,translation_control,translation_000219,7.554620440528218,2.694341360708601
zh_ja_014,translation_control,translation_009129,7.557743074934007,2.694341360708601
zh_ja_014,translation_control,translation_005684,7.571025159511993,2.694341360708601
zh_ja_014,translation_control,translation_019536,7.577091045711349,2.694341360708601
zh_ja_014,translation_control,translation_015096,7.592142688609969,2.694341360708601
zh_ja_014,translation_control,translation_000175,7.5993491951303325,2.694341360708601
zh_ja_014,translation_control,translation_017513,7.601945315367814,2.694341360708601
zh_ja_014,translation_control,translation_022549,7.610121625010591,2.694341360708601
zh_ja_014,translation_control,translation_000669,7.610124609816232,2.694341360708601
zh_ja_014,translation_control,translation_007100,7.610513929333376,2.694341360708601
zh_ja_014,translation_control,translation_003030,7.611724043000899,2.694341360708601
zh_ja_014,translation_control,translation_004626,7.612402974972363,2.694341360708601
zh_ja_014,translation_control,translation_000176,7.6131380030384,2.694341360708601
zh_ja_014,translation_control,translation_011424,7.615779881757718,2.694341360708601
zh_ja_014,translation_control,translation_012792,7.615966167749327,2.694341360708601
zh_ja_014,translation_control,translation_006135,7.620256576201857,2.694341360708601
zh_ja_014,translation_control,translation_018372,7.634386062509377,2.694341360708601
zh_ja_014,translation_control,translation_023133,7.6462245734996745,2.694341360708601
zh_ja_014,translation_control,translation_004625,7.647476477576694,2.694341360708601
zh_ja_014,translation_control,translation_001117,7.653919220538342,2.694341360708601
zh_ja_015,translation_control,translation_022012,3.1437414522249156,1.3713447666996341
zh_ja_015,translation_control,translation_002028,3.783765650817033,1.3713447666996341
zh_ja_015,translation_control,translation_002027,3.853063843529424,1.3713447666996341
zh_ja_015,translation_control,translation_018970,4.887758536701113,2.157116970237018
zh_ja_015,translation_control,translation_022411,4.995206327147381,2.157116970237018
zh_ja_015,translation_control,translation_014294,5.044056282407892,2.157116970237018
zh_ja_015,translation_control,translation_020797,5.101662706875411,2.157116970237018
zh_ja_015,translation_control,translation_005376,5.187537304107693,2.157116970237018
zh_ja_015,translation_control,translation_011239,5.3237259209927466,2.157116970237018
zh_ja_015,translation_control,translation_014293,5.37894630506336,2.157116970237018
zh_ja_015,translation_control,translation_005434,5.584991073939779,2.157116970237018
zh_ja_015,translation_control,translation_017553,5.658070862057075,2.157116970237018
zh_ja_015,translation_control,translation_008213,6.036731593764652,2.157116970237018
zh_ja_015,translation_control,translation_023034,6.079547496026986,2.157116970237018
zh_ja_015,translation_control,translation_008212,6.184665156636374,2.157116970237018
zh_ja_015,translation_control,translation_008517,6.232437317119732,2.157116970237018
zh_ja_015,translation_control,translation_008518,6.282703074686655,2.157116970237018
zh_ja_015,translation_control,translation_010050,6.4771268478992585,2.157116970237018
zh_ja_015,translation_control,translation_011141,6.482932918293292,2.157116970237018
zh_ja_015,translation_control,translation_016978,6.5492807029579465,2.157116970237018
zh_ja_015,translation_control,translation_004491,6.6467392790528645,2.157116970237018
zh_ja_015,translation_control,translation_018810,6.841446776429778,2.157116970237018
zh_ja_015,translation_control,translation_004615,6.867807781768468,2.157116970237018
zh_ja_015,translation_control,translation_007458,6.884466867137746,2.157116970237018
zh_ja_015,translation_control,translation_005433,6.891502129470956,2.157116970237018
zh_ja_015,translation_control,translation_002030,6.916879468878314,1.9544559353475912
zh_ja_015,translation_control,translation_010942,6.941325004390981,2.157116970237018
zh_ja_015,translation_control,translation_012276,6.972346656129355,2.157116970237018
zh_ja_015,translation_control,translation_013569,6.993750162156374,2.157116970237018
zh_ja_015,translation_control,translation_012777,7.024241916104271,2.157116970237018
zh_ja_015,translation_control,translation_021220,7.0391214783277904,2.157116970237018
zh_ja_015,translation_control,translation_023360,7.188016334828415,2.157116970237018
zh_ja_015,translation_control,translation_003373,7.200348536209598,2.157116970237018
zh_ja_015,translation_control,translation_013588,7.2435688648716665,2.157116970237018
zh_ja_015,translation_control,translation_004793,7.334443390822814,2.157116970237018
zh_ja_015,translation_control,translation_004794,7.384344096579703,2.157116970237018
zh_ja_015,translation_control,translation_004792,7.401994772861018,2.157116970237018
zh_ja_015,translation_control,translation_014884,7.461944746612617,2.157116970237018
zh_ja_015,translation_control,translation_017554,7.504886934808249,2.157116970237018
zh_ja_015,translation_control,translation_022901,7.548492018927894,2.157116970237018
zh_ja_015,translation_control,translation_018988,7.550226946350238,2.157116970237018
zh_ja_015,translation_control,translation_022255,7.577796114712133,2.157116970237018
zh_ja_015,translation_control,translation_010245,7.679130234098,2.157116970237018
zh_ja_015,translation_control,translation_008206,7.725564689916492,2.157116970237018
zh_ja_015,translation_control,translation_006258,7.728250408961319,2.157116970237018
zh_ja_015,translation_control,translation_008205,7.738394850065476,2.157116970237018
zh_ja_015,translation_control,translation_001332,7.791954094954243,2.157116970237018
zh_ja_015,translation_control,translation_009218,7.830957565064144,2.157116970237018
zh_ja_015,translation_control,translation_023142,7.83505441963153,2.157116970237018
zh_ja_015,translation_control,translation_003897,7.838094534357465,2.157116970237018
zh_ja_015,translation_control,translation_018004,7.861272310682812,2.157116970237018
zh_ja_015,translation_control,translation_017277,7.915510035082077,2.157116970237018
zh_ja_015,translation_control,translation_013567,8.096776498180208,2.157116970237018
zh_ja_015,translation_control,translation_017555,8.097150661759434,2.157116970237018
zh_ja_015,translation_control,translation_017173,8.136291704304428,2.157116970237018
zh_ja_015,translation_control,translation_003237,8.29826739609662,2.157116970237018
zh_ja_015,translation_control,translation_013627,8.390235630932818,2.157116970237018
zh_ja_015,translation_control,translation_016977,8.42986717211242,2.157116970237018
zh_ja_015,translation_control,translation_008934,8.459290305259852,2.157116970237018
zh_ja_015,translation_control,translation_021428,8.460241577547059,2.157116970237018
zh_ja_015,translation_control,translation_017556,8.461173481657731,2.157116970237018
zh_ja_015,translation_control,translation_001815,8.4662659115672,2.157116970237018
zh_ja_015,translation_control,translation_013628,8.477616774217783,2.157116970237018
zh_ja_015,translation_control,translation_004727,8.578124646668105,2.157116970237018
zh_ja_015,translation_control,translation_002624,8.579090554632677,2.157116970237018
zh_ja_015,translation_control,translation_018005,8.62004153398713,2.157116970237018
zh_ja_015,translation_control,translation_018714,8.625975168776765,2.157116970237018
zh_ja_015,translation_control,translation_008827,8.673559200674553,2.157116970237018
zh_ja_015,translation_control,translation_000343,8.825300301475785,2.157116970237018
zh_ja_015,translation_control,translation_016979,8.896973916571085,2.157116970237018
zh_ja_015,translation_control,translation_005653,8.967922793629228,2.157116970237018
zh_ja_015,translation_control,translation_001816,8.970415859863259,2.157116970237018
zh_ja_015,translation_control,translation_019526,8.977558240857807,2.157116970237018
zh_ja_015,translation_control,translation_009065,9.04235473106328,2.157116970237018
zh_ja_015,translation_control,translation_014291,9.091206084016584,2.7867908789614715
zh_ja_015,translation_control,translation_016077,9.154973593287695,2.7867908789614715
zh_ja_015,translation_control,translation_017558,9.325199134619798,2.157116970237018
zh_ja_015,translation_control,translation_005652,9.32827379302963,2.157116970237018
zh_ja_015,translation_control,translation_016076,9.35858291824098,2.7867908789614715
zh_ja_015,translation_control,translation_011139,9.448967442524225,2.7867908789614715
zh_ja_015,translation_control,translation_014806,9.536668070687167,2.157116970237018
zh_ja_015,translation_control,translation_014860,9.626704347994105,2.157116970237018
zh_ja_015,translation_control,translation_023316,9.722499900901358,2.157116970237018
zh_ja_015,translation_control,translation_009066,9.776488921197998,2.157116970237018
zh_ja_015,translation_control,translation_014861,9.834429680895978,2.157116970237018
zh_ja_015,translation_control,translation_004795,9.99636624202206,2.157116970237018
zh_ja_015,translation_control,translation_013632,9.998052342566885,2.157116970237018
zh_ja_015,translation_control,translation_004493,10.291250612976771,2.157116970237018
zh_ja_015,translation_control,translation_007936,10.342505914594874,2.157116970237018
zh_ja_015,translation_control,translation_003953,10.386492563491785,2.7867908789614715
zh_ja_015,translation_control,translation_004600,10.391963411653766,2.7867908789614715
zh_ja_015,translation_control,translation_016825,10.419308195570888,2.7867908789614715
zh_ja_015,translation_control,translation_012278,10.744200054267345,2.157116970237018
zh_ja_015,translation_control,translation_020057,10.757696511893677,2.157116970237018
zh_ja_015,translation_control,translation_011173,10.78718194743016,2.157116970237018
zh_ja_015,translation_control,translation_021221,10.898004890205538,2.157116970237018
zh_ja_015,translation_control,translation_018715,10.919513198439242,2.157116970237018
zh_ja_015,translation_control,translation_013622,10.954276093327115,2.1640494152008727
zh_ja_015,translation_control,translation_022412,10.968359742105875,2.157116970237018
zh_ja_015,translation_control,translation_022667,10.984206737348998,2.157116970237018
zh_ja_016,translation_control,translation_018931,25.552750295900957,2.7867908789614715
zh_ja_016,translation_control,translation_009606,29.534355645777435,3.3224232731079275
zh_ja_016,translation_control,translation_020194,33.2079182380347,3.3224232731079275
zh_ja_016,translation_control,translation_021246,33.334566510230395,3.3224232731079275
zh_ja_016,translation_control,translation_009607,34.08406973430898,3.3224232731079275
zh_ja_016,translation_control,translation_017890,34.725630938645175,3.3224232731079275
zh_ja_016,translation_control,translation_016021,37.24181249902408,3.3224232731079275
zh_ja_016,translation_control,translation_009602,40.983566607461434,3.3224232731079275
zh_ja_016,translation_control,translation_019837,43.17901512279552,3.3224232731079275
zh_ja_016,translation_control,translation_009688,44.75499122608613,3.3224232731079275
zh_ja_016,translation_control,translation_009603,46.591855592620554,3.3224232731079275
zh_ja_016,translation_control,translation_022533,47.74984672357854,3.4604335996749653
zh_ja_016,translation_control,translation_009604,48.1667863046231,3.984842686070894
zh_ja_016,translation_control,translation_000346,49.23567822190276,3.4604335996749653
zh_ja_016,translation_control,translation_002551,51.33815872404485,3.807813034391371
zh_ja_016,translation_control,translation_020810,52.318736460034536,3.984842686070894
zh_ja_016,translation_control,translation_004015,52.77980825727607,3.3224232731079275
zh_ja_016,translation_control,translation_020463,53.65585787605163,3.3224232731079275
zh_ja_016,translation_control,translation_009605,53.76077022361158,3.984842686070894
zh_ja_016,translation_control,translation_019895,56.891744296168994,3.984842686070894
zh_ja_016,translation_control,translation_023410,57.29615202986018,3.984842686070894
zh_ja_016,translation_control,translation_023138,57.338249187283154,3.984842686070894
zh_ja_016,translation_control,translation_011894,59.47723074099175,3.984842686070894
zh_ja_016,translation_control,translation_010074,63.47465984642542,3.984842686070894
zh_ja_016,translation_control,translation_010075,63.64888300938415,3.984842686070894
zh_ja_016,translation_control,translation_010417,63.666556122665064,3.54059808460952
zh_ja_016,translation_control,translation_009519,63.87949902572967,3.984842686070894
zh_ja_016,translation_control,translation_009524,63.87949902572967,3.984842686070894
zh_ja_016,translation_control,translation_008214,64.16875467700413,6.644846546215855
zh_ja_016,translation_control,translation_019896,64.42973296484027,3.984842686070894
zh_ja_016,translation_control,translation_010016,64.48239913798183,6.644846546215855
zh_ja_016,translation_control,translation_008207,65.83498577321397,6.644846546215855
zh_ja_016,translation_control,translation_011142,66.44866605812807,6.644846546215855
zh_ja_016,translation_control,translation_002258,66.51937928230146,3.984842686070894
zh_ja_016,translation_control,translation_003975,66.7515743918695,3.984842686070894
zh_ja_016,translation_control,translation_009520,67.81401032120273,3.984842686070894
zh_ja_016,translation_control,translation_009525,67.81401032120273,3.984842686070894
zh_ja_016,translation_control,translation_020247,68.0586423594366,3.984842686070894
zh_ja_016,translation_control,translation_014089,69.09818866087065,3.984842686070894
zh_ja_016,translation_control,translation_001479,69.36548191103932,6.644846546215855
zh_ja_016,translation_control,translation_008217,69.67353980799902,6.644846546215855
zh_ja_016,translation_control,translation_019030,70.64869843896884,6.644846546215855
zh_ja_016,translation_control,translation_016114,70.94925407728797,6.644846546215855
zh_ja_016,translation_control,translation_010413,71.5189380720444,3.984842686070894
zh_ja_016,translation_control,translation_021373,71.52309596698221,6.644846546215855
zh_ja_016,translation_control,translation_000477,71.60881833041374,6.644846546215855
zh_ja_016,translation_control,translation_008210,71.95965710493672,6.644846546215855
zh_ja_016,translation_control,translation_001502,72.91692182233797,6.644846546215855
zh_ja_016,translation_control,translation_004013,74.09082484348951,6.644846546215855
zh_ja_016,translation_control,translation_016187,75.01441424933292,6.644846546215855
zh_ja_016,translation_control,translation_008980,75.63167582212809,6.644846546215855
zh_ja_016,translation_control,translation_004014,76.15579612955187,6.644846546215855
zh_ja_016,translation_control,translation_019714,77.94078317481234,6.644846546215855
zh_ja_016,translation_control,translation_018053,78.34500222636099,6.644846546215855
zh_ja_016,translation_control,translation_002428,79.55809994889229,6.644846546215855
zh_ja_016,translation_control,translation_016471,79.82856000583313,6.644846546215855
zh_ja_016,translation_control,translation_015357,79.88678281076855,6.644846546215855
zh_ja_016,translation_control,translation_014392,79.95788828333365,6.644846546215855
zh_ja_016,translation_control,translation_016892,80.18621433914807,4.091578495081723
zh_ja_016,translation_control,translation_006964,80.93280923840108,6.644846546215855
zh_ja_016,translation_control,translation_019897,81.27713615599507,4.262060932376797
zh_ja_016,translation_control,translation_016473,81.38392363996776,6.644846546215855
zh_ja_016,translation_control,translation_016108,81.57543709968344,6.644846546215855
zh_ja_016,translation_control,translation_007009,81.78553625738228,6.644846546215855
zh_ja_016,translation_control,translation_018933,82.0037247702648,6.644846546215855
zh_ja_016,translation_control,translation_014394,82.41153469368115,6.644846546215855
zh_ja_016,translation_control,translation_016178,82.61042420396767,6.644846546215855
zh_ja_016,translation_control,translation_008956,82.77487175549795,6.644846546215855
zh_ja_016,translation_control,translation_005612,83.16331081173755,6.644846546215855
zh_ja_016,translation_control,translation_003199,84.55062510323712,4.581715502305055
zh_ja_016,translation_control,translation_019850,84.89235526880682,6.644846546215855
zh_ja_016,translation_control,translation_008948,85.14933509294995,6.644846546215855
zh_ja_016,translation_control,translation_003200,85.49952923210158,4.634991263959765
zh_ja_016,translation_control,translation_009976,85.73024518098839,6.644846546215855
zh_ja_016,translation_control,translation_003973,86.51401079897526,6.644846546215855
zh_ja_016,translation_control,translation_019843,88.67062062284053,6.644846546215855
zh_ja_016,translation_control,translation_003974,89.01540013551342,6.644846546215855
zh_ja_016,translation_control,translation_011466,91.40944956761798,6.644846546215855
zh_ja_016,translation_control,translation_012655,92.05143502445598,5.530024059758892
zh_ja_016,translation_control,translation_015339,92.88621985263194,6.644846546215855
zh_ja_016,translation_control,translation_020023,94.72461488068278,5.007921595542734
zh_ja_016,translation_control,translation_011519,96.34610306008811,6.644846546215855
zh_ja_016,translation_control,translation_005983,98.1206755383776,5.2956107084781685
zh_ja_016,translation_control,translation_014982,98.94566403220054,6.644846546215855
zh_ja_016,translation_control,translation_003202,101.95660502381598,5.455437993442299
zh_ja_016,translation_control,translation_002430,103.87937872777236,6.644846546215855
zh_ja_016,translation_control,translation_011468,122.99225241216728,6.644846546215855
zh_ja_019,translation_control,translation_020018,7.2912664271165,2.694341360708601
zh_ja_019,translation_control,translation_003816,7.332350011448188,2.694341360708601
zh_ja_019,translation_control,translation_008829,7.338887677031375,2.694341360708601
zh_ja_019,translation_control,translation_009689,7.347173242384003,2.694341360708601
zh_ja_019,translation_control,translation_009379,7.4353768799980156,2.694341360708601
zh_ja_019,translation_control,translation_014885,7.455769966946039,2.694341360708601
zh_ja_019,translation_control,translation_011174,7.456481022493877,2.694341360708601
zh_ja_019,translation_control,translation_020798,7.473025174383306,2.694341360708601
zh_ja_019,translation_control,translation_008828,7.5084582432340286,2.694341360708601
zh_ja_019,translation_control,translation_021223,7.635314938954971,2.694341360708601
zh_ja_019,translation_control,translation_005435,7.6466388262127305,2.694341360708601
zh_ja_019,translation_control,translation_015038,7.758490739849045,2.694341360708601
zh_ja_019,translation_control,translation_015305,7.778935544215057,2.694341360708601
zh_ja_019,translation_control,translation_013963,7.8797669660289476,2.694341360708601
zh_ja_019,translation_control,translation_005377,7.916210239614465,2.694341360708601
zh_ja_019,translation_control,translation_019914,7.94919650602805,2.694341360708601
zh_ja_019,translation_control,translation_013054,7.949266411519494,2.694341360708601
zh_ja_019,translation_control,translation_006261,7.95594103104427,2.694341360708601
zh_ja_019,translation_control,translation_006987,8.002428352737502,2.694341360708601
zh_ja_019,translation_control,translation_023780,8.033708279966215,2.694341360708601
zh_ja_019,translation_control,translation_008935,8.07295367859872,2.694341360708601
zh_ja_019,translation_control,translation_013619,8.077809362038757,2.694341360708601
zh_ja_019,translation_control,translation_023317,8.086099006608809,2.694341360708601
zh_ja_019,translation_control,translation_003620,8.146635448162202,2.694341360708601
zh_ja_019,translation_control,translation_022903,8.177957879455459,2.694341360708601
zh_ja_019,translation_control,translation_022413,8.280996769554221,2.694341360708601
zh_ja_019,translation_control,translation_012780,8.323270400950557,2.694341360708601
zh_ja_019,translation_control,translation_021798,8.374521102322603,2.694341360708601
zh_ja_019,translation_control,translation_008519,8.38490633686522,2.694341360708601
zh_ja_019,translation_control,translation_009068,8.385106904722191,2.694341360708601
zh_ja_019,translation_control,translation_013283,8.392570403019644,2.694341360708601
zh_ja_019,translation_control,translation_018316,8.414901630137008,2.694341360708601
zh_ja_019,translation_control,translation_018715,8.422258866605567,2.694341360708601
zh_ja_019,translation_control,translation_022412,8.422347870495527,2.694341360708601
zh_ja_019,translation_control,translation_014807,8.454330031484233,2.694341360708601
zh_ja_019,translation_control,translation_013590,8.465037307871631,2.694341360708601
zh_ja_019,translation_control,translation_020057,8.527657298507117,2.694341360708601
zh_ja_019,translation_control,translation_018006,8.548984029446764,2.694341360708601
zh_ja_019,translation_control,translation_014865,8.550795027511015,2.694341360708601
zh_ja_019,translation_control,translation_014977,8.557239815389845,2.694341360708601
zh_ja_019,translation_control,translation_005056,8.55824825225373,2.694341360708601
zh_ja_019,translation_control,translation_011173,8.563158147321968,2.694341360708601
zh_ja_019,translation_control,translation_014862,8.563200781411862,2.694341360708601
zh_ja_019,translation_control,translation_011343,8.60581556118086,2.694341360708601
zh_ja_019,translation_control,translation_009896,8.617746737892748,2.694341360708601
zh_ja_019,translation_control,translation_008218,8.617761390333468,2.694341360708601
zh_ja_019,translation_control,translation_002506,8.631202548402554,2.694341360708601
zh_ja_019,translation_control,translation_022316,8.671056045121569,2.694341360708601
zh_ja_019,translation_control,translation_009220,8.750283815996724,2.694341360708601
zh_ja_019,translation_control,translation_002682,8.841005957105812,2.694341360708601
zh_ja_019,translation_control,translation_002196,8.854344646299865,2.694341360708601
zh_ja_019,translation_control,translation_002197,8.854344646299865,2.694341360708601
zh_ja_019,translation_control,translation_017405,8.869545177372052,2.694341360708601
zh_ja_019,translation_control,translation_007464,8.973122480313734,2.694341360708601
zh_ja_019,translation_control,translation_014332,8.991116573765922,2.694341360708601
zh_ja_019,translation_control,translation_018504,9.015636297253188,2.694341360708601
zh_ja_019,translation_control,translation_015815,9.02796672461793,2.694341360708601
zh_ja_019,translation_control,translation_014866,9.029720867762293,2.694341360708601
zh_ja_019,translation_control,translation_007463,9.04489747823479,2.694341360708601
zh_ja_019,translation_control,translation_005055,9.050195624405209,2.694341360708601
zh_ja_019,translation_control,translation_020070,9.097649064591904,2.694341360708601
zh_ja_019,translation_control,translation_011186,9.102584435678871,2.694341360708601
zh_ja_019,translation_control,translation_009219,9.11423773349639,2.694341360708601
zh_ja_019,translation_control,translation_014331,9.191311642065074,2.694341360708601
zh_ja_019,translation_control,translation_014655,9.207121992752697,2.694341360708601
zh_ja_019,translation_control,translation_004728,9.271096140833492,2.694341360708601
zh_ja_019,translation_control,translation_010892,9.288420356473305,2.694341360708601
zh_ja_019,translation_control,translation_008260,9.33396214007172,2.694341360708601
zh_ja_019,translation_control,translation_018812,9.338561689924646,2.694341360708601
zh_ja_019,translation_control,translation_021431,9.353148178609366,2.694341360708601
zh_ja_019,translation_control,translation_018972,9.359660592540907,2.694341360708601
zh_ja_019,translation_control,translation_006259,9.380927189518353,2.694341360708601
zh_ja_019,translation_control,translation_014747,9.446799314119456,2.694341360708601
zh_ja_019,translation_control,translation_017712,9.46236726360711,2.694341360708601
zh_ja_019,translation_control,translation_001822,9.468733694706344,2.694341360708601
zh_ja_019,translation_control,translation_008216,9.508092909081496,2.694341360708601
zh_ja_019,translation_control,translation_008756,9.520570366335651,2.694341360708601
zh_ja_019,translation_control,translation_001820,9.524648699244123,2.694341360708601
zh_ja_019,translation_control,translation_021433,9.529041936179677,2.694341360708601
zh_ja_019,translation_control,translation_001819,9.536272516039563,2.694341360708601
zh_ja_019,translation_control,translation_013620,9.546206591208053,2.694341360708601
zh_ja_019,translation_control,translation_008229,9.626953195386118,2.694341360708601
zh_ja_019,translation_control,translation_019595,9.628077992070411,2.694341360708601
zh_ja_019,translation_control,translation_005378,9.644755473050092,2.694341360708601
zh_ja_019,translation_control,translation_013055,9.670733253375834,2.694341360708601
zh_ja_019,translation_control,translation_005743,9.703556765821771,2.694341360708601
zh_ja_019,translation_control,translation_005655,9.71511732793155,2.694341360708601
zh_ja_019,translation_control,translation_007461,9.725827070782032,2.694341360708601
zh_ja_019,translation_control,translation_005656,9.729147623474782,2.694341360708601
zh_ja_019,translation_control,translation_008696,9.75633420248062,2.694341360708601
zh_ja_019,translation_control,translation_009895,9.788661128637614,2.694341360708601
zh_ja_019,translation_control,translation_023699,9.792075710003827,2.694341360708601
zh_ja_019,translation_control,translation_023318,9.801485568794895,2.694341360708601
zh_ja_019,translation_control,translation_021222,9.862504067338824,2.694341360708601
zh_ja_019,translation_control,translation_014861,9.870337794581243,2.694341360708601
zh_ja_019,translation_control,translation_008757,9.907347802734034,2.694341360708601
zh_ja_019,translation_control,translation_005744,9.933838314396509,2.694341360708601
zh_ja_019,translation_control,translation_001818,9.939769658938655,2.694341360708601
zh_ja_019,translation_control,translation_008755,9.95464412277584,2.694341360708601
zh_ja_019,translation_control,translation_017560,9.957102390117605,2.694341360708601
zh_ja_020,translation_control,translation_022039,0.03826373334838979,0.1566088392579577
zh_ja_020,translation_control,translation_005145,0.10975744181146979,0.2847433441053782
zh_ja_020,translation_control,translation_022600,0.12649168049054532,0.2847433441053782
zh_ja_020,translation_control,translation_018669,0.2878310998619943,0.3844035145422603
zh_ja_020,translation_control,translation_022038,0.36505917832207163,0.507708404585516
zh_ja_020,translation_control,translation_001260,0.40852290261316987,0.4943476570964238
zh_ja_020,translation_control,translation_022040,0.530484287445061,0.5114473118852154
zh_ja_020,translation_control,translation_005143,0.816482055474293,0.761562606878274
zh_ja_020,translation_control,translation_005223,1.1622377294649784,0.7458606631659395
zh_ja_020,translation_control,translation_009223,1.1839805246167048,0.828366344323737
zh_ja_020,translation_control,translation_009224,2.1944543523516185,1.3713447666996341
zh_ja_020,translation_control,translation_013615,2.322571998680522,1.3713447666996341
zh_ja_020,translation_control,translation_008822,2.3746939392086954,1.1187909947489088
zh_ja_020,translation_control,translation_010039,2.4689909441629645,1.118790994748909
zh_ja_020,translation_control,translation_013614,3.2702437682799865,1.3713447666996341
zh_ja_020,translation_control,translation_010177,3.4300242165621655,1.3713447666996341
zh_ja_020,translation_control,translation_013616,4.503090199399229,1.3713447666996341
zh_ja_020,translation_control,translation_005142,5.410003473081122,1.5498467087347332
zh_ja_020,translation_control,translation_013707,6.312443692541615,1.9544559353475912
zh_ja_020,translation_control,translation_021180,6.7913133847217395,1.9544559353475912
zh_ja_020,translation_control,translation_021179,7.825776768708632,1.7636186685602138
zh_ja_020,translation_control,translation_017205,7.929633138885527,2.7867908789614715
zh_ja_020,translation_control,translation_020655,8.36943145872814,2.7867908789614715
zh_ja_020,translation_control,translation_017206,9.204767233078668,2.7867908789614715
zh_ja_020,translation_control,translation_000762,10.167618483706253,2.7867908789614715
zh_ja_020,translation_control,translation_023557,10.560314707334292,2.7867908789614715
zh_ja_020,translation_control,translation_010089,10.857516439547807,2.7867908789614715
zh_ja_020,translation_control,translation_023558,10.992119898909545,2.7867908789614715
zh_ja_020,translation_control,translation_001112,11.312657723812176,2.7867908789614715
zh_ja_020,translation_control,translation_009842,11.378850394585761,2.7867908789614715
zh_ja_020,translation_control,translation_001110,11.468516581905552,2.7867908789614715
zh_ja_020,translation_control,translation_005534,11.886954696262872,2.7867908789614715
zh_ja_020,translation_control,translation_005535,11.91686954133781,2.7867908789614715
zh_ja_020,translation_control,translation_018666,11.997385510637042,2.7867908789614715
zh_ja_020,translation_control,translation_021064,12.010270132440867,2.7867908789614715
zh_ja_020,translation_control,translation_005533,12.05349632373273,2.7867908789614715
zh_ja_020,translation_control,translation_004883,12.079505790832917,2.7867908789614715
zh_ja_020,translation_control,translation_020791,12.661004570891809,2.445016790503933
zh_ja_020,translation_control,translation_022597,12.95545711403723,2.110998103276619
zh_ja_020,translation_control,translation_017204,13.287534339082304,2.7867908789614715
zh_ja_020,translation_control,translation_017203,13.531809259699635,2.7867908789614715
zh_ja_020,translation_control,translation_012845,13.58793790320615,2.7867908789614715
zh_ja_020,translation_control,translation_022441,13.605501197620455,2.7867908789614715
zh_ja_020,translation_control,translation_015227,13.606196958766251,2.7867908789614715
zh_ja_020,translation_control,translation_008242,13.613942968798241,2.7867908789614715
zh_ja_020,translation_control,translation_015244,13.620338422399346,2.7867908789614715
zh_ja_020,translation_control,translation_008241,13.642165099713683,2.7867908789614715
zh_ja_020,translation_control,translation_015226,13.664667986437358,2.7867908789614715
zh_ja_020,translation_control,translation_005531,14.15370528218168,2.7867908789614715
zh_ja_020,translation_control,translation_011559,14.351909294571618,2.110998103276619
zh_ja_020,translation_control,translation_005382,14.379205215819482,2.7867908789614715
zh_ja_020,translation_control,translation_015019,14.43547411007237,2.7867908789614715
zh_ja_020,translation_control,translation_015243,14.435570055402902,2.7867908789614715
zh_ja_020,translation_control,translation_015020,14.48445392356992,2.7867908789614715
zh_ja_020,translation_control,translation_005536,14.488047502377848,2.7867908789614715
zh_ja_020,translation_control,translation_008258,14.59865285981406,2.7867908789614715
zh_ja_020,translation_control,translation_005532,14.966353221041441,2.7867908789614715
zh_ja_020,translation_control,translation_010812,15.273325567415306,2.7867908789614715
zh_ja_020,translation_control,translation_001886,15.474509335047863,2.7867908789614715
zh_ja_020,translation_control,translation_001885,15.881050533953239,2.7867908789614715
zh_ja_020,translation_control,translation_002099,15.951585685374145,2.7867908789614715
zh_ja_020,translation_control,translation_008243,16.004835107448113,2.7867908789614715
zh_ja_020,translation_control,translation_009431,16.33590493568704,2.7867908789614715
zh_ja_020,translation_control,translation_009222,16.42082378413644,2.538542022927581
zh_ja_020,translation_control,translation_002100,16.55060170260299,2.7867908789614715
zh_ja_020,translation_control,translation_015584,16.626143362243926,3.3224232731079275
zh_ja_020,translation_control,translation_017303,16.673163553290745,2.7867908789614715
zh_ja_020,translation_control,translation_001625,16.75477500387355,2.7867908789614715
zh_ja_020,translation_control,translation_017226,16.90515275365798,2.7867908789614715
zh_ja_020,translation_control,translation_015021,17.26135578428476,2.7867908789614715
zh_ja_020,translation_control,translation_017197,17.368498368131267,2.7867908789614715
zh_ja_020,translation_control,translation_001887,17.382681561767164,2.7867908789614715
zh_ja_020,translation_control,translation_006003,17.43994158934481,2.7867908789614715
zh_ja_020,translation_control,translation_007721,17.47847255238654,2.7867908789614715
zh_ja_020,translation_control,translation_006002,17.491429245864314,2.7867908789614715
zh_ja_020,translation_control,translation_006001,17.528570629643426,2.7867908789614715
zh_ja_020,translation_control,translation_002982,17.682375938302528,2.7867908789614715
zh_ja_020,translation_control,translation_006000,17.696066815156033,2.7867908789614715
zh_ja_020,translation_control,translation_012713,17.786214979895036,2.7867908789614715
zh_ja_020,translation_control,translation_016217,18.10019281612577,2.7867908789614715
zh_ja_020,translation_control,translation_016219,18.2086999802529,2.7867908789614715
zh_ja_020,translation_control,translation_022558,18.264022768601663,2.7867908789614715
zh_ja_020,translation_control,translation_012915,18.55375002244522,2.7867908789614715
zh_ja_020,translation_control,translation_019986,18.554432916506805,2.7867908789614715
zh_ja_020,translation_control,translation_019987,18.724519211411295,2.7867908789614715
zh_ja_020,translation_control,translation_010069,18.74885365086519,2.7867908789614715
zh_ja_020,translation_control,translation_000508,18.759863278343495,2.7867908789614715
zh_ja_020,translation_control,translation_008819,18.870266226546047,2.7867908789614715
zh_ja_020,translation_control,translation_006483,18.891612561592343,3.3224232731079275
zh_ja_020,translation_control,translation_001108,18.901367408815204,2.7867908789614715
zh_ja_020,translation_control,translation_006823,18.958555610150174,2.7867908789614715
zh_ja_020,translation_control,translation_008238,19.11335085069317,2.7867908789614715
zh_ja_020,translation_control,translation_017195,19.11965984999135,2.7867908789614715
zh_ja_020,translation_control,translation_010807,19.303468153032714,2.7867908789614715
zh_ja_020,translation_control,translation_015016,19.33445721422614,2.7867908789614715
zh_ja_020,translation_control,translation_009430,19.339496674588876,2.7867908789614715
zh_ja_020,translation_control,translation_010811,19.450879733699033,2.7867908789614715
zh_ja_020,translation_control,translation_017196,19.57338133268444,2.7867908789614715
zh_ja_020,translation_control,translation_016218,19.814460176460486,2.7867908789614715
zh_ja_020,translation_control,translation_017198,19.82300569550408,2.7867908789614715
zh_ja_021,translation_control,translation_011389,0.1926504107702926,0.3132176785159154
zh_ja_021,translation_control,translation_009113,0.24621877078506268,0.4141831721618685
zh_ja_021,translation_control,translation_022193,0.44362878649967086,0.5611513945418862
zh_ja_021,translation_control,translation_011857,1.1852422567308682,0.9085308292582923
zh_ja_021,translation_control,translation_009061,1.3134636621796023,0.9619738192146625
zh_ja_021,translation_control,translation_021205,1.3992292483884412,0.9753345667037547
zh_ja_021,translation_control,translation_013211,1.862746748089966,1.122302789083773
zh_ja_021,translation_control,translation_015630,2.0189463449734983,1.1623850315510504
zh_ja_021,translation_control,translation_011387,2.074011578682196,1.0122394714394887
zh_ja_021,translation_control,translation_023064,2.131832247405931,1.2291887689965129
zh_ja_021,translation_control,translation_008927,2.274110879833879,1.1891065265292353
zh_ja_021,translation_control,translation_023304,2.3716701791784125,1.2959925064419757
zh_ja_021,translation_control,translation_002968,2.4568900572409142,1.3525308845005455
zh_ja_021,translation_control,translation_022213,2.9304983878987447,1.3227140014201608
zh_ja_021,translation_control,translation_013145,3.2805547286334846,1.3212388890368065
zh_ja_021,translation_control,translation_006935,3.2855326048986466,1.5231252137565487
zh_ja_021,translation_control,translation_016826,3.2916883627819082,1.3318940413677487
zh_ja_021,translation_control,translation_009060,3.529417003926649,1.5498467087347332
zh_ja_021,translation_control,translation_020960,3.5793203086757948,1.5632074562238265
zh_ja_021,translation_control,translation_002967,3.8087610681242854,1.4028784863547161
zh_ja_021,translation_control,translation_020134,3.8923560610609735,1.6567326886474736
zh_ja_021,translation_control,translation_021074,3.9170132003170237,1.576568203712919
zh_ja_021,translation_control,translation_011255,3.9663432582675355,1.5231252137565487
zh_ja_021,translation_control,translation_022971,3.9996535366095265,1.4295999813329012
zh_ja_021,translation_control,translation_004943,4.045083290981665,1.5097644662674565
zh_ja_021,translation_control,translation_003896,4.070259303977419,1.6968149311147513
zh_ja_021,translation_control,translation_017910,4.116231994945996,1.992421343035447
zh_ja_021,translation_control,translation_017236,4.218120484647709,1.3713447666996341
zh_ja_021,translation_control,translation_005921,4.384907578458255,1.3713447666996341
zh_ja_021,translation_control,translation_004345,4.415702089318105,1.992421343035447
zh_ja_021,translation_control,translation_013107,4.4241699194688895,1.9544559353475912
zh_ja_021,translation_control,translation_004321,4.454950442158304,1.3713447666996341
zh_ja_021,translation_control,translation_020959,4.455078051815487,1.7368971735820293
zh_ja_021,translation_control,translation_006177,4.515068304631219,1.7903401635383995
zh_ja_021,translation_control,translation_009919,4.532425778964327,1.992421343035447
zh_ja_021,translation_control,translation_014926,4.66248671787181,2.157116970237018
zh_ja_021,translation_control,translation_009059,4.688428187971594,1.7769794160493073
zh_ja_021,translation_control,translation_006176,4.721844611119322,1.8304224060056762
zh_ja_021,translation_control,translation_004261,4.826476798716733,1.3713447666996341
zh_ja_021,translation_control,translation_009111,4.858655202836217,1.7903401635383995
zh_ja_021,translation_control,translation_005918,4.92848577196749,1.8705046484729542
zh_ja_021,translation_control,translation_020612,4.969998301828472,2.157116970237018
zh_ja_021,translation_control,translation_023062,4.980743602284965,1.8705046484729542
zh_ja_021,translation_control,translation_015641,4.985668216816196,1.8304224060056762
zh_ja_021,translation_control,translation_018765,4.99751841469827,1.8838653959620464
zh_ja_021,translation_control,translation_001165,5.116277830507072,2.157116970237018
zh_ja_021,translation_control,translation_007581,5.201028148613194,1.992421343035447
zh_ja_021,translation_control,translation_022214,5.315111065449652,1.9544559353475912
zh_ja_021,translation_control,translation_021810,5.382517669252196,2.157116970237018
zh_ja_021,translation_control,translation_011284,5.395993851809701,1.3713447666996341
zh_ja_021,translation_control,translation_009339,5.492187976774162,1.992421343035447
zh_ja_021,translation_control,translation_023596,5.5448478053001775,1.9506691334075101
zh_ja_021,translation_control,translation_007574,5.563765136424734,1.992421343035447
zh_ja_021,translation_control,translation_019454,5.5940013103121995,1.4171352600152842
zh_ja_021,translation_control,translation_020133,5.608071007411624,1.9773906283856946
zh_ja_021,translation_control,translation_005920,5.684777723004804,1.6433719411583814
zh_ja_021,translation_control,translation_015639,5.688627177542125,1.9506691334075101
zh_ja_021,translation_control,translation_010158,5.74141591619564,1.9544559353475912
zh_ja_021,translation_control,translation_006249,5.751944073729713,1.9544559353475912
zh_ja_021,translation_control,translation_009114,5.775334052626364,1.9544559353475912
zh_ja_021,translation_control,translation_010694,5.804195714063379,1.9544559353475912
zh_ja_021,translation_control,translation_022768,5.836957247056663,1.5498467087347332
zh_ja_021,translation_control,translation_005117,5.851796986615671,1.9506691334075101
zh_ja_021,translation_control,translation_008227,5.851988155861703,1.9544559353475912
zh_ja_021,translation_control,translation_010692,5.9207191458271815,1.5498467087347332
zh_ja_021,translation_control,translation_005726,5.998170539070934,1.9544559353475912
zh_ja_021,translation_control,translation_021725,6.02845827802674,1.9544559353475912
zh_ja_021,translation_control,translation_004437,6.0367545029471135,1.7794104392673122
zh_ja_021,translation_control,translation_014073,6.0372456692305025,1.9544559353475912
zh_ja_021,translation_control,translation_021900,6.052190518872745,1.9544559353475912
zh_ja_021,translation_control,translation_006659,6.063716252326536,1.9544559353475912
zh_ja_021,translation_control,translation_007579,6.069212740663003,1.992421343035447
zh_ja_021,translation_control,translation_002690,6.076324043299799,1.9544559353475912
zh_ja_021,translation_control,translation_021763,6.098013338084165,1.9544559353475912
zh_ja_021,translation_control,translation_021073,6.121845546175125,1.9640298808966024
zh_ja_021,translation_control,translation_000479,6.13414955346458,1.7368971735820293
zh_ja_021,translation_control,translation_010308,6.137468864339479,1.9544559353475912
zh_ja_021,translation_control,translation_005426,6.160395430284956,1.9544559353475912
zh_ja_021,translation_control,translation_021718,6.184395305589781,1.9544559353475912
zh_ja_021,translation_control,translation_022192,6.187986648964634,1.9544559353475912
zh_ja_021,translation_control,translation_003544,6.196811403659279,1.9544559353475912
zh_ja_021,translation_control,translation_021208,6.205543374488068,1.9544559353475912
zh_ja_021,translation_control,translation_002644,6.225704307073473,1.9544559353475912
zh_ja_021,translation_control,translation_021106,6.22782029374115,2.097637355787527
zh_ja_021,translation_control,translation_016468,6.231022297029956,1.9544559353475912
zh_ja_021,translation_control,translation_003543,6.257964483971897,1.9544559353475912
zh_ja_021,translation_control,translation_007572,6.269825645207256,1.992421343035447
zh_ja_021,translation_control,translation_000265,6.277268671198689,1.9544559353475912
zh_ja_021,translation_control,translation_013106,6.295476556457162,1.9544559353475912
zh_ja_021,translation_control,translation_022617,6.3100214145714215,1.9544559353475912
zh_ja_021,translation_control,translation_000264,6.312328553976556,1.9544559353475912
zh_ja_021,translation_control,translation_023766,6.318668131344803,1.9544559353475912
zh_ja_021,translation_control,translation_017233,6.357924802436614,2.124358850765713
zh_ja_021,translation_control,translation_013147,6.383162751543267,1.9544559353475912
zh_ja_021,translation_control,translation_013108,6.391683567443524,1.9544559353475912
zh_ja_021,translation_control,translation_008372,6.406786069927745,2.124358850765713
zh_ja_021,translation_control,translation_023066,6.438621851783047,1.9544559353475912
zh_ja_021,translation_control,translation_013105,6.4604771680968245,1.9544559353475912
zh_ja_021,translation_control,translation_018768,6.465545410350156,1.9544559353475912
zh_ja_021,translation_control,translation_008376,6.46782087636554,2.124358850765713
zh_ja_022,translation_control,translation_013075,7.260578197589861,2.694341360708601
zh_ja_022,translation_control,translation_020168,7.301966186176724,2.694341360708601
zh_ja_022,translation_control,translation_004437,7.3343249482815365,2.694341360708601
zh_ja_022,translation_control,translation_004602,7.413364323252347,2.694341360708601
zh_ja_022,translation_control,translation_016826,7.980244524426084,2.694341360708601
zh_ja_022,translation_control,translation_013145,7.987723852254313,2.694341360708601
zh_ja_022,translation_control,translation_021842,8.075488400067396,2.694341360708601
zh_ja_022,translation_control,translation_004077,8.522410101895762,2.694341360708601
zh_ja_022,translation_control,translation_022767,8.550230091183094,2.694341360708601
zh_ja_022,translation_control,translation_022766,8.571370590652421,2.694341360708601
zh_ja_022,translation_control,translation_018994,8.65920650131607,2.694341360708601
zh_ja_022,translation_control,translation_016025,8.661055982743814,2.694341360708601
zh_ja_022,translation_control,translation_013539,8.703584184814755,2.694341360708601
zh_ja_022,translation_control,translation_021073,8.794313451343118,2.694341360708601
zh_ja_022,translation_control,translation_011387,8.886501387600156,2.694341360708601
zh_ja_022,translation_control,translation_021074,8.974817931720624,2.694341360708601
zh_ja_022,translation_control,translation_022764,9.02217424020018,2.694341360708601
zh_ja_022,translation_control,translation_008329,9.065832991384482,2.694341360708601
zh_ja_022,translation_control,translation_021841,9.082773110800382,2.694341360708601
zh_ja_022,translation_control,translation_009111,9.226136918526294,2.694341360708601
zh_ja_022,translation_control,translation_004603,9.277593600981222,2.694341360708601
zh_ja_022,translation_control,translation_004601,9.30300551365361,2.694341360708601
zh_ja_022,translation_control,translation_000250,9.316623066263702,2.694341360708601
zh_ja_022,translation_control,translation_013584,9.326465364149692,2.694341360708601
zh_ja_022,translation_control,translation_015639,9.416697903143856,2.694341360708601
zh_ja_022,translation_control,translation_008927,9.439152487065767,2.694341360708601
zh_ja_022,translation_control,translation_015641,9.454015888491053,2.694341360708601
zh_ja_022,translation_control,translation_009059,9.485787835678941,2.694341360708601
zh_ja_022,translation_control,translation_020959,9.568721669149038,2.694341360708601
zh_ja_022,translation_control,translation_022310,9.621404924849733,2.694341360708601
zh_ja_022,translation_control,translation_019454,9.688173551922855,2.694341360708601
zh_ja_022,translation_control,translation_006654,9.689810052068484,2.694341360708601
zh_ja_022,translation_control,translation_014660,9.693027193843822,2.694341360708601
zh_ja_022,translation_control,translation_008926,9.696459555616492,2.694341360708601
zh_ja_022,translation_control,translation_001481,9.697082451624615,2.694341360708601
zh_ja_022,translation_control,translation_009060,9.725077549772118,2.694341360708601
zh_ja_022,translation_control,translation_003953,9.731299902248661,2.694341360708601
zh_ja_022,translation_control,translation_020960,9.762252848114962,2.694341360708601
zh_ja_022,translation_control,translation_023596,9.829118431716548,2.694341360708601
zh_ja_022,translation_control,translation_023595,9.850527823093946,2.694341360708601
zh_ja_022,translation_control,translation_006653,9.900189029751875,2.694341360708601
zh_ja_022,translation_control,translation_014662,10.034056308523404,2.694341360708601
zh_ja_022,translation_control,translation_015630,10.043743816239932,2.694341360708601
zh_ja_022,translation_control,translation_015628,10.078960930959255,2.694341360708601
zh_ja_022,translation_control,translation_014291,10.079298315148536,2.694341360708601
zh_ja_022,translation_control,translation_008382,10.098682463451054,2.694341360708601
zh_ja_022,translation_control,translation_004080,10.183419206453863,2.694341360708601
zh_ja_022,translation_control,translation_020126,10.204363145697808,2.694341360708601
zh_ja_022,translation_control,translation_020133,10.21451055902456,2.694341360708601
zh_ja_022,translation_control,translation_001752,10.232318457183155,2.694341360708601
zh_ja_022,translation_control,translation_014545,10.247789810629053,2.694341360708601
zh_ja_022,translation_control,translation_004600,10.279656100944782,2.694341360708601
zh_ja_022,translation_control,translation_009109,10.314491211679266,2.694341360708601
zh_ja_022,translation_control,translation_021374,10.320913541240978,2.694341360708601
zh_ja_022,translation_control,translation_004714,10.323420507611837,2.694341360708601
zh_ja_022,translation_control,translation_022614,10.328030646227392,2.694341360708601
zh_ja_022,translation_control,translation_008376,10.37805245669459,2.694341360708601
zh_ja_022,translation_control,translation_023062,10.384257081166556,2.694341360708601
zh_ja_022,translation_control,translation_023593,10.392493915697802,2.694341360708601
zh_ja_022,translation_control,translation_021837,10.441859833151556,2.694341360708601
zh_ja_022,translation_control,translation_010692,10.447779989228732,2.694341360708601
zh_ja_022,translation_control,translation_009108,10.464821996894226,2.694341360708601
zh_ja_022,translation_control,translation_020134,10.472867468868898,2.694341360708601
zh_ja_022,translation_control,translation_016825,10.491330275987442,2.694341360708601
zh_ja_022,translation_control,translation_004713,10.510990133634113,2.694341360708601
zh_ja_022,translation_control,translation_006935,10.54952397758415,2.694341360708601
zh_ja_022,translation_control,translation_022768,10.572593053263704,2.694341360708601
zh_ja_022,translation_control,translation_015284,10.724913581578365,2.694341360708601
zh_ja_022,translation_control,translation_008372,10.73416757586778,2.694341360708601
zh_ja_022,translation_control,translation_008374,10.783240068574226,2.694341360708601
zh_ja_022,translation_control,translation_006175,10.799557301301725,2.694341360708601
zh_ja_022,translation_control,translation_020601,10.817611643693516,2.694341360708601
zh_ja_022,translation_control,translation_023304,10.825387487196544,2.694341360708601
zh_ja_022,translation_control,translation_021106,10.858757762901096,2.694341360708601
zh_ja_022,translation_control,translation_022765,10.878775449207765,2.694341360708601
zh_ja_022,translation_control,translation_011344,10.921459642950804,2.694341360708601
zh_ja_022,translation_control,translation_006176,10.928316972839927,2.694341360708601
zh_ja_022,translation_control,translation_011418,10.941740382744275,2.694341360708601
zh_ja_022,translation_control,translation_008330,10.9515608647015,2.694341360708601
zh_ja_022,translation_control,translation_006177,10.968299648376192,2.694341360708601
zh_ja_022,translation_control,translation_021666,11.017565618902958,2.694341360708601
zh_ja_022,translation_control,translation_005918,11.027249126867384,2.694341360708601
zh_ja_022,translation_control,translation_001483,11.038530755961094,2.694341360708601
zh_ja_022,translation_control,translation_008370,11.093034021099617,2.694341360708601
zh_ja_022,translation_control,translation_004711,11.100094328601628,2.694341360708601
zh_ja_022,translation_control,translation_010212,11.100163462248783,2.694341360708601
zh_ja_022,translation_control,translation_009061,11.12825594438254,2.694341360708601
zh_ja_022,translation_control,translation_022763,11.129216787410428,2.694341360708601
zh_ja_022,translation_control,translation_017232,11.309405248938894,2.694341360708601
zh_ja_022,translation_control,translation_017233,11.311031196793117,2.694341360708601
zh_ja_022,translation_control,translation_015640,11.31690627599253,2.694341360708601
zh_ja_022,translation_control,translation_017231,11.348417884218161,2.694341360708601
zh_ja_022,translation_control,translation_000261,11.35587971312177,2.694341360708601
zh_ja_022,translation_control,translation_003420,11.397017404902746,2.694341360708601
zh_ja_022,translation_control,translation_020956,11.4188929555058,2.694341360708601
zh_ja_022,translation_control,translation_018765,11.431178701201016,2.694341360708601
zh_ja_022,translation_control,translation_018763,11.471580671831585,2.694341360708601
zh_ja_022,translation_control,translation_023064,11.483489438677491,2.694341360708601
zh_ja_022,translation_control,translation_020953,11.524675211220234,2.694341360708601
zh_ja_022,translation_control,translation_008128,11.542969503103027,2.694341360708601
zh_ja_023,translation_control,translation_000435,0.06935718984598765,0.1870504648472962
zh_ja_023,translation_control,translation_023563,0.07476271223369424,0.2137719598254795
zh_ja_023,translation_control,translation_012891,0.10247819806869335,0.256269009694841
zh_ja_023,translation_control,translation_012892,0.10247819806869335,0.256269009694841
zh_ja_023,translation_control,translation_006160,0.14646384700663004,0.3274548457211853
zh_ja_023,translation_control,translation_014645,0.2004097726835036,0.330309722259201
zh_ja_023,translation_control,translation_000440,0.2019408922240845,0.3844035145422609
zh_ja_023,translation_control,translation_008037,0.2250223745201982,0.3559291801317224
zh_ja_023,translation_control,translation_020937,0.2503780129896658,0.4271150161580667
zh_ja_023,translation_control,translation_011704,0.2836135708305526,0.37293033158296923
zh_ja_023,translation_control,translation_019505,0.2872662949486573,0.4555893505686051
zh_ja_023,translation_control,translation_006503,0.287756336594428,0.3844035145422609
zh_ja_023,translation_control,translation_020938,0.33266732058489407,0.4271150161580667
zh_ja_023,translation_control,translation_014644,0.3388269265869103,0.42620609323767994
zh_ja_023,translation_control,translation_017758,0.346154025060208,0.41555094090673844
zh_ja_023,translation_control,translation_001472,0.38346644486976167,0.5210691520746089
zh_ja_023,translation_control,translation_008794,0.4333060453809937,0.5552495210054879
zh_ja_023,translation_control,translation_017848,0.4474611264709933,0.5077084045855166
zh_ja_023,translation_control,translation_013934,0.5210793531929256,0.5552495210054879
zh_ja_023,translation_control,translation_019508,0.5695048376363654,0.5878728895200719
zh_ja_023,translation_control,translation_006159,0.5867974418952284,0.5647230735399257
zh_ja_023,translation_control,translation_023097,0.6091198508583348,0.6413158794764421
zh_ja_023,translation_control,translation_016303,0.6274268567951784,0.6833840258529077
zh_ja_023,translation_control,translation_012263,0.6436268312067538,0.5979610226212936
zh_ja_023,translation_control,translation_006917,0.6897513703985675,0.6680373744546265
zh_ja_023,translation_control,translation_012265,0.6989149076398959,0.6406725242371006
zh_ja_023,translation_control,translation_008854,0.717628270676405,0.7260955274687135
zh_ja_023,translation_control,translation_023561,0.7301046116571771,0.6680373744546265
zh_ja_023,translation_control,translation_006916,0.7475113903706627,0.6947588694328111
zh_ja_023,translation_control,translation_003565,0.7724729436947168,0.7403326946739833
zh_ja_023,translation_control,translation_011642,0.8630076572970932,0.797281363495059
zh_ja_023,translation_control,translation_011703,0.8632268253300803,0.6819297491802869
zh_ja_023,translation_control,translation_011794,0.8976981775733451,0.8115185307003275
zh_ja_023,translation_control,translation_001175,0.9085289206206313,0.8115185307003275
zh_ja_023,translation_control,translation_012168,0.920396269909405,0.8115185307003275
zh_ja_023,translation_control,translation_001174,0.9272060700877809,0.8115185307003275
zh_ja_023,translation_control,translation_022759,0.9557609760950818,0.7545698618792519
zh_ja_023,translation_control,translation_012140,0.9573152996583929,0.8115185307003275
zh_ja_023,translation_control,translation_022758,1.003253870277128,0.7545698618792519
zh_ja_023,translation_control,translation_011121,1.0751924104202795,0.7830441962897892
zh_ja_023,translation_control,translation_009103,1.088703055606571,0.8827043667266719
zh_ja_023,translation_control,translation_000416,1.121146676274839,0.8257556979055962
zh_ja_023,translation_control,translation_000417,1.121146676274839,0.8257556979055962
zh_ja_023,translation_control,translation_015184,1.131349088504857,0.8827043667266719
zh_ja_023,translation_control,translation_017330,1.1549157283137805,0.9254158683424789
zh_ja_023,translation_control,translation_015183,1.175979421231349,0.8827043667266719
zh_ja_023,translation_control,translation_012269,1.212967516424969,0.9254158683424789
zh_ja_023,translation_control,translation_017097,1.2598905958141489,0.968127369958286
zh_ja_023,translation_control,translation_013483,1.2604474310008587,0.8827043667266719
zh_ja_023,translation_control,translation_002316,1.2765697255417516,0.8827043667266719
zh_ja_023,translation_control,translation_005331,1.3038680343158886,0.8542300323161346
zh_ja_023,translation_control,translation_023096,1.3390108531796054,0.8417570341444172
zh_ja_023,translation_control,translation_022977,1.373832531013546,0.9966017043688231
zh_ja_023,translation_control,translation_000255,1.4131852095372583,0.8630673388063017
zh_ja_023,translation_control,translation_011579,1.4599599908970573,1.0250760387793616
zh_ja_023,translation_control,translation_013379,1.4830580501120911,0.895032795799127
zh_ja_023,translation_control,translation_014641,1.485336926710561,0.8550878393019216
zh_ja_023,translation_control,translation_005031,1.4899977893056147,1.0535503731898987
zh_ja_023,translation_control,translation_018946,1.5124323210417987,1.0535503731898987
zh_ja_023,translation_control,translation_017328,1.5552327438779403,0.9254158683424789
zh_ja_023,translation_control,translation_006158,1.5725445044140804,0.895032795799127
zh_ja_023,translation_control,translation_013378,1.6553449376851923,0.9483085574538367
zh_ja_023,translation_control,translation_010551,1.66146951231545,1.0535503731898987
zh_ja_023,translation_control,translation_002082,1.70001320381026,0.9483085574538367
zh_ja_023,translation_control,translation_012167,1.709303933910646,0.937653405122895
zh_ja_023,translation_control,translation_012271,1.723329442358267,1.124736209216243
zh_ja_023,translation_control,translation_015187,1.7441819208602019,0.9753345667037553
zh_ja_023,translation_control,translation_017327,1.7480690181550347,0.9254158683424789
zh_ja_023,translation_control,translation_003524,1.7585991933116074,0.9823645371635545
zh_ja_023,translation_control,translation_005028,1.8229860327168628,1.0535503731898987
zh_ja_023,translation_control,translation_012088,1.8545043599354698,1.0250760387793616
zh_ja_023,translation_control,translation_007376,1.8694542880949134,0.9696188621157211
zh_ja_023,translation_control,translation_005027,1.884783993069552,1.0535503731898987
zh_ja_023,translation_control,translation_007031,1.895594272606536,0.9538902027530161
zh_ja_023,translation_control,translation_014647,1.9447397156252924,1.3713447666996341
zh_ja_023,translation_control,translation_023562,1.9752080268252439,1.3713447666996341
zh_ja_023,translation_control,translation_006052,2.002600298839876,1.124736209216243
zh_ja_023,translation_control,translation_002774,2.013118159384814,1.2243963796531256
zh_ja_023,translation_control,translation_007384,2.0577031260401855,1.0122394714394891
zh_ja_023,translation_control,translation_010533,2.059451710957516,1.3713447666996341
zh_ja_023,translation_control,translation_010550,2.0752782363403863,1.0535503731898987
zh_ja_023,translation_control,translation_006505,2.0877883867692084,1.3713447666996341
zh_ja_023,translation_control,translation_005328,2.113951799342441,1.054860080763257
zh_ja_023,translation_control,translation_000353,2.1379967544033995,1.0442049284323154
zh_ja_023,translation_control,translation_006918,2.1381423458386104,1.3713447666996341
zh_ja_023,translation_control,translation_021288,2.140313196941344,1.3713447666996341
zh_ja_023,translation_control,translation_003627,2.1452364833668014,1.16744771083205
zh_ja_023,translation_control,translation_022232,2.1522276933075437,1.2386335468583942
zh_ja_023,translation_control,translation_017600,2.1647319013768644,1.16744771083205
zh_ja_023,translation_control,translation_021291,2.201716747588114,1.3713447666996341
zh_ja_023,translation_control,translation_014537,2.2086567563750332,1.0868255377560825
zh_ja_023,translation_control,translation_005910,2.232179374804206,1.2243963796531256
zh_ja_023,translation_control,translation_002465,2.232974926770798,1.0962618748057058
zh_ja_023,translation_control,translation_002113,2.2409356683471437,1.0868255377560825
zh_ja_023,translation_control,translation_003626,2.2709702467670674,1.16744771083205
zh_ja_023,translation_control,translation_011125,2.2939701669130868,1.16744771083205
zh_ja_023,translation_control,translation_009690,2.3059765855731675,1.0761703854251408
zh_ja_023,translation_control,translation_015607,2.321541672869912,1.1187909947489088
zh_ja_023,translation_control,translation_003233,2.3375830225316,1.1187909947489088
zh_ja_023,translation_control,translation_009249,2.3395023623222837,1.2528707140636628
zh_ja_024,translation_control,translation_002968,0.39514013559219835,0.4943476570964238
zh_ja_024,translation_control,translation_015403,0.49390199154148673,0.507708404585516
zh_ja_024,translation_control,translation_022971,0.6098344788946588,0.575378225870867
zh_ja_024,translation_control,translation_002967,0.6305847963534277,0.5860333782018092
zh_ja_024,translation_control,translation_004943,0.9093942975605531,0.7032400538421715
zh_ja_024,translation_control,translation_011255,1.0508209599872051,0.7565158154968812
zh_ja_024,translation_control,translation_022213,1.098497211660534,0.745860663165939
zh_ja_024,translation_control,translation_017631,1.3994807564273293,0.9486130717255696
zh_ja_024,translation_control,translation_017592,1.7556656923348757,0.9619738192146619
zh_ja_024,translation_control,translation_013211,1.8847839930695474,1.0535503731898974
zh_ja_024,translation_control,translation_021205,2.0222314820470784,1.15321054362678
zh_ja_024,translation_control,translation_005117,2.1578948181334887,1.0548600807632573
zh_ja_024,translation_control,translation_011857,2.3077161745120014,1.2528707140636628
zh_ja_024,translation_control,translation_011284,2.5649170396923804,1.3713447666996341
zh_ja_024,translation_control,translation_023064,2.611250701060623,1.1959220452425872
zh_ja_024,translation_control,translation_012763,2.92485531663747,1.3713447666996341
zh_ja_024,translation_control,translation_003896,3.009304497451358,1.2679631273820962
zh_ja_024,translation_control,translation_004321,3.0207953778519094,1.3713447666996341
zh_ja_024,translation_control,translation_009113,3.061438173215904,1.5091397237585027
zh_ja_024,translation_control,translation_022193,3.1320476920518727,1.5233768909637713
zh_ja_024,translation_control,translation_009061,3.1387926760987037,1.4379538877321585
zh_ja_024,translation_control,translation_015401,3.1642720786432026,1.4964037187783636
zh_ja_024,translation_control,translation_023304,3.1814048093613323,1.2955822156794687
zh_ja_024,translation_control,translation_004261,3.240081777575502,1.3713447666996341
zh_ja_024,translation_control,translation_021683,3.3780928670563313,1.3713447666996341
zh_ja_024,translation_control,translation_010173,3.562487097488469,1.3713447666996341
zh_ja_024,translation_control,translation_006935,3.629891187746166,1.3425491936986904
zh_ja_024,translation_control,translation_018765,3.6997458975402404,1.4171352600152838
zh_ja_024,translation_control,translation_017236,3.7153788531827194,1.3713447666996341
zh_ja_024,translation_control,translation_006177,3.809869134589588,1.4277904123462264
zh_ja_024,translation_control,translation_020134,3.9490180133641233,1.4277904123462255
zh_ja_024,translation_control,translation_012646,3.962072211478367,1.523125213756548
zh_ja_024,translation_control,translation_006176,3.9658987887994135,1.4597558693390518
zh_ja_024,translation_control,translation_005918,4.003252174419195,1.4704110216699935
zh_ja_024,translation_control,translation_015630,4.064706589301618,1.5518512253743098
zh_ja_024,translation_control,translation_005921,4.15321156204644,1.3713447666996341
zh_ja_024,translation_control,translation_015411,4.409973053902992,1.992421343035447
zh_ja_024,translation_control,translation_006772,4.420027536051791,1.481066174000936
zh_ja_024,translation_control,translation_017591,4.427475675965402,1.3713447666996341
zh_ja_024,translation_control,translation_012267,4.439773624153666,1.992421343035447
zh_ja_024,translation_control,translation_020224,4.481891856979422,1.3713447666996341
zh_ja_024,translation_control,translation_020960,4.5841789769456565,1.5023764786628206
zh_ja_024,translation_control,translation_022214,4.599536239333583,1.9544559353475912
zh_ja_024,translation_control,translation_009060,4.61046178443099,1.5023764786628198
zh_ja_024,translation_control,translation_022970,4.635055790921266,1.9544559353475912
zh_ja_024,translation_control,translation_023062,4.648215619487192,1.576962544979414
zh_ja_024,translation_control,translation_003537,4.725370161804474,1.3713447666996341
zh_ja_024,translation_control,translation_017233,4.755672371608908,1.60892800197224
zh_ja_024,translation_control,translation_022415,4.757184157978482,1.3713447666996341
zh_ja_024,translation_control,translation_020944,4.795624797801073,1.992421343035447
zh_ja_024,translation_control,translation_009339,4.836412782669621,1.992421343035447
zh_ja_024,translation_control,translation_008927,4.878745637393663,1.6942228974269982
zh_ja_024,translation_control,translation_017232,4.950058753500775,1.6408934589650654
zh_ja_024,translation_control,translation_007141,5.01401165566617,1.992421343035447
zh_ja_024,translation_control,translation_005920,5.0471084883667565,1.3713447666996341
zh_ja_024,translation_control,translation_021106,5.074292894757662,1.66220376362695
zh_ja_024,translation_control,translation_007574,5.1113733543356625,1.992421343035447
zh_ja_024,translation_control,translation_020943,5.218285096032504,1.992421343035447
zh_ja_024,translation_control,translation_020959,5.240034560212806,1.6408934589650663
zh_ja_024,translation_control,translation_012650,5.2547827195132015,1.4028784863547155
zh_ja_024,translation_control,translation_020133,5.258759741488539,1.6835140682888334
zh_ja_024,translation_control,translation_014056,5.263536087893739,1.992421343035447
zh_ja_024,translation_control,translation_004401,5.312070743529022,1.66220376362695
zh_ja_024,translation_control,translation_008372,5.3379686923755045,1.704824372950718
zh_ja_024,translation_control,translation_016951,5.407775689755894,1.3713447666996341
zh_ja_024,translation_control,translation_007572,5.462207297170231,1.992421343035447
zh_ja_024,translation_control,translation_006175,5.470575198478661,1.7261346776126014
zh_ja_024,translation_control,translation_009059,5.4819086055656845,1.6835140682888343
zh_ja_024,translation_control,translation_004416,5.495421658353731,1.992421343035447
zh_ja_024,translation_control,translation_014560,5.605286263764475,1.651548611296008
zh_ja_024,translation_control,translation_023596,5.64426157122131,1.7367898299435442
zh_ja_024,translation_control,translation_000479,5.674424270885812,1.4171352600152847
zh_ja_024,translation_control,translation_009919,5.688069460093715,1.992421343035447
zh_ja_024,translation_control,translation_017231,5.707783264515721,1.7581001346054277
zh_ja_024,translation_control,translation_015641,5.711486431372582,1.7261346776126014
zh_ja_024,translation_control,translation_004941,5.72544084694891,1.3745146506915167
zh_ja_024,translation_control,translation_000655,5.725507339907439,1.7261346776126023
zh_ja_024,translation_control,translation_021686,5.7513860209550725,1.9544559353475912
zh_ja_024,translation_control,translation_008376,5.754626867663612,1.7687552869363703
zh_ja_024,translation_control,translation_013107,5.791059583639933,1.9544559353475912
zh_ja_024,translation_control,translation_021074,5.794014739953235,1.6728589159578917
zh_ja_024,translation_control,translation_020601,5.815316757113946,1.7794104392673122
zh_ja_024,translation_control,translation_021374,5.82628350128688,1.7794104392673122
zh_ja_024,translation_control,translation_004259,5.840880554453234,1.747444982274486
zh_ja_024,translation_control,translation_012640,5.843296560329698,1.8571439009838613
zh_ja_024,translation_control,translation_015626,5.858288829352444,2.157116970237018
zh_ja_024,translation_control,translation_012649,5.860335195169672,1.9544559353475912
zh_ja_024,translation_control,translation_004714,5.894127910906434,1.790065591598254
zh_ja_024,translation_control,translation_017588,5.90016449514508,1.8304224060056768
zh_ja_024,translation_control,translation_008950,5.91116525900028,1.9544559353475912
zh_ja_024,translation_control,translation_009111,5.93157287704614,1.747444982274486
zh_ja_024,translation_control,translation_017906,5.940890688538691,1.992421343035447
zh_ja_024,translation_control,translation_007571,6.001580285488146,1.992421343035447
zh_ja_024,translation_control,translation_017589,6.032123581360839,1.523125213756548
zh_ja_024,translation_control,translation_017594,6.032488893840465,1.9544559353475912
zh_ja_024,translation_control,translation_011257,6.044858072505411,1.9544559353475912
zh_ja_024,translation_control,translation_015405,6.066045428987579,1.9544559353475912
zh_ja_024,translation_control,translation_011279,6.075263408075708,1.438445564677168
zh_ja_024,translation_control,translation_005119,6.093713979786266,1.9544559353475912
zh_ja_024,translation_control,translation_021682,6.101725938297328,1.5364859612456403
zh_ja_027,translation_control,translation_007137,0.0008353355882803513,0.021310304661883436
zh_ja_027,translation_control,translation_019609,0.05403864867451448,0.19932034087376474
zh_ja_027,translation_control,translation_014979,0.3418099567354714,0.49830085218441156
zh_ja_027,translation_control,translation_015297,0.6051608979827637,0.6546766269655337
zh_ja_027,translation_control,translation_009384,0.6980691927522253,0.5979610226212936
zh_ja_027,translation_control,translation_010958,1.1465586681675943,0.788481272489707
zh_ja_027,translation_control,translation_005875,1.2154547533695197,0.9218915767473845
zh_ja_027,translation_control,translation_005884,1.3328010759595903,0.9218915767473845
zh_ja_027,translation_control,translation_010959,1.6945870750437328,0.9483085574538371
zh_ja_027,translation_control,translation_019349,1.7240815481104397,1.095581294105588
zh_ja_027,translation_control,translation_019344,1.904983685378351,1.3713447666996341
zh_ja_027,translation_control,translation_019348,2.2358310010939233,1.095581294105588
zh_ja_027,translation_control,translation_018317,2.6270544040054484,1.2959925064419757
zh_ja_027,translation_control,translation_001262,2.855432397126182,1.2692710114637902
zh_ja_027,translation_control,translation_020547,2.905925217746373,1.3713447666996341
zh_ja_027,translation_control,translation_001897,2.935320958351484,1.3713447666996341
zh_ja_027,translation_control,translation_002822,3.5186749122050074,1.3713447666996341
zh_ja_027,translation_control,translation_001908,4.0584385298262,1.7369343990428059
zh_ja_027,translation_control,translation_019370,4.294938091065241,1.3713447666996341
zh_ja_027,translation_control,translation_010373,5.374966925824884,1.3713447666996341
zh_ja_027,translation_control,translation_011303,6.034181641380986,1.4597558693390527
zh_ja_027,translation_control,translation_011151,6.194507639904344,1.7101756786038438
zh_ja_027,translation_control,translation_009836,6.850697913363273,1.9544559353475912
zh_ja_027,translation_control,translation_002821,7.557936305740142,1.9544559353475912
zh_ja_027,translation_control,translation_019342,7.597780860624823,2.1109981032766205
zh_ja_027,translation_control,translation_010956,8.69639217682056,2.4316560430148404
zh_ja_027,translation_control,translation_019608,8.823571470061951,2.7867908789614715
zh_ja_027,translation_control,translation_019272,9.459921819877668,2.157116970237018
zh_ja_027,translation_control,translation_015664,9.683786529842578,2.7867908789614715
zh_ja_027,translation_control,translation_011680,10.137509583656268,2.7426895333992682
zh_ja_027,translation_control,translation_019340,10.758900240312862,2.7867908789614715
zh_ja_027,translation_control,translation_014975,10.843286013685557,2.7867908789614715
zh_ja_027,translation_control,translation_013371,11.960340301209925,2.7867908789614715
zh_ja_027,translation_control,translation_019338,14.039363717195679,2.7867908789614715
zh_ja_027,translation_control,translation_001904,14.065218956635196,2.7867908789614715
zh_ja_027,translation_control,translation_019335,14.066401365713812,2.7867908789614715
zh_ja_027,translation_control,translation_008778,14.872506821978,2.7867908789614715
zh_ja_027,translation_control,translation_010254,15.465561642341527,2.7867908789614715
zh_ja_027,translation_control,translation_005869,16.021792565371943,2.7867908789614715
zh_ja_027,translation_control,translation_019334,16.105496803980966,2.7867908789614715
zh_ja_027,translation_control,translation_002111,16.91439704514838,2.7867908789614715
zh_ja_027,translation_control,translation_002818,17.095603126061437,2.7867908789614715
zh_ja_027,translation_control,translation_005872,17.601971249426605,2.7867908789614715
zh_ja_027,translation_control,translation_013369,17.821931386193846,2.7867908789614715
zh_ja_027,translation_control,translation_020548,17.82250626123009,2.7867908789614715
zh_ja_027,translation_control,translation_002812,17.94612763146376,2.7867908789614715
zh_ja_027,translation_control,translation_016370,18.207758645013303,2.7867908789614715
zh_ja_027,translation_control,translation_015291,18.231333752021996,2.7867908789614715
zh_ja_027,translation_control,translation_016372,18.637562386179344,2.7867908789614715
zh_ja_027,translation_control,translation_018659,18.821243109124538,2.7867908789614715
zh_ja_027,translation_control,translation_013368,18.976591330960634,2.7867908789614715
zh_ja_027,translation_control,translation_021981,18.99022319074377,2.7867908789614715
zh_ja_027,translation_control,translation_021980,19.109030227124443,2.7867908789614715
zh_ja_027,translation_control,translation_002810,19.21618421933052,2.7867908789614715
zh_ja_027,translation_control,translation_003442,19.227579912484206,2.7867908789614715
zh_ja_027,translation_control,translation_020314,20.259348234235183,2.7867908789614715
zh_ja_027,translation_control,translation_016371,20.594652032034723,2.7867908789614715
zh_ja_027,translation_control,translation_015288,20.653103465444648,2.7867908789614715
zh_ja_027,translation_control,translation_005866,21.020779702754695,2.7867908789614715
zh_ja_027,translation_control,translation_002817,21.054256607047716,2.7867908789614715
zh_ja_027,translation_control,translation_020313,21.234675046078216,2.7867908789614715
zh_ja_027,translation_control,translation_013609,21.487409478313225,2.7867908789614715
zh_ja_027,translation_control,translation_002814,21.766398095029803,2.7867908789614715
zh_ja_027,translation_control,translation_002811,21.883209980922874,2.7867908789614715
zh_ja_027,translation_control,translation_001915,22.115674273361293,2.7867908789614715
zh_ja_027,translation_control,translation_021673,22.168639659891227,2.7867908789614715
zh_ja_027,translation_control,translation_001916,22.175465148889945,2.7867908789614715
zh_ja_027,translation_control,translation_001917,22.282673972862696,2.7867908789614715
zh_ja_027,translation_control,translation_013365,23.03268242217873,2.7867908789614715
zh_ja_027,translation_control,translation_002809,23.38283375231477,2.7867908789614715
zh_ja_027,translation_control,translation_013608,23.40999155084653,2.7867908789614715
zh_ja_027,translation_control,translation_013356,23.48839788596052,2.7867908789614715
zh_ja_027,translation_control,translation_013366,23.5993182726584,2.7867908789614715
zh_ja_027,translation_control,translation_013362,24.118193573989164,2.7867908789614715
zh_ja_027,translation_control,translation_002813,25.706886412624787,2.7867908789614715
zh_ja_027,translation_control,translation_013359,25.91722407036704,2.7867908789614715
zh_ja_027,translation_control,translation_013354,26.312773651920324,2.7867908789614715
zh_ja_027,translation_control,translation_021976,26.73043479628193,2.7867908789614715
zh_ja_027,translation_control,translation_002808,27.291533033974993,2.7867908789614715
zh_ja_027,translation_control,translation_013363,27.615446004415652,2.7867908789614715
zh_ja_027,translation_control,translation_013353,28.157544894370105,2.83319627384851
zh_ja_027,translation_control,translation_013360,28.22139684269596,2.7867908789614715
zh_ja_027,translation_control,translation_004195,28.652512558304068,2.7867908789614715
zh_ja_027,translation_control,translation_021977,28.746034458378126,2.7867908789614715
zh_ja_027,translation_control,translation_014974,28.830701319150315,3.3314971260329225
zh_ja_027,translation_control,translation_014985,28.862379345646158,3.3224232731079275
zh_ja_027,translation_control,translation_014703,29.048414978508163,5.388682721417202
zh_ja_027,translation_control,translation_007731,29.050093594963734,5.388682721417202
zh_ja_027,translation_control,translation_019485,29.054803476284313,5.388682721417202
zh_ja_027,translation_control,translation_004311,29.068655715503652,5.388682721417202
zh_ja_027,translation_control,translation_013428,29.071300452151746,5.388682721417202
zh_ja_027,translation_control,translation_022912,29.081247905481852,5.388682721417202
zh_ja_027,translation_control,translation_006137,29.09363281516668,5.388682721417202
zh_ja_027,translation_control,translation_011358,29.097371480211898,5.388682721417202
zh_ja_027,translation_control,translation_004785,29.098495405394058,5.388682721417202
zh_ja_027,translation_control,translation_020011,29.105939116085025,5.388682721417202
zh_ja_027,translation_control,translation_005511,29.1079117205735,5.388682721417202
zh_ja_027,translation_control,translation_005510,29.11261794678592,5.388682721417202
zh_ja_027,translation_control,translation_017675,29.11729227126804,5.388682721417202
zh_ja_027,translation_control,translation_002179,29.12722497059901,5.388682721417202
zh_ja_028,translation_control,translation_009906,7.268227966054829,2.694341360708601
zh_ja_028,translation_control,translation_009907,7.272512195818043,2.694341360708601
zh_ja_028,translation_control,translation_008337,7.309862938314114,2.694341360708601
zh_ja_028,translation_control,translation_013673,7.42937711739698,2.694341360708601
zh_ja_028,translation_control,translation_021152,7.4353768799980156,2.694341360708601
zh_ja_028,translation_control,translation_002158,7.54417105212765,2.694341360708601
zh_ja_028,translation_control,translation_013835,7.564090645999508,2.694341360708601
zh_ja_028,translation_control,translation_003369,7.591479789495638,2.694341360708601
zh_ja_028,translation_control,translation_010959,7.599942944656332,2.694341360708601
zh_ja_028,translation_control,translation_023132,7.6263981985203495,2.694341360708601
zh_ja_028,translation_control,translation_004628,7.688352671483017,2.694341360708601
zh_ja_028,translation_control,translation_000009,7.7006545155842225,2.694341360708601
zh_ja_028,translation_control,translation_015494,7.7505153058864575,2.694341360708601
zh_ja_028,translation_control,translation_002722,7.766568721840316,2.694341360708601
zh_ja_028,translation_control,translation_020641,7.780731949375643,2.694341360708601
zh_ja_028,translation_control,translation_010958,7.892930967608493,2.694341360708601
zh_ja_028,translation_control,translation_002604,7.9161141677079545,2.694341360708601
zh_ja_028,translation_control,translation_002956,7.977237643738571,2.694341360708601
zh_ja_028,translation_control,translation_016859,7.997125688261833,2.694341360708601
zh_ja_028,translation_control,translation_017214,8.03257138089628,2.694341360708601
zh_ja_028,translation_control,translation_010261,8.049875022030964,2.694341360708601
zh_ja_028,translation_control,translation_014707,8.054058604231118,2.694341360708601
zh_ja_028,translation_control,translation_016830,8.142901948130259,2.694341360708601
zh_ja_028,translation_control,translation_018461,8.222073697342141,2.694341360708601
zh_ja_028,translation_control,translation_007263,8.297282176757564,2.694341360708601
zh_ja_028,translation_control,translation_017713,8.358695830947193,2.694341360708601
zh_ja_028,translation_control,translation_005158,8.373442970351292,2.694341360708601
zh_ja_028,translation_control,translation_002325,8.41781873569299,2.694341360708601
zh_ja_028,translation_control,translation_023779,8.535493619787287,2.694341360708601
zh_ja_028,translation_control,translation_007262,8.553268647735639,2.694341360708601
zh_ja_028,translation_control,translation_018471,8.586335667239382,2.694341360708601
zh_ja_028,translation_control,translation_005157,8.63578724851632,2.694341360708601
zh_ja_028,translation_control,translation_009384,8.675601337297199,2.694341360708601
zh_ja_028,translation_control,translation_020848,8.677944767541417,2.694341360708601
zh_ja_028,translation_control,translation_004786,8.689298105479581,2.694341360708601
zh_ja_028,translation_control,translation_002387,8.75859991318746,2.694341360708601
zh_ja_028,translation_control,translation_018847,8.788302739768753,2.694341360708601
zh_ja_028,translation_control,translation_003244,8.819946969761062,2.694341360708601
zh_ja_028,translation_control,translation_017646,8.833943255285718,2.694341360708601
zh_ja_028,translation_control,translation_020082,8.845799750612732,2.694341360708601
zh_ja_028,translation_control,translation_021314,8.970830062128847,2.694341360708601
zh_ja_028,translation_control,translation_017252,8.986597920783396,2.694341360708601
zh_ja_028,translation_control,translation_006121,9.016625282356522,2.694341360708601
zh_ja_028,translation_control,translation_021151,9.163722361928968,2.694341360708601
zh_ja_028,translation_control,translation_023131,9.254629851895963,2.694341360708601
zh_ja_028,translation_control,translation_022929,9.380711419508815,2.694341360708601
zh_ja_028,translation_control,translation_019057,9.416753660822735,2.694341360708601
zh_ja_028,translation_control,translation_003737,9.417370186158562,2.694341360708601
zh_ja_028,translation_control,translation_017213,9.428414095720438,2.694341360708601
zh_ja_028,translation_control,translation_010004,9.433592579227444,2.694341360708601
zh_ja_028,translation_control,translation_003740,9.4370227518429,2.694341360708601
zh_ja_028,translation_control,translation_001719,9.454995204083367,2.694341360708601
zh_ja_028,translation_control,translation_009097,9.476335132530636,2.694341360708601
zh_ja_028,translation_control,translation_001718,9.481345308965142,2.694341360708601
zh_ja_028,translation_control,translation_017645,9.487106726240487,2.694341360708601
zh_ja_028,translation_control,translation_016065,9.522923683885129,2.694341360708601
zh_ja_028,translation_control,translation_010373,9.534782757282892,2.694341360708601
zh_ja_028,translation_control,translation_013423,9.537091140337896,2.694341360708601
zh_ja_028,translation_control,translation_021972,9.55966243401871,2.694341360708601
zh_ja_028,translation_control,translation_020330,9.60089443524371,2.694341360708601
zh_ja_028,translation_control,translation_002603,9.611925775601751,2.694341360708601
zh_ja_028,translation_control,translation_015297,9.625438940493325,2.694341360708601
zh_ja_028,translation_control,translation_015015,9.645353068920535,2.694341360708601
zh_ja_028,translation_control,translation_019271,9.661741333844653,2.694341360708601
zh_ja_028,translation_control,translation_012794,9.672516098488224,2.694341360708601
zh_ja_028,translation_control,translation_019021,9.724034173273536,2.694341360708601
zh_ja_028,translation_control,translation_022933,9.726859279074777,2.694341360708601
zh_ja_028,translation_control,translation_015493,9.734891660580075,2.694341360708601
zh_ja_028,translation_control,translation_004112,9.819936960071182,2.694341360708601
zh_ja_028,translation_control,translation_004785,9.885584644239724,2.694341360708601
zh_ja_028,translation_control,translation_014764,9.89153748788789,2.694341360708601
zh_ja_028,translation_control,translation_006137,9.92701948084736,2.694341360708601
zh_ja_028,translation_control,translation_009100,9.952639338548181,2.694341360708601
zh_ja_028,translation_control,translation_018849,9.997235688065803,2.694341360708601
zh_ja_028,translation_control,translation_022912,10.02188492756287,2.694341360708601
zh_ja_028,translation_control,translation_014389,10.086813798522847,2.694341360708601
zh_ja_028,translation_control,translation_004111,10.100457794125418,2.694341360708601
zh_ja_028,translation_control,translation_005962,10.157503589615894,2.694341360708601
zh_ja_028,translation_control,translation_005543,10.171829363957945,2.694341360708601
zh_ja_028,translation_control,translation_017700,10.205936426021964,2.694341360708601
zh_ja_028,translation_control,translation_011320,10.26241685473645,2.694341360708601
zh_ja_028,translation_control,translation_019485,10.275779308308099,2.694341360708601
zh_ja_028,translation_control,translation_021956,10.31024084458658,2.694341360708601
zh_ja_028,translation_control,translation_007448,10.326896234961733,2.694341360708601
zh_ja_028,translation_control,translation_014979,10.359653121819525,2.694341360708601
zh_ja_028,translation_control,translation_004704,10.370359117473008,2.694341360708601
zh_ja_028,translation_control,translation_013428,10.382540219201468,2.694341360708601
zh_ja_028,translation_control,translation_004311,10.413868325302172,2.694341360708601
zh_ja_028,translation_control,translation_018740,10.451209239517752,2.694341360708601
zh_ja_028,translation_control,translation_020992,10.462581514524674,2.694341360708601
zh_ja_028,translation_control,translation_014706,10.473287117133147,2.694341360708601
zh_ja_028,translation_control,translation_019609,10.473903152543395,2.694341360708601
zh_ja_028,translation_control,translation_014767,10.488226866680282,2.694341360708601
zh_ja_028,translation_control,translation_005544,10.493150583797826,2.694341360708601
zh_ja_028,translation_control,translation_008398,10.494795379871945,2.694341360708601
zh_ja_028,translation_control,translation_005542,10.545734959611238,2.694341360708601
zh_ja_028,translation_control,translation_012795,10.579208522555035,2.694341360708601
zh_ja_028,translation_control,translation_020640,10.59500819266571,2.694341360708601
zh_ja_028,translation_control,translation_011203,10.616081949692372,2.694341360708601
zh_ja_028,translation_control,translation_013783,10.61986127054738,2.694341360708601
zh_ja_029,translation_control,translation_008482,0.21129852833312548,0.34169201292645385
zh_ja_029,translation_control,translation_022885,0.24792369376146878,0.3986406817475295
zh_ja_029,translation_control,translation_019522,0.3283659155449009,0.48098690960733154
zh_ja_029,translation_control,translation_009698,0.38726339432231266,0.5210691520746095
zh_ja_029,translation_control,translation_007720,0.5557184006033339,0.5878728895200719
zh_ja_029,translation_control,translation_012395,0.6088399697808884,0.5647230735399258
zh_ja_029,translation_control,translation_017225,0.8203100012463527,0.7482018593891824
zh_ja_029,translation_control,translation_009697,0.8823542509816626,0.7749233543673669
zh_ja_029,translation_control,translation_016215,0.9668848317124192,0.828366344323737
zh_ja_029,translation_control,translation_020425,1.6389041041032886,0.9753345667037553
zh_ja_029,translation_control,translation_017224,1.8091193588750323,1.095581294105588
zh_ja_029,translation_control,translation_004381,1.8942718608284679,1.095581294105588
zh_ja_029,translation_control,translation_021103,1.925401931444973,1.1959220452425885
zh_ja_029,translation_control,translation_004382,2.5149141543382494,1.3713447666996341
zh_ja_029,translation_control,translation_017196,3.8913439119720903,1.9544559353475912
zh_ja_029,translation_control,translation_017223,4.101354994367599,1.6300111936692896
zh_ja_029,translation_control,translation_015245,4.1285557489170195,1.7101756786038438
zh_ja_029,translation_control,translation_009390,4.139706080789773,1.992421343035447
zh_ja_029,translation_control,translation_004380,4.2410029864949115,1.6300111936692896
zh_ja_029,translation_control,translation_006218,4.274055034028129,1.992421343035447
zh_ja_029,translation_control,translation_021102,4.275830929273557,1.3713447666996341
zh_ja_029,translation_control,translation_006217,4.293167708535761,1.992421343035447
zh_ja_029,translation_control,translation_019997,4.354010234194604,1.992421343035447
zh_ja_029,translation_control,translation_020369,4.4201826525199905,1.992421343035447
zh_ja_029,translation_control,translation_009429,4.495009214910949,1.3713447666996341
zh_ja_029,translation_control,translation_000741,4.590776963234655,1.992421343035447
zh_ja_029,translation_control,translation_012447,4.6265985707328605,1.992421343035447
zh_ja_029,translation_control,translation_019908,4.695508509437932,1.992421343035447
zh_ja_029,translation_control,translation_012506,4.758897450213593,1.992421343035447
zh_ja_029,translation_control,translation_022555,4.804333758070586,1.992421343035447
zh_ja_029,translation_control,translation_008716,4.843285700047726,1.992421343035447
zh_ja_029,translation_control,translation_009511,4.893745830481111,1.992421343035447
zh_ja_029,translation_control,translation_009513,4.974990169931794,1.992421343035447
zh_ja_029,translation_control,translation_006221,5.0853973031503426,1.992421343035447
zh_ja_029,translation_control,translation_012500,5.211875432284945,1.992421343035447
zh_ja_029,translation_control,translation_008715,5.2291343939940536,1.992421343035447
zh_ja_029,translation_control,translation_001885,5.809336504136285,1.9544559353475912
zh_ja_029,translation_control,translation_010422,5.867231281521665,1.992421343035447
zh_ja_029,translation_control,translation_001886,5.877016599187172,1.9544559353475912
zh_ja_029,translation_control,translation_002665,6.023712342696756,1.992421343035447
zh_ja_029,translation_control,translation_016217,6.091601029529951,1.9544559353475912
zh_ja_029,translation_control,translation_009431,6.15385186445661,1.9544559353475912
zh_ja_029,translation_control,translation_017195,6.281967532605839,1.9544559353475912
zh_ja_029,translation_control,translation_005382,6.37124474629371,1.9544559353475912
zh_ja_029,translation_control,translation_020826,6.377458285302206,1.992421343035447
zh_ja_029,translation_control,translation_002666,6.3915122526818635,1.992421343035447
zh_ja_029,translation_control,translation_015243,6.436404205691169,1.9544559353475912
zh_ja_029,translation_control,translation_008258,6.441413245450238,1.9544559353475912
zh_ja_029,translation_control,translation_023469,6.558737044356267,1.992421343035447
zh_ja_029,translation_control,translation_020825,6.641785000907653,1.992421343035447
zh_ja_029,translation_control,translation_017536,6.6685832736958375,1.992421343035447
zh_ja_029,translation_control,translation_015019,6.725655138432057,1.9544559353475912
zh_ja_029,translation_control,translation_022441,6.843708022102025,1.9544559353475912
zh_ja_029,translation_control,translation_015226,6.898477501011911,1.9544559353475912
zh_ja_029,translation_control,translation_017226,6.919696758713567,1.9544559353475912
zh_ja_029,translation_control,translation_008241,6.970818873079489,1.9544559353475912
zh_ja_029,translation_control,translation_015244,7.075451207486821,1.9544559353475912
zh_ja_029,translation_control,translation_015227,7.219383508505816,1.9544559353475912
zh_ja_029,translation_control,translation_015020,7.312085751746708,1.9544559353475912
zh_ja_029,translation_control,translation_020824,7.397326099236047,1.992421343035447
zh_ja_029,translation_control,translation_008242,7.480047541981145,1.9544559353475912
zh_ja_029,translation_control,translation_017303,7.599929687526105,1.9544559353475912
zh_ja_029,translation_control,translation_015016,7.641179373353205,1.9544559353475912
zh_ja_029,translation_control,translation_020732,7.699495960288774,1.992421343035447
zh_ja_029,translation_control,translation_006219,7.904961286737667,1.992421343035447
zh_ja_029,translation_control,translation_016219,8.033763863621305,1.9544559353475912
zh_ja_029,translation_control,translation_019985,8.241657843615888,1.992421343035447
zh_ja_029,translation_control,translation_008714,8.249487373223126,1.992421343035447
zh_ja_029,translation_control,translation_010812,8.265939718947694,1.9544559353475912
zh_ja_029,translation_control,translation_011571,8.458257293044754,1.992421343035447
zh_ja_029,translation_control,translation_008238,8.458545754826353,1.9544559353475912
zh_ja_029,translation_control,translation_016214,8.826071290004688,2.7426895333992682
zh_ja_029,translation_control,translation_020372,8.908685757164644,1.992421343035447
zh_ja_029,translation_control,translation_000507,8.914767541180087,2.7426895333992682
zh_ja_029,translation_control,translation_020426,8.980431540088432,2.157116970237018
zh_ja_029,translation_control,translation_011569,9.343709844675038,1.992421343035447
zh_ja_029,translation_control,translation_002099,9.35749447790313,1.9544559353475912
zh_ja_029,translation_control,translation_020653,9.57301793408271,1.9544559353475912
zh_ja_029,translation_control,translation_017197,9.589166519612577,1.9544559353475912
zh_ja_029,translation_control,translation_016768,9.627028753921785,1.992421343035447
zh_ja_029,translation_control,translation_014287,9.677745300847599,1.992421343035447
zh_ja_029,translation_control,translation_010423,9.691250003197949,1.992421343035447
zh_ja_029,translation_control,translation_020370,9.713572897958883,1.992421343035447
zh_ja_029,translation_control,translation_012845,9.745880897366241,2.157116970237018
zh_ja_029,translation_control,translation_015242,9.781093307328073,2.7426895333992682
zh_ja_029,translation_control,translation_007721,9.7939849626591,1.9544559353475912
zh_ja_029,translation_control,translation_016881,9.823217085596005,1.992421343035447
zh_ja_029,translation_control,translation_010424,9.850667021499342,1.992421343035447
zh_ja_029,translation_control,translation_008718,9.945273535281409,1.992421343035447
zh_ja_029,translation_control,translation_006823,9.975143505583802,1.992421343035447
zh_ja_029,translation_control,translation_010930,10.004294969882539,1.992421343035447
zh_ja_029,translation_control,translation_008819,10.013313133701345,1.992421343035447
zh_ja_029,translation_control,translation_022936,10.083623480836623,1.992421343035447
zh_ja_029,translation_control,translation_006220,10.23100511878527,1.992421343035447
zh_ja_029,translation_control,translation_014127,10.3013799685105,1.992421343035447
zh_ja_029,translation_control,translation_016883,10.301819463398164,1.992421343035447
zh_ja_029,translation_control,translation_002100,10.462346542018656,1.9544559353475912
zh_ja_029,translation_control,translation_022556,10.464003757770035,1.992421343035447
zh_ja_029,translation_control,translation_009842,10.539116632761829,2.157116970237018
zh_ja_029,translation_control,translation_005533,10.622293667835546,2.157116970237018
zh_ja_047,translation_control,translation_002682,7.286001075586724,2.694341360708601
zh_ja_047,translation_control,translation_020057,7.320532019737392,2.694341360708601
zh_ja_047,translation_control,translation_011173,7.343008926853114,2.694341360708601
zh_ja_047,translation_control,translation_022412,7.370940267219618,2.694341360708601
zh_ja_047,translation_control,translation_018715,7.370965188308808,2.694341360708601
zh_ja_047,translation_control,translation_022413,7.416495946862547,2.694341360708601
zh_ja_047,translation_control,translation_014861,7.455973312062643,2.694341360708601
zh_ja_047,translation_control,translation_014862,7.503910458128985,2.694341360708601
zh_ja_047,translation_control,translation_014860,7.507384069221223,2.694341360708601
zh_ja_047,translation_control,translation_008935,7.51748848351732,2.694341360708601
zh_ja_047,translation_control,translation_013619,7.610428485599013,2.694341360708601
zh_ja_047,translation_control,translation_011343,7.626954686490969,2.694341360708601
zh_ja_047,translation_control,translation_006259,7.7971329262862,2.694341360708601
zh_ja_047,translation_control,translation_000343,7.8470876066876185,2.694341360708601
zh_ja_047,translation_control,translation_019914,7.961992597768882,2.694341360708601
zh_ja_047,translation_control,translation_004795,8.080302060133052,2.694341360708601
zh_ja_047,translation_control,translation_002624,8.163854034506686,2.694341360708601
zh_ja_047,translation_control,translation_012778,8.17488429767627,2.694341360708601
zh_ja_047,translation_control,translation_011174,8.198852998159515,2.694341360708601
zh_ja_047,translation_control,translation_006987,8.207272446754732,2.694341360708601
zh_ja_047,translation_control,translation_008828,8.219641113809242,2.694341360708601
zh_ja_047,translation_control,translation_007936,8.270354220190448,2.694341360708601
zh_ja_047,translation_control,translation_020070,8.295868227018524,2.694341360708601
zh_ja_047,translation_control,translation_010276,8.378925576931744,2.694341360708601
zh_ja_047,translation_control,translation_022316,8.390354099307764,2.694341360708601
zh_ja_047,translation_control,translation_023317,8.399934080973793,2.694341360708601
zh_ja_047,translation_control,translation_005377,8.437744831290637,2.694341360708601
zh_ja_047,translation_control,translation_009895,8.446155211184426,2.694341360708601
zh_ja_047,translation_control,translation_014655,8.529186175707814,2.694341360708601
zh_ja_047,translation_control,translation_014807,8.52927648344761,2.694341360708601
zh_ja_047,translation_control,translation_003816,8.5342201435466,2.694341360708601
zh_ja_047,translation_control,translation_008216,8.557565716188074,2.694341360708601
zh_ja_047,translation_control,translation_014885,8.569555780402792,2.694341360708601
zh_ja_047,translation_control,translation_009219,8.576482001889685,2.694341360708601
zh_ja_047,translation_control,translation_013054,8.636915047052954,2.694341360708601
zh_ja_047,translation_control,translation_009379,8.657925823844227,2.694341360708601
zh_ja_047,translation_control,translation_005055,8.670785141627974,2.694341360708601
zh_ja_047,translation_control,translation_008260,8.67761653460783,2.694341360708601
zh_ja_047,translation_control,translation_011186,8.694612421146871,2.694341360708601
zh_ja_047,translation_control,translation_022903,8.712402487851612,2.694341360708601
zh_ja_047,translation_control,translation_021798,8.766158051944922,2.694341360708601
zh_ja_047,translation_control,translation_003238,8.801068425125278,2.694341360708601
zh_ja_047,translation_control,translation_016981,8.847315026448081,2.694341360708601
zh_ja_047,translation_control,translation_009220,8.86670181643485,2.694341360708601
zh_ja_047,translation_control,translation_013963,8.912667630976117,2.694341360708601
zh_ja_047,translation_control,translation_002531,8.91523338598848,2.694341360708601
zh_ja_047,translation_control,translation_010902,8.924302823934976,2.694341360708601
zh_ja_047,translation_control,translation_008829,8.937877755381717,2.694341360708601
zh_ja_047,translation_control,translation_008696,9.11724236057483,2.694341360708601
zh_ja_047,translation_control,translation_007461,9.19835378255965,2.694341360708601
zh_ja_047,translation_control,translation_008826,9.213890370377198,2.694341360708601
zh_ja_047,translation_control,translation_009896,9.237762016574052,2.694341360708601
zh_ja_047,translation_control,translation_005056,9.25355175783586,2.694341360708601
zh_ja_047,translation_control,translation_013618,9.277556575362999,2.694341360708601
zh_ja_047,translation_control,translation_004492,9.277630361283228,2.694341360708601
zh_ja_047,translation_control,translation_017405,9.300026102133462,2.694341360708601
zh_ja_047,translation_control,translation_014747,9.321701118820316,2.694341360708601
zh_ja_047,translation_control,translation_008218,9.349395222698183,2.694341360708601
zh_ja_047,translation_control,translation_018504,9.371740394946965,2.694341360708601
zh_ja_047,translation_control,translation_020798,9.383450603721275,2.694341360708601
zh_ja_047,translation_control,translation_012252,9.446236000174208,2.694341360708601
zh_ja_047,translation_control,translation_011240,9.45128914221687,2.694341360708601
zh_ja_047,translation_control,translation_021429,9.458012835482497,2.694341360708601
zh_ja_047,translation_control,translation_013617,9.4738685055905,2.694341360708601
zh_ja_047,translation_control,translation_023698,9.497854286515576,2.694341360708601
zh_ja_047,translation_control,translation_008779,9.520068163461271,2.694341360708601
zh_ja_047,translation_control,translation_005742,9.615856632595188,2.694341360708601
zh_ja_047,translation_control,translation_020018,9.645766347810758,2.694341360708601
zh_ja_047,translation_control,translation_021223,9.662500143668515,2.694341360708601
zh_ja_047,translation_control,translation_015037,9.662625520047689,2.694341360708601
zh_ja_047,translation_control,translation_009068,9.669692283811798,2.694341360708601
zh_ja_047,translation_control,translation_014331,9.738552342202057,2.694341360708601
zh_ja_047,translation_control,translation_019595,9.76814415252944,2.694341360708601
zh_ja_047,translation_control,translation_001818,9.827581480359495,2.694341360708601
zh_ja_047,translation_control,translation_014075,9.875997890107014,2.694341360708601
zh_ja_047,translation_control,translation_008755,9.907347802734034,2.694341360708601
zh_ja_047,translation_control,translation_023699,9.91649035542807,2.694341360708601
zh_ja_047,translation_control,translation_010598,9.921272871700186,2.694341360708601
zh_ja_047,translation_control,translation_022902,9.942280109209676,2.694341360708601
zh_ja_047,translation_control,translation_013590,9.944298262573296,2.694341360708601
zh_ja_047,translation_control,translation_008519,9.968017050222475,2.694341360708601
zh_ja_047,translation_control,translation_015815,9.977582517678155,2.694341360708601
zh_ja_047,translation_control,translation_009689,9.979405760618961,2.694341360708601
zh_ja_047,translation_control,translation_018714,10.00101286979498,2.694341360708601
zh_ja_047,translation_control,translation_010599,10.015266126367422,2.694341360708601
zh_ja_047,translation_control,translation_007463,10.106131824978426,2.694341360708601
zh_ja_047,translation_control,translation_008229,10.107016238587544,2.694341360708601
zh_ja_047,translation_control,translation_021222,10.114074856502114,2.694341360708601
zh_ja_047,translation_control,translation_018662,10.133226824696546,2.694341360708601
zh_ja_047,translation_control,translation_015038,10.185423464150176,2.694341360708601
zh_ja_047,translation_control,translation_010892,10.254029439505766,2.694341360708601
zh_ja_047,translation_control,translation_001334,10.331145636606013,2.694341360708601
zh_ja_047,translation_control,translation_008209,10.35824184345402,2.694341360708601
zh_ja_047,translation_control,translation_013570,10.364988802106078,2.694341360708601
zh_ja_047,translation_control,translation_013587,10.403295140198601,2.694341360708601
zh_ja_047,translation_control,translation_001333,10.410026839972016,2.694341360708601
zh_ja_047,translation_control,translation_001335,10.42495383656692,2.694341360708601
zh_ja_047,translation_control,translation_001819,10.45207163067371,2.694341360708601
zh_ja_047,translation_control,translation_001820,10.487174509024328,2.694341360708601
zh_ja_047,translation_control,translation_007464,10.501623778517965,2.694341360708601
zh_ja_048,translation_control,translation_013518,7.26852901672915,2.694341360708601
zh_ja_048,translation_control,translation_006668,7.276989194418511,2.694341360708601
zh_ja_048,translation_control,translation_002645,7.27815448669648,2.694341360708601
zh_ja_048,translation_control,translation_001303,7.286688375966671,2.694341360708601
zh_ja_048,translation_control,translation_009702,7.29242093102286,2.694341360708601
zh_ja_048,translation_control,translation_019547,7.29242093102286,2.694341360708601
zh_ja_048,translation_control,translation_010560,7.306739701665947,2.694341360708601
zh_ja_048,translation_control,translation_017458,7.323238867579144,2.694341360708601
zh_ja_048,translation_control,translation_021037,7.328906980411315,2.694341360708601
zh_ja_048,translation_control,translation_013345,7.343875461132644,2.694341360708601
zh_ja_048,translation_control,translation_016028,7.3446815032177595,2.694341360708601
zh_ja_048,translation_control,translation_005950,7.3908673845555315,2.694341360708601
zh_ja_048,translation_control,translation_017110,7.392196338112523,2.694341360708601
zh_ja_048,translation_control,translation_009701,7.39478190797516,2.694341360708601
zh_ja_048,translation_control,translation_001179,7.39683269512837,2.694341360708601
zh_ja_048,translation_control,translation_006231,7.403992843000779,2.694341360708601
zh_ja_048,translation_control,translation_012322,7.404260094693734,2.694341360708601
zh_ja_048,translation_control,translation_017451,7.40794923921541,2.694341360708601
zh_ja_048,translation_control,translation_006232,7.409637323924982,2.694341360708601
zh_ja_048,translation_control,translation_013346,7.413965503851734,2.694341360708601
zh_ja_048,translation_control,translation_020430,7.4410555140687835,2.694341360708601
zh_ja_048,translation_control,translation_009321,7.447364978793511,2.694341360708601
zh_ja_048,translation_control,translation_002286,7.462607119228409,2.694341360708601
zh_ja_048,translation_control,translation_017452,7.468609028731665,2.694341360708601
zh_ja_048,translation_control,translation_008812,7.473321278624855,2.694341360708601
zh_ja_048,translation_control,translation_017971,7.482400740290595,2.694341360708601
zh_ja_048,translation_control,translation_011765,7.48877162191918,2.694341360708601
zh_ja_048,translation_control,translation_006716,7.493612163529029,2.694341360708601
zh_ja_048,translation_control,translation_001181,7.506305665009766,2.694341360708601
zh_ja_048,translation_control,translation_010558,7.507653098296087,2.694341360708601
zh_ja_048,translation_control,translation_013947,7.5111649640984846,2.694341360708601
zh_ja_048,translation_control,translation_013512,7.519181883074982,2.694341360708601
zh_ja_048,translation_control,translation_015697,7.5219052010277165,2.694341360708601
zh_ja_048,translation_control,translation_013342,7.522313028221658,2.694341360708601
zh_ja_048,translation_control,translation_008106,7.525424126256445,2.694341360708601
zh_ja_048,translation_control,translation_007092,7.525505363637054,2.694341360708601
zh_ja_048,translation_control,translation_012321,7.535685333072102,2.694341360708601
zh_ja_048,translation_control,translation_016024,7.547126451334334,2.694341360708601
zh_ja_048,translation_control,translation_005488,7.549061209942051,2.694341360708601
zh_ja_048,translation_control,translation_019105,7.554898431153327,2.694341360708601
zh_ja_048,translation_control,translation_021034,7.570332036165259,2.694341360708601
zh_ja_048,translation_control,translation_022773,7.5707026730623985,2.694341360708601
zh_ja_048,translation_control,translation_013941,7.585442376604048,2.694341360708601
zh_ja_048,translation_control,translation_002088,7.586217113181444,2.694341360708601
zh_ja_048,translation_control,translation_022774,7.59620030317472,2.694341360708601
zh_ja_048,translation_control,translation_003781,7.607720642752388,2.694341360708601
zh_ja_048,translation_control,translation_007327,7.607967760577381,2.694341360708601
zh_ja_048,translation_control,translation_019218,7.615039266176416,2.694341360708601
zh_ja_048,translation_control,translation_001295,7.619739773107214,2.694341360708601
zh_ja_048,translation_control,translation_015172,7.62018519324853,2.694341360708601
zh_ja_048,translation_control,translation_007324,7.641340750714296,2.694341360708601
zh_ja_048,translation_control,translation_012512,7.644754448562362,2.694341360708601
zh_ja_048,translation_control,translation_001660,7.6528178050558155,2.694341360708601
zh_ja_048,translation_control,translation_022494,7.658975933386431,2.694341360708601
zh_ja_048,translation_control,translation_001661,7.670021216708378,2.694341360708601
zh_ja_048,translation_control,translation_021157,7.677040951455951,2.694341360708601
zh_ja_048,translation_control,translation_001662,7.680269117658196,2.694341360708601
zh_ja_048,translation_control,translation_001663,7.680269117658196,2.694341360708601
zh_ja_048,translation_control,translation_017444,7.680269117658196,2.694341360708601
zh_ja_048,translation_control,translation_018991,7.686916367228575,2.694341360708601
zh_ja_048,translation_control,translation_014244,7.693387736120328,2.694341360708601
zh_ja_048,translation_control,translation_001704,7.737712615098247,2.694341360708601
zh_ja_048,translation_control,translation_001859,7.744917175254691,2.694341360708601
zh_ja_048,translation_control,translation_007786,7.748844294635781,2.694341360708601
zh_ja_048,translation_control,translation_001874,7.764856753913861,2.694341360708601
zh_ja_048,translation_control,translation_004146,7.766261485870821,2.694341360708601
zh_ja_048,translation_control,translation_017445,7.778394556668992,2.694341360708601
zh_ja_048,translation_control,translation_021383,7.783829505381272,2.694341360708601
zh_ja_048,translation_control,translation_002804,7.797741922507798,2.694341360708601
zh_ja_048,translation_control,translation_006924,7.838858574574866,2.694341360708601
zh_ja_048,translation_control,translation_008897,7.840175293737039,2.694341360708601
zh_ja_048,translation_control,translation_016412,7.845267500797179,2.694341360708601
zh_ja_048,translation_control,translation_006923,7.871118828341282,2.694341360708601
zh_ja_048,translation_control,translation_015699,7.872572072404329,2.694341360708601
zh_ja_048,translation_control,translation_019221,7.877659026999975,2.694341360708601
zh_ja_048,translation_control,translation_001488,7.885072243110441,2.694341360708601
zh_ja_048,translation_control,translation_008841,7.913035166491387,2.694341360708601
zh_ja_048,translation_control,translation_005130,7.9267894654299305,2.694341360708601
zh_ja_048,translation_control,translation_005081,7.94031184060971,2.694341360708601
zh_ja_048,translation_control,translation_005082,7.941443603166068,2.694341360708601
zh_ja_048,translation_control,translation_010620,7.944872570742398,2.694341360708601
zh_ja_048,translation_control,translation_012320,7.96850487545375,2.694341360708601
zh_ja_048,translation_control,translation_004371,8.005496124678373,2.694341360708601
zh_ja_048,translation_control,translation_016400,8.01775298957677,2.694341360708601
zh_ja_048,translation_control,translation_017968,8.020077454293418,2.694341360708601
zh_ja_048,translation_control,translation_020428,8.028331453108894,2.694341360708601
zh_ja_048,translation_control,translation_008808,8.044653763708933,2.694341360708601
zh_ja_048,translation_control,translation_022128,8.046276467787692,2.694341360708601
zh_ja_048,translation_control,translation_005075,8.06075846216265,2.694341360708601
zh_ja_048,translation_control,translation_003783,8.064113690972965,2.694341360708601
zh_ja_048,translation_control,translation_002817,8.075280239857351,2.694341360708601
zh_ja_048,translation_control,translation_008810,8.082191134187953,2.694341360708601
zh_ja_048,translation_control,translation_002087,8.085030809675322,2.694341360708601
zh_ja_048,translation_control,translation_001589,8.091776361043188,2.694341360708601
zh_ja_048,translation_control,translation_013940,8.104645234949588,2.694341360708601
zh_ja_048,translation_control,translation_007858,8.110992537308102,2.694341360708601
zh_ja_048,translation_control,translation_018326,8.122702193355158,2.694341360708601
zh_ja_048,translation_control,translation_001591,8.127327142668895,2.694341360708601
zh_ja_048,translation_control,translation_003784,8.1411077956838,2.694341360708601
zh_ja_048,translation_control,translation_017624,8.143831011316367,2.694341360708601
zh_ja_049,translation_control,translation_009113,0.3012427342843878,0.4048957885757955
zh_ja_049,translation_control,translation_022193,0.5322982865494268,0.532757616547099
zh_ja_049,translation_control,translation_011389,0.8355289050728985,0.7688070290845206
zh_ja_049,translation_control,translation_011857,0.9695752511884372,0.7749233543673669
zh_ja_049,translation_control,translation_021205,1.0649122209802786,0.8417270918128293
zh_ja_049,translation_control,translation_002968,1.085873972080264,0.8969415339319404
zh_ja_049,translation_control,translation_009061,1.3370818753996934,0.828366344323737
zh_ja_049,translation_control,translation_013211,1.418331069595629,0.9886953141928476
zh_ja_049,translation_control,translation_023064,1.8784986311634277,1.0955812941055874
zh_ja_049,translation_control,translation_022213,2.0223245030797594,1.1891065265292353
zh_ja_049,translation_control,translation_015630,2.2076871727790888,1.0335497761013732
zh_ja_049,translation_control,translation_023304,2.2512388694342365,1.1623850315510504
zh_ja_049,translation_control,translation_002967,2.531810061538769,1.2692710114637906
zh_ja_049,translation_control,translation_008927,2.6453823991117456,1.1614116040726767
zh_ja_049,translation_control,translation_022971,2.671648916586802,1.2959925064419757
zh_ja_049,translation_control,translation_011255,2.827995472033386,1.3895177388656232
zh_ja_049,translation_control,translation_004943,2.833438182465953,1.376156991376531
zh_ja_049,translation_control,translation_011387,2.8537120054577243,1.2466528227202127
zh_ja_049,translation_control,translation_006935,3.1354261086661577,1.3895177388656232
zh_ja_049,translation_control,translation_003896,3.579320308675792,1.563207456223826
zh_ja_049,translation_control,translation_009060,3.615745269530163,1.4162392338438077
zh_ja_049,translation_control,translation_004321,3.6280653038326394,1.3713447666996341
zh_ja_049,translation_control,translation_020960,3.649105779287993,1.4295999813329012
zh_ja_049,translation_control,translation_017236,3.6801489500585154,1.3713447666996341
zh_ja_049,translation_control,translation_020134,3.7205658025519286,1.523125213756548
zh_ja_049,translation_control,translation_013107,3.8894049012213987,1.9544559353475912
zh_ja_049,translation_control,translation_005921,3.9618703269128113,1.3713447666996341
zh_ja_049,translation_control,translation_004261,4.012418716560406,1.3713447666996341
zh_ja_049,translation_control,translation_009919,4.084345085735533,1.992421343035447
zh_ja_049,translation_control,translation_017910,4.094853567997101,1.992421343035447
zh_ja_049,translation_control,translation_006177,4.177850096209014,1.656732688647474
zh_ja_049,translation_control,translation_011284,4.204607277107284,1.3713447666996341
zh_ja_049,translation_control,translation_021074,4.257744251211116,1.4429607288219934
zh_ja_049,translation_control,translation_022214,4.3128721020555325,1.9544559353475912
zh_ja_049,translation_control,translation_006176,4.388902088086898,1.696814931114751
zh_ja_049,translation_control,translation_004345,4.432499495549559,1.992421343035447
zh_ja_049,translation_control,translation_013145,4.465528270652493,1.5556522403175304
zh_ja_049,translation_control,translation_018765,4.526532617882277,1.750257921071121
zh_ja_049,translation_control,translation_020959,4.543391492450061,1.603289698691104
zh_ja_049,translation_control,translation_016826,4.560801108220758,1.5663073926484727
zh_ja_049,translation_control,translation_005918,4.563882887415692,1.7368971735820289
zh_ja_049,translation_control,translation_005117,4.687184417387526,1.8170616585165846
zh_ja_049,translation_control,translation_009339,4.691567621442493,1.992421343035447
zh_ja_049,translation_control,translation_023062,4.795820952278925,1.7368971735820289
zh_ja_049,translation_control,translation_009059,4.798985337450521,1.6433719411583818
zh_ja_049,translation_control,translation_014926,4.851583605092584,2.157116970237018
zh_ja_049,translation_control,translation_007574,4.883779977989854,1.992421343035447
zh_ja_049,translation_control,translation_017592,5.023779996382383,1.843783153494769
zh_ja_049,translation_control,translation_015403,5.038346550959575,1.7511715662480751
zh_ja_049,translation_control,translation_009111,5.060477698051281,1.656732688647474
zh_ja_049,translation_control,translation_015641,5.101926280148161,1.696814931114751
zh_ja_049,translation_control,translation_007581,5.131955787633888,1.992421343035447
zh_ja_049,translation_control,translation_005920,5.295945954577592,1.5097644662674559
zh_ja_049,translation_control,translation_017631,5.351397427600246,1.8304224060056768
zh_ja_049,translation_control,translation_020133,5.470486232020809,1.843783153494769
zh_ja_049,translation_control,translation_023596,5.530188737164874,1.8170616585165846
zh_ja_049,translation_control,translation_007572,5.619770284500828,1.992421343035447
zh_ja_049,translation_control,translation_002690,5.707546921533268,1.9544559353475912
zh_ja_049,translation_control,translation_005426,5.722596671626642,1.9544559353475912
zh_ja_049,translation_control,translation_021725,5.726412282793271,1.9544559353475912
zh_ja_049,translation_control,translation_021718,5.73860512271971,1.9544559353475912
zh_ja_049,translation_control,translation_000265,5.7539054806572745,1.9544559353475912
zh_ja_049,translation_control,translation_010308,5.766706567541888,1.9544559353475912
zh_ja_049,translation_control,translation_009114,5.784750705301382,1.9544559353475912
zh_ja_049,translation_control,translation_013106,5.786365650548344,1.9544559353475912
zh_ja_049,translation_control,translation_003544,5.801209552330953,1.9544559353475912
zh_ja_049,translation_control,translation_000264,5.807493333457517,1.9544559353475912
zh_ja_049,translation_control,translation_021208,5.811366751623001,1.9544559353475912
zh_ja_049,translation_control,translation_015639,5.817712297043428,1.8170616585165846
zh_ja_049,translation_control,translation_018768,5.820681741016491,1.9544559353475912
zh_ja_049,translation_control,translation_020612,5.823912056868545,2.157116970237018
zh_ja_049,translation_control,translation_004416,5.824247168118641,1.992421343035447
zh_ja_049,translation_control,translation_006960,5.832881516623704,1.9544559353475912
zh_ja_049,translation_control,translation_013108,5.842666264563436,1.9544559353475912
zh_ja_049,translation_control,translation_000479,5.845134501553065,1.603289698691104
zh_ja_049,translation_control,translation_020737,5.853326752831652,1.992421343035447
zh_ja_049,translation_control,translation_012763,5.86283559467663,1.603289698691104
zh_ja_049,translation_control,translation_003543,5.870914003423129,1.9544559353475912
zh_ja_049,translation_control,translation_006249,5.871154042163242,1.9544559353475912
zh_ja_049,translation_control,translation_006659,5.872074243506903,1.9544559353475912
zh_ja_049,translation_control,translation_021106,5.905414316519341,1.9640298808966017
zh_ja_049,translation_control,translation_017233,5.912593117959295,1.9907513758747875
zh_ja_049,translation_control,translation_002644,5.9234037005998665,1.9544559353475912
zh_ja_049,translation_control,translation_021763,5.926579138990304,1.9544559353475912
zh_ja_049,translation_control,translation_005823,5.945890653689101,1.9544559353475912
zh_ja_049,translation_control,translation_005824,5.947438716445708,1.9544559353475912
zh_ja_049,translation_control,translation_013105,5.975595146063421,1.9544559353475912
zh_ja_049,translation_control,translation_021900,5.988564460506339,1.9544559353475912
zh_ja_049,translation_control,translation_021810,5.992259849484646,2.157116970237018
zh_ja_049,translation_control,translation_001165,6.015849620458978,2.157116970237018
zh_ja_049,translation_control,translation_023066,6.024237419192209,1.9544559353475912
zh_ja_049,translation_control,translation_007579,6.030070177412149,1.992421343035447
zh_ja_049,translation_control,translation_005822,6.033151792954795,1.9544559353475912
zh_ja_049,translation_control,translation_022617,6.043606130919443,1.9544559353475912
zh_ja_049,translation_control,translation_005922,6.102664268671733,1.9544559353475912
zh_ja_049,translation_control,translation_004265,6.104469366089507,1.9544559353475912
zh_ja_049,translation_control,translation_023766,6.109007374983071,1.9544559353475912
zh_ja_049,translation_control,translation_005288,6.119755763263779,1.9544559353475912
zh_ja_049,translation_control,translation_013213,6.122913689953558,1.9544559353475912
zh_ja_049,translation_control,translation_008372,6.123166596541606,1.9907513758747875
zh_ja_052,translation_control,translation_009836,6.105078722321368,2.157116970237018
zh_ja_052,translation_control,translation_010956,8.47931159373381,2.157116970237018
zh_ja_052,translation_control,translation_002821,8.957381271253155,2.157116970237018
zh_ja_052,translation_control,translation_019342,8.987682722969309,2.157116970237018
zh_ja_052,translation_control,translation_018317,10.246518415407689,2.157116970237018
zh_ja_052,translation_control,translation_001262,10.386000614792653,2.157116970237018
zh_ja_052,translation_control,translation_019349,11.056638186407111,2.157116970237018
zh_ja_052,translation_control,translation_011151,11.067482670298567,2.157116970237018
zh_ja_052,translation_control,translation_005884,11.65195269714745,2.157116970237018
zh_ja_052,translation_control,translation_005875,11.781120669687782,2.157116970237018
zh_ja_052,translation_control,translation_019370,12.40447199437879,2.157116970237018
zh_ja_052,translation_control,translation_019348,12.554444819912206,2.157116970237018
zh_ja_052,translation_control,translation_011303,12.70255505008603,2.157116970237018
zh_ja_052,translation_control,translation_002822,13.046775328070218,2.157116970237018
zh_ja_052,translation_control,translation_002111,13.300847397518204,2.7867908789614715
zh_ja_052,translation_control,translation_013366,13.83546275032163,2.7867908789614715
zh_ja_052,translation_control,translation_001897,13.932958404330225,2.157116970237018
zh_ja_052,translation_control,translation_020547,14.026214587295337,2.157116970237018
zh_ja_052,translation_control,translation_002817,14.493741630165397,2.7867908789614715
zh_ja_052,translation_control,translation_002811,15.682985127692685,2.7867908789614715
zh_ja_052,translation_control,translation_014979,16.137397797832346,2.1644410932329903
zh_ja_052,translation_control,translation_004195,16.330583987838857,2.7867908789614715
zh_ja_052,translation_control,translation_020314,16.419237393085336,2.7867908789614715
zh_ja_052,translation_control,translation_019609,16.624673755356575,2.3247700631021
zh_ja_052,translation_control,translation_019338,16.642874417105222,2.7867908789614715
zh_ja_052,translation_control,translation_008778,16.706887653001353,2.7867908789614715
zh_ja_052,translation_control,translation_013369,16.776541329730566,2.7867908789614715
zh_ja_052,translation_control,translation_019335,16.8595384464929,2.7867908789614715
zh_ja_052,translation_control,translation_007137,17.10713125741409,2.4316560430148404
zh_ja_052,translation_control,translation_013354,17.402236843496485,2.7867908789614715
zh_ja_052,translation_control,translation_021980,17.487951001266982,2.7867908789614715
zh_ja_052,translation_control,translation_020313,17.81174224284136,2.7867908789614715
zh_ja_052,translation_control,translation_011680,17.818030655658834,2.7426895333992682
zh_ja_052,translation_control,translation_013363,17.870553120165837,2.7867908789614715
zh_ja_052,translation_control,translation_002818,18.66374359953132,2.7867908789614715
zh_ja_052,translation_control,translation_013360,18.704055615489594,2.7867908789614715
zh_ja_052,translation_control,translation_018659,18.85878949188057,2.7867908789614715
zh_ja_052,translation_control,translation_005869,19.08260185338177,2.7867908789614715
zh_ja_052,translation_control,translation_005872,19.145769490480113,2.7867908789614715
zh_ja_052,translation_control,translation_002813,19.449773645133735,2.7867908789614715
zh_ja_052,translation_control,translation_019344,19.525019085911456,2.5251812754384884
zh_ja_052,translation_control,translation_009384,19.559552163985835,2.5652635179057657
zh_ja_052,translation_control,translation_002812,19.874558228585766,2.7867908789614715
zh_ja_052,translation_control,translation_015664,19.989355107272903,2.7867908789614715
zh_ja_052,translation_control,translation_013357,20.125073127137462,2.7867908789614715
zh_ja_052,translation_control,translation_013351,21.294357161072153,2.7867908789614715
zh_ja_052,translation_control,translation_002810,21.561792854365514,2.7867908789614715
zh_ja_052,translation_control,translation_002808,21.565374132918652,2.7867908789614715
zh_ja_052,translation_control,translation_021981,21.964422737746933,2.7867908789614715
zh_ja_052,translation_control,translation_015297,22.006292081627436,3.072971922491282
zh_ja_052,translation_control,translation_001908,22.840977407111684,2.9794466900676344
zh_ja_052,translation_control,translation_010958,22.92815306154131,2.9928074375567264
zh_ja_052,translation_control,translation_002814,23.63794077789095,2.7867908789614715
zh_ja_052,translation_control,translation_014987,23.65593298810604,3.3224232731079275
zh_ja_052,translation_control,translation_019272,23.871146301911175,3.121959632966003
zh_ja_052,translation_control,translation_014983,23.908734962143093,3.3224232731079275
zh_ja_052,translation_control,translation_019334,24.269406946859725,2.7867908789614715
zh_ja_052,translation_control,translation_005866,24.403953838242742,2.7867908789614715
zh_ja_052,translation_control,translation_010959,24.942759800181484,3.193218649893115
zh_ja_052,translation_control,translation_003442,25.19424493325622,2.7867908789614715
zh_ja_052,translation_control,translation_011485,25.74393759311184,3.3224232731079275
zh_ja_052,translation_control,translation_002809,25.785330301610628,2.7867908789614715
zh_ja_052,translation_control,translation_013608,25.842747729257766,2.7867908789614715
zh_ja_052,translation_control,translation_011484,25.91618154064658,3.3224232731079275
zh_ja_052,translation_control,translation_014985,26.064223135755,3.3224232731079275
zh_ja_052,translation_control,translation_019608,26.266487928743896,2.7867908789614715
zh_ja_052,translation_control,translation_013609,27.048866097821058,2.8875462816852786
zh_ja_052,translation_control,translation_020548,27.069035025424764,2.876891129354337
zh_ja_052,translation_control,translation_014975,27.947295882782257,2.7867908789614715
zh_ja_052,translation_control,translation_011487,28.735749215410294,3.3224232731079275
zh_ja_052,translation_control,translation_021976,28.901883187815272,2.7867908789614715
zh_ja_052,translation_control,translation_016372,28.929860100255173,2.7867908789614715
zh_ja_052,translation_control,translation_001915,29.381885227084638,2.7867908789614715
zh_ja_052,translation_control,translation_019340,29.59254447841102,2.7867908789614715
zh_ja_052,translation_control,translation_010254,29.60122264811921,3.126414912447652
zh_ja_052,translation_control,translation_001916,29.83276365775037,2.7867908789614715
zh_ja_052,translation_control,translation_016370,30.05499268221936,2.876891129354337
zh_ja_052,translation_control,translation_000693,30.08870982765291,5.388682721417202
zh_ja_052,translation_control,translation_014907,30.5204140175332,5.388682721417202
zh_ja_052,translation_control,translation_001917,30.526603814428736,2.8449256723615113
zh_ja_052,translation_control,translation_015291,31.558729164749614,3.072971922491282
zh_ja_052,translation_control,translation_016371,31.948857478979978,2.7867908789614715
zh_ja_052,translation_control,translation_010373,32.580816573555786,3.7677307919240937
zh_ja_052,translation_control,translation_014908,32.70650981290285,5.388682721417202
zh_ja_052,translation_control,translation_014909,33.40338876766409,5.388682721417202
zh_ja_052,translation_control,translation_013418,33.701568601792694,5.388682721417202
zh_ja_052,translation_control,translation_002602,33.73643326671772,5.388682721417202
zh_ja_052,translation_control,translation_007528,33.73730030249344,5.388682721417202
zh_ja_052,translation_control,translation_013801,33.74528477724329,5.388682721417202
zh_ja_052,translation_control,translation_003735,33.75432774919794,5.388682721417202
zh_ja_052,translation_control,translation_006342,33.78050320771884,5.388682721417202
zh_ja_052,translation_control,translation_019416,33.81512073792308,5.388682721417202
zh_ja_052,translation_control,translation_008220,33.830512173125655,5.388682721417202
zh_ja_052,translation_control,translation_019054,33.85725511696639,5.388682721417202
zh_ja_052,translation_control,translation_013419,33.873581248299125,5.388682721417202
zh_ja_052,translation_control,translation_016921,33.879414743537396,5.388682721417202
zh_ja_052,translation_control,translation_015807,33.94844295874631,5.388682721417202
zh_ja_052,translation_control,translation_009226,33.95076161043474,5.388682721417202
zh_ja_052,translation_control,translation_008219,33.99597430786687,5.388682721417202
zh_ja_052,translation_control,translation_015489,34.00228240042215,5.388682721417202
zh_ja_053,translation_control,translation_011519,295.4495449427119,13.471706803543004
zh_ja_053,translation_control,translation_014982,295.7690554160532,13.471706803543004
zh_ja_053,translation_control,translation_009607,379.2208150463112,18.860389524960205
zh_ja_053,translation_control,translation_021246,379.42443610601373,18.860389524960205
zh_ja_053,translation_control,translation_020194,379.5508364228076,18.860389524960205
zh_ja_053,translation_control,translation_017890,379.6354491869867,18.860389524960205
zh_ja_053,translation_control,translation_016021,380.13819588628627,18.860389524960205
zh_ja_053,translation_control,translation_009688,384.40783403367266,18.860389524960205
zh_ja_053,translation_control,translation_000346,386.9606152899412,18.860389524960205
zh_ja_053,translation_control,translation_022533,387.282273712971,18.860389524960205
zh_ja_053,translation_control,translation_019837,387.33971587726654,18.860389524960205
zh_ja_053,translation_control,translation_009603,389.0535158210188,18.860389524960205
zh_ja_053,translation_control,translation_002551,389.6885962161809,18.860389524960205
zh_ja_053,translation_control,translation_004015,391.4137166817215,18.860389524960205
zh_ja_053,translation_control,translation_009606,393.42790064116053,18.860389524960205
zh_ja_053,translation_control,translation_010417,398.1683466812495,18.860389524960205
zh_ja_053,translation_control,translation_009602,402.2020265192406,18.860389524960205
zh_ja_053,translation_control,translation_018931,405.5003642193831,18.860389524960205
zh_ja_053,translation_control,translation_020463,410.94569513760695,18.860389524960205
zh_ja_053,translation_control,translation_009605,414.871194743575,18.860389524960205
zh_ja_053,translation_control,translation_019895,416.1485008232531,18.860389524960205
zh_ja_053,translation_control,translation_023138,416.82058268192714,18.860389524960205
zh_ja_053,translation_control,translation_011894,417.8389204843962,18.860389524960205
zh_ja_053,translation_control,translation_010075,419.4758730392386,18.860389524960205
zh_ja_053,translation_control,translation_019896,420.04370050376144,18.860389524960205
zh_ja_053,translation_control,translation_010074,420.1847502370466,18.860389524960205
zh_ja_053,translation_control,translation_009519,420.5421482430614,18.860389524960205
zh_ja_053,translation_control,translation_009524,420.5421482430614,18.860389524960205
zh_ja_053,translation_control,translation_003975,421.7568098069741,18.860389524960205
zh_ja_053,translation_control,translation_020247,422.8082159876866,18.860389524960205
zh_ja_053,translation_control,translation_009520,422.82084636209674,18.860389524960205
zh_ja_053,translation_control,translation_009525,422.82084636209674,18.860389524960205
zh_ja_053,translation_control,translation_002258,423.79792516899437,18.860389524960205
zh_ja_053,translation_control,translation_010413,424.4164443332045,18.860389524960205
zh_ja_053,translation_control,translation_008214,425.7080114269474,18.860389524960205
zh_ja_053,translation_control,translation_011142,425.8792680763878,18.860389524960205
zh_ja_053,translation_control,translation_008207,426.1089995782094,18.860389524960205
zh_ja_053,translation_control,translation_010016,426.33503765085595,18.860389524960205
zh_ja_053,translation_control,translation_008217,426.9076822992042,18.860389524960205
zh_ja_053,translation_control,translation_008210,427.9285566511941,18.860389524960205
zh_ja_053,translation_control,translation_009604,428.0340105079675,18.860389524960205
zh_ja_053,translation_control,translation_020810,428.4347222799347,18.860389524960205
zh_ja_053,translation_control,translation_023410,430.5439998270829,18.860389524960205
zh_ja_053,translation_control,translation_016892,430.979279692279,18.860389524960205
zh_ja_053,translation_control,translation_019897,431.2061451224801,18.860389524960205
zh_ja_053,translation_control,translation_016187,432.9648126818969,18.860389524960205
zh_ja_053,translation_control,translation_003199,434.0426352370184,18.860389524960205
zh_ja_053,translation_control,translation_004013,434.07564026106826,18.860389524960205
zh_ja_053,translation_control,translation_004014,434.429604598145,18.860389524960205
zh_ja_053,translation_control,translation_003200,434.7155705031432,18.860389524960205
zh_ja_053,translation_control,translation_016114,434.87928639512336,18.860389524960205
zh_ja_053,translation_control,translation_001502,435.4732617999443,18.860389524960205
zh_ja_053,translation_control,translation_019030,435.88433732383356,18.860389524960205
zh_ja_053,translation_control,translation_012655,437.5072222110308,18.860389524960205
zh_ja_053,translation_control,translation_014089,439.0925545996561,18.860389524960205
zh_ja_053,translation_control,translation_020023,441.8565223195804,18.860389524960205
zh_ja_053,translation_control,translation_005983,444.08609867853556,18.860389524960205
zh_ja_053,translation_control,translation_003202,446.9227258086675,18.860389524960205
zh_ja_053,translation_control,translation_008980,449.7552089048844,18.860389524960205
zh_ja_053,translation_control,translation_001479,449.95603960695047,18.860389524960205
zh_ja_053,translation_control,translation_021373,451.5810974355602,18.860389524960205
zh_ja_053,translation_control,translation_000477,452.2035898499793,18.860389524960205
zh_ja_053,translation_control,translation_018933,454.1690167644897,18.860389524960205
zh_ja_053,translation_control,translation_008956,454.83786632791066,18.860389524960205
zh_ja_053,translation_control,translation_016178,455.23310910111803,18.860389524960205
zh_ja_053,translation_control,translation_008948,456.63393289052937,18.860389524960205
zh_ja_053,translation_control,translation_019714,457.4719558711643,18.860389524960205
zh_ja_053,translation_control,translation_007009,459.61185397821765,18.860389524960205
zh_ja_053,translation_control,translation_014394,460.10875841932506,18.860389524960205
zh_ja_053,translation_control,translation_014392,460.194025546182,18.860389524960205
zh_ja_053,translation_control,translation_019850,460.3708742416966,18.860389524960205
zh_ja_053,translation_control,translation_018053,460.6497681228366,18.860389524960205
zh_ja_053,translation_control,translation_016473,460.99228480487875,18.860389524960205
zh_ja_053,translation_control,translation_009976,461.5683239883343,18.860389524960205
zh_ja_053,translation_control,translation_006964,461.57468440723096,18.860389524960205
zh_ja_053,translation_control,translation_002428,461.6805162274431,18.860389524960205
zh_ja_053,translation_control,translation_016108,462.0213956018863,18.860389524960205
zh_ja_053,translation_control,translation_015357,462.21674465483403,18.860389524960205
zh_ja_053,translation_control,translation_003973,462.87015320721315,18.860389524960205
zh_ja_053,translation_control,translation_019843,462.88389665078245,18.860389524960205
zh_ja_053,translation_control,translation_016471,463.30048524909876,18.860389524960205
zh_ja_053,translation_control,translation_005612,463.3297616755968,18.860389524960205
zh_ja_053,translation_control,translation_003974,463.6605355947657,18.860389524960205
zh_ja_053,translation_control,translation_011466,469.08544063963785,18.860389524960205
zh_ja_053,translation_control,translation_015339,469.42412382508087,18.860389524960205
zh_ja_053,translation_control,translation_002430,471.65141414386306,18.860389524960205
zh_ja_053,translation_control,translation_011468,486.317862621727,18.860389524960205
zh_ja_054,translation_control,translation_007137,0.12065215761132023,0.25572365594260693
zh_ja_054,translation_control,translation_019609,0.20913366070658848,0.3274548457211846
zh_ja_054,translation_control,translation_014979,0.5627882007908359,0.6264353570318314
zh_ja_054,translation_control,translation_005875,0.7990081911702598,0.7482018593891818
zh_ja_054,translation_control,translation_005884,0.8039829730092563,0.7482018593891818
zh_ja_054,translation_control,translation_015297,1.006014566321695,0.8283663443237365
zh_ja_054,translation_control,translation_019349,1.1996462203016827,0.9218915767473852
zh_ja_054,translation_control,translation_009384,1.268655254802358,0.7991364248206487
zh_ja_054,translation_control,translation_018317,1.845697502804292,1.122302789083773
zh_ja_054,translation_control,translation_010958,1.930434521781133,1.0228946237704304
zh_ja_054,translation_control,translation_001262,1.9636893635131432,1.0955812941055874
zh_ja_054,translation_control,translation_019344,2.0144615072422405,1.3713447666996341
zh_ja_054,translation_control,translation_019348,2.160881836289463,1.1389733764215115
zh_ja_054,translation_control,translation_020547,2.462844430211238,1.3713447666996341
zh_ja_054,translation_control,translation_001897,2.5411258463465205,1.3713447666996341
zh_ja_054,translation_control,translation_010959,2.6230129612985973,1.1827219087345606
zh_ja_054,translation_control,translation_002822,3.0135129220817602,1.3713447666996341
zh_ja_054,translation_control,translation_001908,3.510151119603571,1.608799894195386
zh_ja_054,translation_control,translation_019370,3.7719074258892764,1.3713447666996341
zh_ja_054,translation_control,translation_011303,4.854209661044894,1.3713447666996341
zh_ja_054,translation_control,translation_011151,5.244073474675176,1.536485961245641
zh_ja_054,translation_control,translation_009836,6.018179555439554,1.9544559353475912
zh_ja_054,translation_control,translation_019342,6.107571654591375,1.937308385918418
zh_ja_054,translation_control,translation_010373,6.605398031567141,1.523125213756548
zh_ja_054,translation_control,translation_002821,7.004590971403121,1.9544559353475912
zh_ja_054,translation_control,translation_010956,7.312017540814214,2.257966325656638
zh_ja_054,translation_control,translation_019608,9.376288857059365,2.7867908789614715
zh_ja_054,translation_control,translation_015664,9.533027091318873,2.7867908789614715
zh_ja_054,translation_control,translation_011680,9.558644313762965,2.7426895333992682
zh_ja_054,translation_control,translation_019272,10.881756023819026,2.157116970237018
zh_ja_054,translation_control,translation_019340,11.421591801258963,2.7867908789614715
zh_ja_054,translation_control,translation_014975,11.66069782018893,2.7867908789614715
zh_ja_054,translation_control,translation_019338,13.102368250244442,2.7867908789614715
zh_ja_054,translation_control,translation_019335,13.215845545494172,2.7867908789614715
zh_ja_054,translation_control,translation_013371,13.31600090027479,2.7867908789614715
zh_ja_054,translation_control,translation_008778,13.934228278003967,2.7867908789614715
zh_ja_054,translation_control,translation_001904,15.617414961990338,2.7867908789614715
zh_ja_054,translation_control,translation_002111,16.171829990538235,2.7867908789614715
zh_ja_054,translation_control,translation_005869,16.426522647122837,2.7867908789614715
zh_ja_054,translation_control,translation_010254,16.656986912616357,2.7867908789614715
zh_ja_054,translation_control,translation_019334,17.019977630228286,2.7867908789614715
zh_ja_054,translation_control,translation_002818,17.204162627732522,2.7867908789614715
zh_ja_054,translation_control,translation_005872,17.315184157324737,2.7867908789614715
zh_ja_054,translation_control,translation_013369,17.48153826893382,2.7867908789614715
zh_ja_054,translation_control,translation_002812,18.218922461924873,2.7867908789614715
zh_ja_054,translation_control,translation_021980,18.252855756373638,2.7867908789614715
zh_ja_054,translation_control,translation_021981,18.58697215560245,2.7867908789614715
zh_ja_054,translation_control,translation_018659,18.616344101369485,2.7867908789614715
zh_ja_054,translation_control,translation_020548,18.985967027513045,2.7867908789614715
zh_ja_054,translation_control,translation_016372,19.124977286859867,2.7867908789614715
zh_ja_054,translation_control,translation_015291,19.194045124116297,2.7867908789614715
zh_ja_054,translation_control,translation_016370,19.40397864889291,2.7867908789614715
zh_ja_054,translation_control,translation_003442,19.55964662026785,2.7867908789614715
zh_ja_054,translation_control,translation_002810,19.67914627260114,2.7867908789614715
zh_ja_054,translation_control,translation_020314,19.96357960297375,2.7867908789614715
zh_ja_054,translation_control,translation_013368,20.600214834893446,2.7867908789614715
zh_ja_054,translation_control,translation_002817,21.11463276450502,2.7867908789614715
zh_ja_054,translation_control,translation_020313,21.12907363762629,2.7867908789614715
zh_ja_054,translation_control,translation_016371,21.56612895441218,2.7867908789614715
zh_ja_054,translation_control,translation_005866,21.572457183949304,2.7867908789614715
zh_ja_054,translation_control,translation_015288,22.00479324783113,2.7867908789614715
zh_ja_054,translation_control,translation_002814,22.013261031471437,2.7867908789614715
zh_ja_054,translation_control,translation_002811,22.107821467170215,2.7867908789614715
zh_ja_054,translation_control,translation_013609,22.61285711329835,2.7867908789614715
zh_ja_054,translation_control,translation_001915,23.144924007162075,2.7867908789614715
zh_ja_054,translation_control,translation_001916,23.243261558061747,2.7867908789614715
zh_ja_054,translation_control,translation_001917,23.40829039509103,2.7867908789614715
zh_ja_054,translation_control,translation_013366,23.526888060266323,2.7867908789614715
zh_ja_054,translation_control,translation_002809,23.871727699604875,2.7867908789614715
zh_ja_054,translation_control,translation_021673,24.057295157816405,2.7867908789614715
zh_ja_054,translation_control,translation_013608,24.227065782863495,2.7867908789614715
zh_ja_054,translation_control,translation_013365,24.6649498907847,2.7867908789614715
zh_ja_054,translation_control,translation_013356,25.50099980018551,2.7867908789614715
zh_ja_054,translation_control,translation_013362,25.85418861867305,2.7867908789614715
zh_ja_054,translation_control,translation_002813,25.905566004852645,2.7867908789614715
zh_ja_054,translation_control,translation_013354,26.629321849820425,2.7867908789614715
zh_ja_054,translation_control,translation_013363,27.551659756696736,2.7867908789614715
zh_ja_054,translation_control,translation_021976,27.603053260163033,2.8901449426695858
zh_ja_054,translation_control,translation_002808,27.73224363705132,2.7867908789614715
zh_ja_054,translation_control,translation_013359,27.8088104791678,2.7867908789614715
zh_ja_054,translation_control,translation_013360,28.26133817105496,2.7867908789614715
zh_ja_054,translation_control,translation_004195,28.287301836804158,2.7867908789614715
zh_ja_054,translation_control,translation_014985,28.491502771981875,3.3224232731079275
zh_ja_054,translation_control,translation_001742,29.04743163468775,5.388682721417202
zh_ja_054,translation_control,translation_009131,29.05774377393252,5.388682721417202
zh_ja_054,translation_control,translation_005684,29.0741160669166,5.388682721417202
zh_ja_054,translation_control,translation_014771,29.076363030440323,5.388682721417202
zh_ja_054,translation_control,translation_007731,29.08516580574117,5.388682721417202
zh_ja_054,translation_control,translation_018229,29.087452503337513,5.388682721417202
zh_ja_054,translation_control,translation_020011,29.087452503337513,5.388682721417202
zh_ja_054,translation_control,translation_003031,29.08845102568483,5.388682721417202
zh_ja_054,translation_control,translation_014703,29.092131153958757,5.388682721417202
zh_ja_054,translation_control,translation_020012,29.094975557842094,5.388682721417202
zh_ja_054,translation_control,translation_006135,29.09729754407219,5.388682721417202
zh_ja_054,translation_control,translation_002178,29.098555362510222,5.388682721417202
zh_ja_054,translation_control,translation_009099,29.100521148214803,5.388682721417202
zh_ja_054,translation_control,translation_009096,29.104408971003295,5.388682721417202
zh_ja_054,translation_control,translation_022911,29.112776036390425,5.388682721417202
zh_ja_054,translation_control,translation_022549,29.116351829398983,5.388682721417202
zh_ja_054,translation_control,translation_017675,29.12006440454523,5.388682721417202
