id,group,reference_difficulty
translation_000006,translation_control,-5.885384798049927
translation_000009,translation_control,-3.4466790556907654
translation_000046,translation_control,-18.883519172668457
translation_000089,translation_control,-17.829026699066162
translation_000090,translation_control,-16.403600692749023
translation_000174,translation_control,-9.093815803527832
translation_000175,translation_control,-6.057967185974121
translation_000176,translation_control,-5.77281641960144
translation_000219,translation_control,-17.672180652618408
translation_000250,translation_control,-4.731783390045166
translation_000255,translation_control,-9.391017436981201
translation_000261,translation_control,-4.6525760889053345
translation_000264,translation_control,-3.430636167526245
translation_000265,translation_control,-4.350132346153259
translation_000343,translation_control,-10.800791263580322
translation_000346,translation_control,-9.862156391143799
translation_000353,translation_control,-27.168192863464355
translation_000416,translation_control,-23.785876274108887
translation_000417,translation_control,-15.73563528060913
translation_000426,translation_control,-17.127198219299316
translation_000435,translation_control,-16.527838230133057
translation_000440,translation_control,-19.36209726333618
translation_000477,translation_control,-23.802753448486328
translation_000479,translation_control,-22.48548126220703
translation_000507,translation_control,-9.380300283432007
translation_000508,translation_control,-6.752567648887634
translation_000555,translation_control,-6.794867157936096
translation_000655,translation_control,-13.612943172454834
translation_000660,translation_control,-12.50280237197876
translation_000662,translation_control,-11.082504987716675
translation_000667,translation_control,-5.9954418540000916
translation_000669,translation_control,-4.575144469738007
translation_000693,translation_control,-14.061177730560303
translation_000741,translation_control,-17.7003231048584
translation_000762,translation_control,-6.259948492050171
translation_000771,translation_control,-17.725902318954468
translation_000772,translation_control,-12.078892469406128
translation_000773,translation_control,-8.890038013458252
translation_000774,translation_control,-10.695851564407349
translation_000785,translation_control,-16.50379705429077
translation_000962,translation_control,-21.25363254547119
translation_000964,translation_control,-18.846139907836914
translation_000971,translation_control,-15.006443977355957
translation_000972,translation_control,-15.938614845275879
translation_001108,translation_control,-8.198813438415527
translation_001110,translation_control,-7.896821737289429
translation_001112,translation_control,-6.747076034545898
translation_001117,translation_control,-8.151306331157684
translation_001119,translation_control,-7.341798812150955
translation_001165,translation_control,-7.841753721237183
translation_001174,translation_control,-11.349552154541016
translation_001175,translation_control,-16.514424800872803
translation_001179,translation_control,-8.304723739624023
translation_001181,translation_control,-17.128698348999023
translation_001260,translation_control,-4.792613744735718
translation_001262,translation_control,-9.702043056488037
translation_001295,translation_control,-16.578879356384277
translation_001303,translation_control,-12.78872013092041
translation_001332,translation_control,-9.302836418151855
translation_001333,translation_control,-5.481502532958984
translation_001334,translation_control,-7.684638977050781
translation_001335,translation_control,-9.263955116271973
translation_001337,translation_control,-4.81622838973999
translation_001472,translation_control,-22.28931951522827
translation_001479,translation_control,-10.62605595588684
translation_001481,translation_control,-13.699036717414856
translation_001483,translation_control,-11.419680714607239
translation_001488,translation_control,-20.219371795654297
translation_001502,translation_control,-11.143128633499146
translation_001508,translation_control,-9.51269268989563
translation_001531,translation_control,-11.29874038696289
translation_001589,translation_control,-16.007852792739868
translation_001591,translation_control,-16.73540425300598
translation_001618,translation_control,-27.3241024017334
translation_001619,translation_control,-18.341201066970825
translation_001625,translation_control,-10.819984436035156
translation_001649,translation_control,-11.132132530212402
translation_001660,translation_control,-10.698643684387207
translation_001661,translation_control,-11.462970733642578
translation_001662,translation_control,-11.667657852172852
translation_001663,translation_control,-8.289994716644287
translation_001704,translation_control,-8.057153224945068
translation_001718,translation_control,-5.304418325424194
translation_001719,translation_control,-4.107065796852112
translation_001742,translation_control,-6.273031711578369
translation_001752,translation_control,-13.953878402709961
translation_001794,translation_control,-8.71462857723236
translation_001795,translation_control,-8.032191157341003
translation_001815,translation_control,-20.532280921936035
translation_001816,translation_control,-15.403983116149902
translation_001818,translation_control,-13.746456146240234
translation_001819,translation_control,-8.193493604660034
translation_001820,translation_control,-16.61092758178711
translation_001822,translation_control,-15.198932647705078
translation_001859,translation_control,-24.934273719787598
translation_001868,translation_control,-10.883370399475098
translation_001874,translation_control,-14.20177173614502
translation_001885,translation_control,-7.30048680305481
translation_001886,translation_control,-3.60658198595047
translation_001887,translation_control,-6.17257833480835
translation_001888,translation_control,-23.4134464263916
translation_001890,translation_control,-17.349730014801025
translation_001891,translation_control,-22.713146209716797
translation_001894,translation_control,-15.849946022033691
translation_001897,translation_control,-19.54193687438965
translation_001904,translation_control,-20.30810546875
translation_001908,translation_control,-13.142866134643555
translation_001910,translation_control,-16.59902000427246
translation_001911,translation_control,-16.528053283691406
translation_001912,translation_control,-13.341282367706299
translation_001915,translation_control,-18.57228946685791
translation_001916,translation_control,-18.501322746276855
translation_001917,translation_control,-15.314551830291748
translation_001923,translation_control,-14.27266550064087
translation_001924,translation_control,-13.59584903717041
translation_002027,translation_control,-6.928959131240845
translation_002028,translation_control,-13.18381381034851
translation_002030,translation_control,-10.328190565109253
translation_002082,translation_control,-8.056035995483398
translation_002087,translation_control,-7.063507795333862
translation_002088,translation_control,-7.988675355911255
translation_002099,translation_control,-11.036314208060503
translation_002100,translation_control,-16.173608779907227
translation_002111,translation_control,-12.976181983947754
translation_002113,translation_control,-14.066287994384766
translation_002158,translation_control,-9.007479071617126
translation_002178,translation_control,-15.516880512237549
translation_002179,translation_control,-15.35608720779419
translation_002196,translation_control,-9.227630376815796
translation_002197,translation_control,-8.961335182189941
translation_002258,translation_control,-5.20144510269165
translation_002264,translation_control,-10.67056655883789
translation_002265,translation_control,-6.105272650718689
translation_002279,translation_control,-18.910391807556152
translation_002286,translation_control,-7.53413200378418
translation_002316,translation_control,-16.251617431640625
translation_002322,translation_control,-11.097668409347534
translation_002325,translation_control,-9.091477870941162
translation_002384,translation_control,-6.306198596954346
translation_002385,translation_control,-3.7652688026428223
translation_002387,translation_control,-4.09601616859436
translation_002428,translation_control,-20.32349967956543
translation_002430,translation_control,-18.995596885681152
translation_002465,translation_control,-19.54599380493164
translation_002506,translation_control,-6.5712995529174805
translation_002527,translation_control,-2.67188560962677
translation_002531,translation_control,-2.5310146808624268
translation_002535,translation_control,-6.191598057746887
translation_002551,translation_control,-5.860621929168701
translation_002602,translation_control,-13.259129762649536
translation_002603,translation_control,-6.6227641105651855
translation_002604,translation_control,-5.862106084823608
translation_002609,translation_control,-4.591492652893066
translation_002612,translation_control,-5.283761501312256
translation_002624,translation_control,-4.195233941078186
translation_002644,translation_control,-21.290935516357422
translation_002645,translation_control,-16.99897861480713
translation_002647,translation_control,-8.645726680755615
translation_002654,translation_control,-6.425517320632935
translation_002665,translation_control,-5.414043664932251
translation_002666,translation_control,-6.2991461753845215
translation_002682,translation_control,-4.387686491012573
translation_002690,translation_control,-20.11985683441162
translation_002722,translation_control,-3.195583701133728
translation_002774,translation_control,-14.67387866973877
translation_002804,translation_control,-19.176088333129883
translation_002808,translation_control,-13.052924156188965
translation_002809,translation_control,-14.064795970916748
translation_002810,translation_control,-10.70350980758667
translation_002811,translation_control,-6.963432967662811
translation_002812,translation_control,-7.9753047823905945
translation_002813,translation_control,-13.747884273529053
translation_002814,translation_control,-14.759756088256836
translation_002817,translation_control,-11.38925838470459
translation_002818,translation_control,-12.401130199432373
translation_002821,translation_control,-8.949593544006348
translation_002822,translation_control,-9.96146535873413
translation_002956,translation_control,-5.913142204284668
translation_002967,translation_control,-9.404657006263733
translation_002968,translation_control,-9.93690550327301
translation_002982,translation_control,-11.507593154907227
translation_003030,translation_control,-6.1212193965911865
translation_003031,translation_control,-6.2925379276275635
translation_003199,translation_control,-6.846814453601837
translation_003200,translation_control,-9.402324199676514
translation_003202,translation_control,-8.120153069496155
translation_003233,translation_control,-28.034286499023438
translation_003237,translation_control,-18.725832223892212
translation_003238,translation_control,-7.4140143394470215
translation_003240,translation_control,-9.076879978179932
translation_003244,translation_control,-1.838205873966217
translation_003249,translation_control,-8.075066089630127
translation_003368,translation_control,-4.101966738700867
translation_003369,translation_control,-6.4855345487594604
translation_003373,translation_control,-4.761734485626221
translation_003420,translation_control,-13.28791856765747
translation_003442,translation_control,-7.543667793273926
translation_003481,translation_control,-13.808830738067627
translation_003524,translation_control,-7.984219074249268
translation_003537,translation_control,-17.673901557922363
translation_003543,translation_control,-25.717537879943848
translation_003544,translation_control,-26.82225799560547
translation_003565,translation_control,-16.823861122131348
translation_003620,translation_control,-5.383144736289978
translation_003626,translation_control,-23.155317306518555
translation_003627,translation_control,-25.601588249206543
translation_003735,translation_control,-18.86578369140625
translation_003737,translation_control,-16.247440814971924
translation_003740,translation_control,-12.720769882202148
translation_003781,translation_control,-22.794100761413574
translation_003783,translation_control,-22.176203727722168
translation_003784,translation_control,-16.48576259613037
translation_003808,translation_control,-21.89392375946045
translation_003810,translation_control,-26.515854835510254
translation_003816,translation_control,-3.7890704870224
translation_003846,translation_control,-6.846778631210327
translation_003884,translation_control,-8.988330364227295
translation_003896,translation_control,-6.112194299697876
translation_003897,translation_control,-4.457091778516769
translation_003953,translation_control,-5.401953816413879
translation_003973,translation_control,-21.655685424804688
translation_003974,translation_control,-22.997178077697754
translation_003975,translation_control,-14.717746019363403
translation_004013,translation_control,-14.227800369262695
translation_004014,translation_control,-15.571038246154785
translation_004015,translation_control,-7.345092535018921
translation_004016,translation_control,-12.448623657226562
translation_004017,translation_control,-13.264554977416992
translation_004071,translation_control,-8.62021017074585
translation_004073,translation_control,-8.07826280593872
translation_004077,translation_control,-7.8140071630477905
translation_004080,translation_control,-3.5918067693710327
translation_004083,translation_control,-5.039363741874695
translation_004084,translation_control,-11.881535530090332
translation_004085,translation_control,-4.6253350377082825
translation_004086,translation_control,-9.415365219116211
translation_004087,translation_control,-9.603408336639404
translation_004088,translation_control,-10.726150512695312
translation_004089,translation_control,-6.106440544128418
translation_004108,translation_control,-16.735814094543457
translation_004111,translation_control,-14.489145755767822
translation_004112,translation_control,-15.61188793182373
translation_004146,translation_control,-12.47195328772068
translation_004195,translation_control,-15.858039379119873
translation_004259,translation_control,-16.78541612625122
translation_004261,translation_control,-14.32241678237915
translation_004265,translation_control,-11.889426708221436
translation_004279,translation_control,-15.11245059967041
translation_004281,translation_control,-9.51003360748291
translation_004309,translation_control,-23.344515800476074
translation_004311,translation_control,-17.742098808288574
translation_004321,translation_control,-12.753786563873291
translation_004345,translation_control,-13.686870098114014
translation_004371,translation_control,-11.880175113677979
translation_004380,translation_control,-9.658835273236036
translation_004381,translation_control,-6.247027736157179
translation_004382,translation_control,-4.35168157145381
translation_004401,translation_control,-19.937427520751953
translation_004406,translation_control,-13.910236358642578
translation_004416,translation_control,-27.20406723022461
translation_004437,translation_control,-10.653515338897705
translation_004458,translation_control,-8.896791696548462
translation_004491,translation_control,-9.741750836372375
translation_004492,translation_control,-5.052586078643799
translation_004493,translation_control,-7.128284573554993
translation_004518,translation_control,-16.985533714294434
translation_004600,translation_control,-7.316269874572754
translation_004601,translation_control,-7.268476486206055
translation_004602,translation_control,-16.672468662261963
translation_004603,translation_control,-8.526631832122803
translation_004615,translation_control,-4.185959100723267
translation_004625,translation_control,-9.47894287109375
translation_004626,translation_control,-11.724255084991455
translation_004628,translation_control,-7.551607370376587
translation_004704,translation_control,-8.873443126678467
translation_004711,translation_control,-11.560797095298767
translation_004713,translation_control,-9.254796504974365
translation_004714,translation_control,-7.9782222509384155
translation_004727,translation_control,-11.022348165512085
translation_004728,translation_control,-6.4862754344940186
translation_004782,translation_control,-6.611199378967285
translation_004783,translation_control,-4.341178059577942
translation_004785,translation_control,-6.80621337890625
translation_004786,translation_control,-7.388193130493164
translation_004792,translation_control,-19.29919719696045
translation_004793,translation_control,-20.119688034057617
translation_004794,translation_control,-23.609965324401855
translation_004795,translation_control,-17.99358367919922
translation_004816,translation_control,-8.744391202926636
translation_004820,translation_control,-6.1857099533081055
translation_004821,translation_control,-10.640259027481079
translation_004879,translation_control,-6.901294469833374
translation_004883,translation_control,-4.272547960281372
translation_004941,translation_control,-14.846728801727295
translation_004943,translation_control,-16.526489734649658
translation_005027,translation_control,-8.382688999176025
translation_005028,translation_control,-4.050884008407593
translation_005031,translation_control,-5.467051267623901
translation_005037,translation_control,-1.010123547166586
translation_005038,translation_control,-5.362801428884268
translation_005039,translation_control,-2.8655074797570705
translation_005040,translation_control,-5.8189376555383205
translation_005055,translation_control,-5.26993203163147
translation_005056,translation_control,-7.346900224685669
translation_005059,translation_control,-3.7757452726364136
translation_005060,translation_control,-9.075870513916016
translation_005075,translation_control,-7.38489305973053
translation_005081,translation_control,-9.941089391708374
translation_005082,translation_control,-7.765823602676392
translation_005117,translation_control,-6.280918836593628
translation_005119,translation_control,-11.68029236793518
translation_005130,translation_control,-16.211788654327393
translation_005142,translation_control,-7.668160676956177
translation_005143,translation_control,-7.653944969177246
translation_005145,translation_control,-7.087515115737915
translation_005147,translation_control,-10.57292914390564
translation_005148,translation_control,-6.252762794494629
translation_005149,translation_control,-7.183432340621948
translation_005150,translation_control,-4.734140634536743
translation_005151,translation_control,-3.922935128211975
translation_005157,translation_control,-2.8063048720359802
translation_005158,translation_control,-1.9950993657112122
translation_005223,translation_control,-10.617478370666504
translation_005288,translation_control,-2.5716960097197443
translation_005328,translation_control,-9.423332452774048
translation_005331,translation_control,-19.53874135017395
translation_005347,translation_control,-28.297621726989746
translation_005348,translation_control,-21.204870223999023
translation_005374,translation_control,-6.425304412841797
translation_005376,translation_control,-6.266000509262085
translation_005377,translation_control,-5.780932664871216
translation_005378,translation_control,-6.240258455276489
translation_005380,translation_control,-4.580341339111328
translation_005382,translation_control,-7.568002820014954
translation_005426,translation_control,-7.7956238985061646
translation_005433,translation_control,-10.429011821746826
translation_005434,translation_control,-9.88100814819336
translation_005435,translation_control,-10.305948495864868
translation_005445,translation_control,-14.369888305664062
translation_005446,translation_control,-13.218605995178223
translation_005488,translation_control,-9.611557006835938
translation_005506,translation_control,-10.049359798431396
translation_005507,translation_control,-8.591255903244019
translation_005509,translation_control,-8.989329814910889
translation_005510,translation_control,-11.697778701782227
translation_005511,translation_control,-10.431082248687744
translation_005531,translation_control,-12.008204221725464
translation_005532,translation_control,-6.1425182819366455
translation_005533,translation_control,-4.176387786865234
translation_005534,translation_control,-4.917844295501709
translation_005535,translation_control,-5.825842618942261
translation_005536,translation_control,-7.600280046463013
translation_005539,translation_control,-11.160887658596039
translation_005542,translation_control,-4.070527732372284
translation_005543,translation_control,-4.978526055812836
translation_005544,translation_control,-6.752963483333588
translation_005612,translation_control,-18.834943771362305
translation_005628,translation_control,-20.899678230285645
translation_005652,translation_control,-9.557166576385498
translation_005653,translation_control,-7.292963981628418
translation_005655,translation_control,-6.1432013511657715
translation_005656,translation_control,-5.7305216789245605
translation_005683,translation_control,-5.901763677597046
translation_005684,translation_control,-5.489084005355835
translation_005709,translation_control,-11.311718940734863
translation_005726,translation_control,-10.168973863124847
translation_005732,translation_control,-4.382252812385559
translation_005742,translation_control,-9.757824420928955
translation_005743,translation_control,-10.136021137237549
translation_005744,translation_control,-6.20821750164032
translation_005812,translation_control,-11.934125900268555
translation_005813,translation_control,-9.397215604782104
translation_005822,translation_control,-15.995691299438477
translation_005823,translation_control,-20.80305576324463
translation_005824,translation_control,-13.37466049194336
translation_005866,translation_control,-6.735147953033447
translation_005869,translation_control,-5.276560544967651
translation_005872,translation_control,-6.93427848815918
translation_005875,translation_control,-3.3197834491729736
translation_005884,translation_control,-6.123932838439941
translation_005910,translation_control,-13.118622541427612
translation_005918,translation_control,-20.341819763183594
translation_005920,translation_control,-14.321601867675781
translation_005921,translation_control,-13.9135901927948
translation_005922,translation_control,-16.76351499557495
translation_005950,translation_control,-13.745234489440918
translation_005962,translation_control,-12.402820587158203
translation_005983,translation_control,-13.959381103515625
translation_006000,translation_control,-23.492406845092773
translation_006001,translation_control,-18.503663063049316
translation_006002,translation_control,-24.220497131347656
translation_006003,translation_control,-21.707966804504395
translation_006046,translation_control,-13.230989456176758
translation_006047,translation_control,-12.280919075012207
translation_006048,translation_control,-14.02841567993164
translation_006052,translation_control,-2.8034468293190002
translation_006117,translation_control,-3.737217903137207
translation_006121,translation_control,-6.566731810569763
translation_006133,translation_control,-7.168199777603149
translation_006135,translation_control,-9.355481624603271
translation_006137,translation_control,-9.847238063812256
translation_006155,translation_control,-5.609042644500732
translation_006158,translation_control,-12.841241359710693
translation_006159,translation_control,-11.780064582824707
translation_006160,translation_control,-7.252745032310486
translation_006175,translation_control,-3.726043224334717
translation_006176,translation_control,-9.02412748336792
translation_006177,translation_control,-8.489501476287842
translation_006217,translation_control,-5.6449443101882935
translation_006218,translation_control,-8.602134943008423
translation_006219,translation_control,-6.440920352935791
translation_006220,translation_control,-6.954065918922424
translation_006221,translation_control,-7.20561146736145
translation_006231,translation_control,-1.3813738822937012
translation_006232,translation_control,-4.338564515113831
translation_006249,translation_control,-7.838913202285767
translation_006258,translation_control,-10.676965117454529
translation_006259,translation_control,-5.029183745384216
translation_006261,translation_control,-7.79081666469574
translation_006327,translation_control,-5.779949903488159
translation_006335,translation_control,-7.693210124969482
translation_006337,translation_control,-10.95185375213623
translation_006342,translation_control,-11.299379825592041
translation_006438,translation_control,-17.19658088684082
translation_006483,translation_control,-9.09932804107666
translation_006503,translation_control,-18.807565689086914
translation_006505,translation_control,-16.59599781036377
translation_006574,translation_control,-9.464645266532898
translation_006575,translation_control,-2.1247695684432983
translation_006638,translation_control,-6.2230610847473145
translation_006639,translation_control,-5.390301465988159
translation_006653,translation_control,-13.26818299293518
translation_006654,translation_control,-11.199766159057617
translation_006659,translation_control,-14.24995231628418
translation_006668,translation_control,-14.497992038726807
translation_006716,translation_control,-11.85477328300476
translation_006748,translation_control,-11.625094890594482
translation_006772,translation_control,-14.97144603729248
translation_006823,translation_control,-11.291931629180908
translation_006837,translation_control,-9.066560983657837
translation_006839,translation_control,-9.376082181930542
translation_006840,translation_control,-11.97361445426941
translation_006916,translation_control,-9.713469982147217
translation_006917,translation_control,-11.044668674468994
translation_006918,translation_control,-14.00838851928711
translation_006923,translation_control,-7.020054468885064
translation_006924,translation_control,-8.532449373975396
translation_006935,translation_control,-12.2683787047863
translation_006954,translation_control,-11.318128108978271
translation_006960,translation_control,-10.443985134363174
translation_006964,translation_control,-15.246747314929962
translation_006987,translation_control,-21.391178131103516
translation_007009,translation_control,-13.856316089630127
translation_007031,translation_control,-13.164005756378174
translation_007052,translation_control,-9.590710878372192
translation_007055,translation_control,-10.057864427566528
translation_007092,translation_control,-8.08162784576416
translation_007100,translation_control,-11.931783676147461
translation_007102,translation_control,-9.70540714263916
translation_007116,translation_control,-13.037198066711426
translation_007118,translation_control,-11.010056018829346
translation_007137,translation_control,-9.653775691986084
translation_007141,translation_control,-14.198355674743652
translation_007248,translation_control,-6.8235764503479
translation_007250,translation_control,-8.137564659118652
translation_007262,translation_control,-2.605070188641548
translation_007263,translation_control,-1.6606722623109818
translation_007324,translation_control,-16.289395809173584
translation_007327,translation_control,-6.5466132164001465
translation_007376,translation_control,-20.918025970458984
translation_007384,translation_control,-11.4920414686203
translation_007448,translation_control,-3.3404201716184616
translation_007458,translation_control,-7.276094436645508
translation_007461,translation_control,-5.389393329620361
translation_007463,translation_control,-4.511915445327759
translation_007464,translation_control,-4.118992805480957
translation_007469,translation_control,-9.553330421447754
translation_007528,translation_control,-14.86151933670044
translation_007570,translation_control,-15.078125238418579
translation_007571,translation_control,-17.51398801803589
translation_007572,translation_control,-20.509706497192383
translation_007574,translation_control,-22.542033195495605
translation_007579,translation_control,-21.41129493713379
translation_007581,translation_control,-23.707783699035645
translation_007634,translation_control,-16.521201610565186
translation_007640,translation_control,-12.765757083892822
translation_007646,translation_control,-9.716165781021118
translation_007661,translation_control,-11.259008884429932
translation_007662,translation_control,-16.40654993057251
translation_007720,translation_control,-10.317636489868164
translation_007721,translation_control,-9.258818864822388
translation_007731,translation_control,-2.2874944284558296
translation_007786,translation_control,-14.011570453643799
translation_007837,translation_control,-10.334869384765625
translation_007855,translation_control,-19.277275562286377
translation_007858,translation_control,-18.74770450592041
translation_007914,translation_control,-16.756864070892334
translation_007936,translation_control,-12.970140933990479
translation_007981,translation_control,-10.331307411193848
translation_008037,translation_control,-14.312341213226318
translation_008083,translation_control,-8.64215612411499
translation_008085,translation_control,-7.408561706542969
translation_008106,translation_control,-5.339927911758423
translation_008128,translation_control,-18.755443572998047
translation_008205,translation_control,-13.235893726348877
translation_008206,translation_control,-17.140820026397705
translation_008207,translation_control,-8.258440256118774
translation_008209,translation_control,-17.834781169891357
translation_008210,translation_control,-13.258530139923096
translation_008211,translation_control,-8.9011390209198
translation_008212,translation_control,-8.282812714576721
translation_008213,translation_control,-12.18773901462555
translation_008214,translation_control,-3.3053592443466187
translation_008216,translation_control,-12.881700158119202
translation_008217,translation_control,-8.30544912815094
translation_008218,translation_control,-4.161364912986755
translation_008219,translation_control,-12.556089878082275
translation_008220,translation_control,-16.461016178131104
translation_008223,translation_control,-17.154977321624756
translation_008225,translation_control,-8.221335172653198
translation_008227,translation_control,-16.77491044998169
translation_008228,translation_control,-14.334331154823303
translation_008229,translation_control,-26.17324924468994
translation_008238,translation_control,-10.983161449432373
translation_008241,translation_control,-8.948445320129395
translation_008242,translation_control,-10.154391765594482
translation_008243,translation_control,-8.223416328430176
translation_008258,translation_control,-9.36484670639038
translation_008260,translation_control,-10.069377899169922
translation_008263,translation_control,-6.741029858589172
translation_008329,translation_control,-1.5441798865795135
translation_008330,translation_control,-2.5471663177013397
translation_008337,translation_control,-6.847756624221802
translation_008370,translation_control,-14.929278373718262
translation_008372,translation_control,-16.35018253326416
translation_008374,translation_control,-4.685044229030609
translation_008376,translation_control,-5.994864106178284
translation_008382,translation_control,-11.817110061645508
translation_008396,translation_control,-2.614564597606659
translation_008398,translation_control,-3.182185411453247
translation_008482,translation_control,-18.174471855163574
translation_008517,translation_control,-23.930405616760254
translation_008518,translation_control,-23.636837005615234
translation_008519,translation_control,-17.034172534942627
translation_008601,translation_control,-23.230886459350586
translation_008618,translation_control,-15.515221118927002
translation_008696,translation_control,-6.625649452209473
translation_008714,translation_control,-18.16893720626831
translation_008715,translation_control,-27.948450088500977
translation_008716,translation_control,-18.685482025146484
translation_008718,translation_control,-19.104700565338135
translation_008740,translation_control,-6.841248273849487
translation_008755,translation_control,-3.0736611969769
translation_008756,translation_control,-2.9415207654237747
translation_008757,translation_control,-3.9122799523174763
translation_008778,translation_control,-5.452677488327026
translation_008779,translation_control,-5.741177558898926
translation_008794,translation_control,-20.484081268310547
translation_008808,translation_control,-13.201704978942871
translation_008810,translation_control,-13.908247470855713
translation_008812,translation_control,-19.029850006103516
translation_008819,translation_control,-7.605571031570435
translation_008820,translation_control,-3.553667724132538
translation_008822,translation_control,-5.207228422164917
translation_008826,translation_control,-9.922228574752808
translation_008827,translation_control,-12.302051544189453
translation_008828,translation_control,-8.483431339263916
translation_008829,translation_control,-9.110753536224365
translation_008830,translation_control,-10.042076110839844
translation_008836,translation_control,-6.485255002975464
translation_008841,translation_control,-5.148475646972656
translation_008854,translation_control,-16.100905895233154
translation_008897,translation_control,-7.163702011108398
translation_008907,translation_control,-8.096046924591064
translation_008926,translation_control,-8.966472148895264
translation_008927,translation_control,-5.697869777679443
translation_008934,translation_control,-7.543778419494629
translation_008935,translation_control,-4.605163812637329
translation_008948,translation_control,-6.873310685157776
translation_008950,translation_control,-10.836938977241516
translation_008956,translation_control,-8.286418914794922
translation_008980,translation_control,-10.861208438873291
translation_009059,translation_control,-6.731781244277954
translation_009060,translation_control,-9.167189359664917
translation_009061,translation_control,-9.168360233306885
translation_009065,translation_control,-7.4124672412872314
translation_009066,translation_control,-9.788029670715332
translation_009068,translation_control,-9.608600616455078
translation_009095,translation_control,-8.526326179504395
translation_009096,translation_control,-17.1769380569458
translation_009097,translation_control,-8.354422092437744
translation_009098,translation_control,-10.277227640151978
translation_009099,translation_control,-18.79307222366333
translation_009100,translation_control,-9.970556259155273
translation_009103,translation_control,-18.886779308319092
translation_009108,translation_control,-12.159651577472687
translation_009109,translation_control,-4.177883446216583
translation_009111,translation_control,-6.356782495975494
translation_009113,translation_control,-15.747336447238922
translation_009114,translation_control,-6.7184441685676575
translation_009129,translation_control,-10.212375551462173
translation_009131,translation_control,-2.1536921560764313
translation_009203,translation_control,-6.4879878759384155
translation_009205,translation_control,-7.754952907562256
translation_009218,translation_control,-17.874382495880127
translation_009219,translation_control,-8.489301204681396
translation_009220,translation_control,-17.411630630493164
translation_009221,translation_control,-15.250093460083008
translation_009222,translation_control,-14.16290020942688
translation_009223,translation_control,-13.77220368385315
translation_009224,translation_control,-11.610666513442993
translation_009226,translation_control,-9.814632892608643
translation_009239,translation_control,-14.599080085754395
translation_009240,translation_control,-11.604104995727539
translation_009249,translation_control,-10.759656429290771
translation_009321,translation_control,-15.15249252319336
translation_009339,translation_control,-17.51682186126709
translation_009379,translation_control,-17.232844829559326
translation_009384,translation_control,-8.86476993560791
translation_009390,translation_control,-18.091098308563232
translation_009399,translation_control,-20.10926914215088
translation_009421,translation_control,-6.375783920288086
translation_009429,translation_control,-10.045153856277466
translation_009430,translation_control,-7.3465728759765625
translation_009431,translation_control,-3.710791230201721
translation_009511,translation_control,-7.587340474128723
translation_009513,translation_control,-5.936541676521301
translation_009519,translation_control,-13.440070629119873
translation_009520,translation_control,-13.775953769683838
translation_009524,translation_control,-14.451221466064453
translation_009525,translation_control,-14.787104606628418
translation_009577,translation_control,-26.178903579711914
translation_009602,translation_control,-7.99288272857666
translation_009603,translation_control,-10.805920600891113
translation_009604,translation_control,-15.542704582214355
translation_009605,translation_control,-18.35574245452881
translation_009606,translation_control,-7.019461989402771
translation_009607,translation_control,-9.7886723279953
translation_009688,translation_control,-7.515873670578003
translation_009689,translation_control,-8.799116134643555
translation_009690,translation_control,-24.64045810699463
translation_009697,translation_control,-18.678122520446777
translation_009698,translation_control,-17.13216495513916
translation_009701,translation_control,-17.802714347839355
translation_009702,translation_control,-16.512825965881348
translation_009825,translation_control,-16.651249885559082
translation_009829,translation_control,-13.36637020111084
translation_009836,translation_control,-20.24796772003174
translation_009842,translation_control,-9.982134342193604
translation_009856,translation_control,-13.602721214294434
translation_009870,translation_control,-7.454805374145508
translation_009871,translation_control,-10.713425636291504
translation_009895,translation_control,-16.964085578918457
translation_009896,translation_control,-15.722777843475342
translation_009897,translation_control,-13.565260410308838
translation_009898,translation_control,-12.323952674865723
translation_009903,translation_control,-5.5820631980896
translation_009904,translation_control,-5.746756553649902
translation_009906,translation_control,-5.8768486976623535
translation_009907,translation_control,-6.0426812171936035
translation_009910,translation_control,-20.61534309387207
translation_009917,translation_control,-20.918166637420654
translation_009919,translation_control,-26.459038734436035
translation_009976,translation_control,-10.137263774871826
translation_010004,translation_control,-11.18611192703247
translation_010016,translation_control,-14.50813913345337
translation_010039,translation_control,-6.01721978187561
translation_010050,translation_control,-7.937244176864624
translation_010055,translation_control,-5.809481620788574
translation_010056,translation_control,-5.564871549606323
translation_010057,translation_control,-5.313324928283691
translation_010058,translation_control,-15.598467826843262
translation_010069,translation_control,-13.982714653015137
translation_010074,translation_control,-7.559455990791321
translation_010075,translation_control,-13.482178688049316
translation_010089,translation_control,-11.038440704345703
translation_010105,translation_control,-27.879563331604004
translation_010132,translation_control,-14.159420013427734
translation_010158,translation_control,-13.749391555786133
translation_010173,translation_control,-14.705077648162842
translation_010177,translation_control,-25.263127326965332
translation_010194,translation_control,-16.08769392967224
translation_010200,translation_control,-9.423712253570557
translation_010201,translation_control,-9.503740787506104
translation_010202,translation_control,-8.599163055419922
translation_010204,translation_control,-10.807812213897705
translation_010212,translation_control,-10.78097128868103
translation_010245,translation_control,-10.383420646190643
translation_010252,translation_control,-16.506850242614746
translation_010254,translation_control,-9.324215173721313
translation_010259,translation_control,-12.323280334472656
translation_010260,translation_control,-10.824655532836914
translation_010261,translation_control,-10.194339752197266
translation_010276,translation_control,-8.475297451019287
translation_010300,translation_control,-7.875186443328857
translation_010308,translation_control,-22.31057643890381
translation_010352,translation_control,-15.845264911651611
translation_010373,translation_control,-6.240926027297974
translation_010413,translation_control,-8.901604890823364
translation_010417,translation_control,-15.656959056854248
translation_010422,translation_control,-22.62897777557373
translation_010423,translation_control,-28.34372615814209
translation_010424,translation_control,-15.14303207397461
translation_010427,translation_control,-27.768333435058594
translation_010428,translation_control,-14.567639350891113
translation_010439,translation_control,-27.803035736083984
translation_010443,translation_control,-23.721623420715332
translation_010478,translation_control,-8.14597463607788
translation_010479,translation_control,-8.481972217559814
translation_010533,translation_control,-18.6409969329834
translation_010550,translation_control,-1.4756314754486084
translation_010551,translation_control,-2.1862452626228333
translation_010558,translation_control,-4.9971935749053955
translation_010560,translation_control,-4.534228444099426
translation_010598,translation_control,-8.882251977920532
translation_010599,translation_control,-9.163558721542358
translation_010602,translation_control,-7.752475023269653
translation_010603,translation_control,-8.055026710033417
translation_010620,translation_control,-13.695610046386719
translation_010653,translation_control,-4.35086190700531
translation_010692,translation_control,-16.280942916870117
translation_010694,translation_control,-8.949394464492798
translation_010720,translation_control,-6.2726781368255615
translation_010737,translation_control,-23.55591869354248
translation_010758,translation_control,-18.803390502929688
translation_010807,translation_control,-10.213040232658386
translation_010811,translation_control,-10.037019491195679
translation_010812,translation_control,-4.751212954521179
translation_010874,translation_control,-5.324512958526611
translation_010879,translation_control,-3.8228174448013306
translation_010892,translation_control,-15.165574550628662
translation_010902,translation_control,-9.378027439117432
translation_010930,translation_control,-20.161574363708496
translation_010942,translation_control,-4.330056428909302
translation_010956,translation_control,-7.677520036697388
translation_010958,translation_control,-7.410046815872192
translation_010959,translation_control,-5.275589108467102
translation_011118,translation_control,-13.210118770599365
translation_011121,translation_control,-13.806131839752197
translation_011125,translation_control,-22.866823196411133
translation_011139,translation_control,-16.77680778503418
translation_011141,translation_control,-8.254472255706787
translation_011142,translation_control,-10.954924583435059
translation_011145,translation_control,-10.333998680114746
translation_011151,translation_control,-16.109763145446777
translation_011173,translation_control,-4.7926318645477295
translation_011174,translation_control,-5.976884365081787
translation_011178,translation_control,-11.044106721878052
translation_011184,translation_control,-9.397878408432007
translation_011186,translation_control,-8.456071853637695
translation_011203,translation_control,-4.77282452583313
translation_011219,translation_control,-3.680139183998108
translation_011239,translation_control,-7.839283466339111
translation_011240,translation_control,-8.96785831451416
translation_011255,translation_control,-22.64784812927246
translation_011257,translation_control,-21.065390586853027
translation_011279,translation_control,-16.930755615234375
translation_011284,translation_control,-13.093086242675781
translation_011303,translation_control,-9.86333703994751
translation_011320,translation_control,-8.284020900726318
translation_011341,translation_control,-5.376585006713867
translation_011343,translation_control,-5.112135887145996
translation_011344,translation_control,-6.255916595458984
translation_011358,translation_control,-3.7336381673812866
translation_011387,translation_control,-7.395094156265259
translation_011389,translation_control,-11.708371639251709
translation_011418,translation_control,-16.85962200164795
translation_011424,translation_control,-17.94824981689453
translation_011445,translation_control,-6.7966625690460205
translation_011466,translation_control,-21.093758583068848
translation_011468,translation_control,-17.109291553497314
translation_011484,translation_control,-12.360768556594849
translation_011485,translation_control,-10.805439233779907
translation_011487,translation_control,-11.113081216812134
translation_011488,translation_control,-12.11634373664856
translation_011495,translation_control,-11.481558799743652
translation_011519,translation_control,-21.878226280212402
translation_011527,translation_control,-18.210827350616455
translation_011559,translation_control,-6.151401996612549
translation_011569,translation_control,-16.349446773529053
translation_011571,translation_control,-26.33245277404785
translation_011579,translation_control,-17.45115900039673
translation_011642,translation_control,-7.894332617521286
translation_011680,translation_control,-13.185254096984863
translation_011703,translation_control,-7.992496371269226
translation_011704,translation_control,-12.531437516212463
translation_011712,translation_control,-21.026095390319824
translation_011713,translation_control,-17.25074052810669
translation_011714,translation_control,-15.420259237289429
translation_011762,translation_control,-6.082857608795166
translation_011763,translation_control,-4.887129068374634
translation_011765,translation_control,-9.47300672531128
translation_011794,translation_control,-6.610311031341553
translation_011857,translation_control,-17.544105529785156
translation_011894,translation_control,-10.281935691833496
translation_011911,translation_control,-5.532163918018341
translation_011964,translation_control,-8.677524328231812
translation_012088,translation_control,-17.08296251296997
translation_012140,translation_control,-6.01022207736969
translation_012167,translation_control,-5.766073822975159
translation_012168,translation_control,-8.433135867118835
translation_012252,translation_control,-13.000083923339844
translation_012263,translation_control,-17.822500228881836
translation_012265,translation_control,-24.380386352539062
translation_012267,translation_control,-26.920228958129883
translation_012269,translation_control,-13.788305282592773
translation_012271,translation_control,-20.506110191345215
translation_012276,translation_control,-20.50696563720703
translation_012278,translation_control,-15.744757652282715
translation_012279,translation_control,-6.937771320343018
translation_012280,translation_control,-9.908298015594482
translation_012320,translation_control,-4.810036301612854
translation_012321,translation_control,-6.423539876937866
translation_012322,translation_control,-3.6917234659194946
translation_012395,translation_control,-24.94675874710083
translation_012447,translation_control,-18.151021480560303
translation_012453,translation_control,-5.576120138168335
translation_012500,translation_control,-9.02060055732727
translation_012506,translation_control,-8.654792547225952
translation_012512,translation_control,-1.6524315252900124
translation_012640,translation_control,-11.32352352142334
translation_012646,translation_control,-5.357588410377502
translation_012649,translation_control,-3.1612942218780518
translation_012650,translation_control,-21.438008308410645
translation_012655,translation_control,-18.101492881774902
translation_012713,translation_control,-14.669347763061523
translation_012755,translation_control,-12.334177255630493
translation_012763,translation_control,-13.105177402496338
translation_012777,translation_control,-12.912426471710205
translation_012778,translation_control,-12.363106966018677
translation_012780,translation_control,-19.717628479003906
translation_012781,translation_control,-11.633886814117432
translation_012792,translation_control,-2.577018588781357
translation_012794,translation_control,-10.16889700293541
translation_012795,translation_control,-2.0526226460933685
translation_012845,translation_control,-12.46185851097107
translation_012891,translation_control,-21.661508560180664
translation_012892,translation_control,-9.213791370391846
translation_012915,translation_control,-11.999315738677979
translation_013014,translation_control,-25.970901489257812
translation_013054,translation_control,-30.599989891052246
translation_013055,translation_control,-19.26243782043457
translation_013057,translation_control,-16.429283618927002
translation_013075,translation_control,-13.476487159729004
translation_013105,translation_control,-6.813854455947876
translation_013106,translation_control,-6.731963157653809
translation_013107,translation_control,-9.00306248664856
translation_013108,translation_control,-8.207311868667603
translation_013109,translation_control,-13.82112741470337
translation_013110,translation_control,-7.201308965682983
translation_013111,translation_control,-13.66887617111206
translation_013112,translation_control,-9.042232036590576
translation_013113,translation_control,-7.314640998840332
translation_013114,translation_control,-7.232749700546265
translation_013115,translation_control,-9.503849029541016
translation_013145,translation_control,-12.617893695831299
translation_013147,translation_control,-6.755563020706177
translation_013211,translation_control,-10.896965026855469
translation_013213,translation_control,-7.2600812911987305
translation_013283,translation_control,-11.481786727905273
translation_013284,translation_control,-12.568178176879883
translation_013342,translation_control,-8.811797797679901
translation_013345,translation_control,-7.073395848274231
translation_013346,translation_control,-6.71334707736969
translation_013351,translation_control,-14.497037887573242
translation_013353,translation_control,-13.864128112792969
translation_013354,translation_control,-11.960949897766113
translation_013356,translation_control,-11.32804012298584
translation_013357,translation_control,-13.893598079681396
translation_013359,translation_control,-13.260688304901123
translation_013360,translation_control,-17.8840913772583
translation_013362,translation_control,-17.251181602478027
translation_013363,translation_control,-15.183745861053467
translation_013365,translation_control,-14.550836086273193
translation_013366,translation_control,-12.103317737579346
translation_013368,translation_control,-11.470407962799072
translation_013369,translation_control,-14.840530395507812
translation_013371,translation_control,-14.207620620727539
translation_013372,translation_control,-15.634991645812988
translation_013374,translation_control,-14.709159851074219
translation_013378,translation_control,-13.307842254638672
translation_013379,translation_control,-12.781041145324707
translation_013418,translation_control,-8.964138984680176
translation_013419,translation_control,-3.733341336250305
translation_013423,translation_control,-5.317714214324951
translation_013426,translation_control,-11.001677393913269
translation_013427,translation_control,-12.677479267120361
translation_013428,translation_control,-10.651508688926697
translation_013483,translation_control,-18.814980506896973
translation_013512,translation_control,-9.01095861196518
translation_013518,translation_control,-15.182814121246338
translation_013539,translation_control,-9.588308811187744
translation_013567,translation_control,-13.328110039234161
translation_013569,translation_control,-5.356742471456528
translation_013570,translation_control,-10.37961682677269
translation_013584,translation_control,-6.38711678981781
translation_013587,translation_control,-11.85455048084259
translation_013588,translation_control,-6.625576138496399
translation_013590,translation_control,-2.5408596992492676
translation_013608,translation_control,-8.985551595687866
translation_013609,translation_control,-9.868152141571045
translation_013614,translation_control,-10.467761039733887
translation_013615,translation_control,-8.536447286605835
translation_013616,translation_control,-6.0771379470825195
translation_013617,translation_control,-9.139007329940796
translation_013618,translation_control,-9.039958238601685
translation_013619,translation_control,-6.312695741653442
translation_013620,translation_control,-7.265490531921387
translation_013621,translation_control,-4.806181192398071
translation_013622,translation_control,-10.435611605644226
translation_013624,translation_control,-4.428177714347839
translation_013627,translation_control,-10.175885137170553
translation_013628,translation_control,-7.209809239953756
translation_013631,translation_control,-4.191433362662792
translation_013632,translation_control,-7.648339204490185
translation_013634,translation_control,-3.255261354148388
translation_013672,translation_control,-9.63789987564087
translation_013673,translation_control,-14.479732990264893
translation_013699,translation_control,-5.3903632164001465
translation_013707,translation_control,-16.262335300445557
translation_013733,translation_control,-4.964515686035156
translation_013750,translation_control,-8.9967360496521
translation_013751,translation_control,-6.620537757873535
translation_013761,translation_control,-8.991973400115967
translation_013762,translation_control,-6.615775108337402
translation_013768,translation_control,-5.594492077827454
translation_013780,translation_control,-1.6549420654773712
translation_013781,translation_control,-1.2996205985546112
translation_013783,translation_control,-1.4001276791095734
translation_013801,translation_control,-17.357081413269043
translation_013802,translation_control,-10.214258193969727
translation_013834,translation_control,-6.488326191902161
translation_013835,translation_control,-5.766821026802063
translation_013895,translation_control,-22.13187026977539
translation_013934,translation_control,-17.37256669998169
translation_013940,translation_control,-18.12820339202881
translation_013941,translation_control,-13.663466930389404
translation_013947,translation_control,-13.769093036651611
translation_013963,translation_control,-21.061511039733887
translation_014048,translation_control,-9.325285911560059
translation_014056,translation_control,-7.756256580352783
translation_014073,translation_control,-10.599730610847473
translation_014075,translation_control,-6.089451789855957
translation_014089,translation_control,-17.411463499069214
translation_014113,translation_control,-13.794057369232178
translation_014115,translation_control,-12.792898178100586
translation_014127,translation_control,-8.588507890701294
translation_014193,translation_control,-14.62658166885376
translation_014225,translation_control,-3.6192623376846313
translation_014244,translation_control,-14.845705032348633
translation_014287,translation_control,-7.206657648086548
translation_014291,translation_control,-7.9885478019714355
translation_014293,translation_control,-5.827503204345703
translation_014294,translation_control,-9.094292640686035
translation_014308,translation_control,-3.794006586074829
translation_014309,translation_control,-5.541159152984619
translation_014331,translation_control,-8.13677167892456
translation_014332,translation_control,-7.832106590270996
translation_014333,translation_control,-7.493998289108276
translation_014389,translation_control,-12.584309577941895
translation_014392,translation_control,-9.69762134552002
translation_014394,translation_control,-13.459650039672852
translation_014537,translation_control,-19.652045249938965
translation_014545,translation_control,-18.586247444152832
translation_014560,translation_control,-9.760340452194214
translation_014641,translation_control,-15.476442813873291
translation_014644,translation_control,-18.675809383392334
translation_014645,translation_control,-13.984033584594727
translation_014647,translation_control,-17.096076488494873
translation_014655,translation_control,-3.9186803698539734
translation_014660,translation_control,-9.14454135298729
translation_014662,translation_control,-3.199950024485588
translation_014701,translation_control,-16.262818813323975
translation_014703,translation_control,-11.00732135772705
translation_014706,translation_control,-14.601751804351807
translation_014707,translation_control,-14.743178844451904
translation_014734,translation_control,-9.9902925491333
translation_014747,translation_control,-11.86356806755066
translation_014753,translation_control,-2.0242432951927185
translation_014755,translation_control,-3.8565492630004883
translation_014764,translation_control,-5.431273937225342
translation_014767,translation_control,-10.504768371582031
translation_014771,translation_control,-13.79077434539795
translation_014806,translation_control,-10.369621276855469
translation_014807,translation_control,-5.793464422225952
translation_014814,translation_control,-9.655795574188232
translation_014815,translation_control,-12.664961338043213
translation_014816,translation_control,-12.755887508392334
translation_014860,translation_control,-6.434244871139526
translation_014861,translation_control,-9.443410634994507
translation_014862,translation_control,-9.534336805343628
translation_014865,translation_control,-4.921813488006592
translation_014866,translation_control,-8.518597602844238
translation_014884,translation_control,-8.451732158660889
translation_014885,translation_control,-11.940220832824707
translation_014907,translation_control,-14.139849662780762
translation_014908,translation_control,-9.893733978271484
translation_014909,translation_control,-9.550341606140137
translation_014926,translation_control,-15.988731861114502
translation_014974,translation_control,-11.003469467163086
translation_014975,translation_control,-2.599189281463623
translation_014976,translation_control,-3.0913206338882446
translation_014977,translation_control,-12.673273086547852
translation_014979,translation_control,-1.9478428363800049
translation_014982,translation_control,-18.39824104309082
translation_014983,translation_control,-14.907216548919678
translation_014985,translation_control,-8.509439826011658
translation_014987,translation_control,-11.53735876083374
translation_015015,translation_control,-5.978438854217529
translation_015016,translation_control,-5.218274235725403
translation_015019,translation_control,-3.4938971996307373
translation_015020,translation_control,-4.250209331512451
translation_015021,translation_control,-4.91807222366333
translation_015037,translation_control,-6.265065312385559
translation_015038,translation_control,-7.770515441894531
translation_015093,translation_control,-13.46083664894104
translation_015094,translation_control,-15.972910404205322
translation_015096,translation_control,-23.29280376434326
translation_015097,translation_control,-26.079729080200195
translation_015172,translation_control,-9.966625332832336
translation_015183,translation_control,-18.438072204589844
translation_015184,translation_control,-19.342516899108887
translation_015187,translation_control,-14.62763786315918
translation_015196,translation_control,-13.461801052093506
translation_015203,translation_control,-13.48050594329834
translation_015226,translation_control,-7.691272795200348
translation_015227,translation_control,-3.3835509419441223
translation_015242,translation_control,-10.537533283233643
translation_015243,translation_control,-6.1792168617248535
translation_015244,translation_control,-5.614025831222534
translation_015245,translation_control,-7.1024394035339355
translation_015284,translation_control,-7.467392683029175
translation_015288,translation_control,-7.238501310348511
translation_015291,translation_control,-7.458666563034058
translation_015297,translation_control,-5.163789868354797
translation_015305,translation_control,-2.3479502201080322
translation_015339,translation_control,-24.486085891723633
translation_015357,translation_control,-19.63009738922119
translation_015401,translation_control,-16.86789560317993
translation_015403,translation_control,-15.761866331100464
translation_015405,translation_control,-14.637199401855469
translation_015411,translation_control,-26.63633155822754
translation_015464,translation_control,-9.571815967559814
translation_015466,translation_control,-16.890843868255615
translation_015489,translation_control,-11.203526496887207
translation_015493,translation_control,-7.674767971038818
translation_015494,translation_control,-11.092543601989746
translation_015584,translation_control,-20.445697784423828
translation_015598,translation_control,-4.492414951324463
translation_015607,translation_control,-17.18372631072998
translation_015626,translation_control,-17.087766647338867
translation_015628,translation_control,-7.445343494415283
translation_015630,translation_control,-11.48947262763977
translation_015639,translation_control,-24.647510528564453
translation_015640,translation_control,-14.35480260848999
translation_015641,translation_control,-19.004895210266113
translation_015664,translation_control,-9.377584457397461
translation_015697,translation_control,-14.448800563812256
translation_015699,translation_control,-13.402360439300537
translation_015807,translation_control,-7.179925322532654
translation_015808,translation_control,-6.62701416015625
translation_015809,translation_control,-4.370159268379211
translation_015815,translation_control,-4.365821599960327
translation_015893,translation_control,-15.451743125915527
translation_015958,translation_control,-14.164742469787598
translation_016021,translation_control,-3.8892745971679688
translation_016024,translation_control,-11.521087646484375
translation_016025,translation_control,-6.951990604400635
translation_016028,translation_control,-11.119227409362793
translation_016064,translation_control,-9.116981506347656
translation_016065,translation_control,-11.187690734863281
translation_016076,translation_control,-20.73038959503174
translation_016077,translation_control,-12.294329643249512
translation_016100,translation_control,-10.703252792358398
translation_016108,translation_control,-20.315403938293457
translation_016114,translation_control,-16.952428340911865
translation_016178,translation_control,-9.213540434837341
translation_016187,translation_control,-12.617645740509033
translation_016214,translation_control,-28.706652641296387
translation_016215,translation_control,-22.616015434265137
translation_016217,translation_control,-21.591777801513672
translation_016218,translation_control,-20.355237007141113
translation_016219,translation_control,-25.039836883544922
translation_016231,translation_control,-16.88150119781494
translation_016232,translation_control,-15.719916820526123
translation_016233,translation_control,-20.335227966308594
translation_016250,translation_control,-8.5161874294281
translation_016251,translation_control,-8.232172012329102
translation_016280,translation_control,-7.4957075119018555
translation_016303,translation_control,-9.3018217086792
translation_016370,translation_control,-14.470393180847168
translation_016371,translation_control,-13.316138744354248
translation_016372,translation_control,-14.925497055053711
translation_016400,translation_control,-12.736364126205444
translation_016412,translation_control,-10.341383814811707
translation_016468,translation_control,-14.497150659561157
translation_016471,translation_control,-21.778807640075684
translation_016473,translation_control,-26.012883186340332
translation_016640,translation_control,-12.2886323928833
translation_016719,translation_control,-10.751719951629639
translation_016768,translation_control,-17.912907361984253
translation_016825,translation_control,-10.261626958847046
translation_016826,translation_control,-11.07076120376587
translation_016830,translation_control,-6.162001371383667
translation_016834,translation_control,-2.841446042060852
translation_016859,translation_control,-10.100664615631104
translation_016881,translation_control,-9.461007118225098
translation_016883,translation_control,-12.386031150817871
translation_016892,translation_control,-5.49442720413208
translation_016921,translation_control,-11.921867370605469
translation_016929,translation_control,-8.6261488199234
translation_016931,translation_control,-10.554492950439453
translation_016932,translation_control,-10.73751950263977
translation_016951,translation_control,-6.081823796033859
translation_016977,translation_control,-8.502180218696594
translation_016978,translation_control,-3.4973838925361633
translation_016979,translation_control,-3.5373128056526184
translation_016981,translation_control,-5.533486485481262
translation_016983,translation_control,-6.617217600345612
translation_016995,translation_control,-6.871055960655212
translation_017097,translation_control,-7.00475150346756
translation_017102,translation_control,-9.573511183261871
translation_017109,translation_control,-10.166282653808594
translation_017110,translation_control,-4.7353832721710205
translation_017146,translation_control,-5.278192043304443
translation_017173,translation_control,-13.02767276763916
translation_017195,translation_control,-2.3990485668182373
translation_017196,translation_control,-4.860753774642944
translation_017197,translation_control,-5.007594585418701
translation_017198,translation_control,-3.0830905437469482
translation_017203,translation_control,-2.56508070230484
translation_017204,translation_control,-5.075479090213776
translation_017205,translation_control,-5.251071035861969
translation_017206,translation_control,-3.3892250657081604
translation_017211,translation_control,-3.3483046293258667
translation_017213,translation_control,-5.987863659858704
translation_017214,translation_control,-4.126017689704895
translation_017223,translation_control,-17.224363327026367
translation_017224,translation_control,-13.68755578994751
translation_017225,translation_control,-18.25428009033203
translation_017226,translation_control,-15.083006381988525
translation_017231,translation_control,-8.746172904968262
translation_017232,translation_control,-11.228443145751953
translation_017233,translation_control,-4.41716992855072
translation_017236,translation_control,-6.476467609405518
translation_017252,translation_control,-1.7718333005905151
translation_017277,translation_control,-12.146149635314941
translation_017303,translation_control,-14.69016981124878
translation_017320,translation_control,-19.307663917541504
translation_017327,translation_control,-7.545116901397705
translation_017328,translation_control,-9.409185886383057
translation_017330,translation_control,-4.595536589622498
translation_017364,translation_control,-15.011007070541382
translation_017405,translation_control,-6.064319610595703
translation_017444,translation_control,-4.74553108215332
translation_017445,translation_control,-15.849952220916748
translation_017451,translation_control,-17.91053032875061
translation_017452,translation_control,-28.876891136169434
translation_017458,translation_control,-15.916931867599487
translation_017513,translation_control,-13.490105152130127
translation_017517,translation_control,-16.204185962677002
translation_017536,translation_control,-12.105432510375977
translation_017553,translation_control,-20.149319648742676
translation_017554,translation_control,-27.42094898223877
translation_017555,translation_control,-25.011347770690918
translation_017556,translation_control,-18.77659797668457
translation_017558,translation_control,-21.264314651489258
translation_017560,translation_control,-17.248982906341553
translation_017562,translation_control,-7.04096794128418
translation_017580,translation_control,-6.081886291503906
translation_017581,translation_control,-6.2785327434539795
translation_017583,translation_control,-16.133906602859497
translation_017584,translation_control,-11.01923394203186
translation_017588,translation_control,-5.572523266077042
translation_017589,translation_control,-4.45141139626503
translation_017591,translation_control,-14.903315521776676
translation_017592,translation_control,-12.687259390950203
translation_017594,translation_control,-7.714673191308975
translation_017600,translation_control,-14.215572237968445
translation_017617,translation_control,-8.804413318634033
translation_017618,translation_control,-9.152419567108154
translation_017624,translation_control,-14.855754375457764
translation_017631,translation_control,-3.8746554851531982
translation_017645,translation_control,-6.117267191410065
translation_017646,translation_control,-1.1972285509109497
translation_017675,translation_control,-7.323752760887146
translation_017700,translation_control,-3.9556092023849487
translation_017712,translation_control,-3.1809827089309692
translation_017713,translation_control,-5.641713619232178
translation_017758,translation_control,-19.666650772094727
translation_017830,translation_control,-3.97087562084198
translation_017848,translation_control,-16.509544372558594
translation_017890,translation_control,-10.000734090805054
translation_017906,translation_control,-18.77582836151123
translation_017908,translation_control,-10.473966121673584
translation_017910,translation_control,-15.207026481628418
translation_017968,translation_control,-13.132147312164307
translation_017971,translation_control,-20.59124755859375
translation_018004,translation_control,-13.31966257095337
translation_018005,translation_control,-13.023618221282959
translation_018006,translation_control,-13.554449081420898
translation_018053,translation_control,-20.635037899017334
translation_018207,translation_control,-6.080535650253296
translation_018208,translation_control,-8.424161195755005
translation_018223,translation_control,-3.407256543636322
translation_018224,translation_control,-5.577847361564636
translation_018229,translation_control,-2.611841559410095
translation_018316,translation_control,-10.462913513183594
translation_018317,translation_control,-8.28032112121582
translation_018326,translation_control,-6.082508087158203
translation_018372,translation_control,-12.153183221817017
translation_018417,translation_control,-15.615920066833496
translation_018460,translation_control,-6.888841390609741
translation_018461,translation_control,-5.892235279083252
translation_018470,translation_control,-7.550379037857056
translation_018471,translation_control,-6.613455772399902
translation_018504,translation_control,-4.665736198425293
translation_018659,translation_control,-11.7188081741333
translation_018662,translation_control,-6.73525869846344
translation_018666,translation_control,-20.52873992919922
translation_018669,translation_control,-10.101422615349293
translation_018714,translation_control,-9.378065586090088
translation_018715,translation_control,-7.6281514167785645
translation_018736,translation_control,-9.65358829498291
translation_018737,translation_control,-6.007505178451538
translation_018740,translation_control,-8.317704677581787
translation_018763,translation_control,-14.307388305664062
translation_018765,translation_control,-13.360453128814697
translation_018768,translation_control,-14.366722106933594
translation_018809,translation_control,-6.780173063278198
translation_018810,translation_control,-8.636306524276733
translation_018812,translation_control,-4.499489903450012
translation_018847,translation_control,-3.758285641670227
translation_018849,translation_control,-4.375742673873901
translation_018931,translation_control,-14.64475679397583
translation_018933,translation_control,-17.943809986114502
translation_018946,translation_control,-8.796460390090942
translation_018970,translation_control,-5.009088635444641
translation_018972,translation_control,-6.484351754188538
translation_018978,translation_control,-2.1202130913734436
translation_018988,translation_control,-7.00539755821228
translation_018991,translation_control,-22.88499164581299
translation_018994,translation_control,-9.533353567123413
translation_019021,translation_control,-7.224732160568237
translation_019030,translation_control,-20.80795192718506
translation_019054,translation_control,-22.734413146972656
translation_019055,translation_control,-14.701931953430176
translation_019057,translation_control,-12.753115177154541
translation_019105,translation_control,-5.410962104797363
translation_019197,translation_control,-17.101644158363342
translation_019218,translation_control,-15.954941272735596
translation_019221,translation_control,-15.30796194076538
translation_019264,translation_control,-23.879982948303223
translation_019271,translation_control,-8.695712804794312
translation_019272,translation_control,-15.519620895385742
translation_019334,translation_control,-9.037088871002197
translation_019335,translation_control,-17.93937110900879
translation_019338,translation_control,-11.983645915985107
translation_019340,translation_control,-9.356720924377441
translation_019342,translation_control,-10.090420246124268
translation_019344,translation_control,-7.463495254516602
translation_019348,translation_control,-7.462881565093994
translation_019349,translation_control,-9.937968730926514
translation_019363,translation_control,-12.041899681091309
translation_019364,translation_control,-9.215121746063232
translation_019365,translation_control,-10.556185722351074
translation_019370,translation_control,-10.08916425704956
translation_019416,translation_control,-14.138303279876709
translation_019454,translation_control,-10.958051681518555
translation_019485,translation_control,-10.679893016815186
translation_019505,translation_control,-13.263946771621704
translation_019508,translation_control,-11.71469759941101
translation_019522,translation_control,-24.95966625213623
translation_019526,translation_control,-27.899102210998535
translation_019536,translation_control,-12.803977012634277
translation_019547,translation_control,-14.562160968780518
translation_019588,translation_control,-27.090750694274902
translation_019595,translation_control,-7.300475120544434
translation_019608,translation_control,-12.748542785644531
translation_019609,translation_control,-7.294042468070984
translation_019714,translation_control,-13.393977403640747
translation_019761,translation_control,-11.231491088867188
translation_019817,translation_control,-19.118908882141113
translation_019818,translation_control,-18.115371704101562
translation_019819,translation_control,-15.548693656921387
translation_019821,translation_control,-15.390420913696289
translation_019837,translation_control,-11.875133991241455
translation_019841,translation_control,-3.34341299533844
translation_019843,translation_control,-23.95502281188965
translation_019850,translation_control,-22.991921424865723
translation_019895,translation_control,-10.849143981933594
translation_019896,translation_control,-11.216887950897217
translation_019897,translation_control,-12.116329669952393
translation_019908,translation_control,-8.292732238769531
translation_019914,translation_control,-10.140513181686401
translation_019917,translation_control,-6.389611721038818
translation_019932,translation_control,-5.455328702926636
translation_019935,translation_control,-4.40261173248291
translation_019947,translation_control,-8.535573482513428
translation_019983,translation_control,-12.941450119018555
translation_019985,translation_control,-13.631520748138428
translation_019986,translation_control,-11.15599012374878
translation_019987,translation_control,-10.519375324249268
translation_019997,translation_control,-6.580113410949707
translation_020011,translation_control,-8.554957389831543
translation_020012,translation_control,-6.005148068070412
translation_020018,translation_control,-11.813157081604004
translation_020023,translation_control,-14.54411268234253
translation_020057,translation_control,-8.863835573196411
translation_020061,translation_control,-9.983011245727539
translation_020070,translation_control,-5.41581654548645
translation_020082,translation_control,-13.130757331848145
translation_020124,translation_control,-16.428671836853027
translation_020125,translation_control,-18.20503044128418
translation_020126,translation_control,-13.704594612121582
translation_020127,translation_control,-14.500637531280518
translation_020128,translation_control,-12.039662837982178
translation_020129,translation_control,-12.69725751876831
translation_020133,translation_control,-7.0345189571380615
translation_020134,translation_control,-9.147200107574463
translation_020168,translation_control,-15.937253475189209
translation_020194,translation_control,-12.677690982818604
translation_020224,translation_control,-21.01880931854248
translation_020247,translation_control,-6.7305086851119995
translation_020299,translation_control,-15.710302352905273
translation_020300,translation_control,-16.662282943725586
translation_020313,translation_control,-9.484185218811035
translation_020314,translation_control,-9.07178783416748
translation_020330,translation_control,-5.448545843362808
translation_020334,translation_control,-2.160860776901245
translation_020338,translation_control,-15.586254119873047
translation_020369,translation_control,-12.143601059913635
translation_020370,translation_control,-14.474756240844727
translation_020372,translation_control,-12.401278972625732
translation_020425,translation_control,-9.413470268249512
translation_020426,translation_control,-7.070388390216976
translation_020428,translation_control,-15.56166124343872
translation_020430,translation_control,-9.207799434661865
translation_020460,translation_control,-7.42201042175293
translation_020463,translation_control,-18.890254020690918
translation_020547,translation_control,-11.318966388702393
translation_020548,translation_control,-11.958144664764404
translation_020601,translation_control,-14.797133922576904
translation_020612,translation_control,-5.3041001334786415
translation_020638,translation_control,-4.611421346664429
translation_020640,translation_control,-10.561988115310669
translation_020641,translation_control,-5.507449984550476
translation_020653,translation_control,-18.67834234237671
translation_020655,translation_control,-14.914417743682861
translation_020719,translation_control,-8.26452088356018
translation_020732,translation_control,-21.979199409484863
translation_020737,translation_control,-18.29419469833374
translation_020771,translation_control,-19.307530403137207
translation_020791,translation_control,-9.008632183074951
translation_020797,translation_control,-11.619712829589844
translation_020798,translation_control,-9.879837989807129
translation_020810,translation_control,-12.471710681915283
translation_020824,translation_control,-20.999009132385254
translation_020825,translation_control,-19.137876987457275
translation_020826,translation_control,-25.418481826782227
translation_020848,translation_control,-9.80884575843811
translation_020937,translation_control,-9.780157089233398
translation_020938,translation_control,-9.098793506622314
translation_020943,translation_control,-9.665070533752441
translation_020944,translation_control,-8.77202296257019
translation_020953,translation_control,-15.721858024597168
translation_020956,translation_control,-10.087594032287598
translation_020959,translation_control,-12.79556655883789
translation_020960,translation_control,-12.213179111480713
translation_020992,translation_control,-6.074571371078491
translation_021034,translation_control,-14.236506462097168
translation_021037,translation_control,-14.103848457336426
translation_021064,translation_control,-11.68137502670288
translation_021073,translation_control,-9.3562912940979
translation_021074,translation_control,-8.847981214523315
translation_021102,translation_control,-13.87679386138916
translation_021103,translation_control,-13.875683784484863
translation_021106,translation_control,-18.655105590820312
translation_021148,translation_control,-5.83215069770813
translation_021150,translation_control,-3.9257900714874268
translation_021151,translation_control,-3.956502318382263
translation_021152,translation_control,-4.685732841491699
translation_021157,translation_control,-8.66676115989685
translation_021179,translation_control,-8.25899052619934
translation_021180,translation_control,-14.692779302597046
translation_021205,translation_control,-14.440478563308716
translation_021208,translation_control,-9.545518159866333
translation_021220,translation_control,-13.318197250366211
translation_021221,translation_control,-15.568921089172363
translation_021222,translation_control,-8.208069801330566
translation_021223,translation_control,-10.67396068572998
translation_021226,translation_control,-18.216835021972656
translation_021228,translation_control,-10.849538803100586
translation_021246,translation_control,-4.917466878890991
translation_021288,translation_control,-10.82816219329834
translation_021291,translation_control,-8.648343563079834
translation_021310,translation_control,-14.257846117019653
translation_021312,translation_control,-15.999061822891235
translation_021314,translation_control,-15.322320222854614
translation_021373,translation_control,-18.707966327667236
translation_021374,translation_control,-17.466233730316162
translation_021383,translation_control,-24.098196983337402
translation_021428,translation_control,-6.596712350845337
translation_021429,translation_control,-3.6960573196411133
translation_021430,translation_control,-4.135205268859863
translation_021431,translation_control,-5.867555141448975
translation_021433,translation_control,-3.4425846338272095
translation_021434,translation_control,-4.565211534500122
translation_021572,translation_control,-6.798747092485428
translation_021637,translation_control,-2.629088819026947
translation_021638,translation_control,-4.924501597881317
translation_021639,translation_control,-5.486999690532684
translation_021666,translation_control,-21.96983051300049
translation_021673,translation_control,-10.448429107666016
translation_021682,translation_control,-24.59743022918701
translation_021683,translation_control,-26.348336219787598
translation_021686,translation_control,-18.190403938293457
translation_021713,translation_control,-22.08468723297119
translation_021718,translation_control,-15.65068769454956
translation_021725,translation_control,-16.58927869796753
translation_021763,translation_control,-23.862977981567383
translation_021798,translation_control,-1.806550920009613
translation_021809,translation_control,-6.696707487106323
translation_021810,translation_control,-5.682303547859192
translation_021825,translation_control,-11.97474718093872
translation_021837,translation_control,-18.445804595947266
translation_021841,translation_control,-18.063810348510742
translation_021842,translation_control,-23.277475357055664
translation_021886,translation_control,-19.97825336456299
translation_021900,translation_control,-11.767343997955322
translation_021956,translation_control,-11.333115577697754
translation_021972,translation_control,-3.5427111387252808
translation_021976,translation_control,-11.921872615814209
translation_021977,translation_control,-14.23292064666748
translation_021980,translation_control,-9.524981021881104
translation_021981,translation_control,-11.836029052734375
translation_022012,translation_control,-11.521229267120361
translation_022016,translation_control,-19.57010841369629
translation_022017,translation_control,-14.403831958770752
translation_022038,translation_control,-5.742079973220825
translation_022039,translation_control,-4.340042352676392
translation_022040,translation_control,-7.66968035697937
translation_022104,translation_control,-6.610906362533569
translation_022128,translation_control,-18.741809844970703
translation_022149,translation_control,-10.6447092294693
translation_022150,translation_control,-6.122000336647034
translation_022151,translation_control,-12.689426064491272
translation_022192,translation_control,-12.084777593612671
translation_022193,translation_control,-13.021272659301758
translation_022195,translation_control,-16.31780195236206
translation_022197,translation_control,-13.988880634307861
translation_022198,translation_control,-10.51299500465393
translation_022199,translation_control,-11.449490070343018
translation_022213,translation_control,-14.142419576644897
translation_022214,translation_control,-9.028376817703247
translation_022232,translation_control,-7.3889148235321045
translation_022255,translation_control,-8.422346591949463
translation_022260,translation_control,-10.122115135192871
translation_022310,translation_control,-14.395556449890137
translation_022315,translation_control,-13.616305351257324
translation_022316,translation_control,-9.800975799560547
translation_022411,translation_control,-11.811395406723022
translation_022412,translation_control,-15.06565809249878
translation_022413,translation_control,-14.47262191772461
translation_022415,translation_control,-6.251267790794373
translation_022440,translation_control,-6.397315979003906
translation_022441,translation_control,-6.154628276824951
translation_022445,translation_control,-3.587023377418518
translation_022446,translation_control,-4.142634153366089
translation_022494,translation_control,-10.92811107635498
translation_022533,translation_control,-14.91079044342041
translation_022548,translation_control,-8.47977489605546
translation_022549,translation_control,-5.6472987569868565
translation_022555,translation_control,-11.956656455993652
translation_022556,translation_control,-12.776442527770996
translation_022558,translation_control,-7.48740816116333
translation_022597,translation_control,-6.789278030395508
translation_022600,translation_control,-7.1804845333099365
translation_022614,translation_control,-12.57312536239624
translation_022617,translation_control,-11.3876371383667
translation_022633,translation_control,-15.336166858673096
translation_022635,translation_control,-10.340954780578613
translation_022667,translation_control,-22.123458862304688
translation_022741,translation_control,-20.207451820373535
translation_022742,translation_control,-21.27072525024414
translation_022758,translation_control,-10.848040103912354
translation_022759,translation_control,-9.498865127563477
translation_022763,translation_control,-11.89518928527832
translation_022764,translation_control,-12.402515411376953
translation_022765,translation_control,-10.507189273834229
translation_022766,translation_control,-9.562329292297363
translation_022767,translation_control,-8.080779314041138
translation_022768,translation_control,-9.506232261657715
translation_022773,translation_control,-10.310232639312744
translation_022774,translation_control,-8.921677827835083
translation_022885,translation_control,-11.904444694519043
translation_022901,translation_control,-13.94990587234497
translation_022902,translation_control,-14.244103908538818
translation_022903,translation_control,-11.262470960617065
translation_022911,translation_control,-8.966123819351196
translation_022912,translation_control,-7.607435941696167
translation_022928,translation_control,-10.698732376098633
translation_022929,translation_control,-9.140340805053711
translation_022932,translation_control,-16.243606567382812
translation_022933,translation_control,-14.569117069244385
translation_022936,translation_control,-17.431127548217773
translation_022970,translation_control,-17.77613353729248
translation_022971,translation_control,-13.719815731048584
translation_022977,translation_control,-17.442870140075684
translation_023034,translation_control,-9.3125901222229
translation_023062,translation_control,-11.244604110717773
translation_023064,translation_control,-9.695382595062256
translation_023066,translation_control,-7.565582513809204
translation_023096,translation_control,-21.393333435058594
translation_023097,translation_control,-15.36746883392334
translation_023106,translation_control,-15.057591438293457
translation_023125,translation_control,-9.0560302734375
translation_023126,translation_control,-8.816380023956299
translation_023131,translation_control,-10.160950422286987
translation_023132,translation_control,-8.472034096717834
translation_023133,translation_control,-8.899885177612305
translation_023138,translation_control,-5.380922555923462
translation_023142,translation_control,-13.918994426727295
translation_023199,translation_control,-14.571083545684814
translation_023201,translation_control,-12.508397579193115
translation_023203,translation_control,-6.498903036117554
translation_023235,translation_control,-8.888712406158447
translation_023304,translation_control,-11.01741647720337
translation_023316,translation_control,-7.4689412117004395
translation_023317,translation_control,-6.522133827209473
translation_023318,translation_control,-6.3151867389678955
translation_023320,translation_control,-10.074206829071045
translation_023360,translation_control,-16.35765552520752
translation_023410,translation_control,-25.039591789245605
translation_023412,translation_control,-22.572662353515625
translation_023467,translation_control,-16.07132911682129
translation_023469,translation_control,-19.04055166244507
translation_023557,translation_control,-11.354362964630127
translation_023558,translation_control,-10.823742389678955
translation_023561,translation_control,-13.355234980583191
translation_023562,translation_control,-8.815281629562378
translation_023563,translation_control,-13.689991235733032
translation_023593,translation_control,-24.974102020263672
translation_023595,translation_control,-25.55952548980713
translation_023596,translation_control,-27.74606227874756
translation_023698,translation_control,-2.954353913664818
translation_023699,translation_control,-1.3005779348313808
translation_023766,translation_control,-8.63010859489441
translation_023779,translation_control,-9.083555221557617
translation_023780,translation_control,-7.265282154083252
translation_023796,translation_control,-11.526837825775146
translation_023800,translation_control,-21.70431137084961
true_000000,true_friend,-7.7900707721710205
true_000011,true_friend,-11.047184944152832
true_000018,true_friend,-8.468229055404663
true_000023,true_friend,-9.872295141220093
true_000028,true_friend,-12.784789085388184
true_000031,true_friend,-8.10883641242981
true_000043,true_friend,-3.618105888366699
true_000057,true_friend,-7.984076023101807
true_000083,true_friend,-0.005336838192306459
true_000096,true_friend,-8.905031681060791
true_000101,true_friend,-4.498139977455139
true_000109,true_friend,-9.252909183502197
true_000112,true_friend,-6.161561489105225
true_000115,true_friend,-9.54427719116211
true_000118,true_friend,-6.3458030223846436
true_000119,true_friend,-6.075081706047058
true_000121,true_friend,-12.650971174240112
true_000129,true_friend,-5.020844459533691
true_000132,true_friend,-15.36778974533081
true_000134,true_friend,-17.753746032714844
true_000140,true_friend,-2.4677191972732544
true_000150,true_friend,-5.151132106781006
true_000153,true_friend,-4.965394616127014
true_000159,true_friend,-4.033875584602356
true_000161,true_friend,-4.713460683822632
true_000170,true_friend,-9.433202266693115
true_000172,true_friend,-12.768000602722168
true_000181,true_friend,-6.036279678344727
true_000189,true_friend,-2.724188804626465
true_000207,true_friend,-5.994669437408447
true_000214,true_friend,-4.291847467422485
true_000218,true_friend,-3.75712126493454
true_000222,true_friend,-0.3868781179189682
true_000223,true_friend,-0.28974431939423084
true_000224,true_friend,-7.795171499252319
true_000231,true_friend,-4.967284202575684
true_000234,true_friend,-8.633514404296875
true_000239,true_friend,-6.980297088623047
true_000249,true_friend,-9.821521282196045
true_000261,true_friend,-12.05875301361084
true_000265,true_friend,-2.0724579095840454
true_000278,true_friend,-4.500313997268677
true_000284,true_friend,-6.832309007644653
true_000286,true_friend,-1.9703585505485535
true_000368,true_friend,-3.6980412006378174
true_000372,true_friend,-7.501242637634277
true_000376,true_friend,-6.286230564117432
true_000380,true_friend,-18.679651260375977
true_000383,true_friend,-14.961546897888184
true_000385,true_friend,-5.875732898712158
true_000388,true_friend,-6.435282468795776
true_000392,true_friend,-7.957718372344971
true_000394,true_friend,-13.304275035858154
true_000403,true_friend,-13.992094993591309
true_000409,true_friend,-5.2041215896606445
true_000410,true_friend,-7.567777872085571
true_000420,true_friend,-5.796289443969727
true_000428,true_friend,-14.343805313110352
true_000429,true_friend,-7.968750953674316
true_000444,true_friend,-4.50954794883728
true_000449,true_friend,-5.3439754247665405
true_000463,true_friend,-9.0986909866333
true_000481,true_friend,-6.251052498817444
true_000483,true_friend,-3.270726799964905
true_000488,true_friend,-21.40632724761963
true_000496,true_friend,-5.436284780502319
true_000503,true_friend,-17.627931118011475
true_000511,true_friend,-3.9306273460388184
true_000518,true_friend,-5.406545400619507
true_000520,true_friend,-7.112410455942154
true_000526,true_friend,-20.976055145263672
true_000529,true_friend,-8.318049669265747
true_000534,true_friend,-2.7622641026973724
true_000535,true_friend,-5.362163543701172
true_000536,true_friend,-8.009016513824463
true_000542,true_friend,-8.228034496307373
true_000550,true_friend,-11.021267652511597
true_000558,true_friend,-2.421966850757599
true_000565,true_friend,-6.344573140144348
true_000568,true_friend,-11.095001220703125
true_000569,true_friend,-10.18992018699646
true_000577,true_friend,-4.6736984848976135
true_000579,true_friend,-15.318206787109375
true_000585,true_friend,-7.038194060325623
true_000597,true_friend,-7.814693093299866
true_000601,true_friend,-5.9538657665252686
true_000602,true_friend,-2.7757214307785034
true_000604,true_friend,-12.217757225036621
true_000608,true_friend,-7.574486970901489
true_000610,true_friend,-4.898300051689148
true_000612,true_friend,-2.4137189388275146
true_000620,true_friend,-7.523544073104858
true_000622,true_friend,-10.00883674621582
true_000623,true_friend,-8.570027351379395
true_000626,true_friend,-18.614462852478027
true_000630,true_friend,-4.907635450363159
true_000635,true_friend,-5.534864902496338
true_000654,true_friend,-2.9719637036323547
true_000660,true_friend,-15.179372310638428
true_000664,true_friend,-12.620090961456299
true_000668,true_friend,-1.7429879009723663
true_000672,true_friend,-2.986757755279541
true_000676,true_friend,-6.5875420570373535
true_000677,true_friend,-23.958340644836426
true_000696,true_friend,-0.3811266268567124
true_000698,true_friend,-8.342101812362671
true_000712,true_friend,-0.2940885298885405
true_000723,true_friend,-4.958606004714966
true_000726,true_friend,-7.966634511947632
true_000730,true_friend,-4.3991148471832275
true_000733,true_friend,-5.981858730316162
true_000741,true_friend,-12.862551212310791
true_000748,true_friend,-18.10540199279785
true_000758,true_friend,-6.921341300010681
true_000759,true_friend,-11.245994567871094
true_000760,true_friend,-4.7293009757995605
true_000763,true_friend,-2.5350241959095
true_000776,true_friend,-5.833677530288696
true_000778,true_friend,-8.084374189376831
true_000787,true_friend,-3.7761354446411133
true_000789,true_friend,-10.1516087166965
true_000792,true_friend,-2.2139765694737434
true_000798,true_friend,-12.519219875335693
true_000802,true_friend,-9.810992240905762
true_000806,true_friend,-16.16404628753662
true_000808,true_friend,-4.923739671707153
true_000819,true_friend,-7.005467891693115
true_000825,true_friend,-7.486289739608765
true_000826,true_friend,-5.246921122074127
true_000835,true_friend,-5.172438621520996
true_000844,true_friend,-21.902912139892578
true_000847,true_friend,-12.688477993011475
true_000857,true_friend,-2.5162175595760345
true_000861,true_friend,-5.283624172210693
true_000875,true_friend,-9.484349489212036
true_000884,true_friend,-5.347485542297363
true_000890,true_friend,-1.0400948226451874
true_000896,true_friend,-2.2272300720214844
true_000901,true_friend,-8.632452011108398
true_000903,true_friend,-5.959792971611023
true_000905,true_friend,-2.2051292657852173
true_000918,true_friend,-3.2026177644729614
true_000921,true_friend,-6.33226752281189
true_000930,true_friend,-6.448437452316284
true_000931,true_friend,-10.911308765411377
true_000939,true_friend,-1.1271772235631943
true_000943,true_friend,-5.979439847171307
true_000951,true_friend,-3.3318309783935547
true_000955,true_friend,-2.430578902363777
true_000957,true_friend,-16.895371437072754
true_000959,true_friend,-7.94283127784729
true_000970,true_friend,-9.691637992858887
true_001007,true_friend,-3.027738094329834
true_001016,true_friend,-5.306408405303955
true_001018,true_friend,-3.392016053199768
true_001027,true_friend,-2.744565099477768
true_001028,true_friend,-21.709492683410645
true_001033,true_friend,-4.801717638969421
true_001037,true_friend,-4.0011467933654785
true_001038,true_friend,-17.898529052734375
true_001045,true_friend,-7.711599111557007
true_001047,true_friend,-0.25282032042741776
true_001066,true_friend,-0.4363440051674843
true_001068,true_friend,-7.568536043167114
true_001072,true_friend,-2.2822121679782867
true_001088,true_friend,-7.629768371582031
true_001089,true_friend,-4.211803674697876
true_001096,true_friend,-20.903871536254883
true_001099,true_friend,-11.617000102996826
true_001111,true_friend,-10.786281108856201
true_001117,true_friend,-10.545862674713135
true_001124,true_friend,-3.695715069770813
true_001143,true_friend,-1.6894847806543112
true_001145,true_friend,-6.768293857574463
true_001155,true_friend,-4.631691575050354
true_001160,true_friend,-1.5227966904640198
true_001162,true_friend,-4.5422704219818115
true_001164,true_friend,-2.8036279678344727
true_001165,true_friend,-2.7971753776073456
true_001175,true_friend,-9.783244848251343
true_001176,true_friend,-16.27064800262451
true_001199,true_friend,-10.582475185394287
true_001212,true_friend,-5.17754602432251
true_001222,true_friend,-2.137534260749817
true_001223,true_friend,-0.1557758767157793
true_001229,true_friend,-1.2336039335932583
true_001239,true_friend,-3.670447826385498
true_001247,true_friend,-4.659907102584839
true_001251,true_friend,-7.156808137893677
true_001254,true_friend,-1.169533610343933
true_001256,true_friend,-1.357088953256607
true_001258,true_friend,-3.9466989040374756
true_001267,true_friend,-6.252913475036621
true_001297,true_friend,-2.5645729303359985
true_001300,true_friend,-2.9932202100753784
true_001302,true_friend,-16.561943531036377
true_001312,true_friend,-9.531635284423828
true_001323,true_friend,-4.631162047386169
true_001326,true_friend,-6.5625152587890625
true_001334,true_friend,-10.377432823181152
true_001338,true_friend,-4.2000404596328735
true_001339,true_friend,-4.907069444656372
true_001340,true_friend,-19.437808990478516
true_001348,true_friend,-7.8529205322265625
true_001362,true_friend,-4.363903522491455
true_001365,true_friend,-12.401246547698975
true_001378,true_friend,-21.257357597351074
true_001392,true_friend,-1.9682134985923767
true_001393,true_friend,-6.3580992221832275
true_001421,true_friend,-0.0001308747087023221
true_001423,true_friend,-4.300817713141441
true_001427,true_friend,-9.369621276855469
true_001430,true_friend,-7.542934060096741
true_001446,true_friend,-9.196471214294434
true_001447,true_friend,-5.748435735702515
true_001452,true_friend,-2.1627166867256165
true_001457,true_friend,-5.644396744668484
true_001462,true_friend,-3.2520979046821594
true_001469,true_friend,-2.7409228086471558
true_001475,true_friend,-2.9924858808517456
true_001479,true_friend,-2.0894415974617004
true_001481,true_friend,-0.7256312966346741
true_001482,true_friend,-6.011789441108704
true_001483,true_friend,-2.7916622161865234
true_001486,true_friend,-9.715874671936035
true_001489,true_friend,-5.390534400939941
true_001493,true_friend,-4.00937557220459
true_001496,true_friend,-3.2679808139801025
true_001497,true_friend,-6.028666161000729
true_001498,true_friend,-9.565688610076904
true_001505,true_friend,-10.07060718536377
true_001508,true_friend,-7.743463754653931
true_001517,true_friend,-14.411512851715088
true_001518,true_friend,-4.956094980239868
true_001523,true_friend,-6.427900791168213
true_001539,true_friend,-4.000306487083435
true_001545,true_friend,-10.802408695220947
true_001551,true_friend,-11.885208129882812
true_001553,true_friend,-5.826824307441711
true_001556,true_friend,-1.9733463823795319
true_001561,true_friend,-8.065117835998535
true_001565,true_friend,-7.234194755554199
true_001577,true_friend,-6.139947175979614
true_001580,true_friend,-21.395047187805176
true_001587,true_friend,-10.53289270401001
true_001615,true_friend,-8.516985654830933
true_001620,true_friend,-6.194110155105591
true_001624,true_friend,-17.221671104431152
true_001635,true_friend,-6.045193433761597
true_001637,true_friend,-14.543697357177734
true_001638,true_friend,-7.807950496673584
true_001669,true_friend,-14.613245487213135
true_001674,true_friend,-6.11635684967041
true_001675,true_friend,-1.7055640816688538
true_001678,true_friend,-9.279444694519043
true_001679,true_friend,-1.4623754024505615
true_001680,true_friend,-2.898379623889923
true_001681,true_friend,-6.339901804924011
true_001682,true_friend,-12.528087615966797
true_001683,true_friend,-5.4125816822052
true_001687,true_friend,-7.014079809188843
true_001688,true_friend,-6.603963881731033
true_001691,true_friend,-1.7206158638000488
true_001699,true_friend,-2.7081966400146484
true_001705,true_friend,-15.01143741607666
true_001708,true_friend,-5.964268684387207
true_001712,true_friend,-5.778591871261597
true_001721,true_friend,-6.1209070682525635
true_001734,true_friend,-8.88196849822998
true_001738,true_friend,-3.218604266643524
true_001744,true_friend,-1.878490686416626
true_001745,true_friend,-4.137725114822388
true_001747,true_friend,-11.551418542861938
true_001751,true_friend,-4.887390375137329
true_001752,true_friend,-19.230009078979492
true_001757,true_friend,-10.855757713317871
true_001763,true_friend,-7.401098251342773
true_001768,true_friend,-6.11971116065979
true_001776,true_friend,-6.614734888076782
true_001782,true_friend,-3.3663634061813354
true_001790,true_friend,-11.736643075942993
true_001803,true_friend,-3.263844072818756
true_001820,true_friend,-11.436476230621338
true_001836,true_friend,-6.486549377441406
true_001850,true_friend,-1.836418867111206
true_001869,true_friend,-5.964953660964966
true_001877,true_friend,-4.535627126693726
true_001907,true_friend,-1.7376934885978699
true_001908,true_friend,-8.205811977386475
true_001911,true_friend,-2.950477361679077
true_001920,true_friend,-4.448024272918701
true_001929,true_friend,-7.641033411026001
true_001933,true_friend,-7.771533727645874
true_001936,true_friend,-11.041759490966797
true_001941,true_friend,-21.820610761642456
true_001952,true_friend,-5.571463108062744
true_001954,true_friend,-1.5822691917419434
true_001956,true_friend,-2.824341267347336
true_001966,true_friend,-2.2779502868652344
true_001969,true_friend,-6.788092136383057
true_001971,true_friend,-7.5842907428741455
true_001978,true_friend,-2.4761987924575806
true_001980,true_friend,-5.404067516326904
true_001987,true_friend,-1.9607346057891846
true_001989,true_friend,-2.604666292667389
true_001990,true_friend,-11.470540046691895
true_001994,true_friend,-9.175586462020874
true_001995,true_friend,-1.4462935761548579
true_002000,true_friend,-4.063034772872925
true_002006,true_friend,-4.076781272888184
true_002007,true_friend,-3.9322301149368286
true_002012,true_friend,-7.1125805377960205
true_002014,true_friend,-3.3673115372657776
true_002015,true_friend,-4.690232992172241
true_002021,true_friend,-5.029218435287476
true_002031,true_friend,-12.410011291503906
true_002041,true_friend,-6.687906265258789
true_002054,true_friend,-2.05093252658844
true_002055,true_friend,-12.546918869018555
true_002058,true_friend,-3.4393280744552612
true_002059,true_friend,-13.013415336608887
true_002062,true_friend,-10.968404769897461
true_002066,true_friend,-3.923610806465149
true_002068,true_friend,-1.7190152183175087
true_002071,true_friend,-7.33669376373291
true_002079,true_friend,-15.106716185808182
true_002086,true_friend,-8.320652723312378
true_002092,true_friend,-5.817067861557007
true_002094,true_friend,-3.5843002051115036
true_002095,true_friend,-2.298068881034851
true_002101,true_friend,-4.8456645011901855
true_002104,true_friend,-4.433976888656616
true_002109,true_friend,-12.83369255065918
true_002112,true_friend,-8.581648826599121
true_002128,true_friend,-5.526142358779907
true_002134,true_friend,-2.9228018522262573
true_002136,true_friend,-5.180895566940308
true_002137,true_friend,-3.124268889427185
true_002141,true_friend,-3.8918827176094055
true_002145,true_friend,-3.964582085609436
true_002148,true_friend,-5.540247678756714
true_002155,true_friend,-6.343798875808716
true_002161,true_friend,-2.3257343769073486
true_002167,true_friend,-7.508834958076477
true_002175,true_friend,-8.51283311843872
true_002177,true_friend,-6.081154823303223
true_002183,true_friend,-5.676230549812317
true_002189,true_friend,-0.21256869286298752
true_002192,true_friend,-7.288039207458496
true_002198,true_friend,-9.98422360420227
true_002213,true_friend,-9.348561525344849
true_002227,true_friend,-1.7948708087205887
true_002228,true_friend,-3.7004929780960083
true_002229,true_friend,-2.1227667331695557
true_002239,true_friend,-20.594284057617188
true_002241,true_friend,-7.409966707229614
true_002249,true_friend,-4.628285646438599
true_002250,true_friend,-20.29610538482666
true_002253,true_friend,-2.5054821521043777
true_002254,true_friend,-3.816114664077759
true_002255,true_friend,-9.137574672698975
true_002261,true_friend,-1.756882667541504
true_002263,true_friend,-3.135586380958557
true_002267,true_friend,-9.16011929512024
true_002271,true_friend,-3.418543666601181
true_002273,true_friend,-12.287230014801025
true_002279,true_friend,-2.0350033044815063
true_002282,true_friend,-10.80968713760376
true_002285,true_friend,-10.389813423156738
true_002286,true_friend,-4.785918295383453
true_002299,true_friend,-4.8533148765563965
true_002305,true_friend,-2.494763731956482
true_002306,true_friend,-6.470720052719116
true_002316,true_friend,-2.8941374719142914
true_002328,true_friend,-1.7217057049274445
true_002330,true_friend,-10.242378234863281
true_002331,true_friend,-8.59973406791687
true_002335,true_friend,-3.4850447177886963
true_002340,true_friend,-3.9580589532852173
true_002342,true_friend,-1.8896120116114616
true_002343,true_friend,-1.4011266827583313
true_002353,true_friend,-6.281188726425171
true_002357,true_friend,-4.412078142166138
true_002361,true_friend,-8.598238945007324
true_002362,true_friend,-9.427332878112793
true_002367,true_friend,-2.9089505076408386
true_002371,true_friend,-8.189700603485107
true_002377,true_friend,-1.1256696283817291
true_002390,true_friend,-8.161454916000366
true_002398,true_friend,-8.850950717926025
true_002400,true_friend,-3.6935044527053833
true_002407,true_friend,-11.27508020401001
true_002409,true_friend,-2.3757341504096985
true_002419,true_friend,-7.522499926388264
true_002438,true_friend,-22.724254608154297
true_002440,true_friend,-0.8821671977639198
true_002450,true_friend,-4.342076778411865
true_002451,true_friend,-10.972882747650146
true_002457,true_friend,-2.5259087085723877
true_002467,true_friend,-3.009653091430664
true_002480,true_friend,-2.020547389984131
true_002492,true_friend,-5.8640522956848145
true_002504,true_friend,-6.80589747428894
true_002518,true_friend,-16.110101580619812
true_002521,true_friend,-2.7623372129164636
true_002525,true_friend,-15.20942497253418
true_002533,true_friend,-4.319657206535339
true_002535,true_friend,-10.499972581863403
true_002536,true_friend,-5.375553607940674
true_002540,true_friend,-9.181539535522461
true_002545,true_friend,-11.558909893035889
true_002561,true_friend,-3.888211250305176
true_002581,true_friend,-9.597189664840698
true_002582,true_friend,-12.00808572769165
true_002595,true_friend,-3.317599803209305
true_002596,true_friend,-0.8382124602794647
true_002598,true_friend,-8.313146352767944
true_002603,true_friend,-10.588160991668701
true_002604,true_friend,-9.273972511291504
true_002607,true_friend,-10.428117275238037
true_002609,true_friend,-6.2591233253479
true_002612,true_friend,-8.459620475769043
true_002615,true_friend,-6.357326984405518
true_002617,true_friend,-7.528904616832733
true_002630,true_friend,-5.844250679016113
true_002631,true_friend,-3.9156219959259033
true_002636,true_friend,-3.244210362434387
true_002683,true_friend,-10.411788940429688
true_002684,true_friend,-13.9972505569458
true_002708,true_friend,-3.44117271900177
true_002709,true_friend,-6.810032367706299
true_002712,true_friend,-4.755976438522339
true_002714,true_friend,-20.566227912902832
true_002715,true_friend,-20.03320026397705
true_002716,true_friend,-4.187122225761414
true_002718,true_friend,-4.553999185562134
true_002740,true_friend,-2.7200061976909637
true_002759,true_friend,-8.016331672668457
true_002765,true_friend,-10.040029048919678
true_002769,true_friend,-4.70985734462738
true_002777,true_friend,-1.9335877597332
true_002780,true_friend,-5.14614462852478
true_002783,true_friend,-7.060878038406372
true_002790,true_friend,-7.7411041259765625
true_002805,true_friend,-6.947298765182495
true_002810,true_friend,-6.444128036499023
true_002813,true_friend,-9.802650690078735
true_002821,true_friend,-2.386158138513565
true_002829,true_friend,-4.7527854442596436
true_002831,true_friend,-3.9180489778518677
true_002835,true_friend,-11.21624755859375
true_002837,true_friend,-1.1594291031360626
true_002839,true_friend,-4.804940938949585
true_002856,true_friend,-3.6513649821281433
true_002860,true_friend,-10.075504779815674
true_002861,true_friend,-11.54979419708252
true_002869,true_friend,-6.920230865478516
true_002875,true_friend,-8.094994306564331
true_002878,true_friend,-22.628816604614258
true_002892,true_friend,-7.028421878814697
true_002893,true_friend,-6.880127668380737
true_002896,true_friend,-5.524993181228638
true_002898,true_friend,-8.876904249191284
true_002899,true_friend,-5.30903160572052
true_002911,true_friend,-10.556704759597778
true_002927,true_friend,-7.290997743606567
true_002943,true_friend,-0.44184553250670433
true_002950,true_friend,-5.308664619922638
true_002954,true_friend,-16.072239637374878
true_002959,true_friend,-7.081520527601242
true_002961,true_friend,-13.719463348388672
true_002963,true_friend,-7.190104246139526
true_002967,true_friend,-3.9252970218658447
true_002969,true_friend,-7.690021991729736
true_002971,true_friend,-9.514058589935303
true_002988,true_friend,-6.902945518493652
true_002993,true_friend,-10.388222217559814
true_003000,true_friend,-4.992252469062805
true_003010,true_friend,-5.6570135951042175
true_003012,true_friend,-9.767095804214478
true_003013,true_friend,-7.855100870132446
true_003015,true_friend,-4.035245656967163
true_003019,true_friend,-12.951807975769043
true_003031,true_friend,-7.791402816772461
true_003034,true_friend,-3.2658026218414307
true_003037,true_friend,-4.200356960296631
true_003040,true_friend,-17.03772211074829
true_003046,true_friend,-13.915833473205566
true_003048,true_friend,-3.4408071637153625
true_003052,true_friend,-11.322343349456787
true_003057,true_friend,-3.412609338760376
true_003066,true_friend,-4.027530789375305
true_003069,true_friend,-4.125963926315308
true_003071,true_friend,-10.214462041854858
true_003073,true_friend,-0.5989914834499359
true_003075,true_friend,-6.395174980163574
true_003077,true_friend,-8.10613203048706
true_003078,true_friend,-3.5448578000068665
true_003084,true_friend,-7.220966577529907
true_003090,true_friend,-4.312888026237488
true_003105,true_friend,-5.490873098373413
true_003106,true_friend,-6.923573017120361
true_003110,true_friend,-7.028695821762085
true_003111,true_friend,-3.5927212834358215
true_003115,true_friend,-4.027835726737976
true_003116,true_friend,-12.62088918685913
true_003120,true_friend,-7.139047622680664
true_003130,true_friend,-3.3416563272476196
true_003131,true_friend,-11.137959003448486
true_003145,true_friend,-15.71207857131958
true_003157,true_friend,-4.790655255317688
true_003168,true_friend,-4.804089069366455
true_003174,true_friend,-2.3037849068641663
true_003176,true_friend,-7.564889907836914
true_003178,true_friend,-0.8552742786705494
true_003180,true_friend,-14.79295539855957
true_003192,true_friend,-9.105062007904053
true_003210,true_friend,-7.437439441680908
true_003211,true_friend,-1.2277303636074066
true_003212,true_friend,-4.593829393386841
true_003215,true_friend,-4.1571351289749146
true_003216,true_friend,-3.99300754070282
true_003218,true_friend,-0.002797105240460951
true_003222,true_friend,-4.4494041204452515
true_003225,true_friend,-15.988810062408447
true_003228,true_friend,-3.028834342956543
true_003236,true_friend,-8.616920232772827
true_003243,true_friend,-2.202333152294159
true_003244,true_friend,-17.95654296875
true_003246,true_friend,-5.334604501724243
true_003250,true_friend,-1.1845749020576477
true_003251,true_friend,-8.968432426452637
true_003254,true_friend,-5.335890054702759
true_003257,true_friend,-4.2662869691848755
true_003259,true_friend,-12.26646375656128
true_003268,true_friend,-3.445625424385071
true_003273,true_friend,-2.4414535760879517
true_003286,true_friend,-5.701227426528931
true_003292,true_friend,-2.9860177598893642
true_003306,true_friend,-1.3873963356018066
true_003307,true_friend,-10.948325157165527
true_003317,true_friend,-6.189966917037964
true_003323,true_friend,-9.35194981098175
true_003326,true_friend,-10.620466232299805
true_003328,true_friend,-5.0689074993133545
true_003338,true_friend,-5.917089939117432
true_003342,true_friend,-9.680925369262695
true_003350,true_friend,-6.4746174812316895
true_003355,true_friend,-2.27541321516037
true_003358,true_friend,-6.025567293167114
true_003363,true_friend,-6.937929749488831
true_003368,true_friend,-7.043242692947388
true_003377,true_friend,-5.024340748786926
true_003388,true_friend,-8.725109577178955
true_003393,true_friend,-3.8640451431274414
true_003394,true_friend,-1.1093136370182037
true_003396,true_friend,-5.335312843322754
true_003422,true_friend,-12.569121360778809
true_003429,true_friend,-2.0326552987098694
true_003439,true_friend,-6.860430479049683
true_003440,true_friend,-14.4676833152771
true_003443,true_friend,-3.8592920303344727
true_003451,true_friend,-4.167127847671509
true_003452,true_friend,-5.377997875213623
true_003455,true_friend,-2.1762182116508484
true_003457,true_friend,-1.7665512263774872
true_003459,true_friend,-12.55474042892456
true_003466,true_friend,-10.723316192626953
true_003480,true_friend,-7.0972594022750854
true_003481,true_friend,-2.4840123653411865
true_003482,true_friend,-10.100177764892578
true_003489,true_friend,-4.525922536849976
true_003490,true_friend,-7.612419128417969
true_003493,true_friend,-6.1888720989227295
true_003509,true_friend,-4.808069467544556
true_003517,true_friend,-3.601025938987732
true_003521,true_friend,-6.462984800338745
true_003522,true_friend,-4.445575714111328
true_003530,true_friend,-1.972344309091568
true_003531,true_friend,-6.504666328430176
true_003538,true_friend,-12.591181874275208
true_003541,true_friend,-8.87981629371643
true_003542,true_friend,-11.260109186172485
true_003545,true_friend,-1.3322650641202927
true_003549,true_friend,-2.479661464691162
true_003558,true_friend,-7.250505447387695
true_003560,true_friend,-11.512205600738525
true_003564,true_friend,-5.528248310089111
true_003605,true_friend,-3.745828926563263
true_003626,true_friend,-1.1747155748307705
true_003629,true_friend,-2.7101117372512817
true_003650,true_friend,-14.699277639389038
true_003653,true_friend,-10.831824779510498
true_003665,true_friend,-6.381202220916748
true_003671,true_friend,-15.980427265167236
true_003674,true_friend,-3.2534051835536957
true_003680,true_friend,-3.474821090698242
true_003687,true_friend,-10.622136175632477
true_003706,true_friend,-2.052033007144928
true_003714,true_friend,-15.923755168914795
true_003715,true_friend,-3.4689263105392456
true_003717,true_friend,-0.3390602469444275
true_003739,true_friend,-11.287069320678711
true_003744,true_friend,-10.614333629608154
true_003746,true_friend,-3.8570204973220825
true_003754,true_friend,-6.323256254196167
true_003773,true_friend,-7.446162939071655
true_003775,true_friend,-5.626017928123474
true_003781,true_friend,-5.639760494232178
true_003792,true_friend,-8.155344724655151
true_003809,true_friend,-9.958039283752441
true_003812,true_friend,-10.052425861358643
true_003815,true_friend,-1.3147260546684265
true_003819,true_friend,-4.668130874633789
true_003822,true_friend,-3.7008771896362305
true_003824,true_friend,-1.2916505336761475
true_003826,true_friend,-5.455544710159302
true_003831,true_friend,-7.232516050338745
true_003840,true_friend,-0.1639101430773735
true_003843,true_friend,-0.9840001245029271
true_003844,true_friend,-5.683316349983215
true_003852,true_friend,-2.831068754196167
true_003855,true_friend,-0.20717430673539639
true_003858,true_friend,-2.7398595809936523
true_003860,true_friend,-2.98683100938797
true_003866,true_friend,-2.58618700504303
true_003873,true_friend,-4.0872344970703125
true_003880,true_friend,-6.0314719676971436
true_003897,true_friend,-6.821568250656128
true_003899,true_friend,-3.8500635623931885
true_003901,true_friend,-5.197998881340027
true_003907,true_friend,-1.334904134273529
true_003910,true_friend,-9.05029845237732
true_003914,true_friend,-1.8196743428707123
true_003917,true_friend,-4.667975664138794
true_003918,true_friend,-4.069167494773865
true_003919,true_friend,-4.716385126113892
true_003924,true_friend,-6.298021078109741
true_003928,true_friend,-2.739335536956787
true_003929,true_friend,-2.984345316886902
true_003951,true_friend,-2.534321144223213
true_003953,true_friend,-3.392518814653158
true_003974,true_friend,-2.7554171085357666
true_003975,true_friend,-4.50112509727478
true_003986,true_friend,-2.126976728439331
true_003999,true_friend,-2.944225311279297
true_004006,true_friend,-2.3927006125450134
true_004009,true_friend,-7.215754985809326
true_004030,true_friend,-3.2584750652313232
true_004033,true_friend,-7.04908561706543
true_004034,true_friend,-10.507394313812256
true_004037,true_friend,-7.312136888504028
true_004051,true_friend,-3.4276808500289917
true_004054,true_friend,-1.9083981754956767
true_004058,true_friend,-4.296007573604584
true_004061,true_friend,-3.1129072308540344
true_004073,true_friend,-6.724948406219482
true_004074,true_friend,-6.644320726394653
true_004080,true_friend,-3.9508848190307617
true_004090,true_friend,-4.823367714881897
true_004091,true_friend,-8.662030696868896
true_004113,true_friend,-5.373964071273804
true_004117,true_friend,-5.155840873718262
true_004118,true_friend,-4.159314393997192
true_004133,true_friend,-1.8627844750881195
true_004147,true_friend,-8.05707049369812
true_004156,true_friend,-1.9783758521080017
true_004166,true_friend,-3.367985725402832
true_004180,true_friend,-1.2046787962317467
true_004186,true_friend,-5.760436773300171
true_004198,true_friend,-2.5439339876174927
true_004207,true_friend,-8.328571081161499
true_004214,true_friend,-6.021540641784668
true_004219,true_friend,-2.227214813232422
true_004233,true_friend,-2.4837008714675903
true_004236,true_friend,-2.110408074222505
true_004237,true_friend,-12.295163631439209
true_004258,true_friend,-12.261488437652588
true_004268,true_friend,-9.112791299819946
true_004271,true_friend,-8.079647064208984
true_004274,true_friend,-6.171757936477661
true_004280,true_friend,-7.401134490966797
true_004281,true_friend,-1.5222145915031433
true_004287,true_friend,-5.124269247055054
true_004293,true_friend,-5.269608974456787
true_004296,true_friend,-3.4970028400421143
true_004298,true_friend,-2.645726501941681
true_004316,true_friend,-6.015474796295166
true_004331,true_friend,-16.71186065673828
true_004333,true_friend,-6.686782717704773
true_004342,true_friend,-2.599813923239708
true_004360,true_friend,-7.153575658798218
true_004375,true_friend,-8.240582942962646
true_004399,true_friend,-19.008135318756104
true_004400,true_friend,-14.990105152130127
true_004406,true_friend,-2.781009554862976
true_004422,true_friend,-6.619468450546265
true_004424,true_friend,-2.6097567826509476
true_004449,true_friend,-4.778067797422409
true_004452,true_friend,-2.9900633096694946
true_004454,true_friend,-6.208866834640503
true_004483,true_friend,-3.5449031591415405
true_004486,true_friend,-3.8527865409851074
true_004487,true_friend,-2.7474991008639336
true_004489,true_friend,-2.5761890411376953
true_004493,true_friend,-4.821505069732666
true_004512,true_friend,-10.136757373809814
true_004517,true_friend,-8.79887318611145
true_004518,true_friend,-15.163978576660156
true_004523,true_friend,-6.299780607223511
true_004525,true_friend,-2.1497170701622963
true_004545,true_friend,-3.825976014137268
true_004547,true_friend,-7.083995342254639
true_004551,true_friend,-9.544642925262451
true_004552,true_friend,-7.6903605461120605
true_004557,true_friend,-14.4635591506958
true_004558,true_friend,-11.42747187614441
true_004565,true_friend,-1.5648200511932373
true_004569,true_friend,-7.687237977981567
true_004570,true_friend,-23.685224533081055
true_004571,true_friend,-7.357673168182373
true_004575,true_friend,-5.751427412033081
true_004591,true_friend,-14.596629858016968
true_004592,true_friend,-3.3832449913024902
true_004596,true_friend,-6.214351415634155
true_004605,true_friend,-8.910257339477539
true_004608,true_friend,-0.269436240196228
true_004617,true_friend,-3.9657893776893616
true_004629,true_friend,-8.210654497146606
true_004630,true_friend,-8.584852695465088
true_004647,true_friend,-4.381333231925964
true_004659,true_friend,-3.2168773412704468
true_004669,true_friend,-3.866269588470459
true_004671,true_friend,-5.08063331246376
true_004678,true_friend,-2.9550255835056305
true_004691,true_friend,-1.8426474705338478
true_004694,true_friend,-2.9276516437530518
true_004700,true_friend,-7.46943998336792
true_004708,true_friend,-4.794980525970459
true_004710,true_friend,-6.6385215520858765
true_004717,true_friend,-5.648202180862427
true_004722,true_friend,-8.539955377578735
true_004731,true_friend,-3.670713186264038
true_004751,true_friend,-3.1154637336730957
true_004753,true_friend,-7.790473699569702
true_004765,true_friend,-2.065163731575012
true_004767,true_friend,-4.521219968795776
true_004774,true_friend,-14.979703664779663
true_004779,true_friend,-6.251331090927124
true_004780,true_friend,-7.401902556419373
true_004787,true_friend,-6.593147277832031
true_004799,true_friend,-1.4508922100067139
true_004800,true_friend,-4.408010840415955
true_004808,true_friend,-7.89814567565918
true_004814,true_friend,-5.98537340760231
true_004815,true_friend,-9.027106285095215
true_004826,true_friend,-5.272173285484314
true_004829,true_friend,-6.265887260437012
true_004834,true_friend,-4.446221351623535
true_004840,true_friend,-2.390003740787506
true_004853,true_friend,-3.3626461029052734
true_004867,true_friend,-7.291180372238159
true_004869,true_friend,-15.162143230438232
true_004879,true_friend,-6.577311038970947
true_004883,true_friend,-2.644432783126831
true_004901,true_friend,-3.166591167449951
true_004903,true_friend,-2.8740603923797607
true_004930,true_friend,-1.036362498998642
true_004942,true_friend,-11.56996774673462
true_004943,true_friend,-3.996960401535034
true_004944,true_friend,-3.734710216522217
true_004946,true_friend,-6.863114356994629
true_004948,true_friend,-1.406400265172124
true_004951,true_friend,-6.963897228240967
true_004956,true_friend,-3.3008288145065308
true_004958,true_friend,-16.56946849822998
true_004965,true_friend,-4.152643442153931
true_004967,true_friend,-4.272414207458496
true_004988,true_friend,-5.850362300872803
true_004999,true_friend,-10.962599277496338
true_005011,true_friend,-4.7388529777526855
true_005014,true_friend,-5.048557162284851
true_005016,true_friend,-6.945172071456909
true_005036,true_friend,-1.373382031917572
true_005042,true_friend,-9.191052198410034
true_005043,true_friend,-2.8696289658546448
true_005045,true_friend,-3.571580648422241
true_005050,true_friend,-7.899739384651184
true_005052,true_friend,-13.703733444213867
true_005056,true_friend,-6.981922149658203
true_005057,true_friend,-4.177952170372009
true_005063,true_friend,-3.9975481033325195
true_005102,true_friend,-9.35577392578125
true_005122,true_friend,-7.251751184463501
true_005130,true_friend,-10.538164138793945
true_005131,true_friend,-20.76685619354248
true_005134,true_friend,-11.84062385559082
true_005141,true_friend,-15.743528842926025
true_005142,true_friend,-13.882253170013428
true_005143,true_friend,-6.572707653045654
true_005156,true_friend,-14.445009231567383
true_005160,true_friend,-3.563909411430359
true_005165,true_friend,-8.034437894821167
true_005170,true_friend,-5.435746669769287
true_005177,true_friend,-9.453766584396362
true_005179,true_friend,-2.6709046363830566
true_005181,true_friend,-4.760295271873474
true_005184,true_friend,-4.662617087364197
true_005212,true_friend,-18.941574096679688
true_005214,true_friend,-1.6944283545017242
true_005215,true_friend,-4.227502942085266
true_005228,true_friend,-3.3873168230056763
true_005244,true_friend,-5.944677114486694
true_005248,true_friend,-2.1470746994018555
true_005253,true_friend,-3.5348589420318604
true_005258,true_friend,-6.7956531047821045
true_005268,true_friend,-7.3446104526519775
true_005269,true_friend,-10.924291610717773
true_005281,true_friend,-3.8382867574691772
true_005293,true_friend,-9.214796781539917
true_005300,true_friend,-4.693970203399658
true_005308,true_friend,-4.879292249679565
true_005310,true_friend,-12.968795776367188
true_005331,true_friend,-7.1012043952941895
true_005335,true_friend,-4.770169377326965
true_005336,true_friend,-4.860142469406128
true_005341,true_friend,-1.2620489671826363
true_005346,true_friend,-3.9617570638656616
true_005349,true_friend,-4.679246485233307
true_005352,true_friend,-10.685571670532227
true_005353,true_friend,-1.302820235490799
true_005358,true_friend,-5.8805155754089355
true_005362,true_friend,-4.671899080276489
true_005370,true_friend,-2.3929145336151123
true_005396,true_friend,-2.4148707687854767
true_005407,true_friend,-11.739931583404541
true_005410,true_friend,-0.4535344261676073
true_005426,true_friend,-5.491955518722534
true_005429,true_friend,-14.109176635742188
true_005439,true_friend,-3.8603079319000244
true_005440,true_friend,-3.034030556678772
true_005473,true_friend,-3.3088852167129517
true_005489,true_friend,-2.363160490989685
true_005491,true_friend,-6.764037668704987
true_005493,true_friend,-9.805027604103088
true_005496,true_friend,-8.594490051269531
true_005497,true_friend,-1.8381900116801262
true_005500,true_friend,-4.348299026489258
true_005513,true_friend,-5.82088041305542
true_005531,true_friend,-1.3644728064537048
true_005549,true_friend,-6.591470956802368
true_005553,true_friend,-6.7512712478637695
true_005572,true_friend,-3.7280642986297607
true_005584,true_friend,-2.4421239495277405
true_005604,true_friend,-2.3031575679779053
true_005610,true_friend,-5.639827609062195
true_005611,true_friend,-3.130816698074341
true_005615,true_friend,-0.8045436143875122
true_005631,true_friend,-13.858800172805786
true_005632,true_friend,-2.650493860244751
true_005636,true_friend,-4.073467254638672
true_005641,true_friend,-1.9050129652023315
true_005644,true_friend,-15.034137725830078
true_005646,true_friend,-5.963966250419617
true_005649,true_friend,-3.144236207008362
true_005664,true_friend,-1.4443467259407043
true_005669,true_friend,-2.588987350463867
true_005670,true_friend,-11.319657564163208
true_005673,true_friend,-1.3388627767562866
true_005678,true_friend,-0.745140491053462
true_005703,true_friend,-2.0989463329315186
true_005704,true_friend,-1.924626886844635
true_005709,true_friend,-11.371493101119995
true_005717,true_friend,-22.166511058807373
true_005723,true_friend,-3.6607112884521484
true_005747,true_friend,-4.607724070549011
true_005773,true_friend,-3.5984394550323486
true_005801,true_friend,-9.443964958190918
true_005816,true_friend,-7.235750913619995
true_005820,true_friend,-7.048051118850708
true_005825,true_friend,-4.788021564483643
true_005826,true_friend,-2.983301818370819
true_005835,true_friend,-7.661003351211548
true_005839,true_friend,-5.953009843826294
true_005858,true_friend,-3.5638039112091064
true_005868,true_friend,-9.158466339111328
true_005871,true_friend,-6.3788111209869385
true_005874,true_friend,-8.347919940948486
true_005882,true_friend,-19.87211799621582
true_005885,true_friend,-20.445594787597656
true_005888,true_friend,-1.3868799917399883
true_005892,true_friend,-12.575733661651611
true_005896,true_friend,-16.739890098571777
true_005902,true_friend,-1.4474919764325023
true_005914,true_friend,-4.806688547134399
true_005932,true_friend,-4.025323748588562
true_005941,true_friend,-2.8741453886032104
true_005954,true_friend,-11.506975173950195
true_005958,true_friend,-13.591924667358398
true_005963,true_friend,-3.9863492250442505
true_005965,true_friend,-14.637997150421143
true_005968,true_friend,-7.239848017692566
true_005973,true_friend,-8.306081533432007
true_005982,true_friend,-11.832274436950684
true_005983,true_friend,-13.915059566497803
true_005984,true_friend,-10.79240369796753
true_005994,true_friend,-1.8751436471939087
true_005995,true_friend,-4.097429111599922
true_005999,true_friend,-4.9108052253723145
true_006003,true_friend,-6.2047271728515625
true_006014,true_friend,-2.211219072341919
true_006030,true_friend,-5.250393271446228
true_006036,true_friend,-4.841073989868164
true_006041,true_friend,-14.968021392822266
true_006045,true_friend,-3.212765159085393
true_006046,true_friend,-4.255709961056709
true_006058,true_friend,-17.47993564605713
true_006059,true_friend,-23.830915451049805
true_006067,true_friend,-13.762929916381836
true_006068,true_friend,-4.349326252937317
true_006071,true_friend,-4.00047492980957
true_006084,true_friend,-5.171037435531616
true_006096,true_friend,-9.99905276298523
true_006101,true_friend,-12.516154289245605
true_006103,true_friend,-0.3172559104859829
true_006106,true_friend,-9.04825496673584
true_006113,true_friend,-10.8003408908844
true_006114,true_friend,-9.096027851104736
true_006115,true_friend,-6.141343116760254
true_006116,true_friend,-1.7696132063865662
true_006127,true_friend,-7.064643859863281
true_006131,true_friend,-1.4561062455177307
true_006133,true_friend,-13.230422973632812
true_006147,true_friend,-4.566513955593109
true_006153,true_friend,-1.5187345743179321
true_006156,true_friend,-4.321174621582031
true_006157,true_friend,-4.081296682357788
true_006165,true_friend,-3.877724289894104
true_006166,true_friend,-9.356290578842163
true_006178,true_friend,-5.694836378097534
true_006180,true_friend,-5.965920686721802
true_006189,true_friend,-6.018640637397766
true_006193,true_friend,-5.267698764801025
true_006204,true_friend,-9.623113632202148
true_006207,true_friend,-3.0155879259109497
true_006211,true_friend,-18.56716823577881
true_006212,true_friend,-17.759226322174072
true_006213,true_friend,-2.0969499051570892
true_006215,true_friend,-9.141783714294434
true_006219,true_friend,-2.52474844455719
true_006230,true_friend,-4.698643445968628
true_006241,true_friend,-8.959372997283936
true_006242,true_friend,-14.02974557876587
true_006262,true_friend,-15.658923149108887
true_006267,true_friend,-4.080691933631897
true_006271,true_friend,-14.32138967514038
true_006272,true_friend,-6.264965057373047
true_006275,true_friend,-17.453009605407715
true_006286,true_friend,-3.2476975321769714
true_006316,true_friend,-14.932703018188477
true_006317,true_friend,-3.492005705833435
true_006318,true_friend,-26.630481719970703
true_006321,true_friend,-12.64752197265625
true_006331,true_friend,-4.626547336578369
true_006332,true_friend,-2.02193945646286
true_006333,true_friend,-4.556291341781616
true_006351,true_friend,-3.0080206394195557
true_006358,true_friend,-5.04332709312439
true_006376,true_friend,-6.5200231075286865
true_006379,true_friend,-7.446429967880249
true_006381,true_friend,-8.329018831253052
true_006383,true_friend,-5.816933870315552
true_006395,true_friend,-4.437690496444702
true_006412,true_friend,-7.9041032791137695
true_006417,true_friend,-9.220417261123657
true_006437,true_friend,-10.419307708740234
true_006439,true_friend,-10.402504682540894
true_006440,true_friend,-3.1090810298919678
true_006441,true_friend,-7.6859519481658936
true_006444,true_friend,-1.5308927148580551
true_006448,true_friend,-7.958736836910248
true_006449,true_friend,-2.261895537376404
true_006451,true_friend,-8.098157405853271
true_006453,true_friend,-1.795240044593811
true_006463,true_friend,-5.901837110519409
true_006466,true_friend,-4.701338052749634
true_006467,true_friend,-7.181580066680908
true_006468,true_friend,-4.907851457595825
true_006485,true_friend,-5.0169432163238525
true_006496,true_friend,-4.056522846221924
true_006503,true_friend,-9.097136735916138
true_006506,true_friend,-7.274478197097778
true_006508,true_friend,-5.3654468059539795
true_006509,true_friend,-3.612778425216675
true_006516,true_friend,-5.376110553741455
true_006518,true_friend,-3.793804407119751
true_006531,true_friend,-7.615306377410889
true_006539,true_friend,-9.998767137527466
true_006543,true_friend,-8.183619022369385
true_006544,true_friend,-8.878634452819824
true_006555,true_friend,-4.6091601848602295
true_006563,true_friend,-4.569537878036499
true_006564,true_friend,-8.123841762542725
true_006571,true_friend,-5.540768384933472
true_006579,true_friend,-2.0780887603759766
true_006592,true_friend,-1.509023055434227
true_006614,true_friend,-5.517762184143066
zh_ja_001,false_friend,-1.3875598907470703
zh_ja_002,false_friend,-10.381306648254395
zh_ja_003,false_friend,-3.372646927833557
zh_ja_006,false_friend,-10.630611419677734
zh_ja_008,false_friend,-7.300020217895508
zh_ja_009,false_friend,-2.4843941926956177
zh_ja_011,false_friend,-9.043216705322266
zh_ja_012,false_friend,-3.4578206427395344
zh_ja_013,false_friend,-6.268404722213745
zh_ja_014,false_friend,-5.816505014896393
zh_ja_015,false_friend,-5.612180471420288
zh_ja_016,false_friend,-5.264251232147217
zh_ja_019,false_friend,-5.936222195625305
zh_ja_020,false_friend,-12.468398094177246
zh_ja_021,false_friend,-2.6595813035964966
zh_ja_022,false_friend,-12.366375923156738
zh_ja_023,false_friend,-2.5913624465465546
zh_ja_024,false_friend,-4.382516264915466
zh_ja_027,false_friend,-8.596684694290161
zh_ja_028,false_friend,-9.719306468963623
zh_ja_029,false_friend,-2.0746467523276806
zh_ja_047,false_friend,-4.523174426401965
zh_ja_048,false_friend,-9.799651145935059
zh_ja_049,false_friend,-7.755125999450684
zh_ja_052,false_friend,-9.230622291564941
zh_ja_053,false_friend,-10.716165542602539
zh_ja_054,false_friend,-3.65050308406353
